msg_id,thread_id,sent_at,from_addr,to_addr,subject,body
M00001,TH00001,2023-04-16,buying@saurashtragreen.in,sardar@example.in,Requirement rice husk 2023-04,Please confirm availability of 402.8 MT rice husk for delivery by 16-Apr-2023.
M00002,TH00001,2023-04-16,sardar@example.in,buying@saurashtragreen.in,RE: Requirement rice husk 2023-04,"Confirmed. We can supply 402.8 MT rice husk at Rs 2352 per MT, delivery by 16-Apr-2023."
M00003,TH00002,2023-04-14,buying@saurashtragreen.in,jay@example.in,Requirement rice husk 2023-04,Please confirm availability of 147.1 MT rice husk for delivery by 14-Apr-2023.
M00004,TH00002,2023-04-14,jay@example.in,buying@saurashtragreen.in,RE: Requirement rice husk 2023-04,"Confirmed. We can supply 147.1 MT rice husk at Rs 2344 per MT, delivery by 14-Apr-2023."
M00005,TH00003,2023-04-13,buying@saurashtragreen.in,new@example.in,Requirement rice husk 2023-04,We need 416.4 MT of rice husk. Can you commit by 13-Apr-2023?
M00006,TH00003,2023-04-13,new@example.in,buying@saurashtragreen.in,RE: Requirement rice husk 2023-04,"Confirmed. We can supply 416.4 MT rice husk at Rs 2400 per MT, delivery by 13-Apr-2023."
M00007,TH00004,2023-04-19,buying@saurashtragreen.in,shree@example.in,Requirement rice husk 2023-04,"Requirement 341.5 MT rice husk, delivery on or before 19-Apr-2023. Kindly confirm rate."
M00008,TH00004,2023-04-19,shree@example.in,buying@saurashtragreen.in,RE: Requirement rice husk 2023-04,Ok for 341.5 MT at Rs 2384 per tonne. Loading will start before 19-Apr-2023.
M00009,TH00005,2023-04-19,buying@saurashtragreen.in,somnath@example.in,Requirement mustard stalk 2023-04,Please confirm availability of 411.5 MT mustard stalk for delivery by 19-Apr-2023.
M00010,TH00005,2023-04-19,somnath@example.in,buying@saurashtragreen.in,RE: Requirement mustard stalk 2023-04,Accepted. 411.5 MT mustard stalk @ Rs 2545 PMT. Delivery 19-Apr-2023 positive.
M00011,TH00006,2023-04-10,buying@saurashtragreen.in,maa@example.in,Requirement rice husk 2023-04,We need 244.8 MT of rice husk. Can you commit by 10-Apr-2023?
M00012,TH00006,2023-04-10,maa@example.in,buying@saurashtragreen.in,RE: Requirement rice husk 2023-04,"Yes sir, 244.8 MT available. Rate Rs 2362/MT. Will dispatch before 10-Apr-2023."
M00013,TH00007,2023-04-26,buying@saurashtragreen.in,shree@example.in,Requirement rice husk 2023-04,"Requirement 201.1 MT rice husk, delivery on or before 26-Apr-2023. Kindly confirm rate."
M00014,TH00007,2023-04-26,shree@example.in,buying@saurashtragreen.in,RE: Requirement rice husk 2023-04,Accepted. 201.1 MT rice husk @ Rs 2292 PMT. Delivery 26-Apr-2023 positive.
M00015,TH00008,2023-04-16,buying@saurashtragreen.in,jay@example.in,Requirement rice husk 2023-04,"Requirement 412.8 MT rice husk, delivery on or before 16-Apr-2023. Kindly confirm rate."
M00016,TH00008,2023-04-16,jay@example.in,buying@saurashtragreen.in,RE: Requirement rice husk 2023-04,Ok for 412.8 MT at Rs 2289 per tonne. Loading will start before 16-Apr-2023.
M00017,TH00009,2023-04-16,buying@saurashtragreen.in,dwarka@example.in,Requirement mustard stalk 2023-04,"Requirement 135.3 MT mustard stalk, delivery on or before 16-Apr-2023. Kindly confirm rate."
M00018,TH00009,2023-04-16,dwarka@example.in,buying@saurashtragreen.in,RE: Requirement mustard stalk 2023-04,"Yes sir, 135.3 MT available. Rate Rs 2615/MT. Will dispatch before 16-Apr-2023."
M00019,TH00010,2023-04-13,buying@saurashtragreen.in,om@example.in,Requirement rice husk 2023-04,Please confirm availability of 331.4 MT rice husk for delivery by 13-Apr-2023.
M00020,TH00010,2023-04-13,om@example.in,buying@saurashtragreen.in,RE: Requirement rice husk 2023-04,"Yes sir, 331.4 MT available. Rate Rs 2337/MT. Will dispatch before 13-Apr-2023."
M00021,TH00011,2023-04-17,buying@saurashtragreen.in,jay@example.in,Requirement rice husk 2023-04,"Requirement 171.0 MT rice husk, delivery on or before 17-Apr-2023. Kindly confirm rate."
M00022,TH00011,2023-04-17,jay@example.in,buying@saurashtragreen.in,RE: Requirement rice husk 2023-04,"Yes sir, 171.0 MT available. Rate Rs 2322/MT. Will dispatch before 17-Apr-2023."
M00023,TH00012,2023-04-14,buying@saurashtragreen.in,somnath@example.in,Requirement rice husk 2023-04,We need 164.4 MT of rice husk. Can you commit by 14-Apr-2023?
M00024,TH00012,2023-04-14,somnath@example.in,buying@saurashtragreen.in,RE: Requirement rice husk 2023-04,"Confirmed. We can supply 164.4 MT rice husk at Rs 2357 per MT, delivery by 14-Apr-2023."
M00025,TH00013,2023-04-13,buying@saurashtragreen.in,dwarka@example.in,Requirement rice husk 2023-04,Please confirm availability of 284.9 MT rice husk for delivery by 13-Apr-2023.
M00026,TH00013,2023-04-13,dwarka@example.in,buying@saurashtragreen.in,RE: Requirement rice husk 2023-04,Accepted. 284.9 MT rice husk @ Rs 2357 PMT. Delivery 13-Apr-2023 positive.
M00027,TH00014,2023-04-13,buying@saurashtragreen.in,shree@example.in,Requirement mustard stalk 2023-04,"Requirement 294.3 MT mustard stalk, delivery on or before 13-Apr-2023. Kindly confirm rate."
M00028,TH00014,2023-04-13,shree@example.in,buying@saurashtragreen.in,RE: Requirement mustard stalk 2023-04,Ok for 294.3 MT at Rs 2470 per tonne. Loading will start before 13-Apr-2023.
M00029,TH00015,2023-04-10,buying@saurashtragreen.in,dwarka@example.in,Requirement rice husk 2023-04,Please confirm availability of 238.4 MT rice husk for delivery by 10-Apr-2023.
M00030,TH00015,2023-04-10,dwarka@example.in,buying@saurashtragreen.in,RE: Requirement rice husk 2023-04,Ok for 238.4 MT at Rs 2339 per tonne. Loading will start before 10-Apr-2023.
M00031,TH00016,2023-04-21,buying@saurashtragreen.in,jay@example.in,Requirement rice husk 2023-04,We need 269.7 MT of rice husk. Can you commit by 21-Apr-2023?
M00032,TH00016,2023-04-21,jay@example.in,buying@saurashtragreen.in,RE: Requirement rice husk 2023-04,Ok for 269.7 MT at Rs 2320 per tonne. Loading will start before 21-Apr-2023.
M00033,TH00017,2023-04-28,buying@saurashtragreen.in,sardar@example.in,Requirement rice husk 2023-04,"Requirement 333.4 MT rice husk, delivery on or before 28-Apr-2023. Kindly confirm rate."
M00034,TH00017,2023-04-28,sardar@example.in,buying@saurashtragreen.in,RE: Requirement rice husk 2023-04,Accepted. 333.4 MT rice husk @ Rs 2371 PMT. Delivery 28-Apr-2023 positive.
M00035,TH00018,2023-04-20,buying@saurashtragreen.in,dwarka@example.in,Requirement mustard stalk 2023-04,We need 166.5 MT of mustard stalk. Can you commit by 20-Apr-2023?
M00036,TH00018,2023-04-20,dwarka@example.in,buying@saurashtragreen.in,RE: Requirement mustard stalk 2023-04,"Confirmed. We can supply 166.5 MT mustard stalk at Rs 2480 per MT, delivery by 20-Apr-2023."
M00037,TH00019,2023-04-20,buying@saurashtragreen.in,om@example.in,Requirement mustard stalk 2023-04,Please confirm availability of 177.8 MT mustard stalk for delivery by 20-Apr-2023.
M00038,TH00019,2023-04-20,om@example.in,buying@saurashtragreen.in,RE: Requirement mustard stalk 2023-04,"Confirmed. We can supply 177.8 MT mustard stalk at Rs 2517 per MT, delivery by 20-Apr-2023."
M00039,TH00020,2023-05-12,buying@saurashtragreen.in,somnath@example.in,Requirement rice husk 2023-05,Please confirm availability of 238.9 MT rice husk for delivery by 12-May-2023.
M00040,TH00020,2023-05-12,somnath@example.in,buying@saurashtragreen.in,RE: Requirement rice husk 2023-05,Accepted. 238.9 MT rice husk @ Rs 2406 PMT. Delivery 12-May-2023 positive.
M00041,TH00021,2023-05-24,buying@saurashtragreen.in,maa@example.in,Requirement rice husk 2023-05,Please confirm availability of 186.3 MT rice husk for delivery by 24-May-2023.
M00042,TH00021,2023-05-24,maa@example.in,buying@saurashtragreen.in,RE: Requirement rice husk 2023-05,"Confirmed. We can supply 186.3 MT rice husk at Rs 2358 per MT, delivery by 24-May-2023."
M00043,TH00022,2023-05-27,buying@saurashtragreen.in,new@example.in,Requirement rice husk 2023-05,Please confirm availability of 266.0 MT rice husk for delivery by 27-May-2023.
M00044,TH00022,2023-05-27,new@example.in,buying@saurashtragreen.in,RE: Requirement rice husk 2023-05,Accepted. 266.0 MT rice husk @ Rs 2369 PMT. Delivery 27-May-2023 positive.
M00045,TH00023,2023-05-10,buying@saurashtragreen.in,shree@example.in,Requirement rice husk 2023-05,We need 327.0 MT of rice husk. Can you commit by 10-May-2023?
M00046,TH00023,2023-05-10,shree@example.in,buying@saurashtragreen.in,RE: Requirement rice husk 2023-05,Ok for 327.0 MT at Rs 2375 per tonne. Loading will start before 10-May-2023.
M00047,TH00024,2023-05-28,buying@saurashtragreen.in,jay@example.in,Requirement rice husk 2023-05,"Requirement 299.5 MT rice husk, delivery on or before 28-May-2023. Kindly confirm rate."
M00048,TH00024,2023-05-28,jay@example.in,buying@saurashtragreen.in,RE: Requirement rice husk 2023-05,Ok for 299.5 MT at Rs 2358 per tonne. Loading will start before 28-May-2023.
M00049,TH00025,2023-05-16,buying@saurashtragreen.in,dwarka@example.in,Requirement rice husk 2023-05,"Requirement 340.4 MT rice husk, delivery on or before 16-May-2023. Kindly confirm rate."
M00050,TH00025,2023-05-16,dwarka@example.in,buying@saurashtragreen.in,RE: Requirement rice husk 2023-05,Accepted. 340.4 MT rice husk @ Rs 2428 PMT. Delivery 16-May-2023 positive.
M00051,TH00026,2023-05-18,buying@saurashtragreen.in,maa@example.in,Requirement rice husk 2023-05,We need 418.2 MT of rice husk. Can you commit by 18-May-2023?
M00052,TH00026,2023-05-18,maa@example.in,buying@saurashtragreen.in,RE: Requirement rice husk 2023-05,"Yes sir, 418.2 MT available. Rate Rs 2476/MT. Will dispatch before 18-May-2023."
M00053,TH00027,2023-05-25,buying@saurashtragreen.in,maa@example.in,Requirement rice husk 2023-05,We need 364.4 MT of rice husk. Can you commit by 25-May-2023?
M00054,TH00027,2023-05-25,maa@example.in,buying@saurashtragreen.in,RE: Requirement rice husk 2023-05,"Confirmed. We can supply 364.4 MT rice husk at Rs 2353 per MT, delivery by 25-May-2023."
M00055,TH00028,2023-05-19,buying@saurashtragreen.in,dwarka@example.in,Requirement mustard stalk 2023-05,We need 238.4 MT of mustard stalk. Can you commit by 19-May-2023?
M00056,TH00028,2023-05-19,dwarka@example.in,buying@saurashtragreen.in,RE: Requirement mustard stalk 2023-05,"Yes sir, 238.4 MT available. Rate Rs 2671/MT. Will dispatch before 19-May-2023."
M00057,TH00029,2023-05-12,buying@saurashtragreen.in,dwarka@example.in,Requirement rice husk 2023-05,We need 379.1 MT of rice husk. Can you commit by 12-May-2023?
M00058,TH00029,2023-05-12,dwarka@example.in,buying@saurashtragreen.in,RE: Requirement rice husk 2023-05,"Confirmed. We can supply 379.1 MT rice husk at Rs 2417 per MT, delivery by 12-May-2023."
M00059,TH00030,2023-05-14,buying@saurashtragreen.in,maa@example.in,Requirement rice husk 2023-05,"Requirement 329.1 MT rice husk, delivery on or before 14-May-2023. Kindly confirm rate."
M00060,TH00030,2023-05-14,maa@example.in,buying@saurashtragreen.in,RE: Requirement rice husk 2023-05,"Yes sir, 329.1 MT available. Rate Rs 2343/MT. Will dispatch before 14-May-2023."
M00061,TH00031,2023-05-11,buying@saurashtragreen.in,jay@example.in,Requirement rice husk 2023-05,Please confirm availability of 379.6 MT rice husk for delivery by 11-May-2023.
M00062,TH00031,2023-05-11,jay@example.in,buying@saurashtragreen.in,RE: Requirement rice husk 2023-05,"Confirmed. We can supply 379.6 MT rice husk at Rs 2410 per MT, delivery by 11-May-2023."
M00063,TH00032,2023-05-23,buying@saurashtragreen.in,dwarka@example.in,Requirement mustard stalk 2023-05,We need 409.7 MT of mustard stalk. Can you commit by 23-May-2023?
M00064,TH00032,2023-05-23,dwarka@example.in,buying@saurashtragreen.in,RE: Requirement mustard stalk 2023-05,"Yes sir, 409.7 MT available. Rate Rs 2525/MT. Will dispatch before 23-May-2023."
M00065,TH00033,2023-05-27,buying@saurashtragreen.in,jay@example.in,Requirement rice husk 2023-05,We need 217.4 MT of rice husk. Can you commit by 27-May-2023?
M00066,TH00033,2023-05-27,jay@example.in,buying@saurashtragreen.in,RE: Requirement rice husk 2023-05,"Confirmed. We can supply 217.4 MT rice husk at Rs 2477 per MT, delivery by 27-May-2023."
M00067,TH00034,2023-05-20,buying@saurashtragreen.in,somnath@example.in,Requirement mustard stalk 2023-05,"Requirement 299.4 MT mustard stalk, delivery on or before 20-May-2023. Kindly confirm rate."
M00068,TH00034,2023-05-20,somnath@example.in,buying@saurashtragreen.in,RE: Requirement mustard stalk 2023-05,Ok for 299.4 MT at Rs 2597 per tonne. Loading will start before 20-May-2023.
M00069,TH00035,2023-05-27,buying@saurashtragreen.in,shree@example.in,Requirement rice husk 2023-05,We need 201.3 MT of rice husk. Can you commit by 27-May-2023?
M00070,TH00035,2023-05-27,shree@example.in,buying@saurashtragreen.in,RE: Requirement rice husk 2023-05,"Yes sir, 201.3 MT available. Rate Rs 2348/MT. Will dispatch before 27-May-2023."
M00071,TH00036,2023-05-28,buying@saurashtragreen.in,jay@example.in,Requirement rice husk 2023-05,We need 145.1 MT of rice husk. Can you commit by 28-May-2023?
M00072,TH00036,2023-05-28,jay@example.in,buying@saurashtragreen.in,RE: Requirement rice husk 2023-05,Accepted. 145.1 MT rice husk @ Rs 2401 PMT. Delivery 28-May-2023 positive.
M00073,TH00037,2023-06-12,buying@saurashtragreen.in,om@example.in,Requirement rice husk 2023-06,Please confirm availability of 357.4 MT rice husk for delivery by 12-Jun-2023.
M00074,TH00037,2023-06-12,om@example.in,buying@saurashtragreen.in,RE: Requirement rice husk 2023-06,"Yes sir, 357.4 MT available. Rate Rs 2452/MT. Will dispatch before 12-Jun-2023."
M00075,TH00038,2023-06-27,buying@saurashtragreen.in,dwarka@example.in,Requirement rice husk 2023-06,Please confirm availability of 372.1 MT rice husk for delivery by 27-Jun-2023.
M00076,TH00038,2023-06-27,dwarka@example.in,buying@saurashtragreen.in,RE: Requirement rice husk 2023-06,"Confirmed. We can supply 372.1 MT rice husk at Rs 2465 per MT, delivery by 27-Jun-2023."
M00077,TH00039,2023-06-13,buying@saurashtragreen.in,dwarka@example.in,Requirement rice husk 2023-06,Please confirm availability of 168.2 MT rice husk for delivery by 13-Jun-2023.
M00078,TH00039,2023-06-13,dwarka@example.in,buying@saurashtragreen.in,RE: Requirement rice husk 2023-06,"Confirmed. We can supply 168.2 MT rice husk at Rs 2469 per MT, delivery by 13-Jun-2023."
M00079,TH00040,2023-06-18,buying@saurashtragreen.in,dwarka@example.in,Requirement rice husk 2023-06,"Requirement 381.9 MT rice husk, delivery on or before 18-Jun-2023. Kindly confirm rate."
M00080,TH00040,2023-06-18,dwarka@example.in,buying@saurashtragreen.in,RE: Requirement rice husk 2023-06,"Confirmed. We can supply 381.9 MT rice husk at Rs 2467 per MT, delivery by 18-Jun-2023."
M00081,TH00041,2023-06-10,buying@saurashtragreen.in,sardar@example.in,Requirement rice husk 2023-06,Please confirm availability of 366.0 MT rice husk for delivery by 10-Jun-2023.
M00082,TH00041,2023-06-10,sardar@example.in,buying@saurashtragreen.in,RE: Requirement rice husk 2023-06,"Yes sir, 366.0 MT available. Rate Rs 2473/MT. Will dispatch before 10-Jun-2023."
M00083,TH00042,2023-06-15,buying@saurashtragreen.in,om@example.in,Requirement mustard stalk 2023-06,Please confirm availability of 144.3 MT mustard stalk for delivery by 15-Jun-2023.
M00084,TH00042,2023-06-15,om@example.in,buying@saurashtragreen.in,RE: Requirement mustard stalk 2023-06,Ok for 144.3 MT at Rs 2706 per tonne. Loading will start before 15-Jun-2023.
M00085,TH00043,2023-06-27,buying@saurashtragreen.in,somnath@example.in,Requirement rice husk 2023-06,Please confirm availability of 221.0 MT rice husk for delivery by 27-Jun-2023.
M00086,TH00043,2023-06-27,somnath@example.in,buying@saurashtragreen.in,RE: Requirement rice husk 2023-06,Accepted. 221.0 MT rice husk @ Rs 2506 PMT. Delivery 27-Jun-2023 positive.
M00087,TH00044,2023-06-17,buying@saurashtragreen.in,dwarka@example.in,Requirement mustard stalk 2023-06,We need 382.5 MT of mustard stalk. Can you commit by 17-Jun-2023?
M00088,TH00044,2023-06-17,dwarka@example.in,buying@saurashtragreen.in,RE: Requirement mustard stalk 2023-06,Ok for 382.5 MT at Rs 2712 per tonne. Loading will start before 17-Jun-2023.
M00089,TH00045,2023-06-28,buying@saurashtragreen.in,jay@example.in,Requirement rice husk 2023-06,We need 316.8 MT of rice husk. Can you commit by 28-Jun-2023?
M00090,TH00045,2023-06-28,jay@example.in,buying@saurashtragreen.in,RE: Requirement rice husk 2023-06,Accepted. 316.8 MT rice husk @ Rs 2453 PMT. Delivery 28-Jun-2023 positive.
M00091,TH00046,2023-06-28,buying@saurashtragreen.in,om@example.in,Requirement rice husk 2023-06,We need 231.1 MT of rice husk. Can you commit by 28-Jun-2023?
M00092,TH00046,2023-06-28,om@example.in,buying@saurashtragreen.in,RE: Requirement rice husk 2023-06,"Yes sir, 231.1 MT available. Rate Rs 2440/MT. Will dispatch before 28-Jun-2023."
M00093,TH00047,2023-06-24,buying@saurashtragreen.in,dwarka@example.in,Requirement rice husk 2023-06,We need 326.3 MT of rice husk. Can you commit by 24-Jun-2023?
M00094,TH00047,2023-06-24,dwarka@example.in,buying@saurashtragreen.in,RE: Requirement rice husk 2023-06,"Confirmed. We can supply 326.3 MT rice husk at Rs 2530 per MT, delivery by 24-Jun-2023."
M00095,TH00048,2023-06-12,buying@saurashtragreen.in,om@example.in,Requirement rice husk 2023-06,Please confirm availability of 401.8 MT rice husk for delivery by 12-Jun-2023.
M00096,TH00048,2023-06-12,om@example.in,buying@saurashtragreen.in,RE: Requirement rice husk 2023-06,"Confirmed. We can supply 401.8 MT rice husk at Rs 2447 per MT, delivery by 12-Jun-2023."
M00097,TH00049,2023-06-28,buying@saurashtragreen.in,dwarka@example.in,Requirement rice husk 2023-06,Please confirm availability of 323.7 MT rice husk for delivery by 28-Jun-2023.
M00098,TH00049,2023-06-28,dwarka@example.in,buying@saurashtragreen.in,RE: Requirement rice husk 2023-06,Accepted. 323.7 MT rice husk @ Rs 2438 PMT. Delivery 28-Jun-2023 positive.
M00099,TH00050,2023-06-11,buying@saurashtragreen.in,somnath@example.in,Requirement mustard stalk 2023-06,Please confirm availability of 167.8 MT mustard stalk for delivery by 11-Jun-2023.
M00100,TH00050,2023-06-11,somnath@example.in,buying@saurashtragreen.in,RE: Requirement mustard stalk 2023-06,"Confirmed. We can supply 167.8 MT mustard stalk at Rs 2604 per MT, delivery by 11-Jun-2023."
M00101,TH00051,2023-06-15,buying@saurashtragreen.in,new@example.in,Requirement rice husk 2023-06,We need 215.2 MT of rice husk. Can you commit by 15-Jun-2023?
M00102,TH00051,2023-06-15,new@example.in,buying@saurashtragreen.in,RE: Requirement rice husk 2023-06,"Confirmed. We can supply 215.2 MT rice husk at Rs 2530 per MT, delivery by 15-Jun-2023."
M00103,TH00052,2023-06-23,buying@saurashtragreen.in,shree@example.in,Requirement mustard stalk 2023-06,Please confirm availability of 339.5 MT mustard stalk for delivery by 23-Jun-2023.
M00104,TH00052,2023-06-23,shree@example.in,buying@saurashtragreen.in,RE: Requirement mustard stalk 2023-06,Accepted. 339.5 MT mustard stalk @ Rs 2714 PMT. Delivery 23-Jun-2023 positive.
M00105,TH00053,2023-06-19,buying@saurashtragreen.in,shree@example.in,Requirement rice husk 2023-06,We need 174.7 MT of rice husk. Can you commit by 19-Jun-2023?
M00106,TH00053,2023-06-19,shree@example.in,buying@saurashtragreen.in,RE: Requirement rice husk 2023-06,Accepted. 174.7 MT rice husk @ Rs 2458 PMT. Delivery 19-Jun-2023 positive.
M00107,TH00054,2023-07-15,buying@saurashtragreen.in,maa@example.in,Requirement rice husk 2023-07,"Requirement 273.8 MT rice husk, delivery on or before 15-Jul-2023. Kindly confirm rate."
M00108,TH00054,2023-07-15,maa@example.in,buying@saurashtragreen.in,RE: Requirement rice husk 2023-07,"Confirmed. We can supply 273.8 MT rice husk at Rs 2527 per MT, delivery by 15-Jul-2023."
M00109,TH00055,2023-07-25,buying@saurashtragreen.in,shree@example.in,Requirement rice husk 2023-07,"Requirement 209.3 MT rice husk, delivery on or before 25-Jul-2023. Kindly confirm rate."
M00110,TH00055,2023-07-25,shree@example.in,buying@saurashtragreen.in,RE: Requirement rice husk 2023-07,Ok for 209.3 MT at Rs 2483 per tonne. Loading will start before 25-Jul-2023.
M00111,TH00056,2023-07-15,buying@saurashtragreen.in,om@example.in,Requirement mustard stalk 2023-07,"Requirement 413.5 MT mustard stalk, delivery on or before 15-Jul-2023. Kindly confirm rate."
M00112,TH00056,2023-07-15,om@example.in,buying@saurashtragreen.in,RE: Requirement mustard stalk 2023-07,Accepted. 413.5 MT mustard stalk @ Rs 2647 PMT. Delivery 15-Jul-2023 positive.
M00113,TH00057,2023-07-11,buying@saurashtragreen.in,sardar@example.in,Requirement rice husk 2023-07,"Requirement 203.2 MT rice husk, delivery on or before 11-Jul-2023. Kindly confirm rate."
M00114,TH00057,2023-07-11,sardar@example.in,buying@saurashtragreen.in,RE: Requirement rice husk 2023-07,Ok for 203.2 MT at Rs 2484 per tonne. Loading will start before 11-Jul-2023.
M00115,TH00058,2023-07-18,buying@saurashtragreen.in,jay@example.in,Requirement rice husk 2023-07,"Requirement 224.8 MT rice husk, delivery on or before 18-Jul-2023. Kindly confirm rate."
M00116,TH00058,2023-07-18,jay@example.in,buying@saurashtragreen.in,RE: Requirement rice husk 2023-07,Accepted. 224.8 MT rice husk @ Rs 2436 PMT. Delivery 18-Jul-2023 positive.
M00117,TH00059,2023-07-15,buying@saurashtragreen.in,dwarka@example.in,Requirement mustard stalk 2023-07,Please confirm availability of 167.9 MT mustard stalk for delivery by 15-Jul-2023.
M00118,TH00059,2023-07-15,dwarka@example.in,buying@saurashtragreen.in,RE: Requirement mustard stalk 2023-07,Ok for 167.9 MT at Rs 2669 per tonne. Loading will start before 15-Jul-2023.
M00119,TH00060,2023-07-25,buying@saurashtragreen.in,dwarka@example.in,Requirement rice husk 2023-07,"Requirement 173.2 MT rice husk, delivery on or before 25-Jul-2023. Kindly confirm rate."
M00120,TH00060,2023-07-25,dwarka@example.in,buying@saurashtragreen.in,RE: Requirement rice husk 2023-07,Accepted. 173.2 MT rice husk @ Rs 2438 PMT. Delivery 25-Jul-2023 positive.
M00121,TH00061,2023-07-15,buying@saurashtragreen.in,maa@example.in,Requirement rice husk 2023-07,We need 216.8 MT of rice husk. Can you commit by 15-Jul-2023?
M00122,TH00061,2023-07-15,maa@example.in,buying@saurashtragreen.in,RE: Requirement rice husk 2023-07,"Confirmed. We can supply 216.8 MT rice husk at Rs 2449 per MT, delivery by 15-Jul-2023."
M00123,TH00062,2023-07-14,buying@saurashtragreen.in,dwarka@example.in,Requirement rice husk 2023-07,"Requirement 315.5 MT rice husk, delivery on or before 14-Jul-2023. Kindly confirm rate."
M00124,TH00062,2023-07-14,dwarka@example.in,buying@saurashtragreen.in,RE: Requirement rice husk 2023-07,"Yes sir, 315.5 MT available. Rate Rs 2521/MT. Will dispatch before 14-Jul-2023."
M00125,TH00063,2023-07-15,buying@saurashtragreen.in,new@example.in,Requirement rice husk 2023-07,We need 356.3 MT of rice husk. Can you commit by 15-Jul-2023?
M00126,TH00063,2023-07-15,new@example.in,buying@saurashtragreen.in,RE: Requirement rice husk 2023-07,Accepted. 356.3 MT rice husk @ Rs 2571 PMT. Delivery 15-Jul-2023 positive.
M00127,TH00064,2023-07-10,buying@saurashtragreen.in,shree@example.in,Requirement rice husk 2023-07,Please confirm availability of 238.0 MT rice husk for delivery by 10-Jul-2023.
M00128,TH00064,2023-07-10,shree@example.in,buying@saurashtragreen.in,RE: Requirement rice husk 2023-07,"Confirmed. We can supply 238.0 MT rice husk at Rs 2433 per MT, delivery by 10-Jul-2023."
M00129,TH00065,2023-07-24,buying@saurashtragreen.in,jay@example.in,Requirement rice husk 2023-07,"Requirement 283.8 MT rice husk, delivery on or before 24-Jul-2023. Kindly confirm rate."
M00130,TH00065,2023-07-24,jay@example.in,buying@saurashtragreen.in,RE: Requirement rice husk 2023-07,"Confirmed. We can supply 283.8 MT rice husk at Rs 2505 per MT, delivery by 24-Jul-2023."
M00131,TH00066,2023-07-10,buying@saurashtragreen.in,maa@example.in,Requirement rice husk 2023-07,"Requirement 319.9 MT rice husk, delivery on or before 10-Jul-2023. Kindly confirm rate."
M00132,TH00066,2023-07-10,maa@example.in,buying@saurashtragreen.in,RE: Requirement rice husk 2023-07,Accepted. 319.9 MT rice husk @ Rs 2520 PMT. Delivery 10-Jul-2023 positive.
M00133,TH00067,2023-07-11,buying@saurashtragreen.in,maa@example.in,Requirement rice husk 2023-07,We need 258.2 MT of rice husk. Can you commit by 11-Jul-2023?
M00134,TH00067,2023-07-11,maa@example.in,buying@saurashtragreen.in,RE: Requirement rice husk 2023-07,Accepted. 258.2 MT rice husk @ Rs 2491 PMT. Delivery 11-Jul-2023 positive.
M00135,TH00068,2023-07-17,buying@saurashtragreen.in,shree@example.in,Requirement rice husk 2023-07,"Requirement 324.2 MT rice husk, delivery on or before 17-Jul-2023. Kindly confirm rate."
M00136,TH00068,2023-07-17,shree@example.in,buying@saurashtragreen.in,RE: Requirement rice husk 2023-07,Ok for 324.2 MT at Rs 2438 per tonne. Loading will start before 17-Jul-2023.
M00137,TH00069,2023-07-28,buying@saurashtragreen.in,somnath@example.in,Requirement rice husk 2023-07,"Requirement 330.5 MT rice husk, delivery on or before 28-Jul-2023. Kindly confirm rate."
M00138,TH00069,2023-07-28,somnath@example.in,buying@saurashtragreen.in,RE: Requirement rice husk 2023-07,Ok for 330.5 MT at Rs 2446 per tonne. Loading will start before 28-Jul-2023.
M00139,TH00070,2023-07-28,buying@saurashtragreen.in,om@example.in,Requirement rice husk 2023-07,Please confirm availability of 275.6 MT rice husk for delivery by 28-Jul-2023.
M00140,TH00070,2023-07-28,om@example.in,buying@saurashtragreen.in,RE: Requirement rice husk 2023-07,Accepted. 275.6 MT rice husk @ Rs 2526 PMT. Delivery 28-Jul-2023 positive.
M00141,TH00071,2023-07-25,buying@saurashtragreen.in,shree@example.in,Requirement rice husk 2023-07,"Requirement 126.2 MT rice husk, delivery on or before 25-Jul-2023. Kindly confirm rate."
M00142,TH00071,2023-07-25,shree@example.in,buying@saurashtragreen.in,RE: Requirement rice husk 2023-07,"Confirmed. We can supply 126.2 MT rice husk at Rs 2563 per MT, delivery by 25-Jul-2023."
M00143,TH00072,2023-07-16,buying@saurashtragreen.in,jay@example.in,Requirement rice husk 2023-07,"Requirement 349.4 MT rice husk, delivery on or before 16-Jul-2023. Kindly confirm rate."
M00144,TH00072,2023-07-16,jay@example.in,buying@saurashtragreen.in,RE: Requirement rice husk 2023-07,Accepted. 349.4 MT rice husk @ Rs 2461 PMT. Delivery 16-Jul-2023 positive.
M00145,TH00073,2023-07-16,buying@saurashtragreen.in,dwarka@example.in,Requirement mustard stalk 2023-07,"Requirement 392.1 MT mustard stalk, delivery on or before 16-Jul-2023. Kindly confirm rate."
M00146,TH00073,2023-07-16,dwarka@example.in,buying@saurashtragreen.in,RE: Requirement mustard stalk 2023-07,Accepted. 392.1 MT mustard stalk @ Rs 2650 PMT. Delivery 16-Jul-2023 positive.
M00147,TH00074,2023-07-14,buying@saurashtragreen.in,new@example.in,Requirement rice husk 2023-07,"Requirement 252.4 MT rice husk, delivery on or before 14-Jul-2023. Kindly confirm rate."
M00148,TH00074,2023-07-14,new@example.in,buying@saurashtragreen.in,RE: Requirement rice husk 2023-07,Accepted. 252.4 MT rice husk @ Rs 2550 PMT. Delivery 14-Jul-2023 positive.
M00149,TH00075,2023-07-22,buying@saurashtragreen.in,somnath@example.in,Requirement mustard stalk 2023-07,Please confirm availability of 269.8 MT mustard stalk for delivery by 22-Jul-2023.
M00150,TH00075,2023-07-22,somnath@example.in,buying@saurashtragreen.in,RE: Requirement mustard stalk 2023-07,Ok for 269.8 MT at Rs 2632 per tonne. Loading will start before 22-Jul-2023.
M00151,TH00076,2023-08-24,buying@saurashtragreen.in,jay@example.in,Requirement rice husk 2023-08,"Requirement 121.5 MT rice husk, delivery on or before 24-Aug-2023. Kindly confirm rate."
M00152,TH00076,2023-08-24,jay@example.in,buying@saurashtragreen.in,RE: Requirement rice husk 2023-08,Accepted. 121.5 MT rice husk @ Rs 2463 PMT. Delivery 24-Aug-2023 positive.
M00153,TH00077,2023-08-28,buying@saurashtragreen.in,shree@example.in,Requirement rice husk 2023-08,Please confirm availability of 289.0 MT rice husk for delivery by 28-Aug-2023.
M00154,TH00077,2023-08-28,shree@example.in,buying@saurashtragreen.in,RE: Requirement rice husk 2023-08,"Yes sir, 289.0 MT available. Rate Rs 2467/MT. Will dispatch before 28-Aug-2023."
M00155,TH00078,2023-08-24,buying@saurashtragreen.in,somnath@example.in,Requirement rice husk 2023-08,We need 381.9 MT of rice husk. Can you commit by 24-Aug-2023?
M00156,TH00078,2023-08-24,somnath@example.in,buying@saurashtragreen.in,RE: Requirement rice husk 2023-08,"Confirmed. We can supply 381.9 MT rice husk at Rs 2460 per MT, delivery by 24-Aug-2023."
M00157,TH00079,2023-08-22,buying@saurashtragreen.in,jay@example.in,Requirement rice husk 2023-08,Please confirm availability of 149.5 MT rice husk for delivery by 22-Aug-2023.
M00158,TH00079,2023-08-22,jay@example.in,buying@saurashtragreen.in,RE: Requirement rice husk 2023-08,Ok for 149.5 MT at Rs 2383 per tonne. Loading will start before 22-Aug-2023.
M00159,TH00080,2023-08-25,buying@saurashtragreen.in,maa@example.in,Requirement rice husk 2023-08,Please confirm availability of 398.0 MT rice husk for delivery by 25-Aug-2023.
M00160,TH00080,2023-08-25,maa@example.in,buying@saurashtragreen.in,RE: Requirement rice husk 2023-08,"Confirmed. We can supply 398.0 MT rice husk at Rs 2409 per MT, delivery by 25-Aug-2023."
M00161,TH00081,2023-08-20,buying@saurashtragreen.in,shree@example.in,Requirement rice husk 2023-08,We need 178.4 MT of rice husk. Can you commit by 20-Aug-2023?
M00162,TH00081,2023-08-20,shree@example.in,buying@saurashtragreen.in,RE: Requirement rice husk 2023-08,"Confirmed. We can supply 178.4 MT rice husk at Rs 2498 per MT, delivery by 20-Aug-2023."
M00163,TH00082,2023-08-20,buying@saurashtragreen.in,dwarka@example.in,Requirement mustard stalk 2023-08,"Requirement 385.2 MT mustard stalk, delivery on or before 20-Aug-2023. Kindly confirm rate."
M00164,TH00082,2023-08-20,dwarka@example.in,buying@saurashtragreen.in,RE: Requirement mustard stalk 2023-08,"Yes sir, 385.2 MT available. Rate Rs 2587/MT. Will dispatch before 20-Aug-2023."
M00165,TH00083,2023-08-24,buying@saurashtragreen.in,shree@example.in,Requirement rice husk 2023-08,Please confirm availability of 294.6 MT rice husk for delivery by 24-Aug-2023.
M00166,TH00083,2023-08-24,shree@example.in,buying@saurashtragreen.in,RE: Requirement rice husk 2023-08,"Yes sir, 294.6 MT available. Rate Rs 2388/MT. Will dispatch before 24-Aug-2023."
M00167,TH00084,2023-08-13,buying@saurashtragreen.in,om@example.in,Requirement mustard stalk 2023-08,"Requirement 350.0 MT mustard stalk, delivery on or before 13-Aug-2023. Kindly confirm rate."
M00168,TH00084,2023-08-13,om@example.in,buying@saurashtragreen.in,RE: Requirement mustard stalk 2023-08,"Yes sir, 350.0 MT available. Rate Rs 2646/MT. Will dispatch before 13-Aug-2023."
M00169,TH00085,2023-08-13,buying@saurashtragreen.in,somnath@example.in,Requirement rice husk 2023-08,"Requirement 410.0 MT rice husk, delivery on or before 13-Aug-2023. Kindly confirm rate."
M00170,TH00085,2023-08-13,somnath@example.in,buying@saurashtragreen.in,RE: Requirement rice husk 2023-08,"Yes sir, 410.0 MT available. Rate Rs 2440/MT. Will dispatch before 13-Aug-2023."
M00171,TH00086,2023-08-11,buying@saurashtragreen.in,sardar@example.in,Requirement rice husk 2023-08,We need 155.4 MT of rice husk. Can you commit by 11-Aug-2023?
M00172,TH00086,2023-08-11,sardar@example.in,buying@saurashtragreen.in,RE: Requirement rice husk 2023-08,"Yes sir, 155.4 MT available. Rate Rs 2491/MT. Will dispatch before 11-Aug-2023."
M00173,TH00087,2023-08-24,buying@saurashtragreen.in,shree@example.in,Requirement rice husk 2023-08,We need 367.7 MT of rice husk. Can you commit by 24-Aug-2023?
M00174,TH00087,2023-08-24,shree@example.in,buying@saurashtragreen.in,RE: Requirement rice husk 2023-08,Ok for 367.7 MT at Rs 2467 per tonne. Loading will start before 24-Aug-2023.
M00175,TH00088,2023-08-28,buying@saurashtragreen.in,jay@example.in,Requirement rice husk 2023-08,"Requirement 129.6 MT rice husk, delivery on or before 28-Aug-2023. Kindly confirm rate."
M00176,TH00088,2023-08-28,jay@example.in,buying@saurashtragreen.in,RE: Requirement rice husk 2023-08,"Confirmed. We can supply 129.6 MT rice husk at Rs 2433 per MT, delivery by 28-Aug-2023."
M00177,TH00089,2023-08-14,buying@saurashtragreen.in,dwarka@example.in,Requirement mustard stalk 2023-08,Please confirm availability of 177.6 MT mustard stalk for delivery by 14-Aug-2023.
M00178,TH00089,2023-08-14,dwarka@example.in,buying@saurashtragreen.in,RE: Requirement mustard stalk 2023-08,"Confirmed. We can supply 177.6 MT mustard stalk at Rs 2595 per MT, delivery by 14-Aug-2023."
M00179,TH00090,2023-08-23,buying@saurashtragreen.in,sardar@example.in,Requirement rice husk 2023-08,We need 161.2 MT of rice husk. Can you commit by 23-Aug-2023?
M00180,TH00090,2023-08-23,sardar@example.in,buying@saurashtragreen.in,RE: Requirement rice husk 2023-08,"Confirmed. We can supply 161.2 MT rice husk at Rs 2477 per MT, delivery by 23-Aug-2023."
M00181,TH00091,2023-08-21,buying@saurashtragreen.in,dwarka@example.in,Requirement rice husk 2023-08,"Requirement 372.8 MT rice husk, delivery on or before 21-Aug-2023. Kindly confirm rate."
M00182,TH00091,2023-08-21,dwarka@example.in,buying@saurashtragreen.in,RE: Requirement rice husk 2023-08,Ok for 372.8 MT at Rs 2487 per tonne. Loading will start before 21-Aug-2023.
M00183,TH00092,2023-08-23,buying@saurashtragreen.in,dwarka@example.in,Requirement mustard stalk 2023-08,We need 225.0 MT of mustard stalk. Can you commit by 23-Aug-2023?
M00184,TH00092,2023-08-23,dwarka@example.in,buying@saurashtragreen.in,RE: Requirement mustard stalk 2023-08,Accepted. 225.0 MT mustard stalk @ Rs 2687 PMT. Delivery 23-Aug-2023 positive.
M00185,TH00093,2023-09-11,buying@saurashtragreen.in,dwarka@example.in,Requirement mustard stalk 2023-09,"Requirement 405.5 MT mustard stalk, delivery on or before 11-Sep-2023. Kindly confirm rate."
M00186,TH00093,2023-09-11,dwarka@example.in,buying@saurashtragreen.in,RE: Requirement mustard stalk 2023-09,"Confirmed. We can supply 405.5 MT mustard stalk at Rs 2480 per MT, delivery by 11-Sep-2023."
M00187,TH00094,2023-09-12,buying@saurashtragreen.in,dwarka@example.in,Requirement mustard stalk 2023-09,Please confirm availability of 316.7 MT mustard stalk for delivery by 12-Sep-2023.
M00188,TH00094,2023-09-12,dwarka@example.in,buying@saurashtragreen.in,RE: Requirement mustard stalk 2023-09,"Confirmed. We can supply 316.7 MT mustard stalk at Rs 2574 per MT, delivery by 12-Sep-2023."
M00189,TH00095,2023-09-27,buying@saurashtragreen.in,om@example.in,Requirement rice husk 2023-09,"Requirement 295.2 MT rice husk, delivery on or before 27-Sep-2023. Kindly confirm rate."
M00190,TH00095,2023-09-27,om@example.in,buying@saurashtragreen.in,RE: Requirement rice husk 2023-09,"Yes sir, 295.2 MT available. Rate Rs 2330/MT. Will dispatch before 27-Sep-2023."
M00191,TH00096,2023-09-24,buying@saurashtragreen.in,dwarka@example.in,Requirement mustard stalk 2023-09,We need 394.5 MT of mustard stalk. Can you commit by 24-Sep-2023?
M00192,TH00096,2023-09-24,dwarka@example.in,buying@saurashtragreen.in,RE: Requirement mustard stalk 2023-09,Ok for 394.5 MT at Rs 2460 per tonne. Loading will start before 24-Sep-2023.
M00193,TH00097,2023-09-17,buying@saurashtragreen.in,jay@example.in,Requirement rice husk 2023-09,"Requirement 391.2 MT rice husk, delivery on or before 17-Sep-2023. Kindly confirm rate."
M00194,TH00097,2023-09-17,jay@example.in,buying@saurashtragreen.in,RE: Requirement rice husk 2023-09,"Yes sir, 391.2 MT available. Rate Rs 2356/MT. Will dispatch before 17-Sep-2023."
M00195,TH00098,2023-09-13,buying@saurashtragreen.in,maa@example.in,Requirement rice husk 2023-09,"Requirement 226.7 MT rice husk, delivery on or before 13-Sep-2023. Kindly confirm rate."
M00196,TH00098,2023-09-13,maa@example.in,buying@saurashtragreen.in,RE: Requirement rice husk 2023-09,"Yes sir, 226.7 MT available. Rate Rs 2274/MT. Will dispatch before 13-Sep-2023."
M00197,TH00099,2023-09-15,buying@saurashtragreen.in,shree@example.in,Requirement rice husk 2023-09,We need 229.3 MT of rice husk. Can you commit by 15-Sep-2023?
M00198,TH00099,2023-09-15,shree@example.in,buying@saurashtragreen.in,RE: Requirement rice husk 2023-09,Ok for 229.3 MT at Rs 2338 per tonne. Loading will start before 15-Sep-2023.
M00199,TH00100,2023-09-12,buying@saurashtragreen.in,om@example.in,Requirement rice husk 2023-09,We need 374.3 MT of rice husk. Can you commit by 12-Sep-2023?
M00200,TH00100,2023-09-12,om@example.in,buying@saurashtragreen.in,RE: Requirement rice husk 2023-09,"Confirmed. We can supply 374.3 MT rice husk at Rs 2307 per MT, delivery by 12-Sep-2023."
M00201,TH00101,2023-09-17,buying@saurashtragreen.in,sardar@example.in,Requirement rice husk 2023-09,Please confirm availability of 379.0 MT rice husk for delivery by 17-Sep-2023.
M00202,TH00101,2023-09-17,sardar@example.in,buying@saurashtragreen.in,RE: Requirement rice husk 2023-09,Ok for 379.0 MT at Rs 2308 per tonne. Loading will start before 17-Sep-2023.
M00203,TH00102,2023-09-28,buying@saurashtragreen.in,sardar@example.in,Requirement rice husk 2023-09,"Requirement 169.8 MT rice husk, delivery on or before 28-Sep-2023. Kindly confirm rate."
M00204,TH00102,2023-09-28,sardar@example.in,buying@saurashtragreen.in,RE: Requirement rice husk 2023-09,Ok for 169.8 MT at Rs 2380 per tonne. Loading will start before 28-Sep-2023.
M00205,TH00103,2023-09-24,buying@saurashtragreen.in,new@example.in,Requirement rice husk 2023-09,"Requirement 386.1 MT rice husk, delivery on or before 24-Sep-2023. Kindly confirm rate."
M00206,TH00103,2023-09-24,new@example.in,buying@saurashtragreen.in,RE: Requirement rice husk 2023-09,"Yes sir, 386.1 MT available. Rate Rs 2314/MT. Will dispatch before 24-Sep-2023."
M00207,TH00104,2023-09-10,buying@saurashtragreen.in,dwarka@example.in,Requirement rice husk 2023-09,We need 296.6 MT of rice husk. Can you commit by 10-Sep-2023?
M00208,TH00104,2023-09-10,dwarka@example.in,buying@saurashtragreen.in,RE: Requirement rice husk 2023-09,Ok for 296.6 MT at Rs 2333 per tonne. Loading will start before 10-Sep-2023.
M00209,TH00105,2023-09-24,buying@saurashtragreen.in,somnath@example.in,Requirement rice husk 2023-09,We need 366.2 MT of rice husk. Can you commit by 24-Sep-2023?
M00210,TH00105,2023-09-24,somnath@example.in,buying@saurashtragreen.in,RE: Requirement rice husk 2023-09,Accepted. 366.2 MT rice husk @ Rs 2309 PMT. Delivery 24-Sep-2023 positive.
M00211,TH00106,2023-09-11,buying@saurashtragreen.in,somnath@example.in,Requirement rice husk 2023-09,Please confirm availability of 412.1 MT rice husk for delivery by 11-Sep-2023.
M00212,TH00106,2023-09-11,somnath@example.in,buying@saurashtragreen.in,RE: Requirement rice husk 2023-09,Ok for 412.1 MT at Rs 2401 per tonne. Loading will start before 11-Sep-2023.
M00213,TH00107,2023-09-23,buying@saurashtragreen.in,dwarka@example.in,Requirement mustard stalk 2023-09,"Requirement 208.7 MT mustard stalk, delivery on or before 23-Sep-2023. Kindly confirm rate."
M00214,TH00107,2023-09-23,dwarka@example.in,buying@saurashtragreen.in,RE: Requirement mustard stalk 2023-09,Accepted. 208.7 MT mustard stalk @ Rs 2587 PMT. Delivery 23-Sep-2023 positive.
M00215,TH00108,2023-09-24,buying@saurashtragreen.in,new@example.in,Requirement rice husk 2023-09,We need 217.7 MT of rice husk. Can you commit by 24-Sep-2023?
M00216,TH00108,2023-09-24,new@example.in,buying@saurashtragreen.in,RE: Requirement rice husk 2023-09,Accepted. 217.7 MT rice husk @ Rs 2374 PMT. Delivery 24-Sep-2023 positive.
M00217,TH00109,2023-09-10,buying@saurashtragreen.in,somnath@example.in,Requirement mustard stalk 2023-09,We need 146.6 MT of mustard stalk. Can you commit by 10-Sep-2023?
M00218,TH00109,2023-09-10,somnath@example.in,buying@saurashtragreen.in,RE: Requirement mustard stalk 2023-09,Ok for 146.6 MT at Rs 2560 per tonne. Loading will start before 10-Sep-2023.
M00219,TH00110,2023-09-19,buying@saurashtragreen.in,jay@example.in,Requirement rice husk 2023-09,"Requirement 279.0 MT rice husk, delivery on or before 19-Sep-2023. Kindly confirm rate."
M00220,TH00110,2023-09-19,jay@example.in,buying@saurashtragreen.in,RE: Requirement rice husk 2023-09,"Yes sir, 279.0 MT available. Rate Rs 2372/MT. Will dispatch before 19-Sep-2023."
M00221,TH00111,2023-09-18,buying@saurashtragreen.in,maa@example.in,Requirement rice husk 2023-09,We need 337.5 MT of rice husk. Can you commit by 18-Sep-2023?
M00222,TH00111,2023-09-18,maa@example.in,buying@saurashtragreen.in,RE: Requirement rice husk 2023-09,Ok for 337.5 MT at Rs 2362 per tonne. Loading will start before 18-Sep-2023.
M00223,TH00112,2023-09-15,buying@saurashtragreen.in,shree@example.in,Requirement rice husk 2023-09,"Requirement 245.3 MT rice husk, delivery on or before 15-Sep-2023. Kindly confirm rate."
M00224,TH00112,2023-09-15,shree@example.in,buying@saurashtragreen.in,RE: Requirement rice husk 2023-09,"Confirmed. We can supply 245.3 MT rice husk at Rs 2275 per MT, delivery by 15-Sep-2023."
M00225,TH00113,2023-10-16,buying@saurashtragreen.in,somnath@example.in,Requirement rice husk 2023-10,Please confirm availability of 238.0 MT rice husk for delivery by 16-Oct-2023.
M00226,TH00113,2023-10-16,somnath@example.in,buying@saurashtragreen.in,RE: Requirement rice husk 2023-10,"Yes sir, 238.0 MT available. Rate Rs 2262/MT. Will dispatch before 16-Oct-2023."
M00227,TH00114,2023-10-22,buying@saurashtragreen.in,shree@example.in,Requirement mustard stalk 2023-10,We need 152.4 MT of mustard stalk. Can you commit by 22-Oct-2023?
M00228,TH00114,2023-10-22,shree@example.in,buying@saurashtragreen.in,RE: Requirement mustard stalk 2023-10,"Confirmed. We can supply 152.4 MT mustard stalk at Rs 2486 per MT, delivery by 22-Oct-2023."
M00229,TH00115,2023-10-28,buying@saurashtragreen.in,shree@example.in,Requirement rice husk 2023-10,"Requirement 300.0 MT rice husk, delivery on or before 28-Oct-2023. Kindly confirm rate."
M00230,TH00115,2023-10-28,shree@example.in,buying@saurashtragreen.in,RE: Requirement rice husk 2023-10,Accepted. 300.0 MT rice husk @ Rs 2229 PMT. Delivery 28-Oct-2023 positive.
M00231,TH00116,2023-10-28,buying@saurashtragreen.in,maa@example.in,Requirement rice husk 2023-10,Please confirm availability of 142.5 MT rice husk for delivery by 28-Oct-2023.
M00232,TH00116,2023-10-28,maa@example.in,buying@saurashtragreen.in,RE: Requirement rice husk 2023-10,Accepted. 142.5 MT rice husk @ Rs 2302 PMT. Delivery 28-Oct-2023 positive.
M00233,TH00117,2023-10-10,buying@saurashtragreen.in,shree@example.in,Requirement rice husk 2023-10,We need 386.5 MT of rice husk. Can you commit by 10-Oct-2023?
M00234,TH00117,2023-10-10,shree@example.in,buying@saurashtragreen.in,RE: Requirement rice husk 2023-10,"Yes sir, 386.5 MT available. Rate Rs 2248/MT. Will dispatch before 10-Oct-2023."
M00235,TH00118,2023-10-18,buying@saurashtragreen.in,somnath@example.in,Requirement mustard stalk 2023-10,Please confirm availability of 144.0 MT mustard stalk for delivery by 18-Oct-2023.
M00236,TH00118,2023-10-18,somnath@example.in,buying@saurashtragreen.in,RE: Requirement mustard stalk 2023-10,"Yes sir, 144.0 MT available. Rate Rs 2487/MT. Will dispatch before 18-Oct-2023."
M00237,TH00119,2023-10-24,buying@saurashtragreen.in,maa@example.in,Requirement rice husk 2023-10,Please confirm availability of 270.7 MT rice husk for delivery by 24-Oct-2023.
M00238,TH00119,2023-10-24,maa@example.in,buying@saurashtragreen.in,RE: Requirement rice husk 2023-10,Ok for 270.7 MT at Rs 2251 per tonne. Loading will start before 24-Oct-2023.
M00239,TH00120,2023-10-25,buying@saurashtragreen.in,maa@example.in,Requirement rice husk 2023-10,"Requirement 217.7 MT rice husk, delivery on or before 25-Oct-2023. Kindly confirm rate."
M00240,TH00120,2023-10-25,maa@example.in,buying@saurashtragreen.in,RE: Requirement rice husk 2023-10,Accepted. 217.7 MT rice husk @ Rs 2223 PMT. Delivery 25-Oct-2023 positive.
M00241,TH00121,2023-10-18,buying@saurashtragreen.in,shree@example.in,Requirement mustard stalk 2023-10,Please confirm availability of 273.3 MT mustard stalk for delivery by 18-Oct-2023.
M00242,TH00121,2023-10-18,shree@example.in,buying@saurashtragreen.in,RE: Requirement mustard stalk 2023-10,"Yes sir, 273.3 MT available. Rate Rs 2438/MT. Will dispatch before 18-Oct-2023."
M00243,TH00122,2023-10-10,buying@saurashtragreen.in,somnath@example.in,Requirement rice husk 2023-10,"Requirement 320.6 MT rice husk, delivery on or before 10-Oct-2023. Kindly confirm rate."
M00244,TH00122,2023-10-10,somnath@example.in,buying@saurashtragreen.in,RE: Requirement rice husk 2023-10,"Yes sir, 320.6 MT available. Rate Rs 2289/MT. Will dispatch before 10-Oct-2023."
M00245,TH00123,2023-10-19,buying@saurashtragreen.in,dwarka@example.in,Requirement rice husk 2023-10,Please confirm availability of 256.3 MT rice husk for delivery by 19-Oct-2023.
M00246,TH00123,2023-10-19,dwarka@example.in,buying@saurashtragreen.in,RE: Requirement rice husk 2023-10,"Confirmed. We can supply 256.3 MT rice husk at Rs 2257 per MT, delivery by 19-Oct-2023."
M00247,TH00124,2023-10-28,buying@saurashtragreen.in,dwarka@example.in,Requirement rice husk 2023-10,Please confirm availability of 211.2 MT rice husk for delivery by 28-Oct-2023.
M00248,TH00124,2023-10-28,dwarka@example.in,buying@saurashtragreen.in,RE: Requirement rice husk 2023-10,"Confirmed. We can supply 211.2 MT rice husk at Rs 2292 per MT, delivery by 28-Oct-2023."
M00249,TH00125,2023-10-21,buying@saurashtragreen.in,dwarka@example.in,Requirement mustard stalk 2023-10,Please confirm availability of 252.4 MT mustard stalk for delivery by 21-Oct-2023.
M00250,TH00125,2023-10-21,dwarka@example.in,buying@saurashtragreen.in,RE: Requirement mustard stalk 2023-10,"Confirmed. We can supply 252.4 MT mustard stalk at Rs 2379 per MT, delivery by 21-Oct-2023."
M00251,TH00126,2023-10-11,buying@saurashtragreen.in,shree@example.in,Requirement rice husk 2023-10,Please confirm availability of 280.5 MT rice husk for delivery by 11-Oct-2023.
M00252,TH00126,2023-10-11,shree@example.in,buying@saurashtragreen.in,RE: Requirement rice husk 2023-10,Accepted. 280.5 MT rice husk @ Rs 2279 PMT. Delivery 11-Oct-2023 positive.
M00253,TH00127,2023-10-23,buying@saurashtragreen.in,shree@example.in,Requirement rice husk 2023-10,Please confirm availability of 385.0 MT rice husk for delivery by 23-Oct-2023.
M00254,TH00127,2023-10-23,shree@example.in,buying@saurashtragreen.in,RE: Requirement rice husk 2023-10,Ok for 385.0 MT at Rs 2270 per tonne. Loading will start before 23-Oct-2023.
M00255,TH00128,2023-11-21,buying@saurashtragreen.in,jay@example.in,Requirement rice husk 2023-11,We need 381.8 MT of rice husk. Can you commit by 21-Nov-2023?
M00256,TH00128,2023-11-21,jay@example.in,buying@saurashtragreen.in,RE: Requirement rice husk 2023-11,"Yes sir, 381.8 MT available. Rate Rs 2163/MT. Will dispatch before 21-Nov-2023."
M00257,TH00129,2023-11-27,buying@saurashtragreen.in,om@example.in,Requirement mustard stalk 2023-11,"Requirement 339.9 MT mustard stalk, delivery on or before 27-Nov-2023. Kindly confirm rate."
M00258,TH00129,2023-11-27,om@example.in,buying@saurashtragreen.in,RE: Requirement mustard stalk 2023-11,"Yes sir, 339.9 MT available. Rate Rs 2287/MT. Will dispatch before 27-Nov-2023."
M00259,TH00130,2023-11-22,buying@saurashtragreen.in,new@example.in,Requirement rice husk 2023-11,Please confirm availability of 318.0 MT rice husk for delivery by 22-Nov-2023.
M00260,TH00130,2023-11-22,new@example.in,buying@saurashtragreen.in,RE: Requirement rice husk 2023-11,Accepted. 318.0 MT rice husk @ Rs 2210 PMT. Delivery 22-Nov-2023 positive.
M00261,TH00131,2023-11-16,buying@saurashtragreen.in,shree@example.in,Requirement mustard stalk 2023-11,"Requirement 293.1 MT mustard stalk, delivery on or before 16-Nov-2023. Kindly confirm rate."
M00262,TH00131,2023-11-16,shree@example.in,buying@saurashtragreen.in,RE: Requirement mustard stalk 2023-11,Accepted. 293.1 MT mustard stalk @ Rs 2310 PMT. Delivery 16-Nov-2023 positive.
M00263,TH00132,2023-11-19,buying@saurashtragreen.in,om@example.in,Requirement mustard stalk 2023-11,We need 230.3 MT of mustard stalk. Can you commit by 19-Nov-2023?
M00264,TH00132,2023-11-19,om@example.in,buying@saurashtragreen.in,RE: Requirement mustard stalk 2023-11,Ok for 230.3 MT at Rs 2400 per tonne. Loading will start before 19-Nov-2023.
M00265,TH00133,2023-11-14,buying@saurashtragreen.in,jay@example.in,Requirement rice husk 2023-11,"Requirement 183.5 MT rice husk, delivery on or before 14-Nov-2023. Kindly confirm rate."
M00266,TH00133,2023-11-14,jay@example.in,buying@saurashtragreen.in,RE: Requirement rice husk 2023-11,"Confirmed. We can supply 183.5 MT rice husk at Rs 2186 per MT, delivery by 14-Nov-2023."
M00267,TH00134,2023-11-28,buying@saurashtragreen.in,new@example.in,Requirement rice husk 2023-11,Please confirm availability of 311.2 MT rice husk for delivery by 28-Nov-2023.
M00268,TH00134,2023-11-28,new@example.in,buying@saurashtragreen.in,RE: Requirement rice husk 2023-11,"Confirmed. We can supply 311.2 MT rice husk at Rs 2160 per MT, delivery by 28-Nov-2023."
M00269,TH00135,2023-11-16,buying@saurashtragreen.in,jay@example.in,Requirement rice husk 2023-11,We need 307.4 MT of rice husk. Can you commit by 16-Nov-2023?
M00270,TH00135,2023-11-16,jay@example.in,buying@saurashtragreen.in,RE: Requirement rice husk 2023-11,Accepted. 307.4 MT rice husk @ Rs 2150 PMT. Delivery 16-Nov-2023 positive.
M00271,TH00136,2023-11-22,buying@saurashtragreen.in,dwarka@example.in,Requirement rice husk 2023-11,Please confirm availability of 238.6 MT rice husk for delivery by 22-Nov-2023.
M00272,TH00136,2023-11-22,dwarka@example.in,buying@saurashtragreen.in,RE: Requirement rice husk 2023-11,Accepted. 238.6 MT rice husk @ Rs 2197 PMT. Delivery 22-Nov-2023 positive.
M00273,TH00137,2023-11-25,buying@saurashtragreen.in,maa@example.in,Requirement rice husk 2023-11,We need 397.9 MT of rice husk. Can you commit by 25-Nov-2023?
M00274,TH00137,2023-11-25,maa@example.in,buying@saurashtragreen.in,RE: Requirement rice husk 2023-11,"Yes sir, 397.9 MT available. Rate Rs 2246/MT. Will dispatch before 25-Nov-2023."
M00275,TH00138,2023-11-19,buying@saurashtragreen.in,sardar@example.in,Requirement rice husk 2023-11,We need 381.9 MT of rice husk. Can you commit by 19-Nov-2023?
M00276,TH00138,2023-11-19,sardar@example.in,buying@saurashtragreen.in,RE: Requirement rice husk 2023-11,"Confirmed. We can supply 381.9 MT rice husk at Rs 2118 per MT, delivery by 19-Nov-2023."
M00277,TH00139,2023-11-10,buying@saurashtragreen.in,shree@example.in,Requirement rice husk 2023-11,We need 146.5 MT of rice husk. Can you commit by 10-Nov-2023?
M00278,TH00139,2023-11-10,shree@example.in,buying@saurashtragreen.in,RE: Requirement rice husk 2023-11,Accepted. 146.5 MT rice husk @ Rs 2166 PMT. Delivery 10-Nov-2023 positive.
M00279,TH00140,2023-11-10,buying@saurashtragreen.in,dwarka@example.in,Requirement rice husk 2023-11,Please confirm availability of 357.6 MT rice husk for delivery by 10-Nov-2023.
M00280,TH00140,2023-11-10,dwarka@example.in,buying@saurashtragreen.in,RE: Requirement rice husk 2023-11,Accepted. 357.6 MT rice husk @ Rs 2162 PMT. Delivery 10-Nov-2023 positive.
M00281,TH00141,2023-11-12,buying@saurashtragreen.in,new@example.in,Requirement rice husk 2023-11,We need 234.9 MT of rice husk. Can you commit by 12-Nov-2023?
M00282,TH00141,2023-11-12,new@example.in,buying@saurashtragreen.in,RE: Requirement rice husk 2023-11,Ok for 234.9 MT at Rs 2152 per tonne. Loading will start before 12-Nov-2023.
M00283,TH00142,2023-11-13,buying@saurashtragreen.in,shree@example.in,Requirement rice husk 2023-11,"Requirement 137.8 MT rice husk, delivery on or before 13-Nov-2023. Kindly confirm rate."
M00284,TH00142,2023-11-13,shree@example.in,buying@saurashtragreen.in,RE: Requirement rice husk 2023-11,Accepted. 137.8 MT rice husk @ Rs 2197 PMT. Delivery 13-Nov-2023 positive.
M00285,TH00143,2023-12-22,buying@saurashtragreen.in,new@example.in,Requirement rice husk 2023-12,Please confirm availability of 266.5 MT rice husk for delivery by 22-Dec-2023.
M00286,TH00143,2023-12-22,new@example.in,buying@saurashtragreen.in,RE: Requirement rice husk 2023-12,Accepted. 266.5 MT rice husk @ Rs 2113 PMT. Delivery 22-Dec-2023 positive.
M00287,TH00144,2023-12-11,buying@saurashtragreen.in,jay@example.in,Requirement rice husk 2023-12,We need 346.2 MT of rice husk. Can you commit by 11-Dec-2023?
M00288,TH00144,2023-12-11,jay@example.in,buying@saurashtragreen.in,RE: Requirement rice husk 2023-12,"Confirmed. We can supply 346.2 MT rice husk at Rs 2172 per MT, delivery by 11-Dec-2023."
M00289,TH00145,2023-12-18,buying@saurashtragreen.in,sardar@example.in,Requirement rice husk 2023-12,"Requirement 412.8 MT rice husk, delivery on or before 18-Dec-2023. Kindly confirm rate."
M00290,TH00145,2023-12-18,sardar@example.in,buying@saurashtragreen.in,RE: Requirement rice husk 2023-12,Ok for 412.8 MT at Rs 2085 per tonne. Loading will start before 18-Dec-2023.
M00291,TH00146,2023-12-12,buying@saurashtragreen.in,somnath@example.in,Requirement rice husk 2023-12,"Requirement 302.0 MT rice husk, delivery on or before 12-Dec-2023. Kindly confirm rate."
M00292,TH00146,2023-12-12,somnath@example.in,buying@saurashtragreen.in,RE: Requirement rice husk 2023-12,Ok for 302.0 MT at Rs 2159 per tonne. Loading will start before 12-Dec-2023.
M00293,TH00147,2023-12-16,buying@saurashtragreen.in,maa@example.in,Requirement rice husk 2023-12,Please confirm availability of 151.5 MT rice husk for delivery by 16-Dec-2023.
M00294,TH00147,2023-12-16,maa@example.in,buying@saurashtragreen.in,RE: Requirement rice husk 2023-12,Ok for 151.5 MT at Rs 2191 per tonne. Loading will start before 16-Dec-2023.
M00295,TH00148,2023-12-15,buying@saurashtragreen.in,om@example.in,Requirement rice husk 2023-12,We need 381.4 MT of rice husk. Can you commit by 15-Dec-2023?
M00296,TH00148,2023-12-15,om@example.in,buying@saurashtragreen.in,RE: Requirement rice husk 2023-12,"Confirmed. We can supply 381.4 MT rice husk at Rs 2091 per MT, delivery by 15-Dec-2023."
M00297,TH00149,2023-12-12,buying@saurashtragreen.in,sardar@example.in,Requirement rice husk 2023-12,"Requirement 295.7 MT rice husk, delivery on or before 12-Dec-2023. Kindly confirm rate."
M00298,TH00149,2023-12-12,sardar@example.in,buying@saurashtragreen.in,RE: Requirement rice husk 2023-12,Accepted. 295.7 MT rice husk @ Rs 2199 PMT. Delivery 12-Dec-2023 positive.
M00299,TH00150,2023-12-23,buying@saurashtragreen.in,om@example.in,Requirement rice husk 2023-12,"Requirement 246.6 MT rice husk, delivery on or before 23-Dec-2023. Kindly confirm rate."
M00300,TH00150,2023-12-23,om@example.in,buying@saurashtragreen.in,RE: Requirement rice husk 2023-12,Accepted. 246.6 MT rice husk @ Rs 2195 PMT. Delivery 23-Dec-2023 positive.
M00301,TH00151,2023-12-17,buying@saurashtragreen.in,jay@example.in,Requirement rice husk 2023-12,Please confirm availability of 291.2 MT rice husk for delivery by 17-Dec-2023.
M00302,TH00151,2023-12-17,jay@example.in,buying@saurashtragreen.in,RE: Requirement rice husk 2023-12,Ok for 291.2 MT at Rs 2149 per tonne. Loading will start before 17-Dec-2023.
M00303,TH00152,2023-12-23,buying@saurashtragreen.in,dwarka@example.in,Requirement rice husk 2023-12,Please confirm availability of 268.8 MT rice husk for delivery by 23-Dec-2023.
M00304,TH00152,2023-12-23,dwarka@example.in,buying@saurashtragreen.in,RE: Requirement rice husk 2023-12,"Yes sir, 268.8 MT available. Rate Rs 2189/MT. Will dispatch before 23-Dec-2023."
M00305,TH00153,2023-12-27,buying@saurashtragreen.in,jay@example.in,Requirement rice husk 2023-12,"Requirement 263.3 MT rice husk, delivery on or before 27-Dec-2023. Kindly confirm rate."
M00306,TH00153,2023-12-27,jay@example.in,buying@saurashtragreen.in,RE: Requirement rice husk 2023-12,"Yes sir, 263.3 MT available. Rate Rs 2112/MT. Will dispatch before 27-Dec-2023."
M00307,TH00154,2023-12-18,buying@saurashtragreen.in,maa@example.in,Requirement rice husk 2023-12,"Requirement 311.4 MT rice husk, delivery on or before 18-Dec-2023. Kindly confirm rate."
M00308,TH00154,2023-12-18,maa@example.in,buying@saurashtragreen.in,RE: Requirement rice husk 2023-12,"Confirmed. We can supply 311.4 MT rice husk at Rs 2139 per MT, delivery by 18-Dec-2023."
M00309,TH00155,2023-12-18,buying@saurashtragreen.in,somnath@example.in,Requirement rice husk 2023-12,We need 142.0 MT of rice husk. Can you commit by 18-Dec-2023?
M00310,TH00155,2023-12-18,somnath@example.in,buying@saurashtragreen.in,RE: Requirement rice husk 2023-12,"Yes sir, 142.0 MT available. Rate Rs 2085/MT. Will dispatch before 18-Dec-2023."
M00311,TH00156,2023-12-13,buying@saurashtragreen.in,shree@example.in,Requirement rice husk 2023-12,We need 328.2 MT of rice husk. Can you commit by 13-Dec-2023?
M00312,TH00156,2023-12-13,shree@example.in,buying@saurashtragreen.in,RE: Requirement rice husk 2023-12,"Confirmed. We can supply 328.2 MT rice husk at Rs 2176 per MT, delivery by 13-Dec-2023."
M00313,TH00157,2023-12-11,buying@saurashtragreen.in,sardar@example.in,Requirement rice husk 2023-12,"Requirement 396.3 MT rice husk, delivery on or before 11-Dec-2023. Kindly confirm rate."
M00314,TH00157,2023-12-11,sardar@example.in,buying@saurashtragreen.in,RE: Requirement rice husk 2023-12,Ok for 396.3 MT at Rs 2157 per tonne. Loading will start before 11-Dec-2023.
M00315,TH00158,2024-01-10,buying@saurashtragreen.in,dwarka@example.in,Requirement mustard stalk 2024-01,"Requirement 383.9 MT mustard stalk, delivery on or before 10-Jan-2024. Kindly confirm rate."
M00316,TH00158,2024-01-10,dwarka@example.in,buying@saurashtragreen.in,RE: Requirement mustard stalk 2024-01,Ok for 383.9 MT at Rs 2370 per tonne. Loading will start before 10-Jan-2024.
M00317,TH00159,2024-01-14,buying@saurashtragreen.in,dwarka@example.in,Requirement mustard stalk 2024-01,"Requirement 333.6 MT mustard stalk, delivery on or before 14-Jan-2024. Kindly confirm rate."
M00318,TH00159,2024-01-14,dwarka@example.in,buying@saurashtragreen.in,RE: Requirement mustard stalk 2024-01,"Confirmed. We can supply 333.6 MT mustard stalk at Rs 2365 per MT, delivery by 14-Jan-2024."
M00319,TH00160,2024-01-19,buying@saurashtragreen.in,maa@example.in,Requirement rice husk 2024-01,We need 417.1 MT of rice husk. Can you commit by 19-Jan-2024?
M00320,TH00160,2024-01-19,maa@example.in,buying@saurashtragreen.in,RE: Requirement rice husk 2024-01,"Confirmed. We can supply 417.1 MT rice husk at Rs 2240 per MT, delivery by 19-Jan-2024."
M00321,TH00161,2024-01-11,buying@saurashtragreen.in,dwarka@example.in,Requirement mustard stalk 2024-01,We need 130.9 MT of mustard stalk. Can you commit by 11-Jan-2024?
M00322,TH00161,2024-01-11,dwarka@example.in,buying@saurashtragreen.in,RE: Requirement mustard stalk 2024-01,Accepted. 130.9 MT mustard stalk @ Rs 2417 PMT. Delivery 11-Jan-2024 positive.
M00323,TH00162,2024-01-25,buying@saurashtragreen.in,jay@example.in,Requirement rice husk 2024-01,Please confirm availability of 212.9 MT rice husk for delivery by 25-Jan-2024.
M00324,TH00162,2024-01-25,jay@example.in,buying@saurashtragreen.in,RE: Requirement rice husk 2024-01,"Yes sir, 212.9 MT available. Rate Rs 2233/MT. Will dispatch before 25-Jan-2024."
M00325,TH00163,2024-01-20,buying@saurashtragreen.in,somnath@example.in,Requirement rice husk 2024-01,"Requirement 141.4 MT rice husk, delivery on or before 20-Jan-2024. Kindly confirm rate."
M00326,TH00163,2024-01-20,somnath@example.in,buying@saurashtragreen.in,RE: Requirement rice husk 2024-01,"Yes sir, 141.4 MT available. Rate Rs 2182/MT. Will dispatch before 20-Jan-2024."
M00327,TH00164,2024-01-25,buying@saurashtragreen.in,shree@example.in,Requirement mustard stalk 2024-01,"Requirement 159.3 MT mustard stalk, delivery on or before 25-Jan-2024. Kindly confirm rate."
M00328,TH00164,2024-01-25,shree@example.in,buying@saurashtragreen.in,RE: Requirement mustard stalk 2024-01,Ok for 159.3 MT at Rs 2392 per tonne. Loading will start before 25-Jan-2024.
M00329,TH00165,2024-01-18,buying@saurashtragreen.in,maa@example.in,Requirement rice husk 2024-01,We need 174.7 MT of rice husk. Can you commit by 18-Jan-2024?
M00330,TH00165,2024-01-18,maa@example.in,buying@saurashtragreen.in,RE: Requirement rice husk 2024-01,Ok for 174.7 MT at Rs 2198 per tonne. Loading will start before 18-Jan-2024.
M00331,TH00166,2024-01-14,buying@saurashtragreen.in,somnath@example.in,Requirement rice husk 2024-01,"Requirement 364.7 MT rice husk, delivery on or before 14-Jan-2024. Kindly confirm rate."
M00332,TH00166,2024-01-14,somnath@example.in,buying@saurashtragreen.in,RE: Requirement rice husk 2024-01,"Yes sir, 364.7 MT available. Rate Rs 2169/MT. Will dispatch before 14-Jan-2024."
M00333,TH00167,2024-01-20,buying@saurashtragreen.in,maa@example.in,Requirement rice husk 2024-01,Please confirm availability of 262.5 MT rice husk for delivery by 20-Jan-2024.
M00334,TH00167,2024-01-20,maa@example.in,buying@saurashtragreen.in,RE: Requirement rice husk 2024-01,Ok for 262.5 MT at Rs 2233 per tonne. Loading will start before 20-Jan-2024.
M00335,TH00168,2024-01-20,buying@saurashtragreen.in,shree@example.in,Requirement mustard stalk 2024-01,"Requirement 400.5 MT mustard stalk, delivery on or before 20-Jan-2024. Kindly confirm rate."
M00336,TH00168,2024-01-20,shree@example.in,buying@saurashtragreen.in,RE: Requirement mustard stalk 2024-01,"Confirmed. We can supply 400.5 MT mustard stalk at Rs 2402 per MT, delivery by 20-Jan-2024."
M00337,TH00169,2024-01-20,buying@saurashtragreen.in,maa@example.in,Requirement rice husk 2024-01,"Requirement 252.8 MT rice husk, delivery on or before 20-Jan-2024. Kindly confirm rate."
M00338,TH00169,2024-01-20,maa@example.in,buying@saurashtragreen.in,RE: Requirement rice husk 2024-01,"Confirmed. We can supply 252.8 MT rice husk at Rs 2198 per MT, delivery by 20-Jan-2024."
M00339,TH00170,2024-01-23,buying@saurashtragreen.in,somnath@example.in,Requirement rice husk 2024-01,Please confirm availability of 126.9 MT rice husk for delivery by 23-Jan-2024.
M00340,TH00170,2024-01-23,somnath@example.in,buying@saurashtragreen.in,RE: Requirement rice husk 2024-01,Accepted. 126.9 MT rice husk @ Rs 2212 PMT. Delivery 23-Jan-2024 positive.
M00341,TH00171,2024-01-25,buying@saurashtragreen.in,new@example.in,Requirement rice husk 2024-01,Please confirm availability of 131.7 MT rice husk for delivery by 25-Jan-2024.
M00342,TH00171,2024-01-25,new@example.in,buying@saurashtragreen.in,RE: Requirement rice husk 2024-01,Ok for 131.7 MT at Rs 2120 per tonne. Loading will start before 25-Jan-2024.
M00343,TH00172,2024-01-19,buying@saurashtragreen.in,somnath@example.in,Requirement rice husk 2024-01,We need 132.5 MT of rice husk. Can you commit by 19-Jan-2024?
M00344,TH00172,2024-01-19,somnath@example.in,buying@saurashtragreen.in,RE: Requirement rice husk 2024-01,"Confirmed. We can supply 132.5 MT rice husk at Rs 2117 per MT, delivery by 19-Jan-2024."
M00345,TH00173,2024-01-17,buying@saurashtragreen.in,shree@example.in,Requirement rice husk 2024-01,We need 362.1 MT of rice husk. Can you commit by 17-Jan-2024?
M00346,TH00173,2024-01-17,shree@example.in,buying@saurashtragreen.in,RE: Requirement rice husk 2024-01,Ok for 362.1 MT at Rs 2123 per tonne. Loading will start before 17-Jan-2024.
M00347,TH00174,2024-01-20,buying@saurashtragreen.in,dwarka@example.in,Requirement rice husk 2024-01,Please confirm availability of 152.0 MT rice husk for delivery by 20-Jan-2024.
M00348,TH00174,2024-01-20,dwarka@example.in,buying@saurashtragreen.in,RE: Requirement rice husk 2024-01,"Confirmed. We can supply 152.0 MT rice husk at Rs 2152 per MT, delivery by 20-Jan-2024."
M00349,TH00175,2024-01-18,buying@saurashtragreen.in,maa@example.in,Requirement rice husk 2024-01,"Requirement 228.6 MT rice husk, delivery on or before 18-Jan-2024. Kindly confirm rate."
M00350,TH00175,2024-01-18,maa@example.in,buying@saurashtragreen.in,RE: Requirement rice husk 2024-01,Ok for 228.6 MT at Rs 2169 per tonne. Loading will start before 18-Jan-2024.
M00351,TH00176,2024-02-10,buying@saurashtragreen.in,somnath@example.in,Requirement rice husk 2024-02,We need 175.7 MT of rice husk. Can you commit by 10-Feb-2024?
M00352,TH00176,2024-02-10,somnath@example.in,buying@saurashtragreen.in,RE: Requirement rice husk 2024-02,Accepted. 175.7 MT rice husk @ Rs 2249 PMT. Delivery 10-Feb-2024 positive.
M00353,TH00177,2024-02-20,buying@saurashtragreen.in,sardar@example.in,Requirement rice husk 2024-02,"Requirement 164.9 MT rice husk, delivery on or before 20-Feb-2024. Kindly confirm rate."
M00354,TH00177,2024-02-20,sardar@example.in,buying@saurashtragreen.in,RE: Requirement rice husk 2024-02,"Yes sir, 164.9 MT available. Rate Rs 2296/MT. Will dispatch before 20-Feb-2024."
M00355,TH00178,2024-02-20,buying@saurashtragreen.in,om@example.in,Requirement rice husk 2024-02,Please confirm availability of 123.7 MT rice husk for delivery by 20-Feb-2024.
M00356,TH00178,2024-02-20,om@example.in,buying@saurashtragreen.in,RE: Requirement rice husk 2024-02,Accepted. 123.7 MT rice husk @ Rs 2301 PMT. Delivery 20-Feb-2024 positive.
M00357,TH00179,2024-02-27,buying@saurashtragreen.in,dwarka@example.in,Requirement rice husk 2024-02,Please confirm availability of 259.0 MT rice husk for delivery by 27-Feb-2024.
M00358,TH00179,2024-02-27,dwarka@example.in,buying@saurashtragreen.in,RE: Requirement rice husk 2024-02,Accepted. 259.0 MT rice husk @ Rs 2299 PMT. Delivery 27-Feb-2024 positive.
M00359,TH00180,2024-02-13,buying@saurashtragreen.in,om@example.in,Requirement mustard stalk 2024-02,Please confirm availability of 243.4 MT mustard stalk for delivery by 13-Feb-2024.
M00360,TH00180,2024-02-13,om@example.in,buying@saurashtragreen.in,RE: Requirement mustard stalk 2024-02,Accepted. 243.4 MT mustard stalk @ Rs 2459 PMT. Delivery 13-Feb-2024 positive.
M00361,TH00181,2024-02-23,buying@saurashtragreen.in,maa@example.in,Requirement rice husk 2024-02,"Requirement 244.3 MT rice husk, delivery on or before 23-Feb-2024. Kindly confirm rate."
M00362,TH00181,2024-02-23,maa@example.in,buying@saurashtragreen.in,RE: Requirement rice husk 2024-02,Accepted. 244.3 MT rice husk @ Rs 2259 PMT. Delivery 23-Feb-2024 positive.
M00363,TH00182,2024-02-11,buying@saurashtragreen.in,somnath@example.in,Requirement rice husk 2024-02,Please confirm availability of 404.1 MT rice husk for delivery by 11-Feb-2024.
M00364,TH00182,2024-02-11,somnath@example.in,buying@saurashtragreen.in,RE: Requirement rice husk 2024-02,"Confirmed. We can supply 404.1 MT rice husk at Rs 2199 per MT, delivery by 11-Feb-2024."
M00365,TH00183,2024-02-27,buying@saurashtragreen.in,sardar@example.in,Requirement rice husk 2024-02,Please confirm availability of 311.0 MT rice husk for delivery by 27-Feb-2024.
M00366,TH00183,2024-02-27,sardar@example.in,buying@saurashtragreen.in,RE: Requirement rice husk 2024-02,"Yes sir, 311.0 MT available. Rate Rs 2247/MT. Will dispatch before 27-Feb-2024."
M00367,TH00184,2024-02-25,buying@saurashtragreen.in,jay@example.in,Requirement rice husk 2024-02,Please confirm availability of 148.5 MT rice husk for delivery by 25-Feb-2024.
M00368,TH00184,2024-02-25,jay@example.in,buying@saurashtragreen.in,RE: Requirement rice husk 2024-02,Accepted. 148.5 MT rice husk @ Rs 2237 PMT. Delivery 25-Feb-2024 positive.
M00369,TH00185,2024-02-25,buying@saurashtragreen.in,new@example.in,Requirement rice husk 2024-02,Please confirm availability of 275.3 MT rice husk for delivery by 25-Feb-2024.
M00370,TH00185,2024-02-25,new@example.in,buying@saurashtragreen.in,RE: Requirement rice husk 2024-02,Accepted. 275.3 MT rice husk @ Rs 2291 PMT. Delivery 25-Feb-2024 positive.
M00371,TH00186,2024-02-11,buying@saurashtragreen.in,sardar@example.in,Requirement rice husk 2024-02,Please confirm availability of 395.7 MT rice husk for delivery by 11-Feb-2024.
M00372,TH00186,2024-02-11,sardar@example.in,buying@saurashtragreen.in,RE: Requirement rice husk 2024-02,Accepted. 395.7 MT rice husk @ Rs 2196 PMT. Delivery 11-Feb-2024 positive.
M00373,TH00187,2024-02-26,buying@saurashtragreen.in,dwarka@example.in,Requirement mustard stalk 2024-02,"Requirement 399.9 MT mustard stalk, delivery on or before 26-Feb-2024. Kindly confirm rate."
M00374,TH00187,2024-02-26,dwarka@example.in,buying@saurashtragreen.in,RE: Requirement mustard stalk 2024-02,Ok for 399.9 MT at Rs 2471 per tonne. Loading will start before 26-Feb-2024.
M00375,TH00188,2024-02-12,buying@saurashtragreen.in,dwarka@example.in,Requirement rice husk 2024-02,"Requirement 210.6 MT rice husk, delivery on or before 12-Feb-2024. Kindly confirm rate."
M00376,TH00188,2024-02-12,dwarka@example.in,buying@saurashtragreen.in,RE: Requirement rice husk 2024-02,Ok for 210.6 MT at Rs 2285 per tonne. Loading will start before 12-Feb-2024.
M00377,TH00189,2024-02-17,buying@saurashtragreen.in,jay@example.in,Requirement rice husk 2024-02,Please confirm availability of 314.4 MT rice husk for delivery by 17-Feb-2024.
M00378,TH00189,2024-02-17,jay@example.in,buying@saurashtragreen.in,RE: Requirement rice husk 2024-02,"Confirmed. We can supply 314.4 MT rice husk at Rs 2199 per MT, delivery by 17-Feb-2024."
M00379,TH00190,2024-02-25,buying@saurashtragreen.in,dwarka@example.in,Requirement mustard stalk 2024-02,"Requirement 329.6 MT mustard stalk, delivery on or before 25-Feb-2024. Kindly confirm rate."
M00380,TH00190,2024-02-25,dwarka@example.in,buying@saurashtragreen.in,RE: Requirement mustard stalk 2024-02,"Yes sir, 329.6 MT available. Rate Rs 2457/MT. Will dispatch before 25-Feb-2024."
M00381,TH00191,2024-02-14,buying@saurashtragreen.in,jay@example.in,Requirement rice husk 2024-02,Please confirm availability of 419.6 MT rice husk for delivery by 14-Feb-2024.
M00382,TH00191,2024-02-14,jay@example.in,buying@saurashtragreen.in,RE: Requirement rice husk 2024-02,"Yes sir, 419.6 MT available. Rate Rs 2187/MT. Will dispatch before 14-Feb-2024."
M00383,TH00192,2024-02-18,buying@saurashtragreen.in,maa@example.in,Requirement rice husk 2024-02,We need 305.2 MT of rice husk. Can you commit by 18-Feb-2024?
M00384,TH00192,2024-02-18,maa@example.in,buying@saurashtragreen.in,RE: Requirement rice husk 2024-02,"Confirmed. We can supply 305.2 MT rice husk at Rs 2211 per MT, delivery by 18-Feb-2024."
M00385,TH00193,2024-03-28,buying@saurashtragreen.in,sardar@example.in,Requirement rice husk 2024-03,Please confirm availability of 418.8 MT rice husk for delivery by 28-Mar-2024.
M00386,TH00193,2024-03-28,sardar@example.in,buying@saurashtragreen.in,RE: Requirement rice husk 2024-03,"Yes sir, 418.8 MT available. Rate Rs 2265/MT. Will dispatch before 28-Mar-2024."
M00387,TH00194,2024-03-10,buying@saurashtragreen.in,dwarka@example.in,Requirement mustard stalk 2024-03,We need 270.1 MT of mustard stalk. Can you commit by 10-Mar-2024?
M00388,TH00194,2024-03-10,dwarka@example.in,buying@saurashtragreen.in,RE: Requirement mustard stalk 2024-03,Accepted. 270.1 MT mustard stalk @ Rs 2459 PMT. Delivery 10-Mar-2024 positive.
M00389,TH00195,2024-03-14,buying@saurashtragreen.in,dwarka@example.in,Requirement rice husk 2024-03,"Requirement 134.7 MT rice husk, delivery on or before 14-Mar-2024. Kindly confirm rate."
M00390,TH00195,2024-03-14,dwarka@example.in,buying@saurashtragreen.in,RE: Requirement rice husk 2024-03,Ok for 134.7 MT at Rs 2320 per tonne. Loading will start before 14-Mar-2024.
M00391,TH00196,2024-03-23,buying@saurashtragreen.in,maa@example.in,Requirement rice husk 2024-03,Please confirm availability of 215.0 MT rice husk for delivery by 23-Mar-2024.
M00392,TH00196,2024-03-23,maa@example.in,buying@saurashtragreen.in,RE: Requirement rice husk 2024-03,Ok for 215.0 MT at Rs 2358 per tonne. Loading will start before 23-Mar-2024.
M00393,TH00197,2024-03-22,buying@saurashtragreen.in,new@example.in,Requirement rice husk 2024-03,We need 392.8 MT of rice husk. Can you commit by 22-Mar-2024?
M00394,TH00197,2024-03-22,new@example.in,buying@saurashtragreen.in,RE: Requirement rice husk 2024-03,"Confirmed. We can supply 392.8 MT rice husk at Rs 2294 per MT, delivery by 22-Mar-2024."
M00395,TH00198,2024-03-15,buying@saurashtragreen.in,om@example.in,Requirement mustard stalk 2024-03,Please confirm availability of 376.4 MT mustard stalk for delivery by 15-Mar-2024.
M00396,TH00198,2024-03-15,om@example.in,buying@saurashtragreen.in,RE: Requirement mustard stalk 2024-03,Ok for 376.4 MT at Rs 2475 per tonne. Loading will start before 15-Mar-2024.
M00397,TH00199,2024-03-14,buying@saurashtragreen.in,dwarka@example.in,Requirement rice husk 2024-03,We need 197.5 MT of rice husk. Can you commit by 14-Mar-2024?
M00398,TH00199,2024-03-14,dwarka@example.in,buying@saurashtragreen.in,RE: Requirement rice husk 2024-03,"Yes sir, 197.5 MT available. Rate Rs 2356/MT. Will dispatch before 14-Mar-2024."
M00399,TH00200,2024-03-19,buying@saurashtragreen.in,somnath@example.in,Requirement rice husk 2024-03,We need 268.5 MT of rice husk. Can you commit by 19-Mar-2024?
M00400,TH00200,2024-03-19,somnath@example.in,buying@saurashtragreen.in,RE: Requirement rice husk 2024-03,Ok for 268.5 MT at Rs 2348 per tonne. Loading will start before 19-Mar-2024.
M00401,TH00201,2024-03-23,buying@saurashtragreen.in,jay@example.in,Requirement rice husk 2024-03,"Requirement 335.4 MT rice husk, delivery on or before 23-Mar-2024. Kindly confirm rate."
M00402,TH00201,2024-03-23,jay@example.in,buying@saurashtragreen.in,RE: Requirement rice husk 2024-03,"Confirmed. We can supply 335.4 MT rice husk at Rs 2237 per MT, delivery by 23-Mar-2024."
M00403,TH00202,2024-03-27,buying@saurashtragreen.in,dwarka@example.in,Requirement mustard stalk 2024-03,Please confirm availability of 165.0 MT mustard stalk for delivery by 27-Mar-2024.
M00404,TH00202,2024-03-27,dwarka@example.in,buying@saurashtragreen.in,RE: Requirement mustard stalk 2024-03,Accepted. 165.0 MT mustard stalk @ Rs 2452 PMT. Delivery 27-Mar-2024 positive.
M00405,TH00203,2024-03-27,buying@saurashtragreen.in,somnath@example.in,Requirement rice husk 2024-03,"Requirement 199.3 MT rice husk, delivery on or before 27-Mar-2024. Kindly confirm rate."
M00406,TH00203,2024-03-27,somnath@example.in,buying@saurashtragreen.in,RE: Requirement rice husk 2024-03,"Confirmed. We can supply 199.3 MT rice husk at Rs 2363 per MT, delivery by 27-Mar-2024."
M00407,TH00204,2024-03-14,buying@saurashtragreen.in,maa@example.in,Requirement rice husk 2024-03,"Requirement 321.8 MT rice husk, delivery on or before 14-Mar-2024. Kindly confirm rate."
M00408,TH00204,2024-03-14,maa@example.in,buying@saurashtragreen.in,RE: Requirement rice husk 2024-03,"Confirmed. We can supply 321.8 MT rice husk at Rs 2253 per MT, delivery by 14-Mar-2024."
M00409,TH00205,2024-03-26,buying@saurashtragreen.in,dwarka@example.in,Requirement rice husk 2024-03,Please confirm availability of 365.9 MT rice husk for delivery by 26-Mar-2024.
M00410,TH00205,2024-03-26,dwarka@example.in,buying@saurashtragreen.in,RE: Requirement rice husk 2024-03,Ok for 365.9 MT at Rs 2361 per tonne. Loading will start before 26-Mar-2024.
M00411,TH00206,2024-03-10,buying@saurashtragreen.in,somnath@example.in,Requirement mustard stalk 2024-03,Please confirm availability of 343.7 MT mustard stalk for delivery by 10-Mar-2024.
M00412,TH00206,2024-03-10,somnath@example.in,buying@saurashtragreen.in,RE: Requirement mustard stalk 2024-03,Ok for 343.7 MT at Rs 2432 per tonne. Loading will start before 10-Mar-2024.
M00413,TH00207,2024-03-16,buying@saurashtragreen.in,jay@example.in,Requirement rice husk 2024-03,Please confirm availability of 157.8 MT rice husk for delivery by 16-Mar-2024.
M00414,TH00207,2024-03-16,jay@example.in,buying@saurashtragreen.in,RE: Requirement rice husk 2024-03,Accepted. 157.8 MT rice husk @ Rs 2329 PMT. Delivery 16-Mar-2024 positive.
M00415,TH00208,2024-03-19,buying@saurashtragreen.in,dwarka@example.in,Requirement rice husk 2024-03,We need 224.2 MT of rice husk. Can you commit by 19-Mar-2024?
M00416,TH00208,2024-03-19,dwarka@example.in,buying@saurashtragreen.in,RE: Requirement rice husk 2024-03,Ok for 224.2 MT at Rs 2247 per tonne. Loading will start before 19-Mar-2024.
M00417,TH00209,2024-03-22,buying@saurashtragreen.in,maa@example.in,Requirement rice husk 2024-03,We need 150.7 MT of rice husk. Can you commit by 22-Mar-2024?
M00418,TH00209,2024-03-22,maa@example.in,buying@saurashtragreen.in,RE: Requirement rice husk 2024-03,"Confirmed. We can supply 150.7 MT rice husk at Rs 2296 per MT, delivery by 22-Mar-2024."
M00419,TH00210,2024-04-25,buying@saurashtragreen.in,dwarka@example.in,Requirement mustard stalk 2024-04,Please confirm availability of 293.9 MT mustard stalk for delivery by 25-Apr-2024.
M00420,TH00210,2024-04-25,dwarka@example.in,buying@saurashtragreen.in,RE: Requirement mustard stalk 2024-04,"Yes sir, 293.9 MT available. Rate Rs 2646/MT. Will dispatch before 25-Apr-2024."
M00421,TH00211,2024-04-20,buying@saurashtragreen.in,om@example.in,Requirement rice husk 2024-04,We need 147.1 MT of rice husk. Can you commit by 20-Apr-2024?
M00422,TH00211,2024-04-20,om@example.in,buying@saurashtragreen.in,RE: Requirement rice husk 2024-04,Ok for 147.1 MT at Rs 2451 per tonne. Loading will start before 20-Apr-2024.
M00423,TH00212,2024-04-25,buying@saurashtragreen.in,dwarka@example.in,Requirement rice husk 2024-04,"Requirement 268.9 MT rice husk, delivery on or before 25-Apr-2024. Kindly confirm rate."
M00424,TH00212,2024-04-25,dwarka@example.in,buying@saurashtragreen.in,RE: Requirement rice husk 2024-04,"Yes sir, 268.9 MT available. Rate Rs 2422/MT. Will dispatch before 25-Apr-2024."
M00425,TH00213,2024-04-26,buying@saurashtragreen.in,sardar@example.in,Requirement rice husk 2024-04,We need 230.7 MT of rice husk. Can you commit by 26-Apr-2024?
M00426,TH00213,2024-04-26,sardar@example.in,buying@saurashtragreen.in,RE: Requirement rice husk 2024-04,Ok for 230.7 MT at Rs 2504 per tonne. Loading will start before 26-Apr-2024.
M00427,TH00214,2024-04-28,buying@saurashtragreen.in,jay@example.in,Requirement rice husk 2024-04,Please confirm availability of 252.0 MT rice husk for delivery by 28-Apr-2024.
M00428,TH00214,2024-04-28,jay@example.in,buying@saurashtragreen.in,RE: Requirement rice husk 2024-04,Ok for 252.0 MT at Rs 2470 per tonne. Loading will start before 28-Apr-2024.
M00429,TH00215,2024-04-24,buying@saurashtragreen.in,jay@example.in,Requirement rice husk 2024-04,"Requirement 391.1 MT rice husk, delivery on or before 24-Apr-2024. Kindly confirm rate."
M00430,TH00215,2024-04-24,jay@example.in,buying@saurashtragreen.in,RE: Requirement rice husk 2024-04,"Yes sir, 391.1 MT available. Rate Rs 2473/MT. Will dispatch before 24-Apr-2024."
M00431,TH00216,2024-04-26,buying@saurashtragreen.in,somnath@example.in,Requirement rice husk 2024-04,Please confirm availability of 303.4 MT rice husk for delivery by 26-Apr-2024.
M00432,TH00216,2024-04-26,somnath@example.in,buying@saurashtragreen.in,RE: Requirement rice husk 2024-04,Accepted. 303.4 MT rice husk @ Rs 2506 PMT. Delivery 26-Apr-2024 positive.
M00433,TH00217,2024-04-16,buying@saurashtragreen.in,dwarka@example.in,Requirement mustard stalk 2024-04,We need 352.0 MT of mustard stalk. Can you commit by 16-Apr-2024?
M00434,TH00217,2024-04-16,dwarka@example.in,buying@saurashtragreen.in,RE: Requirement mustard stalk 2024-04,Accepted. 352.0 MT mustard stalk @ Rs 2680 PMT. Delivery 16-Apr-2024 positive.
M00435,TH00218,2024-04-24,buying@saurashtragreen.in,jay@example.in,Requirement rice husk 2024-04,Please confirm availability of 255.2 MT rice husk for delivery by 24-Apr-2024.
M00436,TH00218,2024-04-24,jay@example.in,buying@saurashtragreen.in,RE: Requirement rice husk 2024-04,Ok for 255.2 MT at Rs 2462 per tonne. Loading will start before 24-Apr-2024.
M00437,TH00219,2024-04-20,buying@saurashtragreen.in,jay@example.in,Requirement rice husk 2024-04,Please confirm availability of 185.1 MT rice husk for delivery by 20-Apr-2024.
M00438,TH00219,2024-04-20,jay@example.in,buying@saurashtragreen.in,RE: Requirement rice husk 2024-04,Ok for 185.1 MT at Rs 2476 per tonne. Loading will start before 20-Apr-2024.
M00439,TH00220,2024-04-18,buying@saurashtragreen.in,dwarka@example.in,Requirement mustard stalk 2024-04,Please confirm availability of 259.5 MT mustard stalk for delivery by 18-Apr-2024.
M00440,TH00220,2024-04-18,dwarka@example.in,buying@saurashtragreen.in,RE: Requirement mustard stalk 2024-04,"Confirmed. We can supply 259.5 MT mustard stalk at Rs 2720 per MT, delivery by 18-Apr-2024."
M00441,TH00221,2024-04-26,buying@saurashtragreen.in,sardar@example.in,Requirement rice husk 2024-04,We need 139.0 MT of rice husk. Can you commit by 26-Apr-2024?
M00442,TH00221,2024-04-26,sardar@example.in,buying@saurashtragreen.in,RE: Requirement rice husk 2024-04,"Yes sir, 139.0 MT available. Rate Rs 2513/MT. Will dispatch before 26-Apr-2024."
M00443,TH00222,2024-04-22,buying@saurashtragreen.in,dwarka@example.in,Requirement rice husk 2024-04,We need 373.9 MT of rice husk. Can you commit by 22-Apr-2024?
M00444,TH00222,2024-04-22,dwarka@example.in,buying@saurashtragreen.in,RE: Requirement rice husk 2024-04,Accepted. 373.9 MT rice husk @ Rs 2536 PMT. Delivery 22-Apr-2024 positive.
M00445,TH00223,2024-04-25,buying@saurashtragreen.in,jay@example.in,Requirement rice husk 2024-04,Please confirm availability of 350.2 MT rice husk for delivery by 25-Apr-2024.
M00446,TH00223,2024-04-25,jay@example.in,buying@saurashtragreen.in,RE: Requirement rice husk 2024-04,"Yes sir, 350.2 MT available. Rate Rs 2426/MT. Will dispatch before 25-Apr-2024."
M00447,TH00224,2024-04-13,buying@saurashtragreen.in,dwarka@example.in,Requirement rice husk 2024-04,"Requirement 355.7 MT rice husk, delivery on or before 13-Apr-2024. Kindly confirm rate."
M00448,TH00224,2024-04-13,dwarka@example.in,buying@saurashtragreen.in,RE: Requirement rice husk 2024-04,"Confirmed. We can supply 355.7 MT rice husk at Rs 2479 per MT, delivery by 13-Apr-2024."
M00449,TH00225,2024-04-16,buying@saurashtragreen.in,dwarka@example.in,Requirement rice husk 2024-04,We need 154.7 MT of rice husk. Can you commit by 16-Apr-2024?
M00450,TH00225,2024-04-16,dwarka@example.in,buying@saurashtragreen.in,RE: Requirement rice husk 2024-04,"Yes sir, 154.7 MT available. Rate Rs 2425/MT. Will dispatch before 16-Apr-2024."
M00451,TH00226,2024-04-21,buying@saurashtragreen.in,maa@example.in,Requirement rice husk 2024-04,We need 399.4 MT of rice husk. Can you commit by 21-Apr-2024?
M00452,TH00226,2024-04-21,maa@example.in,buying@saurashtragreen.in,RE: Requirement rice husk 2024-04,"Confirmed. We can supply 399.4 MT rice husk at Rs 2427 per MT, delivery by 21-Apr-2024."
M00453,TH00227,2024-04-28,buying@saurashtragreen.in,jay@example.in,Requirement rice husk 2024-04,We need 369.4 MT of rice husk. Can you commit by 28-Apr-2024?
M00454,TH00227,2024-04-28,jay@example.in,buying@saurashtragreen.in,RE: Requirement rice husk 2024-04,Accepted. 369.4 MT rice husk @ Rs 2485 PMT. Delivery 28-Apr-2024 positive.
M00455,TH00228,2024-04-28,buying@saurashtragreen.in,jay@example.in,Requirement rice husk 2024-04,We need 121.9 MT of rice husk. Can you commit by 28-Apr-2024?
M00456,TH00228,2024-04-28,jay@example.in,buying@saurashtragreen.in,RE: Requirement rice husk 2024-04,"Yes sir, 121.9 MT available. Rate Rs 2481/MT. Will dispatch before 28-Apr-2024."
M00457,TH00229,2024-04-10,buying@saurashtragreen.in,shree@example.in,Requirement mustard stalk 2024-04,"Requirement 274.1 MT mustard stalk, delivery on or before 10-Apr-2024. Kindly confirm rate."
M00458,TH00229,2024-04-10,shree@example.in,buying@saurashtragreen.in,RE: Requirement mustard stalk 2024-04,"Yes sir, 274.1 MT available. Rate Rs 2619/MT. Will dispatch before 10-Apr-2024."
M00459,TH00230,2024-04-15,buying@saurashtragreen.in,shree@example.in,Requirement rice husk 2024-04,We need 306.0 MT of rice husk. Can you commit by 15-Apr-2024?
M00460,TH00230,2024-04-15,shree@example.in,buying@saurashtragreen.in,RE: Requirement rice husk 2024-04,"Yes sir, 306.0 MT available. Rate Rs 2467/MT. Will dispatch before 15-Apr-2024."
M00461,TH00231,2024-05-23,buying@saurashtragreen.in,new@example.in,Requirement rice husk 2024-05,Please confirm availability of 340.3 MT rice husk for delivery by 23-May-2024.
M00462,TH00231,2024-05-23,new@example.in,buying@saurashtragreen.in,RE: Requirement rice husk 2024-05,Ok for 340.3 MT at Rs 2498 per tonne. Loading will start before 23-May-2024.
M00463,TH00232,2024-05-22,buying@saurashtragreen.in,dwarka@example.in,Requirement rice husk 2024-05,We need 209.6 MT of rice husk. Can you commit by 22-May-2024?
M00464,TH00232,2024-05-22,dwarka@example.in,buying@saurashtragreen.in,RE: Requirement rice husk 2024-05,Ok for 209.6 MT at Rs 2587 per tonne. Loading will start before 22-May-2024.
M00465,TH00233,2024-05-14,buying@saurashtragreen.in,new@example.in,Requirement rice husk 2024-05,We need 314.0 MT of rice husk. Can you commit by 14-May-2024?
M00466,TH00233,2024-05-14,new@example.in,buying@saurashtragreen.in,RE: Requirement rice husk 2024-05,Ok for 314.0 MT at Rs 2567 per tonne. Loading will start before 14-May-2024.
M00467,TH00234,2024-05-11,buying@saurashtragreen.in,jay@example.in,Requirement rice husk 2024-05,We need 390.2 MT of rice husk. Can you commit by 11-May-2024?
M00468,TH00234,2024-05-11,jay@example.in,buying@saurashtragreen.in,RE: Requirement rice husk 2024-05,"Confirmed. We can supply 390.2 MT rice husk at Rs 2501 per MT, delivery by 11-May-2024."
M00469,TH00235,2024-05-18,buying@saurashtragreen.in,shree@example.in,Requirement rice husk 2024-05,We need 253.9 MT of rice husk. Can you commit by 18-May-2024?
M00470,TH00235,2024-05-18,shree@example.in,buying@saurashtragreen.in,RE: Requirement rice husk 2024-05,Accepted. 253.9 MT rice husk @ Rs 2591 PMT. Delivery 18-May-2024 positive.
M00471,TH00236,2024-05-11,buying@saurashtragreen.in,shree@example.in,Requirement rice husk 2024-05,We need 180.9 MT of rice husk. Can you commit by 11-May-2024?
M00472,TH00236,2024-05-11,shree@example.in,buying@saurashtragreen.in,RE: Requirement rice husk 2024-05,"Yes sir, 180.9 MT available. Rate Rs 2597/MT. Will dispatch before 11-May-2024."
M00473,TH00237,2024-05-23,buying@saurashtragreen.in,dwarka@example.in,Requirement mustard stalk 2024-05,"Requirement 181.2 MT mustard stalk, delivery on or before 23-May-2024. Kindly confirm rate."
M00474,TH00237,2024-05-23,dwarka@example.in,buying@saurashtragreen.in,RE: Requirement mustard stalk 2024-05,"Yes sir, 181.2 MT available. Rate Rs 2768/MT. Will dispatch before 23-May-2024."
M00475,TH00238,2024-05-27,buying@saurashtragreen.in,jay@example.in,Requirement rice husk 2024-05,Please confirm availability of 392.6 MT rice husk for delivery by 27-May-2024.
M00476,TH00238,2024-05-27,jay@example.in,buying@saurashtragreen.in,RE: Requirement rice husk 2024-05,Accepted. 392.6 MT rice husk @ Rs 2485 PMT. Delivery 27-May-2024 positive.
M00477,TH00239,2024-05-17,buying@saurashtragreen.in,somnath@example.in,Requirement rice husk 2024-05,Please confirm availability of 383.7 MT rice husk for delivery by 17-May-2024.
M00478,TH00239,2024-05-17,somnath@example.in,buying@saurashtragreen.in,RE: Requirement rice husk 2024-05,Ok for 383.7 MT at Rs 2536 per tonne. Loading will start before 17-May-2024.
M00479,TH00240,2024-05-24,buying@saurashtragreen.in,maa@example.in,Requirement rice husk 2024-05,We need 187.2 MT of rice husk. Can you commit by 24-May-2024?
M00480,TH00240,2024-05-24,maa@example.in,buying@saurashtragreen.in,RE: Requirement rice husk 2024-05,Ok for 187.2 MT at Rs 2543 per tonne. Loading will start before 24-May-2024.
M00481,TH00241,2024-05-13,buying@saurashtragreen.in,dwarka@example.in,Requirement rice husk 2024-05,We need 140.3 MT of rice husk. Can you commit by 13-May-2024?
M00482,TH00241,2024-05-13,dwarka@example.in,buying@saurashtragreen.in,RE: Requirement rice husk 2024-05,Accepted. 140.3 MT rice husk @ Rs 2493 PMT. Delivery 13-May-2024 positive.
M00483,TH00242,2024-05-22,buying@saurashtragreen.in,sardar@example.in,Requirement rice husk 2024-05,We need 371.8 MT of rice husk. Can you commit by 22-May-2024?
M00484,TH00242,2024-05-22,sardar@example.in,buying@saurashtragreen.in,RE: Requirement rice husk 2024-05,Ok for 371.8 MT at Rs 2561 per tonne. Loading will start before 22-May-2024.
M00485,TH00243,2024-05-16,buying@saurashtragreen.in,maa@example.in,Requirement rice husk 2024-05,"Requirement 299.8 MT rice husk, delivery on or before 16-May-2024. Kindly confirm rate."
M00486,TH00243,2024-05-16,maa@example.in,buying@saurashtragreen.in,RE: Requirement rice husk 2024-05,"Confirmed. We can supply 299.8 MT rice husk at Rs 2557 per MT, delivery by 16-May-2024."
M00487,TH00244,2024-05-13,buying@saurashtragreen.in,new@example.in,Requirement rice husk 2024-05,Please confirm availability of 333.9 MT rice husk for delivery by 13-May-2024.
M00488,TH00244,2024-05-13,new@example.in,buying@saurashtragreen.in,RE: Requirement rice husk 2024-05,Accepted. 333.9 MT rice husk @ Rs 2555 PMT. Delivery 13-May-2024 positive.
M00489,TH00245,2024-05-18,buying@saurashtragreen.in,jay@example.in,Requirement rice husk 2024-05,"Requirement 161.2 MT rice husk, delivery on or before 18-May-2024. Kindly confirm rate."
M00490,TH00245,2024-05-18,jay@example.in,buying@saurashtragreen.in,RE: Requirement rice husk 2024-05,Accepted. 161.2 MT rice husk @ Rs 2607 PMT. Delivery 18-May-2024 positive.
M00491,TH00246,2024-05-19,buying@saurashtragreen.in,jay@example.in,Requirement rice husk 2024-05,Please confirm availability of 202.3 MT rice husk for delivery by 19-May-2024.
M00492,TH00246,2024-05-19,jay@example.in,buying@saurashtragreen.in,RE: Requirement rice husk 2024-05,"Confirmed. We can supply 202.3 MT rice husk at Rs 2507 per MT, delivery by 19-May-2024."
M00493,TH00247,2024-05-21,buying@saurashtragreen.in,shree@example.in,Requirement rice husk 2024-05,Please confirm availability of 419.9 MT rice husk for delivery by 21-May-2024.
M00494,TH00247,2024-05-21,shree@example.in,buying@saurashtragreen.in,RE: Requirement rice husk 2024-05,"Confirmed. We can supply 419.9 MT rice husk at Rs 2541 per MT, delivery by 21-May-2024."
M00495,TH00248,2024-06-13,buying@saurashtragreen.in,maa@example.in,Requirement rice husk 2024-06,We need 199.9 MT of rice husk. Can you commit by 13-Jun-2024?
M00496,TH00248,2024-06-13,maa@example.in,buying@saurashtragreen.in,RE: Requirement rice husk 2024-06,"Yes sir, 199.9 MT available. Rate Rs 2557/MT. Will dispatch before 13-Jun-2024."
M00497,TH00249,2024-06-24,buying@saurashtragreen.in,dwarka@example.in,Requirement mustard stalk 2024-06,Please confirm availability of 321.6 MT mustard stalk for delivery by 24-Jun-2024.
M00498,TH00249,2024-06-24,dwarka@example.in,buying@saurashtragreen.in,RE: Requirement mustard stalk 2024-06,"Confirmed. We can supply 321.6 MT mustard stalk at Rs 2775 per MT, delivery by 24-Jun-2024."
M00499,TH00250,2024-06-19,buying@saurashtragreen.in,somnath@example.in,Requirement rice husk 2024-06,We need 358.0 MT of rice husk. Can you commit by 19-Jun-2024?
M00500,TH00250,2024-06-19,somnath@example.in,buying@saurashtragreen.in,RE: Requirement rice husk 2024-06,Accepted. 358.0 MT rice husk @ Rs 2631 PMT. Delivery 19-Jun-2024 positive.
M00501,TH00251,2024-06-21,buying@saurashtragreen.in,dwarka@example.in,Requirement rice husk 2024-06,"Requirement 121.8 MT rice husk, delivery on or before 21-Jun-2024. Kindly confirm rate."
M00502,TH00251,2024-06-21,dwarka@example.in,buying@saurashtragreen.in,RE: Requirement rice husk 2024-06,"Confirmed. We can supply 121.8 MT rice husk at Rs 2675 per MT, delivery by 21-Jun-2024."
M00503,TH00252,2024-06-11,buying@saurashtragreen.in,new@example.in,Requirement rice husk 2024-06,We need 367.3 MT of rice husk. Can you commit by 11-Jun-2024?
M00504,TH00252,2024-06-11,new@example.in,buying@saurashtragreen.in,RE: Requirement rice husk 2024-06,Accepted. 367.3 MT rice husk @ Rs 2609 PMT. Delivery 11-Jun-2024 positive.
M00505,TH00253,2024-06-13,buying@saurashtragreen.in,om@example.in,Requirement rice husk 2024-06,We need 133.8 MT of rice husk. Can you commit by 13-Jun-2024?
M00506,TH00253,2024-06-13,om@example.in,buying@saurashtragreen.in,RE: Requirement rice husk 2024-06,"Confirmed. We can supply 133.8 MT rice husk at Rs 2588 per MT, delivery by 13-Jun-2024."
M00507,TH00254,2024-06-28,buying@saurashtragreen.in,maa@example.in,Requirement rice husk 2024-06,We need 327.8 MT of rice husk. Can you commit by 28-Jun-2024?
M00508,TH00254,2024-06-28,maa@example.in,buying@saurashtragreen.in,RE: Requirement rice husk 2024-06,"Yes sir, 327.8 MT available. Rate Rs 2567/MT. Will dispatch before 28-Jun-2024."
M00509,TH00255,2024-06-24,buying@saurashtragreen.in,maa@example.in,Requirement rice husk 2024-06,Please confirm availability of 267.9 MT rice husk for delivery by 24-Jun-2024.
M00510,TH00255,2024-06-24,maa@example.in,buying@saurashtragreen.in,RE: Requirement rice husk 2024-06,Ok for 267.9 MT at Rs 2556 per tonne. Loading will start before 24-Jun-2024.
M00511,TH00256,2024-06-15,buying@saurashtragreen.in,om@example.in,Requirement mustard stalk 2024-06,"Requirement 244.3 MT mustard stalk, delivery on or before 15-Jun-2024. Kindly confirm rate."
M00512,TH00256,2024-06-15,om@example.in,buying@saurashtragreen.in,RE: Requirement mustard stalk 2024-06,Accepted. 244.3 MT mustard stalk @ Rs 2835 PMT. Delivery 15-Jun-2024 positive.
M00513,TH00257,2024-06-26,buying@saurashtragreen.in,jay@example.in,Requirement rice husk 2024-06,We need 214.6 MT of rice husk. Can you commit by 26-Jun-2024?
M00514,TH00257,2024-06-26,jay@example.in,buying@saurashtragreen.in,RE: Requirement rice husk 2024-06,Ok for 214.6 MT at Rs 2633 per tonne. Loading will start before 26-Jun-2024.
M00515,TH00258,2024-06-13,buying@saurashtragreen.in,somnath@example.in,Requirement mustard stalk 2024-06,"Requirement 131.2 MT mustard stalk, delivery on or before 13-Jun-2024. Kindly confirm rate."
M00516,TH00258,2024-06-13,somnath@example.in,buying@saurashtragreen.in,RE: Requirement mustard stalk 2024-06,"Yes sir, 131.2 MT available. Rate Rs 2862/MT. Will dispatch before 13-Jun-2024."
M00517,TH00259,2024-06-25,buying@saurashtragreen.in,dwarka@example.in,Requirement rice husk 2024-06,Please confirm availability of 339.0 MT rice husk for delivery by 25-Jun-2024.
M00518,TH00259,2024-06-25,dwarka@example.in,buying@saurashtragreen.in,RE: Requirement rice husk 2024-06,"Confirmed. We can supply 339.0 MT rice husk at Rs 2648 per MT, delivery by 25-Jun-2024."
M00519,TH00260,2024-06-19,buying@saurashtragreen.in,shree@example.in,Requirement rice husk 2024-06,We need 407.1 MT of rice husk. Can you commit by 19-Jun-2024?
M00520,TH00260,2024-06-19,shree@example.in,buying@saurashtragreen.in,RE: Requirement rice husk 2024-06,Accepted. 407.1 MT rice husk @ Rs 2619 PMT. Delivery 19-Jun-2024 positive.
M00521,TH00261,2024-06-21,buying@saurashtragreen.in,maa@example.in,Requirement rice husk 2024-06,We need 351.8 MT of rice husk. Can you commit by 21-Jun-2024?
M00522,TH00261,2024-06-21,maa@example.in,buying@saurashtragreen.in,RE: Requirement rice husk 2024-06,Accepted. 351.8 MT rice husk @ Rs 2638 PMT. Delivery 21-Jun-2024 positive.
M00523,TH00262,2024-06-24,buying@saurashtragreen.in,somnath@example.in,Requirement rice husk 2024-06,"Requirement 401.8 MT rice husk, delivery on or before 24-Jun-2024. Kindly confirm rate."
M00524,TH00262,2024-06-24,somnath@example.in,buying@saurashtragreen.in,RE: Requirement rice husk 2024-06,Accepted. 401.8 MT rice husk @ Rs 2652 PMT. Delivery 24-Jun-2024 positive.
M00525,TH00263,2024-06-10,buying@saurashtragreen.in,jay@example.in,Requirement rice husk 2024-06,Please confirm availability of 168.4 MT rice husk for delivery by 10-Jun-2024.
M00526,TH00263,2024-06-10,jay@example.in,buying@saurashtragreen.in,RE: Requirement rice husk 2024-06,"Yes sir, 168.4 MT available. Rate Rs 2529/MT. Will dispatch before 10-Jun-2024."
M00527,TH00264,2024-06-20,buying@saurashtragreen.in,dwarka@example.in,Requirement mustard stalk 2024-06,Please confirm availability of 137.1 MT mustard stalk for delivery by 20-Jun-2024.
M00528,TH00264,2024-06-20,dwarka@example.in,buying@saurashtragreen.in,RE: Requirement mustard stalk 2024-06,"Yes sir, 137.1 MT available. Rate Rs 2837/MT. Will dispatch before 20-Jun-2024."
M00529,TH00265,2024-07-10,buying@saurashtragreen.in,somnath@example.in,Requirement mustard stalk 2024-07,We need 362.5 MT of mustard stalk. Can you commit by 10-Jul-2024?
M00530,TH00265,2024-07-10,somnath@example.in,buying@saurashtragreen.in,RE: Requirement mustard stalk 2024-07,"Confirmed. We can supply 362.5 MT mustard stalk at Rs 2909 per MT, delivery by 10-Jul-2024."
M00531,TH00266,2024-07-22,buying@saurashtragreen.in,somnath@example.in,Requirement mustard stalk 2024-07,"Requirement 301.9 MT mustard stalk, delivery on or before 22-Jul-2024. Kindly confirm rate."
M00532,TH00266,2024-07-22,somnath@example.in,buying@saurashtragreen.in,RE: Requirement mustard stalk 2024-07,Accepted. 301.9 MT mustard stalk @ Rs 2828 PMT. Delivery 22-Jul-2024 positive.
M00533,TH00267,2024-07-27,buying@saurashtragreen.in,jay@example.in,Requirement rice husk 2024-07,We need 154.4 MT of rice husk. Can you commit by 27-Jul-2024?
M00534,TH00267,2024-07-27,jay@example.in,buying@saurashtragreen.in,RE: Requirement rice husk 2024-07,"Confirmed. We can supply 154.4 MT rice husk at Rs 2580 per MT, delivery by 27-Jul-2024."
M00535,TH00268,2024-07-22,buying@saurashtragreen.in,dwarka@example.in,Requirement rice husk 2024-07,"Requirement 390.4 MT rice husk, delivery on or before 22-Jul-2024. Kindly confirm rate."
M00536,TH00268,2024-07-22,dwarka@example.in,buying@saurashtragreen.in,RE: Requirement rice husk 2024-07,"Yes sir, 390.4 MT available. Rate Rs 2570/MT. Will dispatch before 22-Jul-2024."
M00537,TH00269,2024-07-21,buying@saurashtragreen.in,dwarka@example.in,Requirement rice husk 2024-07,"Requirement 308.9 MT rice husk, delivery on or before 21-Jul-2024. Kindly confirm rate."
M00538,TH00269,2024-07-21,dwarka@example.in,buying@saurashtragreen.in,RE: Requirement rice husk 2024-07,"Confirmed. We can supply 308.9 MT rice husk at Rs 2619 per MT, delivery by 21-Jul-2024."
M00539,TH00270,2024-07-23,buying@saurashtragreen.in,om@example.in,Requirement rice husk 2024-07,"Requirement 130.9 MT rice husk, delivery on or before 23-Jul-2024. Kindly confirm rate."
M00540,TH00270,2024-07-23,om@example.in,buying@saurashtragreen.in,RE: Requirement rice husk 2024-07,"Yes sir, 130.9 MT available. Rate Rs 2717/MT. Will dispatch before 23-Jul-2024."
M00541,TH00271,2024-07-21,buying@saurashtragreen.in,maa@example.in,Requirement rice husk 2024-07,We need 361.8 MT of rice husk. Can you commit by 21-Jul-2024?
M00542,TH00271,2024-07-21,maa@example.in,buying@saurashtragreen.in,RE: Requirement rice husk 2024-07,Ok for 361.8 MT at Rs 2621 per tonne. Loading will start before 21-Jul-2024.
M00543,TH00272,2024-07-24,buying@saurashtragreen.in,jay@example.in,Requirement rice husk 2024-07,"Requirement 369.3 MT rice husk, delivery on or before 24-Jul-2024. Kindly confirm rate."
M00544,TH00272,2024-07-24,jay@example.in,buying@saurashtragreen.in,RE: Requirement rice husk 2024-07,Accepted. 369.3 MT rice husk @ Rs 2680 PMT. Delivery 24-Jul-2024 positive.
M00545,TH00273,2024-07-11,buying@saurashtragreen.in,somnath@example.in,Requirement rice husk 2024-07,Please confirm availability of 345.6 MT rice husk for delivery by 11-Jul-2024.
M00546,TH00273,2024-07-11,somnath@example.in,buying@saurashtragreen.in,RE: Requirement rice husk 2024-07,Ok for 345.6 MT at Rs 2654 per tonne. Loading will start before 11-Jul-2024.
M00547,TH00274,2024-07-19,buying@saurashtragreen.in,jay@example.in,Requirement rice husk 2024-07,We need 381.8 MT of rice husk. Can you commit by 19-Jul-2024?
M00548,TH00274,2024-07-19,jay@example.in,buying@saurashtragreen.in,RE: Requirement rice husk 2024-07,"Yes sir, 381.8 MT available. Rate Rs 2569/MT. Will dispatch before 19-Jul-2024."
M00549,TH00275,2024-07-15,buying@saurashtragreen.in,dwarka@example.in,Requirement mustard stalk 2024-07,We need 349.1 MT of mustard stalk. Can you commit by 15-Jul-2024?
M00550,TH00275,2024-07-15,dwarka@example.in,buying@saurashtragreen.in,RE: Requirement mustard stalk 2024-07,"Confirmed. We can supply 349.1 MT mustard stalk at Rs 2803 per MT, delivery by 15-Jul-2024."
M00551,TH00276,2024-07-14,buying@saurashtragreen.in,jay@example.in,Requirement rice husk 2024-07,Please confirm availability of 153.0 MT rice husk for delivery by 14-Jul-2024.
M00552,TH00276,2024-07-14,jay@example.in,buying@saurashtragreen.in,RE: Requirement rice husk 2024-07,Ok for 153.0 MT at Rs 2626 per tonne. Loading will start before 14-Jul-2024.
M00553,TH00277,2024-07-25,buying@saurashtragreen.in,shree@example.in,Requirement rice husk 2024-07,We need 409.2 MT of rice husk. Can you commit by 25-Jul-2024?
M00554,TH00277,2024-07-25,shree@example.in,buying@saurashtragreen.in,RE: Requirement rice husk 2024-07,"Confirmed. We can supply 409.2 MT rice husk at Rs 2671 per MT, delivery by 25-Jul-2024."
M00555,TH00278,2024-07-25,buying@saurashtragreen.in,jay@example.in,Requirement rice husk 2024-07,"Requirement 259.5 MT rice husk, delivery on or before 25-Jul-2024. Kindly confirm rate."
M00556,TH00278,2024-07-25,jay@example.in,buying@saurashtragreen.in,RE: Requirement rice husk 2024-07,"Yes sir, 259.5 MT available. Rate Rs 2584/MT. Will dispatch before 25-Jul-2024."
M00557,TH00279,2024-07-28,buying@saurashtragreen.in,somnath@example.in,Requirement rice husk 2024-07,Please confirm availability of 153.6 MT rice husk for delivery by 28-Jul-2024.
M00558,TH00279,2024-07-28,somnath@example.in,buying@saurashtragreen.in,RE: Requirement rice husk 2024-07,Accepted. 153.6 MT rice husk @ Rs 2645 PMT. Delivery 28-Jul-2024 positive.
M00559,TH00280,2024-07-23,buying@saurashtragreen.in,om@example.in,Requirement mustard stalk 2024-07,"Requirement 350.1 MT mustard stalk, delivery on or before 23-Jul-2024. Kindly confirm rate."
M00560,TH00280,2024-07-23,om@example.in,buying@saurashtragreen.in,RE: Requirement mustard stalk 2024-07,Accepted. 350.1 MT mustard stalk @ Rs 2854 PMT. Delivery 23-Jul-2024 positive.
M00561,TH00281,2024-08-20,buying@saurashtragreen.in,dwarka@example.in,Requirement rice husk 2024-08,Please confirm availability of 174.8 MT rice husk for delivery by 20-Aug-2024.
M00562,TH00281,2024-08-20,dwarka@example.in,buying@saurashtragreen.in,RE: Requirement rice husk 2024-08,"Yes sir, 174.8 MT available. Rate Rs 2524/MT. Will dispatch before 20-Aug-2024."
M00563,TH00282,2024-08-26,buying@saurashtragreen.in,dwarka@example.in,Requirement mustard stalk 2024-08,We need 345.8 MT of mustard stalk. Can you commit by 26-Aug-2024?
M00564,TH00282,2024-08-26,dwarka@example.in,buying@saurashtragreen.in,RE: Requirement mustard stalk 2024-08,Ok for 345.8 MT at Rs 2742 per tonne. Loading will start before 26-Aug-2024.
M00565,TH00283,2024-08-27,buying@saurashtragreen.in,somnath@example.in,Requirement mustard stalk 2024-08,Please confirm availability of 255.5 MT mustard stalk for delivery by 27-Aug-2024.
M00566,TH00283,2024-08-27,somnath@example.in,buying@saurashtragreen.in,RE: Requirement mustard stalk 2024-08,"Confirmed. We can supply 255.5 MT mustard stalk at Rs 2800 per MT, delivery by 27-Aug-2024."
M00567,TH00284,2024-08-23,buying@saurashtragreen.in,somnath@example.in,Requirement rice husk 2024-08,Please confirm availability of 179.2 MT rice husk for delivery by 23-Aug-2024.
M00568,TH00284,2024-08-23,somnath@example.in,buying@saurashtragreen.in,RE: Requirement rice husk 2024-08,Accepted. 179.2 MT rice husk @ Rs 2579 PMT. Delivery 23-Aug-2024 positive.
M00569,TH00285,2024-08-15,buying@saurashtragreen.in,somnath@example.in,Requirement rice husk 2024-08,We need 315.1 MT of rice husk. Can you commit by 15-Aug-2024?
M00570,TH00285,2024-08-15,somnath@example.in,buying@saurashtragreen.in,RE: Requirement rice husk 2024-08,Ok for 315.1 MT at Rs 2627 per tonne. Loading will start before 15-Aug-2024.
M00571,TH00286,2024-08-20,buying@saurashtragreen.in,dwarka@example.in,Requirement mustard stalk 2024-08,Please confirm availability of 379.9 MT mustard stalk for delivery by 20-Aug-2024.
M00572,TH00286,2024-08-20,dwarka@example.in,buying@saurashtragreen.in,RE: Requirement mustard stalk 2024-08,"Yes sir, 379.9 MT available. Rate Rs 2751/MT. Will dispatch before 20-Aug-2024."
M00573,TH00287,2024-08-14,buying@saurashtragreen.in,jay@example.in,Requirement rice husk 2024-08,Please confirm availability of 408.0 MT rice husk for delivery by 14-Aug-2024.
M00574,TH00287,2024-08-14,jay@example.in,buying@saurashtragreen.in,RE: Requirement rice husk 2024-08,Ok for 408.0 MT at Rs 2539 per tonne. Loading will start before 14-Aug-2024.
M00575,TH00288,2024-08-22,buying@saurashtragreen.in,om@example.in,Requirement rice husk 2024-08,Please confirm availability of 133.4 MT rice husk for delivery by 22-Aug-2024.
M00576,TH00288,2024-08-22,om@example.in,buying@saurashtragreen.in,RE: Requirement rice husk 2024-08,"Yes sir, 133.4 MT available. Rate Rs 2528/MT. Will dispatch before 22-Aug-2024."
M00577,TH00289,2024-08-10,buying@saurashtragreen.in,dwarka@example.in,Requirement mustard stalk 2024-08,"Requirement 181.5 MT mustard stalk, delivery on or before 10-Aug-2024. Kindly confirm rate."
M00578,TH00289,2024-08-10,dwarka@example.in,buying@saurashtragreen.in,RE: Requirement mustard stalk 2024-08,Ok for 181.5 MT at Rs 2851 per tonne. Loading will start before 10-Aug-2024.
M00579,TH00290,2024-08-21,buying@saurashtragreen.in,om@example.in,Requirement mustard stalk 2024-08,We need 372.9 MT of mustard stalk. Can you commit by 21-Aug-2024?
M00580,TH00290,2024-08-21,om@example.in,buying@saurashtragreen.in,RE: Requirement mustard stalk 2024-08,"Confirmed. We can supply 372.9 MT mustard stalk at Rs 2702 per MT, delivery by 21-Aug-2024."
M00581,TH00291,2024-08-14,buying@saurashtragreen.in,new@example.in,Requirement rice husk 2024-08,We need 201.9 MT of rice husk. Can you commit by 14-Aug-2024?
M00582,TH00291,2024-08-14,new@example.in,buying@saurashtragreen.in,RE: Requirement rice husk 2024-08,Accepted. 201.9 MT rice husk @ Rs 2602 PMT. Delivery 14-Aug-2024 positive.
M00583,TH00292,2024-08-15,buying@saurashtragreen.in,sardar@example.in,Requirement rice husk 2024-08,Please confirm availability of 213.8 MT rice husk for delivery by 15-Aug-2024.
M00584,TH00292,2024-08-15,sardar@example.in,buying@saurashtragreen.in,RE: Requirement rice husk 2024-08,Accepted. 213.8 MT rice husk @ Rs 2536 PMT. Delivery 15-Aug-2024 positive.
M00585,TH00293,2024-08-21,buying@saurashtragreen.in,somnath@example.in,Requirement mustard stalk 2024-08,"Requirement 198.7 MT mustard stalk, delivery on or before 21-Aug-2024. Kindly confirm rate."
M00586,TH00293,2024-08-21,somnath@example.in,buying@saurashtragreen.in,RE: Requirement mustard stalk 2024-08,Accepted. 198.7 MT mustard stalk @ Rs 2842 PMT. Delivery 21-Aug-2024 positive.
M00587,TH00294,2024-08-13,buying@saurashtragreen.in,shree@example.in,Requirement mustard stalk 2024-08,We need 175.3 MT of mustard stalk. Can you commit by 13-Aug-2024?
M00588,TH00294,2024-08-13,shree@example.in,buying@saurashtragreen.in,RE: Requirement mustard stalk 2024-08,"Yes sir, 175.3 MT available. Rate Rs 2861/MT. Will dispatch before 13-Aug-2024."
M00589,TH00295,2024-08-27,buying@saurashtragreen.in,somnath@example.in,Requirement rice husk 2024-08,Please confirm availability of 139.4 MT rice husk for delivery by 27-Aug-2024.
M00590,TH00295,2024-08-27,somnath@example.in,buying@saurashtragreen.in,RE: Requirement rice husk 2024-08,"Confirmed. We can supply 139.4 MT rice husk at Rs 2631 per MT, delivery by 27-Aug-2024."
M00591,TH00296,2024-08-12,buying@saurashtragreen.in,maa@example.in,Requirement rice husk 2024-08,We need 134.8 MT of rice husk. Can you commit by 12-Aug-2024?
M00592,TH00296,2024-08-12,maa@example.in,buying@saurashtragreen.in,RE: Requirement rice husk 2024-08,Ok for 134.8 MT at Rs 2635 per tonne. Loading will start before 12-Aug-2024.
M00593,TH00297,2024-09-20,buying@saurashtragreen.in,maa@example.in,Requirement rice husk 2024-09,"Requirement 263.4 MT rice husk, delivery on or before 20-Sep-2024. Kindly confirm rate."
M00594,TH00297,2024-09-20,maa@example.in,buying@saurashtragreen.in,RE: Requirement rice husk 2024-09,"Yes sir, 263.4 MT available. Rate Rs 2453/MT. Will dispatch before 20-Sep-2024."
M00595,TH00298,2024-09-18,buying@saurashtragreen.in,jay@example.in,Requirement rice husk 2024-09,We need 253.3 MT of rice husk. Can you commit by 18-Sep-2024?
M00596,TH00298,2024-09-18,jay@example.in,buying@saurashtragreen.in,RE: Requirement rice husk 2024-09,"Confirmed. We can supply 253.3 MT rice husk at Rs 2411 per MT, delivery by 18-Sep-2024."
M00597,TH00299,2024-09-15,buying@saurashtragreen.in,somnath@example.in,Requirement rice husk 2024-09,We need 390.0 MT of rice husk. Can you commit by 15-Sep-2024?
M00598,TH00299,2024-09-15,somnath@example.in,buying@saurashtragreen.in,RE: Requirement rice husk 2024-09,"Yes sir, 390.0 MT available. Rate Rs 2402/MT. Will dispatch before 15-Sep-2024."
M00599,TH00300,2024-09-15,buying@saurashtragreen.in,om@example.in,Requirement mustard stalk 2024-09,"Requirement 367.7 MT mustard stalk, delivery on or before 15-Sep-2024. Kindly confirm rate."
M00600,TH00300,2024-09-15,om@example.in,buying@saurashtragreen.in,RE: Requirement mustard stalk 2024-09,Ok for 367.7 MT at Rs 2686 per tonne. Loading will start before 15-Sep-2024.
M00601,TH00301,2024-09-20,buying@saurashtragreen.in,sardar@example.in,Requirement rice husk 2024-09,"Requirement 171.0 MT rice husk, delivery on or before 20-Sep-2024. Kindly confirm rate."
M00602,TH00301,2024-09-20,sardar@example.in,buying@saurashtragreen.in,RE: Requirement rice husk 2024-09,Accepted. 171.0 MT rice husk @ Rs 2440 PMT. Delivery 20-Sep-2024 positive.
M00603,TH00302,2024-09-24,buying@saurashtragreen.in,jay@example.in,Requirement rice husk 2024-09,Please confirm availability of 242.1 MT rice husk for delivery by 24-Sep-2024.
M00604,TH00302,2024-09-24,jay@example.in,buying@saurashtragreen.in,RE: Requirement rice husk 2024-09,"Confirmed. We can supply 242.1 MT rice husk at Rs 2491 per MT, delivery by 24-Sep-2024."
M00605,TH00303,2024-09-19,buying@saurashtragreen.in,jay@example.in,Requirement rice husk 2024-09,We need 185.5 MT of rice husk. Can you commit by 19-Sep-2024?
M00606,TH00303,2024-09-19,jay@example.in,buying@saurashtragreen.in,RE: Requirement rice husk 2024-09,"Confirmed. We can supply 185.5 MT rice husk at Rs 2474 per MT, delivery by 19-Sep-2024."
M00607,TH00304,2024-09-28,buying@saurashtragreen.in,dwarka@example.in,Requirement rice husk 2024-09,"Requirement 156.2 MT rice husk, delivery on or before 28-Sep-2024. Kindly confirm rate."
M00608,TH00304,2024-09-28,dwarka@example.in,buying@saurashtragreen.in,RE: Requirement rice husk 2024-09,Ok for 156.2 MT at Rs 2448 per tonne. Loading will start before 28-Sep-2024.
M00609,TH00305,2024-09-28,buying@saurashtragreen.in,maa@example.in,Requirement rice husk 2024-09,"Requirement 128.3 MT rice husk, delivery on or before 28-Sep-2024. Kindly confirm rate."
M00610,TH00305,2024-09-28,maa@example.in,buying@saurashtragreen.in,RE: Requirement rice husk 2024-09,Ok for 128.3 MT at Rs 2528 per tonne. Loading will start before 28-Sep-2024.
M00611,TH00306,2024-09-23,buying@saurashtragreen.in,maa@example.in,Requirement rice husk 2024-09,"Requirement 225.6 MT rice husk, delivery on or before 23-Sep-2024. Kindly confirm rate."
M00612,TH00306,2024-09-23,maa@example.in,buying@saurashtragreen.in,RE: Requirement rice husk 2024-09,"Confirmed. We can supply 225.6 MT rice husk at Rs 2519 per MT, delivery by 23-Sep-2024."
M00613,TH00307,2024-09-20,buying@saurashtragreen.in,sardar@example.in,Requirement rice husk 2024-09,"Requirement 239.3 MT rice husk, delivery on or before 20-Sep-2024. Kindly confirm rate."
M00614,TH00307,2024-09-20,sardar@example.in,buying@saurashtragreen.in,RE: Requirement rice husk 2024-09,Accepted. 239.3 MT rice husk @ Rs 2533 PMT. Delivery 20-Sep-2024 positive.
M00615,TH00308,2024-09-18,buying@saurashtragreen.in,maa@example.in,Requirement rice husk 2024-09,Please confirm availability of 243.4 MT rice husk for delivery by 18-Sep-2024.
M00616,TH00308,2024-09-18,maa@example.in,buying@saurashtragreen.in,RE: Requirement rice husk 2024-09,Accepted. 243.4 MT rice husk @ Rs 2471 PMT. Delivery 18-Sep-2024 positive.
M00617,TH00309,2024-09-13,buying@saurashtragreen.in,om@example.in,Requirement rice husk 2024-09,Please confirm availability of 329.2 MT rice husk for delivery by 13-Sep-2024.
M00618,TH00309,2024-09-13,om@example.in,buying@saurashtragreen.in,RE: Requirement rice husk 2024-09,"Confirmed. We can supply 329.2 MT rice husk at Rs 2487 per MT, delivery by 13-Sep-2024."
M00619,TH00310,2024-09-24,buying@saurashtragreen.in,maa@example.in,Requirement rice husk 2024-09,We need 267.8 MT of rice husk. Can you commit by 24-Sep-2024?
M00620,TH00310,2024-09-24,maa@example.in,buying@saurashtragreen.in,RE: Requirement rice husk 2024-09,"Confirmed. We can supply 267.8 MT rice husk at Rs 2470 per MT, delivery by 24-Sep-2024."
M00621,TH00311,2024-09-18,buying@saurashtragreen.in,somnath@example.in,Requirement rice husk 2024-09,"Requirement 320.9 MT rice husk, delivery on or before 18-Sep-2024. Kindly confirm rate."
M00622,TH00311,2024-09-18,somnath@example.in,buying@saurashtragreen.in,RE: Requirement rice husk 2024-09,Accepted. 320.9 MT rice husk @ Rs 2522 PMT. Delivery 18-Sep-2024 positive.
M00623,TH00312,2024-09-13,buying@saurashtragreen.in,jay@example.in,Requirement rice husk 2024-09,"Requirement 266.7 MT rice husk, delivery on or before 13-Sep-2024. Kindly confirm rate."
M00624,TH00312,2024-09-13,jay@example.in,buying@saurashtragreen.in,RE: Requirement rice husk 2024-09,Ok for 266.7 MT at Rs 2501 per tonne. Loading will start before 13-Sep-2024.
M00625,TH00313,2024-09-26,buying@saurashtragreen.in,jay@example.in,Requirement rice husk 2024-09,Please confirm availability of 332.2 MT rice husk for delivery by 26-Sep-2024.
M00626,TH00313,2024-09-26,jay@example.in,buying@saurashtragreen.in,RE: Requirement rice husk 2024-09,"Confirmed. We can supply 332.2 MT rice husk at Rs 2427 per MT, delivery by 26-Sep-2024."
M00627,TH00314,2024-09-20,buying@saurashtragreen.in,maa@example.in,Requirement rice husk 2024-09,"Requirement 356.5 MT rice husk, delivery on or before 20-Sep-2024. Kindly confirm rate."
M00628,TH00314,2024-09-20,maa@example.in,buying@saurashtragreen.in,RE: Requirement rice husk 2024-09,"Yes sir, 356.5 MT available. Rate Rs 2507/MT. Will dispatch before 20-Sep-2024."
M00629,TH00315,2024-10-16,buying@saurashtragreen.in,sardar@example.in,Requirement rice husk 2024-10,We need 293.7 MT of rice husk. Can you commit by 16-Oct-2024?
M00630,TH00315,2024-10-16,sardar@example.in,buying@saurashtragreen.in,RE: Requirement rice husk 2024-10,"Confirmed. We can supply 293.7 MT rice husk at Rs 2368 per MT, delivery by 16-Oct-2024."
M00631,TH00316,2024-10-10,buying@saurashtragreen.in,maa@example.in,Requirement rice husk 2024-10,"Requirement 125.1 MT rice husk, delivery on or before 10-Oct-2024. Kindly confirm rate."
M00632,TH00316,2024-10-10,maa@example.in,buying@saurashtragreen.in,RE: Requirement rice husk 2024-10,Ok for 125.1 MT at Rs 2428 per tonne. Loading will start before 10-Oct-2024.
M00633,TH00317,2024-10-17,buying@saurashtragreen.in,jay@example.in,Requirement rice husk 2024-10,We need 159.6 MT of rice husk. Can you commit by 17-Oct-2024?
M00634,TH00317,2024-10-17,jay@example.in,buying@saurashtragreen.in,RE: Requirement rice husk 2024-10,Accepted. 159.6 MT rice husk @ Rs 2395 PMT. Delivery 17-Oct-2024 positive.
M00635,TH00318,2024-10-28,buying@saurashtragreen.in,shree@example.in,Requirement mustard stalk 2024-10,Please confirm availability of 402.0 MT mustard stalk for delivery by 28-Oct-2024.
M00636,TH00318,2024-10-28,shree@example.in,buying@saurashtragreen.in,RE: Requirement mustard stalk 2024-10,"Confirmed. We can supply 402.0 MT mustard stalk at Rs 2635 per MT, delivery by 28-Oct-2024."
M00637,TH00319,2024-10-19,buying@saurashtragreen.in,new@example.in,Requirement rice husk 2024-10,"Requirement 306.1 MT rice husk, delivery on or before 19-Oct-2024. Kindly confirm rate."
M00638,TH00319,2024-10-19,new@example.in,buying@saurashtragreen.in,RE: Requirement rice husk 2024-10,Ok for 306.1 MT at Rs 2397 per tonne. Loading will start before 19-Oct-2024.
M00639,TH00320,2024-10-21,buying@saurashtragreen.in,somnath@example.in,Requirement mustard stalk 2024-10,We need 315.8 MT of mustard stalk. Can you commit by 21-Oct-2024?
M00640,TH00320,2024-10-21,somnath@example.in,buying@saurashtragreen.in,RE: Requirement mustard stalk 2024-10,Ok for 315.8 MT at Rs 2539 per tonne. Loading will start before 21-Oct-2024.
M00641,TH00321,2024-10-25,buying@saurashtragreen.in,dwarka@example.in,Requirement mustard stalk 2024-10,We need 141.2 MT of mustard stalk. Can you commit by 25-Oct-2024?
M00642,TH00321,2024-10-25,dwarka@example.in,buying@saurashtragreen.in,RE: Requirement mustard stalk 2024-10,Ok for 141.2 MT at Rs 2642 per tonne. Loading will start before 25-Oct-2024.
M00643,TH00322,2024-10-14,buying@saurashtragreen.in,somnath@example.in,Requirement rice husk 2024-10,Please confirm availability of 381.1 MT rice husk for delivery by 14-Oct-2024.
M00644,TH00322,2024-10-14,somnath@example.in,buying@saurashtragreen.in,RE: Requirement rice husk 2024-10,Accepted. 381.1 MT rice husk @ Rs 2401 PMT. Delivery 14-Oct-2024 positive.
M00645,TH00323,2024-10-10,buying@saurashtragreen.in,sardar@example.in,Requirement rice husk 2024-10,Please confirm availability of 270.3 MT rice husk for delivery by 10-Oct-2024.
M00646,TH00323,2024-10-10,sardar@example.in,buying@saurashtragreen.in,RE: Requirement rice husk 2024-10,"Confirmed. We can supply 270.3 MT rice husk at Rs 2390 per MT, delivery by 10-Oct-2024."
M00647,TH00324,2024-10-27,buying@saurashtragreen.in,dwarka@example.in,Requirement rice husk 2024-10,We need 288.9 MT of rice husk. Can you commit by 27-Oct-2024?
M00648,TH00324,2024-10-27,dwarka@example.in,buying@saurashtragreen.in,RE: Requirement rice husk 2024-10,Ok for 288.9 MT at Rs 2385 per tonne. Loading will start before 27-Oct-2024.
M00649,TH00325,2024-10-16,buying@saurashtragreen.in,maa@example.in,Requirement rice husk 2024-10,Please confirm availability of 391.8 MT rice husk for delivery by 16-Oct-2024.
M00650,TH00325,2024-10-16,maa@example.in,buying@saurashtragreen.in,RE: Requirement rice husk 2024-10,Accepted. 391.8 MT rice husk @ Rs 2423 PMT. Delivery 16-Oct-2024 positive.
M00651,TH00326,2024-10-12,buying@saurashtragreen.in,dwarka@example.in,Requirement mustard stalk 2024-10,"Requirement 293.5 MT mustard stalk, delivery on or before 12-Oct-2024. Kindly confirm rate."
M00652,TH00326,2024-10-12,dwarka@example.in,buying@saurashtragreen.in,RE: Requirement mustard stalk 2024-10,Ok for 293.5 MT at Rs 2583 per tonne. Loading will start before 12-Oct-2024.
M00653,TH00327,2024-10-17,buying@saurashtragreen.in,jay@example.in,Requirement rice husk 2024-10,Please confirm availability of 310.6 MT rice husk for delivery by 17-Oct-2024.
M00654,TH00327,2024-10-17,jay@example.in,buying@saurashtragreen.in,RE: Requirement rice husk 2024-10,"Yes sir, 310.6 MT available. Rate Rs 2400/MT. Will dispatch before 17-Oct-2024."
M00655,TH00328,2024-10-24,buying@saurashtragreen.in,shree@example.in,Requirement rice husk 2024-10,We need 379.6 MT of rice husk. Can you commit by 24-Oct-2024?
M00656,TH00328,2024-10-24,shree@example.in,buying@saurashtragreen.in,RE: Requirement rice husk 2024-10,Ok for 379.6 MT at Rs 2376 per tonne. Loading will start before 24-Oct-2024.
M00657,TH00329,2024-10-15,buying@saurashtragreen.in,om@example.in,Requirement mustard stalk 2024-10,We need 302.8 MT of mustard stalk. Can you commit by 15-Oct-2024?
M00658,TH00329,2024-10-15,om@example.in,buying@saurashtragreen.in,RE: Requirement mustard stalk 2024-10,"Yes sir, 302.8 MT available. Rate Rs 2647/MT. Will dispatch before 15-Oct-2024."
M00659,TH00330,2024-10-10,buying@saurashtragreen.in,maa@example.in,Requirement rice husk 2024-10,We need 412.4 MT of rice husk. Can you commit by 10-Oct-2024?
M00660,TH00330,2024-10-10,maa@example.in,buying@saurashtragreen.in,RE: Requirement rice husk 2024-10,Ok for 412.4 MT at Rs 2363 per tonne. Loading will start before 10-Oct-2024.
M00661,TH00331,2024-10-16,buying@saurashtragreen.in,dwarka@example.in,Requirement mustard stalk 2024-10,"Requirement 130.9 MT mustard stalk, delivery on or before 16-Oct-2024. Kindly confirm rate."
M00662,TH00331,2024-10-16,dwarka@example.in,buying@saurashtragreen.in,RE: Requirement mustard stalk 2024-10,"Confirmed. We can supply 130.9 MT mustard stalk at Rs 2582 per MT, delivery by 16-Oct-2024."
M00663,TH00332,2024-10-19,buying@saurashtragreen.in,somnath@example.in,Requirement mustard stalk 2024-10,Please confirm availability of 252.6 MT mustard stalk for delivery by 19-Oct-2024.
M00664,TH00332,2024-10-19,somnath@example.in,buying@saurashtragreen.in,RE: Requirement mustard stalk 2024-10,Accepted. 252.6 MT mustard stalk @ Rs 2613 PMT. Delivery 19-Oct-2024 positive.
M00665,TH00333,2024-10-26,buying@saurashtragreen.in,somnath@example.in,Requirement rice husk 2024-10,We need 417.7 MT of rice husk. Can you commit by 26-Oct-2024?
M00666,TH00333,2024-10-26,somnath@example.in,buying@saurashtragreen.in,RE: Requirement rice husk 2024-10,Ok for 417.7 MT at Rs 2380 per tonne. Loading will start before 26-Oct-2024.
M00667,TH00334,2024-10-16,buying@saurashtragreen.in,dwarka@example.in,Requirement rice husk 2024-10,Please confirm availability of 243.8 MT rice husk for delivery by 16-Oct-2024.
M00668,TH00334,2024-10-16,dwarka@example.in,buying@saurashtragreen.in,RE: Requirement rice husk 2024-10,Ok for 243.8 MT at Rs 2454 per tonne. Loading will start before 16-Oct-2024.
M00669,TH00335,2024-10-12,buying@saurashtragreen.in,maa@example.in,Requirement rice husk 2024-10,Please confirm availability of 287.0 MT rice husk for delivery by 12-Oct-2024.
M00670,TH00335,2024-10-12,maa@example.in,buying@saurashtragreen.in,RE: Requirement rice husk 2024-10,"Yes sir, 287.0 MT available. Rate Rs 2439/MT. Will dispatch before 12-Oct-2024."
M00671,TH00336,2024-10-12,buying@saurashtragreen.in,dwarka@example.in,Requirement mustard stalk 2024-10,Please confirm availability of 216.9 MT mustard stalk for delivery by 12-Oct-2024.
M00672,TH00336,2024-10-12,dwarka@example.in,buying@saurashtragreen.in,RE: Requirement mustard stalk 2024-10,Accepted. 216.9 MT mustard stalk @ Rs 2613 PMT. Delivery 12-Oct-2024 positive.
M00673,TH00337,2024-11-14,buying@saurashtragreen.in,shree@example.in,Requirement mustard stalk 2024-11,We need 296.3 MT of mustard stalk. Can you commit by 14-Nov-2024?
M00674,TH00337,2024-11-14,shree@example.in,buying@saurashtragreen.in,RE: Requirement mustard stalk 2024-11,Ok for 296.3 MT at Rs 2479 per tonne. Loading will start before 14-Nov-2024.
M00675,TH00338,2024-11-28,buying@saurashtragreen.in,dwarka@example.in,Requirement rice husk 2024-11,We need 215.6 MT of rice husk. Can you commit by 28-Nov-2024?
M00676,TH00338,2024-11-28,dwarka@example.in,buying@saurashtragreen.in,RE: Requirement rice husk 2024-11,"Confirmed. We can supply 215.6 MT rice husk at Rs 2247 per MT, delivery by 28-Nov-2024."
M00677,TH00339,2024-11-18,buying@saurashtragreen.in,shree@example.in,Requirement rice husk 2024-11,Please confirm availability of 379.7 MT rice husk for delivery by 18-Nov-2024.
M00678,TH00339,2024-11-18,shree@example.in,buying@saurashtragreen.in,RE: Requirement rice husk 2024-11,"Yes sir, 379.7 MT available. Rate Rs 2284/MT. Will dispatch before 18-Nov-2024."
M00679,TH00340,2024-11-20,buying@saurashtragreen.in,dwarka@example.in,Requirement mustard stalk 2024-11,"Requirement 417.6 MT mustard stalk, delivery on or before 20-Nov-2024. Kindly confirm rate."
M00680,TH00340,2024-11-20,dwarka@example.in,buying@saurashtragreen.in,RE: Requirement mustard stalk 2024-11,"Confirmed. We can supply 417.6 MT mustard stalk at Rs 2516 per MT, delivery by 20-Nov-2024."
M00681,TH00341,2024-11-28,buying@saurashtragreen.in,jay@example.in,Requirement rice husk 2024-11,We need 342.6 MT of rice husk. Can you commit by 28-Nov-2024?
M00682,TH00341,2024-11-28,jay@example.in,buying@saurashtragreen.in,RE: Requirement rice husk 2024-11,"Confirmed. We can supply 342.6 MT rice husk at Rs 2315 per MT, delivery by 28-Nov-2024."
M00683,TH00342,2024-11-26,buying@saurashtragreen.in,sardar@example.in,Requirement rice husk 2024-11,"Requirement 382.7 MT rice husk, delivery on or before 26-Nov-2024. Kindly confirm rate."
M00684,TH00342,2024-11-26,sardar@example.in,buying@saurashtragreen.in,RE: Requirement rice husk 2024-11,Ok for 382.7 MT at Rs 2242 per tonne. Loading will start before 26-Nov-2024.
M00685,TH00343,2024-11-24,buying@saurashtragreen.in,dwarka@example.in,Requirement rice husk 2024-11,Please confirm availability of 208.4 MT rice husk for delivery by 24-Nov-2024.
M00686,TH00343,2024-11-24,dwarka@example.in,buying@saurashtragreen.in,RE: Requirement rice husk 2024-11,"Yes sir, 208.4 MT available. Rate Rs 2287/MT. Will dispatch before 24-Nov-2024."
M00687,TH00344,2024-11-20,buying@saurashtragreen.in,jay@example.in,Requirement rice husk 2024-11,Please confirm availability of 336.0 MT rice husk for delivery by 20-Nov-2024.
M00688,TH00344,2024-11-20,jay@example.in,buying@saurashtragreen.in,RE: Requirement rice husk 2024-11,"Yes sir, 336.0 MT available. Rate Rs 2274/MT. Will dispatch before 20-Nov-2024."
M00689,TH00345,2024-11-27,buying@saurashtragreen.in,jay@example.in,Requirement rice husk 2024-11,We need 267.4 MT of rice husk. Can you commit by 27-Nov-2024?
M00690,TH00345,2024-11-27,jay@example.in,buying@saurashtragreen.in,RE: Requirement rice husk 2024-11,Accepted. 267.4 MT rice husk @ Rs 2268 PMT. Delivery 27-Nov-2024 positive.
M00691,TH00346,2024-11-13,buying@saurashtragreen.in,somnath@example.in,Requirement rice husk 2024-11,Please confirm availability of 247.3 MT rice husk for delivery by 13-Nov-2024.
M00692,TH00346,2024-11-13,somnath@example.in,buying@saurashtragreen.in,RE: Requirement rice husk 2024-11,"Confirmed. We can supply 247.3 MT rice husk at Rs 2350 per MT, delivery by 13-Nov-2024."
M00693,TH00347,2024-11-19,buying@saurashtragreen.in,shree@example.in,Requirement rice husk 2024-11,"Requirement 168.1 MT rice husk, delivery on or before 19-Nov-2024. Kindly confirm rate."
M00694,TH00347,2024-11-19,shree@example.in,buying@saurashtragreen.in,RE: Requirement rice husk 2024-11,Ok for 168.1 MT at Rs 2362 per tonne. Loading will start before 19-Nov-2024.
M00695,TH00348,2024-11-20,buying@saurashtragreen.in,sardar@example.in,Requirement rice husk 2024-11,Please confirm availability of 231.1 MT rice husk for delivery by 20-Nov-2024.
M00696,TH00348,2024-11-20,sardar@example.in,buying@saurashtragreen.in,RE: Requirement rice husk 2024-11,"Yes sir, 231.1 MT available. Rate Rs 2297/MT. Will dispatch before 20-Nov-2024."
M00697,TH00349,2024-11-14,buying@saurashtragreen.in,maa@example.in,Requirement rice husk 2024-11,We need 236.4 MT of rice husk. Can you commit by 14-Nov-2024?
M00698,TH00349,2024-11-14,maa@example.in,buying@saurashtragreen.in,RE: Requirement rice husk 2024-11,Accepted. 236.4 MT rice husk @ Rs 2346 PMT. Delivery 14-Nov-2024 positive.
M00699,TH00350,2024-11-26,buying@saurashtragreen.in,somnath@example.in,Requirement mustard stalk 2024-11,Please confirm availability of 146.7 MT mustard stalk for delivery by 26-Nov-2024.
M00700,TH00350,2024-11-26,somnath@example.in,buying@saurashtragreen.in,RE: Requirement mustard stalk 2024-11,"Yes sir, 146.7 MT available. Rate Rs 2465/MT. Will dispatch before 26-Nov-2024."
M00701,TH00351,2024-11-24,buying@saurashtragreen.in,somnath@example.in,Requirement mustard stalk 2024-11,Please confirm availability of 185.1 MT mustard stalk for delivery by 24-Nov-2024.
M00702,TH00351,2024-11-24,somnath@example.in,buying@saurashtragreen.in,RE: Requirement mustard stalk 2024-11,"Yes sir, 185.1 MT available. Rate Rs 2439/MT. Will dispatch before 24-Nov-2024."
M00703,TH00352,2024-11-22,buying@saurashtragreen.in,new@example.in,Requirement rice husk 2024-11,We need 304.1 MT of rice husk. Can you commit by 22-Nov-2024?
M00704,TH00352,2024-11-22,new@example.in,buying@saurashtragreen.in,RE: Requirement rice husk 2024-11,Accepted. 304.1 MT rice husk @ Rs 2337 PMT. Delivery 22-Nov-2024 positive.
M00705,TH00353,2024-11-24,buying@saurashtragreen.in,dwarka@example.in,Requirement rice husk 2024-11,"Requirement 147.5 MT rice husk, delivery on or before 24-Nov-2024. Kindly confirm rate."
M00706,TH00353,2024-11-24,dwarka@example.in,buying@saurashtragreen.in,RE: Requirement rice husk 2024-11,"Yes sir, 147.5 MT available. Rate Rs 2321/MT. Will dispatch before 24-Nov-2024."
M00707,TH00354,2024-11-27,buying@saurashtragreen.in,new@example.in,Requirement rice husk 2024-11,"Requirement 311.1 MT rice husk, delivery on or before 27-Nov-2024. Kindly confirm rate."
M00708,TH00354,2024-11-27,new@example.in,buying@saurashtragreen.in,RE: Requirement rice husk 2024-11,"Confirmed. We can supply 311.1 MT rice husk at Rs 2270 per MT, delivery by 27-Nov-2024."
M00709,TH00355,2024-11-20,buying@saurashtragreen.in,jay@example.in,Requirement rice husk 2024-11,Please confirm availability of 346.4 MT rice husk for delivery by 20-Nov-2024.
M00710,TH00355,2024-11-20,jay@example.in,buying@saurashtragreen.in,RE: Requirement rice husk 2024-11,Accepted. 346.4 MT rice husk @ Rs 2338 PMT. Delivery 20-Nov-2024 positive.
M00711,TH00356,2024-12-13,buying@saurashtragreen.in,maa@example.in,Requirement rice husk 2024-12,Please confirm availability of 293.1 MT rice husk for delivery by 13-Dec-2024.
M00712,TH00356,2024-12-13,maa@example.in,buying@saurashtragreen.in,RE: Requirement rice husk 2024-12,Ok for 293.1 MT at Rs 2287 per tonne. Loading will start before 13-Dec-2024.
M00713,TH00357,2024-12-22,buying@saurashtragreen.in,sardar@example.in,Requirement rice husk 2024-12,Please confirm availability of 200.1 MT rice husk for delivery by 22-Dec-2024.
M00714,TH00357,2024-12-22,sardar@example.in,buying@saurashtragreen.in,RE: Requirement rice husk 2024-12,Ok for 200.1 MT at Rs 2245 per tonne. Loading will start before 22-Dec-2024.
M00715,TH00358,2024-12-23,buying@saurashtragreen.in,om@example.in,Requirement mustard stalk 2024-12,We need 319.8 MT of mustard stalk. Can you commit by 23-Dec-2024?
M00716,TH00358,2024-12-23,om@example.in,buying@saurashtragreen.in,RE: Requirement mustard stalk 2024-12,"Yes sir, 319.8 MT available. Rate Rs 2386/MT. Will dispatch before 23-Dec-2024."
M00717,TH00359,2024-12-14,buying@saurashtragreen.in,dwarka@example.in,Requirement mustard stalk 2024-12,We need 328.2 MT of mustard stalk. Can you commit by 14-Dec-2024?
M00718,TH00359,2024-12-14,dwarka@example.in,buying@saurashtragreen.in,RE: Requirement mustard stalk 2024-12,"Yes sir, 328.2 MT available. Rate Rs 2440/MT. Will dispatch before 14-Dec-2024."
M00719,TH00360,2024-12-26,buying@saurashtragreen.in,dwarka@example.in,Requirement rice husk 2024-12,Please confirm availability of 250.9 MT rice husk for delivery by 26-Dec-2024.
M00720,TH00360,2024-12-26,dwarka@example.in,buying@saurashtragreen.in,RE: Requirement rice husk 2024-12,Accepted. 250.9 MT rice husk @ Rs 2199 PMT. Delivery 26-Dec-2024 positive.
M00721,TH00361,2024-12-28,buying@saurashtragreen.in,dwarka@example.in,Requirement mustard stalk 2024-12,"Requirement 243.4 MT mustard stalk, delivery on or before 28-Dec-2024. Kindly confirm rate."
M00722,TH00361,2024-12-28,dwarka@example.in,buying@saurashtragreen.in,RE: Requirement mustard stalk 2024-12,Accepted. 243.4 MT mustard stalk @ Rs 2456 PMT. Delivery 28-Dec-2024 positive.
M00723,TH00362,2024-12-19,buying@saurashtragreen.in,dwarka@example.in,Requirement rice husk 2024-12,We need 180.4 MT of rice husk. Can you commit by 19-Dec-2024?
M00724,TH00362,2024-12-19,dwarka@example.in,buying@saurashtragreen.in,RE: Requirement rice husk 2024-12,Accepted. 180.4 MT rice husk @ Rs 2257 PMT. Delivery 19-Dec-2024 positive.
M00725,TH00363,2024-12-18,buying@saurashtragreen.in,jay@example.in,Requirement rice husk 2024-12,Please confirm availability of 328.5 MT rice husk for delivery by 18-Dec-2024.
M00726,TH00363,2024-12-18,jay@example.in,buying@saurashtragreen.in,RE: Requirement rice husk 2024-12,"Yes sir, 328.5 MT available. Rate Rs 2274/MT. Will dispatch before 18-Dec-2024."
M00727,TH00364,2024-12-12,buying@saurashtragreen.in,jay@example.in,Requirement rice husk 2024-12,We need 418.1 MT of rice husk. Can you commit by 12-Dec-2024?
M00728,TH00364,2024-12-12,jay@example.in,buying@saurashtragreen.in,RE: Requirement rice husk 2024-12,Ok for 418.1 MT at Rs 2324 per tonne. Loading will start before 12-Dec-2024.
M00729,TH00365,2024-12-11,buying@saurashtragreen.in,maa@example.in,Requirement rice husk 2024-12,"Requirement 361.3 MT rice husk, delivery on or before 11-Dec-2024. Kindly confirm rate."
M00730,TH00365,2024-12-11,maa@example.in,buying@saurashtragreen.in,RE: Requirement rice husk 2024-12,"Yes sir, 361.3 MT available. Rate Rs 2310/MT. Will dispatch before 11-Dec-2024."
M00731,TH00366,2024-12-20,buying@saurashtragreen.in,maa@example.in,Requirement rice husk 2024-12,We need 199.3 MT of rice husk. Can you commit by 20-Dec-2024?
M00732,TH00366,2024-12-20,maa@example.in,buying@saurashtragreen.in,RE: Requirement rice husk 2024-12,"Confirmed. We can supply 199.3 MT rice husk at Rs 2198 per MT, delivery by 20-Dec-2024."
M00733,TH00367,2024-12-17,buying@saurashtragreen.in,somnath@example.in,Requirement rice husk 2024-12,"Requirement 188.5 MT rice husk, delivery on or before 17-Dec-2024. Kindly confirm rate."
M00734,TH00367,2024-12-17,somnath@example.in,buying@saurashtragreen.in,RE: Requirement rice husk 2024-12,"Confirmed. We can supply 188.5 MT rice husk at Rs 2225 per MT, delivery by 17-Dec-2024."
M00735,TH00368,2024-12-22,buying@saurashtragreen.in,jay@example.in,Requirement rice husk 2024-12,We need 381.2 MT of rice husk. Can you commit by 22-Dec-2024?
M00736,TH00368,2024-12-22,jay@example.in,buying@saurashtragreen.in,RE: Requirement rice husk 2024-12,"Confirmed. We can supply 381.2 MT rice husk at Rs 2260 per MT, delivery by 22-Dec-2024."
M00737,TH00369,2024-12-23,buying@saurashtragreen.in,sardar@example.in,Requirement rice husk 2024-12,Please confirm availability of 294.6 MT rice husk for delivery by 23-Dec-2024.
M00738,TH00369,2024-12-23,sardar@example.in,buying@saurashtragreen.in,RE: Requirement rice husk 2024-12,"Yes sir, 294.6 MT available. Rate Rs 2317/MT. Will dispatch before 23-Dec-2024."
M00739,TH00370,2024-12-12,buying@saurashtragreen.in,om@example.in,Requirement mustard stalk 2024-12,"Requirement 407.8 MT mustard stalk, delivery on or before 12-Dec-2024. Kindly confirm rate."
M00740,TH00370,2024-12-12,om@example.in,buying@saurashtragreen.in,RE: Requirement mustard stalk 2024-12,"Confirmed. We can supply 407.8 MT mustard stalk at Rs 2505 per MT, delivery by 12-Dec-2024."
M00741,TH00371,2024-12-26,buying@saurashtragreen.in,dwarka@example.in,Requirement rice husk 2024-12,We need 219.5 MT of rice husk. Can you commit by 26-Dec-2024?
M00742,TH00371,2024-12-26,dwarka@example.in,buying@saurashtragreen.in,RE: Requirement rice husk 2024-12,"Confirmed. We can supply 219.5 MT rice husk at Rs 2297 per MT, delivery by 26-Dec-2024."
M00743,TH00372,2024-12-13,buying@saurashtragreen.in,dwarka@example.in,Requirement mustard stalk 2024-12,"Requirement 331.4 MT mustard stalk, delivery on or before 13-Dec-2024. Kindly confirm rate."
M00744,TH00372,2024-12-13,dwarka@example.in,buying@saurashtragreen.in,RE: Requirement mustard stalk 2024-12,"Confirmed. We can supply 331.4 MT mustard stalk at Rs 2512 per MT, delivery by 13-Dec-2024."
M00745,TH00373,2024-12-13,buying@saurashtragreen.in,shree@example.in,Requirement mustard stalk 2024-12,We need 169.7 MT of mustard stalk. Can you commit by 13-Dec-2024?
M00746,TH00373,2024-12-13,shree@example.in,buying@saurashtragreen.in,RE: Requirement mustard stalk 2024-12,Accepted. 169.7 MT mustard stalk @ Rs 2501 PMT. Delivery 13-Dec-2024 positive.
M00747,TH00374,2024-12-28,buying@saurashtragreen.in,jay@example.in,Requirement rice husk 2024-12,"Requirement 219.7 MT rice husk, delivery on or before 28-Dec-2024. Kindly confirm rate."
M00748,TH00374,2024-12-28,jay@example.in,buying@saurashtragreen.in,RE: Requirement rice husk 2024-12,"Confirmed. We can supply 219.7 MT rice husk at Rs 2268 per MT, delivery by 28-Dec-2024."
M00749,TH00375,2024-12-14,buying@saurashtragreen.in,maa@example.in,Requirement rice husk 2024-12,"Requirement 298.3 MT rice husk, delivery on or before 14-Dec-2024. Kindly confirm rate."
M00750,TH00375,2024-12-14,maa@example.in,buying@saurashtragreen.in,RE: Requirement rice husk 2024-12,"Confirmed. We can supply 298.3 MT rice husk at Rs 2247 per MT, delivery by 14-Dec-2024."
M00751,TH00376,2024-12-16,buying@saurashtragreen.in,shree@example.in,Requirement rice husk 2024-12,"Requirement 374.5 MT rice husk, delivery on or before 16-Dec-2024. Kindly confirm rate."
M00752,TH00376,2024-12-16,shree@example.in,buying@saurashtragreen.in,RE: Requirement rice husk 2024-12,Accepted. 374.5 MT rice husk @ Rs 2222 PMT. Delivery 16-Dec-2024 positive.
M00753,TH00377,2025-01-18,buying@saurashtragreen.in,dwarka@example.in,Requirement rice husk 2025-01,We need 310.1 MT of rice husk. Can you commit by 18-Jan-2025?
M00754,TH00377,2025-01-18,dwarka@example.in,buying@saurashtragreen.in,RE: Requirement rice husk 2025-01,"Confirmed. We can supply 310.1 MT rice husk at Rs 2268 per MT, delivery by 18-Jan-2025."
M00755,TH00378,2025-01-22,buying@saurashtragreen.in,shree@example.in,Requirement rice husk 2025-01,We need 148.0 MT of rice husk. Can you commit by 22-Jan-2025?
M00756,TH00378,2025-01-22,shree@example.in,buying@saurashtragreen.in,RE: Requirement rice husk 2025-01,"Yes sir, 148.0 MT available. Rate Rs 2261/MT. Will dispatch before 22-Jan-2025."
M00757,TH00379,2025-01-18,buying@saurashtragreen.in,maa@example.in,Requirement rice husk 2025-01,Please confirm availability of 322.3 MT rice husk for delivery by 18-Jan-2025.
M00758,TH00379,2025-01-18,maa@example.in,buying@saurashtragreen.in,RE: Requirement rice husk 2025-01,"Confirmed. We can supply 322.3 MT rice husk at Rs 2320 per MT, delivery by 18-Jan-2025."
M00759,TH00380,2025-01-26,buying@saurashtragreen.in,maa@example.in,Requirement rice husk 2025-01,Please confirm availability of 310.9 MT rice husk for delivery by 26-Jan-2025.
M00760,TH00380,2025-01-26,maa@example.in,buying@saurashtragreen.in,RE: Requirement rice husk 2025-01,"Yes sir, 310.9 MT available. Rate Rs 2359/MT. Will dispatch before 26-Jan-2025."
M00761,TH00381,2025-01-20,buying@saurashtragreen.in,jay@example.in,Requirement rice husk 2025-01,We need 159.3 MT of rice husk. Can you commit by 20-Jan-2025?
M00762,TH00381,2025-01-20,jay@example.in,buying@saurashtragreen.in,RE: Requirement rice husk 2025-01,"Confirmed. We can supply 159.3 MT rice husk at Rs 2266 per MT, delivery by 20-Jan-2025."
M00763,TH00382,2025-01-17,buying@saurashtragreen.in,dwarka@example.in,Requirement mustard stalk 2025-01,Please confirm availability of 286.7 MT mustard stalk for delivery by 17-Jan-2025.
M00764,TH00382,2025-01-17,dwarka@example.in,buying@saurashtragreen.in,RE: Requirement mustard stalk 2025-01,Ok for 286.7 MT at Rs 2492 per tonne. Loading will start before 17-Jan-2025.
M00765,TH00383,2025-01-23,buying@saurashtragreen.in,somnath@example.in,Requirement rice husk 2025-01,We need 158.5 MT of rice husk. Can you commit by 23-Jan-2025?
M00766,TH00383,2025-01-23,somnath@example.in,buying@saurashtragreen.in,RE: Requirement rice husk 2025-01,"Yes sir, 158.5 MT available. Rate Rs 2373/MT. Will dispatch before 23-Jan-2025."
M00767,TH00384,2025-01-21,buying@saurashtragreen.in,somnath@example.in,Requirement rice husk 2025-01,"Requirement 413.5 MT rice husk, delivery on or before 21-Jan-2025. Kindly confirm rate."
M00768,TH00384,2025-01-21,somnath@example.in,buying@saurashtragreen.in,RE: Requirement rice husk 2025-01,"Confirmed. We can supply 413.5 MT rice husk at Rs 2368 per MT, delivery by 21-Jan-2025."
M00769,TH00385,2025-01-16,buying@saurashtragreen.in,somnath@example.in,Requirement mustard stalk 2025-01,We need 378.9 MT of mustard stalk. Can you commit by 16-Jan-2025?
M00770,TH00385,2025-01-16,somnath@example.in,buying@saurashtragreen.in,RE: Requirement mustard stalk 2025-01,Accepted. 378.9 MT mustard stalk @ Rs 2439 PMT. Delivery 16-Jan-2025 positive.
M00771,TH00386,2025-01-13,buying@saurashtragreen.in,new@example.in,Requirement rice husk 2025-01,Please confirm availability of 206.5 MT rice husk for delivery by 13-Jan-2025.
M00772,TH00386,2025-01-13,new@example.in,buying@saurashtragreen.in,RE: Requirement rice husk 2025-01,Accepted. 206.5 MT rice husk @ Rs 2292 PMT. Delivery 13-Jan-2025 positive.
M00773,TH00387,2025-01-14,buying@saurashtragreen.in,somnath@example.in,Requirement rice husk 2025-01,"Requirement 380.1 MT rice husk, delivery on or before 14-Jan-2025. Kindly confirm rate."
M00774,TH00387,2025-01-14,somnath@example.in,buying@saurashtragreen.in,RE: Requirement rice husk 2025-01,"Confirmed. We can supply 380.1 MT rice husk at Rs 2305 per MT, delivery by 14-Jan-2025."
M00775,TH00388,2025-01-28,buying@saurashtragreen.in,jay@example.in,Requirement rice husk 2025-01,We need 290.8 MT of rice husk. Can you commit by 28-Jan-2025?
M00776,TH00388,2025-01-28,jay@example.in,buying@saurashtragreen.in,RE: Requirement rice husk 2025-01,"Confirmed. We can supply 290.8 MT rice husk at Rs 2252 per MT, delivery by 28-Jan-2025."
M00777,TH00389,2025-01-28,buying@saurashtragreen.in,shree@example.in,Requirement mustard stalk 2025-01,Please confirm availability of 203.6 MT mustard stalk for delivery by 28-Jan-2025.
M00778,TH00389,2025-01-28,shree@example.in,buying@saurashtragreen.in,RE: Requirement mustard stalk 2025-01,"Yes sir, 203.6 MT available. Rate Rs 2448/MT. Will dispatch before 28-Jan-2025."
M00779,TH00390,2025-01-14,buying@saurashtragreen.in,dwarka@example.in,Requirement rice husk 2025-01,"Requirement 372.9 MT rice husk, delivery on or before 14-Jan-2025. Kindly confirm rate."
M00780,TH00390,2025-01-14,dwarka@example.in,buying@saurashtragreen.in,RE: Requirement rice husk 2025-01,Accepted. 372.9 MT rice husk @ Rs 2270 PMT. Delivery 14-Jan-2025 positive.
M00781,TH00391,2025-01-27,buying@saurashtragreen.in,somnath@example.in,Requirement rice husk 2025-01,"Requirement 174.7 MT rice husk, delivery on or before 27-Jan-2025. Kindly confirm rate."
M00782,TH00391,2025-01-27,somnath@example.in,buying@saurashtragreen.in,RE: Requirement rice husk 2025-01,Accepted. 174.7 MT rice husk @ Rs 2260 PMT. Delivery 27-Jan-2025 positive.
M00783,TH00392,2025-01-13,buying@saurashtragreen.in,jay@example.in,Requirement rice husk 2025-01,We need 381.5 MT of rice husk. Can you commit by 13-Jan-2025?
M00784,TH00392,2025-01-13,jay@example.in,buying@saurashtragreen.in,RE: Requirement rice husk 2025-01,Ok for 381.5 MT at Rs 2254 per tonne. Loading will start before 13-Jan-2025.
M00785,TH00393,2025-01-28,buying@saurashtragreen.in,dwarka@example.in,Requirement rice husk 2025-01,"Requirement 371.4 MT rice husk, delivery on or before 28-Jan-2025. Kindly confirm rate."
M00786,TH00393,2025-01-28,dwarka@example.in,buying@saurashtragreen.in,RE: Requirement rice husk 2025-01,"Confirmed. We can supply 371.4 MT rice husk at Rs 2269 per MT, delivery by 28-Jan-2025."
M00787,TH00394,2025-01-24,buying@saurashtragreen.in,dwarka@example.in,Requirement rice husk 2025-01,We need 387.7 MT of rice husk. Can you commit by 24-Jan-2025?
M00788,TH00394,2025-01-24,dwarka@example.in,buying@saurashtragreen.in,RE: Requirement rice husk 2025-01,"Yes sir, 387.7 MT available. Rate Rs 2260/MT. Will dispatch before 24-Jan-2025."
M00789,TH00395,2025-01-19,buying@saurashtragreen.in,dwarka@example.in,Requirement rice husk 2025-01,"Requirement 278.9 MT rice husk, delivery on or before 19-Jan-2025. Kindly confirm rate."
M00790,TH00395,2025-01-19,dwarka@example.in,buying@saurashtragreen.in,RE: Requirement rice husk 2025-01,"Confirmed. We can supply 278.9 MT rice husk at Rs 2288 per MT, delivery by 19-Jan-2025."
M00791,TH00396,2025-01-24,buying@saurashtragreen.in,dwarka@example.in,Requirement mustard stalk 2025-01,We need 228.5 MT of mustard stalk. Can you commit by 24-Jan-2025?
M00792,TH00396,2025-01-24,dwarka@example.in,buying@saurashtragreen.in,RE: Requirement mustard stalk 2025-01,Accepted. 228.5 MT mustard stalk @ Rs 2468 PMT. Delivery 24-Jan-2025 positive.
M00793,TH00397,2025-01-22,buying@saurashtragreen.in,maa@example.in,Requirement rice husk 2025-01,We need 253.8 MT of rice husk. Can you commit by 22-Jan-2025?
M00794,TH00397,2025-01-22,maa@example.in,buying@saurashtragreen.in,RE: Requirement rice husk 2025-01,Ok for 253.8 MT at Rs 2347 per tonne. Loading will start before 22-Jan-2025.
M00795,TH00398,2025-02-28,buying@saurashtragreen.in,shree@example.in,Requirement rice husk 2025-02,"Requirement 141.7 MT rice husk, delivery on or before 28-Feb-2025. Kindly confirm rate."
M00796,TH00398,2025-02-28,shree@example.in,buying@saurashtragreen.in,RE: Requirement rice husk 2025-02,"Confirmed. We can supply 141.7 MT rice husk at Rs 2393 per MT, delivery by 28-Feb-2025."
M00797,TH00399,2025-02-23,buying@saurashtragreen.in,shree@example.in,Requirement rice husk 2025-02,We need 346.5 MT of rice husk. Can you commit by 23-Feb-2025?
M00798,TH00399,2025-02-23,shree@example.in,buying@saurashtragreen.in,RE: Requirement rice husk 2025-02,"Yes sir, 346.5 MT available. Rate Rs 2384/MT. Will dispatch before 23-Feb-2025."
M00799,TH00400,2025-02-22,buying@saurashtragreen.in,somnath@example.in,Requirement mustard stalk 2025-02,"Requirement 198.5 MT mustard stalk, delivery on or before 22-Feb-2025. Kindly confirm rate."
M00800,TH00400,2025-02-22,somnath@example.in,buying@saurashtragreen.in,RE: Requirement mustard stalk 2025-02,Ok for 198.5 MT at Rs 2475 per tonne. Loading will start before 22-Feb-2025.
M00801,TH00401,2025-02-17,buying@saurashtragreen.in,shree@example.in,Requirement mustard stalk 2025-02,"Requirement 257.7 MT mustard stalk, delivery on or before 17-Feb-2025. Kindly confirm rate."
M00802,TH00401,2025-02-17,shree@example.in,buying@saurashtragreen.in,RE: Requirement mustard stalk 2025-02,Ok for 257.7 MT at Rs 2530 per tonne. Loading will start before 17-Feb-2025.
M00803,TH00402,2025-02-27,buying@saurashtragreen.in,maa@example.in,Requirement rice husk 2025-02,"Requirement 240.1 MT rice husk, delivery on or before 27-Feb-2025. Kindly confirm rate."
M00804,TH00402,2025-02-27,maa@example.in,buying@saurashtragreen.in,RE: Requirement rice husk 2025-02,Ok for 240.1 MT at Rs 2389 per tonne. Loading will start before 27-Feb-2025.
M00805,TH00403,2025-02-24,buying@saurashtragreen.in,shree@example.in,Requirement rice husk 2025-02,"Requirement 193.3 MT rice husk, delivery on or before 24-Feb-2025. Kindly confirm rate."
M00806,TH00403,2025-02-24,shree@example.in,buying@saurashtragreen.in,RE: Requirement rice husk 2025-02,"Confirmed. We can supply 193.3 MT rice husk at Rs 2372 per MT, delivery by 24-Feb-2025."
M00807,TH00404,2025-02-27,buying@saurashtragreen.in,somnath@example.in,Requirement rice husk 2025-02,We need 383.6 MT of rice husk. Can you commit by 27-Feb-2025?
M00808,TH00404,2025-02-27,somnath@example.in,buying@saurashtragreen.in,RE: Requirement rice husk 2025-02,"Yes sir, 383.6 MT available. Rate Rs 2300/MT. Will dispatch before 27-Feb-2025."
M00809,TH00405,2025-02-11,buying@saurashtragreen.in,dwarka@example.in,Requirement mustard stalk 2025-02,We need 194.5 MT of mustard stalk. Can you commit by 11-Feb-2025?
M00810,TH00405,2025-02-11,dwarka@example.in,buying@saurashtragreen.in,RE: Requirement mustard stalk 2025-02,"Confirmed. We can supply 194.5 MT mustard stalk at Rs 2555 per MT, delivery by 11-Feb-2025."
M00811,TH00406,2025-02-28,buying@saurashtragreen.in,om@example.in,Requirement mustard stalk 2025-02,Please confirm availability of 176.5 MT mustard stalk for delivery by 28-Feb-2025.
M00812,TH00406,2025-02-28,om@example.in,buying@saurashtragreen.in,RE: Requirement mustard stalk 2025-02,"Confirmed. We can supply 176.5 MT mustard stalk at Rs 2569 per MT, delivery by 28-Feb-2025."
M00813,TH00407,2025-02-24,buying@saurashtragreen.in,shree@example.in,Requirement mustard stalk 2025-02,"Requirement 153.0 MT mustard stalk, delivery on or before 24-Feb-2025. Kindly confirm rate."
M00814,TH00407,2025-02-24,shree@example.in,buying@saurashtragreen.in,RE: Requirement mustard stalk 2025-02,"Confirmed. We can supply 153.0 MT mustard stalk at Rs 2498 per MT, delivery by 24-Feb-2025."
M00815,TH00408,2025-02-24,buying@saurashtragreen.in,new@example.in,Requirement rice husk 2025-02,We need 148.2 MT of rice husk. Can you commit by 24-Feb-2025?
M00816,TH00408,2025-02-24,new@example.in,buying@saurashtragreen.in,RE: Requirement rice husk 2025-02,"Confirmed. We can supply 148.2 MT rice husk at Rs 2330 per MT, delivery by 24-Feb-2025."
M00817,TH00409,2025-02-12,buying@saurashtragreen.in,new@example.in,Requirement rice husk 2025-02,Please confirm availability of 123.6 MT rice husk for delivery by 12-Feb-2025.
M00818,TH00409,2025-02-12,new@example.in,buying@saurashtragreen.in,RE: Requirement rice husk 2025-02,Ok for 123.6 MT at Rs 2320 per tonne. Loading will start before 12-Feb-2025.
M00819,TH00410,2025-02-21,buying@saurashtragreen.in,om@example.in,Requirement mustard stalk 2025-02,We need 236.7 MT of mustard stalk. Can you commit by 21-Feb-2025?
M00820,TH00410,2025-02-21,om@example.in,buying@saurashtragreen.in,RE: Requirement mustard stalk 2025-02,"Yes sir, 236.7 MT available. Rate Rs 2580/MT. Will dispatch before 21-Feb-2025."
M00821,TH00411,2025-02-27,buying@saurashtragreen.in,jay@example.in,Requirement rice husk 2025-02,Please confirm availability of 201.1 MT rice husk for delivery by 27-Feb-2025.
M00822,TH00411,2025-02-27,jay@example.in,buying@saurashtragreen.in,RE: Requirement rice husk 2025-02,"Yes sir, 201.1 MT available. Rate Rs 2409/MT. Will dispatch before 27-Feb-2025."
M00823,TH00412,2025-02-18,buying@saurashtragreen.in,new@example.in,Requirement rice husk 2025-02,"Requirement 326.9 MT rice husk, delivery on or before 18-Feb-2025. Kindly confirm rate."
M00824,TH00412,2025-02-18,new@example.in,buying@saurashtragreen.in,RE: Requirement rice husk 2025-02,Ok for 326.9 MT at Rs 2390 per tonne. Loading will start before 18-Feb-2025.
M00825,TH00413,2025-02-27,buying@saurashtragreen.in,om@example.in,Requirement mustard stalk 2025-02,Please confirm availability of 244.9 MT mustard stalk for delivery by 27-Feb-2025.
M00826,TH00413,2025-02-27,om@example.in,buying@saurashtragreen.in,RE: Requirement mustard stalk 2025-02,Ok for 244.9 MT at Rs 2543 per tonne. Loading will start before 27-Feb-2025.
M00827,TH00414,2025-02-10,buying@saurashtragreen.in,jay@example.in,Requirement rice husk 2025-02,"Requirement 186.3 MT rice husk, delivery on or before 10-Feb-2025. Kindly confirm rate."
M00828,TH00414,2025-02-10,jay@example.in,buying@saurashtragreen.in,RE: Requirement rice husk 2025-02,Ok for 186.3 MT at Rs 2297 per tonne. Loading will start before 10-Feb-2025.
M00829,TH00415,2025-02-19,buying@saurashtragreen.in,sardar@example.in,Requirement rice husk 2025-02,Please confirm availability of 237.2 MT rice husk for delivery by 19-Feb-2025.
M00830,TH00415,2025-02-19,sardar@example.in,buying@saurashtragreen.in,RE: Requirement rice husk 2025-02,Ok for 237.2 MT at Rs 2300 per tonne. Loading will start before 19-Feb-2025.
M00831,TH00416,2025-02-13,buying@saurashtragreen.in,sardar@example.in,Requirement rice husk 2025-02,Please confirm availability of 220.1 MT rice husk for delivery by 13-Feb-2025.
M00832,TH00416,2025-02-13,sardar@example.in,buying@saurashtragreen.in,RE: Requirement rice husk 2025-02,"Yes sir, 220.1 MT available. Rate Rs 2318/MT. Will dispatch before 13-Feb-2025."
M00833,TH00417,2025-03-12,buying@saurashtragreen.in,jay@example.in,Requirement rice husk 2025-03,"Requirement 363.7 MT rice husk, delivery on or before 12-Mar-2025. Kindly confirm rate."
M00834,TH00417,2025-03-12,jay@example.in,buying@saurashtragreen.in,RE: Requirement rice husk 2025-03,"Confirmed. We can supply 363.7 MT rice husk at Rs 2461 per MT, delivery by 12-Mar-2025."
M00835,TH00418,2025-03-25,buying@saurashtragreen.in,jay@example.in,Requirement rice husk 2025-03,"Requirement 379.2 MT rice husk, delivery on or before 25-Mar-2025. Kindly confirm rate."
M00836,TH00418,2025-03-25,jay@example.in,buying@saurashtragreen.in,RE: Requirement rice husk 2025-03,"Yes sir, 379.2 MT available. Rate Rs 2484/MT. Will dispatch before 25-Mar-2025."
M00837,TH00419,2025-03-13,buying@saurashtragreen.in,sardar@example.in,Requirement rice husk 2025-03,"Requirement 204.9 MT rice husk, delivery on or before 13-Mar-2025. Kindly confirm rate."
M00838,TH00419,2025-03-13,sardar@example.in,buying@saurashtragreen.in,RE: Requirement rice husk 2025-03,Ok for 204.9 MT at Rs 2388 per tonne. Loading will start before 13-Mar-2025.
M00839,TH00420,2025-03-17,buying@saurashtragreen.in,maa@example.in,Requirement rice husk 2025-03,We need 366.8 MT of rice husk. Can you commit by 17-Mar-2025?
M00840,TH00420,2025-03-17,maa@example.in,buying@saurashtragreen.in,RE: Requirement rice husk 2025-03,"Yes sir, 366.8 MT available. Rate Rs 2498/MT. Will dispatch before 17-Mar-2025."
M00841,TH00421,2025-03-26,buying@saurashtragreen.in,jay@example.in,Requirement rice husk 2025-03,"Requirement 154.8 MT rice husk, delivery on or before 26-Mar-2025. Kindly confirm rate."
M00842,TH00421,2025-03-26,jay@example.in,buying@saurashtragreen.in,RE: Requirement rice husk 2025-03,"Yes sir, 154.8 MT available. Rate Rs 2468/MT. Will dispatch before 26-Mar-2025."
M00843,TH00422,2025-03-23,buying@saurashtragreen.in,dwarka@example.in,Requirement rice husk 2025-03,Please confirm availability of 273.4 MT rice husk for delivery by 23-Mar-2025.
M00844,TH00422,2025-03-23,dwarka@example.in,buying@saurashtragreen.in,RE: Requirement rice husk 2025-03,"Confirmed. We can supply 273.4 MT rice husk at Rs 2370 per MT, delivery by 23-Mar-2025."
M00845,TH00423,2025-03-12,buying@saurashtragreen.in,new@example.in,Requirement rice husk 2025-03,"Requirement 184.0 MT rice husk, delivery on or before 12-Mar-2025. Kindly confirm rate."
M00846,TH00423,2025-03-12,new@example.in,buying@saurashtragreen.in,RE: Requirement rice husk 2025-03,"Yes sir, 184.0 MT available. Rate Rs 2498/MT. Will dispatch before 12-Mar-2025."
M00847,TH00424,2025-03-28,buying@saurashtragreen.in,shree@example.in,Requirement rice husk 2025-03,We need 237.5 MT of rice husk. Can you commit by 28-Mar-2025?
M00848,TH00424,2025-03-28,shree@example.in,buying@saurashtragreen.in,RE: Requirement rice husk 2025-03,Ok for 237.5 MT at Rs 2480 per tonne. Loading will start before 28-Mar-2025.
M00849,TH00425,2025-03-10,buying@saurashtragreen.in,om@example.in,Requirement mustard stalk 2025-03,Please confirm availability of 410.6 MT mustard stalk for delivery by 10-Mar-2025.
M00850,TH00425,2025-03-10,om@example.in,buying@saurashtragreen.in,RE: Requirement mustard stalk 2025-03,"Yes sir, 410.6 MT available. Rate Rs 2578/MT. Will dispatch before 10-Mar-2025."
M00851,TH00426,2025-03-19,buying@saurashtragreen.in,new@example.in,Requirement rice husk 2025-03,We need 389.5 MT of rice husk. Can you commit by 19-Mar-2025?
M00852,TH00426,2025-03-19,new@example.in,buying@saurashtragreen.in,RE: Requirement rice husk 2025-03,Accepted. 389.5 MT rice husk @ Rs 2447 PMT. Delivery 19-Mar-2025 positive.
M00853,TH00427,2025-03-17,buying@saurashtragreen.in,shree@example.in,Requirement rice husk 2025-03,Please confirm availability of 418.2 MT rice husk for delivery by 17-Mar-2025.
M00854,TH00427,2025-03-17,shree@example.in,buying@saurashtragreen.in,RE: Requirement rice husk 2025-03,Ok for 418.2 MT at Rs 2402 per tonne. Loading will start before 17-Mar-2025.
M00855,TH00428,2025-03-22,buying@saurashtragreen.in,dwarka@example.in,Requirement mustard stalk 2025-03,Please confirm availability of 135.6 MT mustard stalk for delivery by 22-Mar-2025.
M00856,TH00428,2025-03-22,dwarka@example.in,buying@saurashtragreen.in,RE: Requirement mustard stalk 2025-03,Ok for 135.6 MT at Rs 2653 per tonne. Loading will start before 22-Mar-2025.
M00857,TH00429,2025-03-17,buying@saurashtragreen.in,dwarka@example.in,Requirement rice husk 2025-03,We need 215.8 MT of rice husk. Can you commit by 17-Mar-2025?
M00858,TH00429,2025-03-17,dwarka@example.in,buying@saurashtragreen.in,RE: Requirement rice husk 2025-03,Accepted. 215.8 MT rice husk @ Rs 2423 PMT. Delivery 17-Mar-2025 positive.
M00859,TH00430,2025-03-16,buying@saurashtragreen.in,dwarka@example.in,Requirement rice husk 2025-03,We need 287.1 MT of rice husk. Can you commit by 16-Mar-2025?
M00860,TH00430,2025-03-16,dwarka@example.in,buying@saurashtragreen.in,RE: Requirement rice husk 2025-03,"Confirmed. We can supply 287.1 MT rice husk at Rs 2413 per MT, delivery by 16-Mar-2025."
M00861,TH00431,2025-03-10,buying@saurashtragreen.in,sardar@example.in,Requirement rice husk 2025-03,We need 121.5 MT of rice husk. Can you commit by 10-Mar-2025?
M00862,TH00431,2025-03-10,sardar@example.in,buying@saurashtragreen.in,RE: Requirement rice husk 2025-03,"Confirmed. We can supply 121.5 MT rice husk at Rs 2462 per MT, delivery by 10-Mar-2025."
M00863,TH00432,2025-03-24,buying@saurashtragreen.in,jay@example.in,Requirement rice husk 2025-03,"Requirement 284.8 MT rice husk, delivery on or before 24-Mar-2025. Kindly confirm rate."
M00864,TH00432,2025-03-24,jay@example.in,buying@saurashtragreen.in,RE: Requirement rice husk 2025-03,Accepted. 284.8 MT rice husk @ Rs 2370 PMT. Delivery 24-Mar-2025 positive.
M00865,TH00433,2025-04-28,buying@saurashtragreen.in,dwarka@example.in,Requirement mustard stalk 2025-04,Please confirm availability of 415.8 MT mustard stalk for delivery by 28-Apr-2025.
M00866,TH00433,2025-04-28,dwarka@example.in,buying@saurashtragreen.in,RE: Requirement mustard stalk 2025-04,Accepted. 415.8 MT mustard stalk @ Rs 2746 PMT. Delivery 28-Apr-2025 positive.
M00867,TH00434,2025-04-20,buying@saurashtragreen.in,shree@example.in,Requirement rice husk 2025-04,Please confirm availability of 375.5 MT rice husk for delivery by 20-Apr-2025.
M00868,TH00434,2025-04-20,shree@example.in,buying@saurashtragreen.in,RE: Requirement rice husk 2025-04,"Confirmed. We can supply 375.5 MT rice husk at Rs 2650 per MT, delivery by 20-Apr-2025."
M00869,TH00435,2025-04-24,buying@saurashtragreen.in,dwarka@example.in,Requirement rice husk 2025-04,We need 305.1 MT of rice husk. Can you commit by 24-Apr-2025?
M00870,TH00435,2025-04-24,dwarka@example.in,buying@saurashtragreen.in,RE: Requirement rice husk 2025-04,Accepted. 305.1 MT rice husk @ Rs 2512 PMT. Delivery 24-Apr-2025 positive.
M00871,TH00436,2025-04-10,buying@saurashtragreen.in,new@example.in,Requirement rice husk 2025-04,"Requirement 240.4 MT rice husk, delivery on or before 10-Apr-2025. Kindly confirm rate."
M00872,TH00436,2025-04-10,new@example.in,buying@saurashtragreen.in,RE: Requirement rice husk 2025-04,"Yes sir, 240.4 MT available. Rate Rs 2636/MT. Will dispatch before 10-Apr-2025."
M00873,TH00437,2025-04-17,buying@saurashtragreen.in,om@example.in,Requirement mustard stalk 2025-04,Please confirm availability of 304.7 MT mustard stalk for delivery by 17-Apr-2025.
M00874,TH00437,2025-04-17,om@example.in,buying@saurashtragreen.in,RE: Requirement mustard stalk 2025-04,Ok for 304.7 MT at Rs 2800 per tonne. Loading will start before 17-Apr-2025.
M00875,TH00438,2025-04-25,buying@saurashtragreen.in,jay@example.in,Requirement rice husk 2025-04,We need 144.8 MT of rice husk. Can you commit by 25-Apr-2025?
M00876,TH00438,2025-04-25,jay@example.in,buying@saurashtragreen.in,RE: Requirement rice husk 2025-04,Accepted. 144.8 MT rice husk @ Rs 2627 PMT. Delivery 25-Apr-2025 positive.
M00877,TH00439,2025-04-25,buying@saurashtragreen.in,sardar@example.in,Requirement rice husk 2025-04,We need 402.4 MT of rice husk. Can you commit by 25-Apr-2025?
M00878,TH00439,2025-04-25,sardar@example.in,buying@saurashtragreen.in,RE: Requirement rice husk 2025-04,"Confirmed. We can supply 402.4 MT rice husk at Rs 2535 per MT, delivery by 25-Apr-2025."
M00879,TH00440,2025-04-19,buying@saurashtragreen.in,dwarka@example.in,Requirement rice husk 2025-04,"Requirement 284.4 MT rice husk, delivery on or before 19-Apr-2025. Kindly confirm rate."
M00880,TH00440,2025-04-19,dwarka@example.in,buying@saurashtragreen.in,RE: Requirement rice husk 2025-04,"Yes sir, 284.4 MT available. Rate Rs 2638/MT. Will dispatch before 19-Apr-2025."
M00881,TH00441,2025-04-22,buying@saurashtragreen.in,somnath@example.in,Requirement mustard stalk 2025-04,"Requirement 322.5 MT mustard stalk, delivery on or before 22-Apr-2025. Kindly confirm rate."
M00882,TH00441,2025-04-22,somnath@example.in,buying@saurashtragreen.in,RE: Requirement mustard stalk 2025-04,Ok for 322.5 MT at Rs 2772 per tonne. Loading will start before 22-Apr-2025.
M00883,TH00442,2025-04-12,buying@saurashtragreen.in,om@example.in,Requirement rice husk 2025-04,"Requirement 154.4 MT rice husk, delivery on or before 12-Apr-2025. Kindly confirm rate."
M00884,TH00442,2025-04-12,om@example.in,buying@saurashtragreen.in,RE: Requirement rice husk 2025-04,Ok for 154.4 MT at Rs 2529 per tonne. Loading will start before 12-Apr-2025.
M00885,TH00443,2025-04-10,buying@saurashtragreen.in,jay@example.in,Requirement rice husk 2025-04,"Requirement 333.5 MT rice husk, delivery on or before 10-Apr-2025. Kindly confirm rate."
M00886,TH00443,2025-04-10,jay@example.in,buying@saurashtragreen.in,RE: Requirement rice husk 2025-04,"Yes sir, 333.5 MT available. Rate Rs 2591/MT. Will dispatch before 10-Apr-2025."
M00887,TH00444,2025-04-22,buying@saurashtragreen.in,dwarka@example.in,Requirement mustard stalk 2025-04,"Requirement 390.5 MT mustard stalk, delivery on or before 22-Apr-2025. Kindly confirm rate."
M00888,TH00444,2025-04-22,dwarka@example.in,buying@saurashtragreen.in,RE: Requirement mustard stalk 2025-04,"Yes sir, 390.5 MT available. Rate Rs 2819/MT. Will dispatch before 22-Apr-2025."
M00889,TH00445,2025-04-28,buying@saurashtragreen.in,om@example.in,Requirement rice husk 2025-04,"Requirement 301.4 MT rice husk, delivery on or before 28-Apr-2025. Kindly confirm rate."
M00890,TH00445,2025-04-28,om@example.in,buying@saurashtragreen.in,RE: Requirement rice husk 2025-04,Ok for 301.4 MT at Rs 2580 per tonne. Loading will start before 28-Apr-2025.
M00891,TH00446,2025-04-26,buying@saurashtragreen.in,jay@example.in,Requirement rice husk 2025-04,We need 161.4 MT of rice husk. Can you commit by 26-Apr-2025?
M00892,TH00446,2025-04-26,jay@example.in,buying@saurashtragreen.in,RE: Requirement rice husk 2025-04,Ok for 161.4 MT at Rs 2612 per tonne. Loading will start before 26-Apr-2025.
M00893,TH00447,2025-04-22,buying@saurashtragreen.in,maa@example.in,Requirement rice husk 2025-04,Please confirm availability of 262.0 MT rice husk for delivery by 22-Apr-2025.
M00894,TH00447,2025-04-22,maa@example.in,buying@saurashtragreen.in,RE: Requirement rice husk 2025-04,Accepted. 262.0 MT rice husk @ Rs 2572 PMT. Delivery 22-Apr-2025 positive.
M00895,TH00448,2025-04-16,buying@saurashtragreen.in,dwarka@example.in,Requirement mustard stalk 2025-04,Please confirm availability of 349.9 MT mustard stalk for delivery by 16-Apr-2025.
M00896,TH00448,2025-04-16,dwarka@example.in,buying@saurashtragreen.in,RE: Requirement mustard stalk 2025-04,"Confirmed. We can supply 349.9 MT mustard stalk at Rs 2768 per MT, delivery by 16-Apr-2025."
M00897,TH00449,2025-04-27,buying@saurashtragreen.in,jay@example.in,Requirement rice husk 2025-04,Please confirm availability of 159.9 MT rice husk for delivery by 27-Apr-2025.
M00898,TH00449,2025-04-27,jay@example.in,buying@saurashtragreen.in,RE: Requirement rice husk 2025-04,Ok for 159.9 MT at Rs 2579 per tonne. Loading will start before 27-Apr-2025.
M00899,TH00450,2025-04-11,buying@saurashtragreen.in,jay@example.in,Requirement rice husk 2025-04,We need 302.1 MT of rice husk. Can you commit by 11-Apr-2025?
M00900,TH00450,2025-04-11,jay@example.in,buying@saurashtragreen.in,RE: Requirement rice husk 2025-04,Ok for 302.1 MT at Rs 2516 per tonne. Loading will start before 11-Apr-2025.
M00901,TH00451,2025-04-10,buying@saurashtragreen.in,dwarka@example.in,Requirement rice husk 2025-04,We need 257.4 MT of rice husk. Can you commit by 10-Apr-2025?
M00902,TH00451,2025-04-10,dwarka@example.in,buying@saurashtragreen.in,RE: Requirement rice husk 2025-04,"Confirmed. We can supply 257.4 MT rice husk at Rs 2548 per MT, delivery by 10-Apr-2025."
M00903,TH00452,2025-04-11,buying@saurashtragreen.in,somnath@example.in,Requirement rice husk 2025-04,We need 339.6 MT of rice husk. Can you commit by 11-Apr-2025?
M00904,TH00452,2025-04-11,somnath@example.in,buying@saurashtragreen.in,RE: Requirement rice husk 2025-04,Ok for 339.6 MT at Rs 2552 per tonne. Loading will start before 11-Apr-2025.
M00905,TH00453,2025-04-25,buying@saurashtragreen.in,new@example.in,Requirement rice husk 2025-04,Please confirm availability of 415.5 MT rice husk for delivery by 25-Apr-2025.
M00906,TH00453,2025-04-25,new@example.in,buying@saurashtragreen.in,RE: Requirement rice husk 2025-04,"Yes sir, 415.5 MT available. Rate Rs 2632/MT. Will dispatch before 25-Apr-2025."
M00907,TH00454,2025-05-13,buying@saurashtragreen.in,om@example.in,Requirement rice husk 2025-05,"Requirement 358.5 MT rice husk, delivery on or before 13-May-2025. Kindly confirm rate."
M00908,TH00454,2025-05-13,om@example.in,buying@saurashtragreen.in,RE: Requirement rice husk 2025-05,Accepted. 358.5 MT rice husk @ Rs 2684 PMT. Delivery 13-May-2025 positive.
M00909,TH00455,2025-05-20,buying@saurashtragreen.in,maa@example.in,Requirement rice husk 2025-05,Please confirm availability of 220.1 MT rice husk for delivery by 20-May-2025.
M00910,TH00455,2025-05-20,maa@example.in,buying@saurashtragreen.in,RE: Requirement rice husk 2025-05,"Confirmed. We can supply 220.1 MT rice husk at Rs 2701 per MT, delivery by 20-May-2025."
M00911,TH00456,2025-05-24,buying@saurashtragreen.in,jay@example.in,Requirement rice husk 2025-05,We need 129.4 MT of rice husk. Can you commit by 24-May-2025?
M00912,TH00456,2025-05-24,jay@example.in,buying@saurashtragreen.in,RE: Requirement rice husk 2025-05,"Yes sir, 129.4 MT available. Rate Rs 2686/MT. Will dispatch before 24-May-2025."
M00913,TH00457,2025-05-21,buying@saurashtragreen.in,jay@example.in,Requirement rice husk 2025-05,Please confirm availability of 372.9 MT rice husk for delivery by 21-May-2025.
M00914,TH00457,2025-05-21,jay@example.in,buying@saurashtragreen.in,RE: Requirement rice husk 2025-05,"Yes sir, 372.9 MT available. Rate Rs 2588/MT. Will dispatch before 21-May-2025."
M00915,TH00458,2025-05-16,buying@saurashtragreen.in,dwarka@example.in,Requirement mustard stalk 2025-05,We need 345.6 MT of mustard stalk. Can you commit by 16-May-2025?
M00916,TH00458,2025-05-16,dwarka@example.in,buying@saurashtragreen.in,RE: Requirement mustard stalk 2025-05,"Yes sir, 345.6 MT available. Rate Rs 2894/MT. Will dispatch before 16-May-2025."
M00917,TH00459,2025-05-12,buying@saurashtragreen.in,dwarka@example.in,Requirement mustard stalk 2025-05,Please confirm availability of 232.8 MT mustard stalk for delivery by 12-May-2025.
M00918,TH00459,2025-05-12,dwarka@example.in,buying@saurashtragreen.in,RE: Requirement mustard stalk 2025-05,Accepted. 232.8 MT mustard stalk @ Rs 2918 PMT. Delivery 12-May-2025 positive.
M00919,TH00460,2025-05-28,buying@saurashtragreen.in,new@example.in,Requirement rice husk 2025-05,We need 267.6 MT of rice husk. Can you commit by 28-May-2025?
M00920,TH00460,2025-05-28,new@example.in,buying@saurashtragreen.in,RE: Requirement rice husk 2025-05,"Confirmed. We can supply 267.6 MT rice husk at Rs 2601 per MT, delivery by 28-May-2025."
M00921,TH00461,2025-05-18,buying@saurashtragreen.in,dwarka@example.in,Requirement rice husk 2025-05,We need 379.7 MT of rice husk. Can you commit by 18-May-2025?
M00922,TH00461,2025-05-18,dwarka@example.in,buying@saurashtragreen.in,RE: Requirement rice husk 2025-05,"Yes sir, 379.7 MT available. Rate Rs 2690/MT. Will dispatch before 18-May-2025."
M00923,TH00462,2025-05-26,buying@saurashtragreen.in,somnath@example.in,Requirement mustard stalk 2025-05,Please confirm availability of 344.9 MT mustard stalk for delivery by 26-May-2025.
M00924,TH00462,2025-05-26,somnath@example.in,buying@saurashtragreen.in,RE: Requirement mustard stalk 2025-05,Ok for 344.9 MT at Rs 2825 per tonne. Loading will start before 26-May-2025.
M00925,TH00463,2025-05-26,buying@saurashtragreen.in,shree@example.in,Requirement rice husk 2025-05,"Requirement 173.9 MT rice husk, delivery on or before 26-May-2025. Kindly confirm rate."
M00926,TH00463,2025-05-26,shree@example.in,buying@saurashtragreen.in,RE: Requirement rice husk 2025-05,"Confirmed. We can supply 173.9 MT rice husk at Rs 2657 per MT, delivery by 26-May-2025."
M00927,TH00464,2025-05-23,buying@saurashtragreen.in,new@example.in,Requirement rice husk 2025-05,Please confirm availability of 200.2 MT rice husk for delivery by 23-May-2025.
M00928,TH00464,2025-05-23,new@example.in,buying@saurashtragreen.in,RE: Requirement rice husk 2025-05,Accepted. 200.2 MT rice husk @ Rs 2720 PMT. Delivery 23-May-2025 positive.
M00929,TH00465,2025-05-25,buying@saurashtragreen.in,dwarka@example.in,Requirement rice husk 2025-05,We need 233.3 MT of rice husk. Can you commit by 25-May-2025?
M00930,TH00465,2025-05-25,dwarka@example.in,buying@saurashtragreen.in,RE: Requirement rice husk 2025-05,Ok for 233.3 MT at Rs 2647 per tonne. Loading will start before 25-May-2025.
M00931,TH00466,2025-05-17,buying@saurashtragreen.in,new@example.in,Requirement rice husk 2025-05,We need 338.3 MT of rice husk. Can you commit by 17-May-2025?
M00932,TH00466,2025-05-17,new@example.in,buying@saurashtragreen.in,RE: Requirement rice husk 2025-05,Ok for 338.3 MT at Rs 2704 per tonne. Loading will start before 17-May-2025.
M00933,TH00467,2025-05-21,buying@saurashtragreen.in,maa@example.in,Requirement rice husk 2025-05,"Requirement 243.9 MT rice husk, delivery on or before 21-May-2025. Kindly confirm rate."
M00934,TH00467,2025-05-21,maa@example.in,buying@saurashtragreen.in,RE: Requirement rice husk 2025-05,Accepted. 243.9 MT rice husk @ Rs 2680 PMT. Delivery 21-May-2025 positive.
M00935,TH00468,2025-05-22,buying@saurashtragreen.in,jay@example.in,Requirement rice husk 2025-05,Please confirm availability of 211.3 MT rice husk for delivery by 22-May-2025.
M00936,TH00468,2025-05-22,jay@example.in,buying@saurashtragreen.in,RE: Requirement rice husk 2025-05,Accepted. 211.3 MT rice husk @ Rs 2590 PMT. Delivery 22-May-2025 positive.
M00937,TH00469,2025-05-24,buying@saurashtragreen.in,dwarka@example.in,Requirement rice husk 2025-05,Please confirm availability of 255.3 MT rice husk for delivery by 24-May-2025.
M00938,TH00469,2025-05-24,dwarka@example.in,buying@saurashtragreen.in,RE: Requirement rice husk 2025-05,Accepted. 255.3 MT rice husk @ Rs 2575 PMT. Delivery 24-May-2025 positive.
M00939,TH00470,2025-05-17,buying@saurashtragreen.in,somnath@example.in,Requirement rice husk 2025-05,"Requirement 258.3 MT rice husk, delivery on or before 17-May-2025. Kindly confirm rate."
M00940,TH00470,2025-05-17,somnath@example.in,buying@saurashtragreen.in,RE: Requirement rice husk 2025-05,"Confirmed. We can supply 258.3 MT rice husk at Rs 2719 per MT, delivery by 17-May-2025."
M00941,TH00471,2025-05-28,buying@saurashtragreen.in,jay@example.in,Requirement rice husk 2025-05,We need 267.9 MT of rice husk. Can you commit by 28-May-2025?
M00942,TH00471,2025-05-28,jay@example.in,buying@saurashtragreen.in,RE: Requirement rice husk 2025-05,Ok for 267.9 MT at Rs 2677 per tonne. Loading will start before 28-May-2025.
M00943,TH00472,2025-06-26,buying@saurashtragreen.in,maa@example.in,Requirement rice husk 2025-06,Please confirm availability of 177.2 MT rice husk for delivery by 26-Jun-2025.
M00944,TH00472,2025-06-26,maa@example.in,buying@saurashtragreen.in,RE: Requirement rice husk 2025-06,Accepted. 177.2 MT rice husk @ Rs 2737 PMT. Delivery 26-Jun-2025 positive.
M00945,TH00473,2025-06-17,buying@saurashtragreen.in,maa@example.in,Requirement rice husk 2025-06,Please confirm availability of 363.0 MT rice husk for delivery by 17-Jun-2025.
M00946,TH00473,2025-06-17,maa@example.in,buying@saurashtragreen.in,RE: Requirement rice husk 2025-06,Ok for 363.0 MT at Rs 2711 per tonne. Loading will start before 17-Jun-2025.
M00947,TH00474,2025-06-23,buying@saurashtragreen.in,somnath@example.in,Requirement rice husk 2025-06,Please confirm availability of 277.7 MT rice husk for delivery by 23-Jun-2025.
M00948,TH00474,2025-06-23,somnath@example.in,buying@saurashtragreen.in,RE: Requirement rice husk 2025-06,Accepted. 277.7 MT rice husk @ Rs 2688 PMT. Delivery 23-Jun-2025 positive.
M00949,TH00475,2025-06-20,buying@saurashtragreen.in,jay@example.in,Requirement rice husk 2025-06,We need 143.5 MT of rice husk. Can you commit by 20-Jun-2025?
M00950,TH00475,2025-06-20,jay@example.in,buying@saurashtragreen.in,RE: Requirement rice husk 2025-06,Accepted. 143.5 MT rice husk @ Rs 2642 PMT. Delivery 20-Jun-2025 positive.
M00951,TH00476,2025-06-13,buying@saurashtragreen.in,somnath@example.in,Requirement rice husk 2025-06,Please confirm availability of 379.3 MT rice husk for delivery by 13-Jun-2025.
M00952,TH00476,2025-06-13,somnath@example.in,buying@saurashtragreen.in,RE: Requirement rice husk 2025-06,"Yes sir, 379.3 MT available. Rate Rs 2689/MT. Will dispatch before 13-Jun-2025."
M00953,TH00477,2025-06-15,buying@saurashtragreen.in,new@example.in,Requirement rice husk 2025-06,We need 354.0 MT of rice husk. Can you commit by 15-Jun-2025?
M00954,TH00477,2025-06-15,new@example.in,buying@saurashtragreen.in,RE: Requirement rice husk 2025-06,Ok for 354.0 MT at Rs 2631 per tonne. Loading will start before 15-Jun-2025.
M00955,TH00478,2025-06-24,buying@saurashtragreen.in,dwarka@example.in,Requirement mustard stalk 2025-06,We need 405.8 MT of mustard stalk. Can you commit by 24-Jun-2025?
M00956,TH00478,2025-06-24,dwarka@example.in,buying@saurashtragreen.in,RE: Requirement mustard stalk 2025-06,"Yes sir, 405.8 MT available. Rate Rs 2985/MT. Will dispatch before 24-Jun-2025."
M00957,TH00479,2025-06-17,buying@saurashtragreen.in,shree@example.in,Requirement rice husk 2025-06,Please confirm availability of 412.2 MT rice husk for delivery by 17-Jun-2025.
M00958,TH00479,2025-06-17,shree@example.in,buying@saurashtragreen.in,RE: Requirement rice husk 2025-06,"Confirmed. We can supply 412.2 MT rice husk at Rs 2779 per MT, delivery by 17-Jun-2025."
M00959,TH00480,2025-06-28,buying@saurashtragreen.in,somnath@example.in,Requirement mustard stalk 2025-06,Please confirm availability of 310.3 MT mustard stalk for delivery by 28-Jun-2025.
M00960,TH00480,2025-06-28,somnath@example.in,buying@saurashtragreen.in,RE: Requirement mustard stalk 2025-06,"Yes sir, 310.3 MT available. Rate Rs 2926/MT. Will dispatch before 28-Jun-2025."
M00961,TH00481,2025-06-18,buying@saurashtragreen.in,new@example.in,Requirement rice husk 2025-06,"Requirement 126.5 MT rice husk, delivery on or before 18-Jun-2025. Kindly confirm rate."
M00962,TH00481,2025-06-18,new@example.in,buying@saurashtragreen.in,RE: Requirement rice husk 2025-06,"Confirmed. We can supply 126.5 MT rice husk at Rs 2751 per MT, delivery by 18-Jun-2025."
M00963,TH00482,2025-06-20,buying@saurashtragreen.in,somnath@example.in,Requirement rice husk 2025-06,"Requirement 213.8 MT rice husk, delivery on or before 20-Jun-2025. Kindly confirm rate."
M00964,TH00482,2025-06-20,somnath@example.in,buying@saurashtragreen.in,RE: Requirement rice husk 2025-06,Accepted. 213.8 MT rice husk @ Rs 2700 PMT. Delivery 20-Jun-2025 positive.
M00965,TH00483,2025-06-10,buying@saurashtragreen.in,somnath@example.in,Requirement rice husk 2025-06,We need 376.8 MT of rice husk. Can you commit by 10-Jun-2025?
M00966,TH00483,2025-06-10,somnath@example.in,buying@saurashtragreen.in,RE: Requirement rice husk 2025-06,"Yes sir, 376.8 MT available. Rate Rs 2622/MT. Will dispatch before 10-Jun-2025."
M00967,TH00484,2025-06-27,buying@saurashtragreen.in,dwarka@example.in,Requirement mustard stalk 2025-06,"Requirement 371.5 MT mustard stalk, delivery on or before 27-Jun-2025. Kindly confirm rate."
M00968,TH00484,2025-06-27,dwarka@example.in,buying@saurashtragreen.in,RE: Requirement mustard stalk 2025-06,Ok for 371.5 MT at Rs 2872 per tonne. Loading will start before 27-Jun-2025.
M00969,TH00485,2025-06-19,buying@saurashtragreen.in,maa@example.in,Requirement rice husk 2025-06,We need 221.0 MT of rice husk. Can you commit by 19-Jun-2025?
M00970,TH00485,2025-06-19,maa@example.in,buying@saurashtragreen.in,RE: Requirement rice husk 2025-06,Ok for 221.0 MT at Rs 2699 per tonne. Loading will start before 19-Jun-2025.
M00971,TH00486,2025-06-22,buying@saurashtragreen.in,shree@example.in,Requirement rice husk 2025-06,"Requirement 213.6 MT rice husk, delivery on or before 22-Jun-2025. Kindly confirm rate."
M00972,TH00486,2025-06-22,shree@example.in,buying@saurashtragreen.in,RE: Requirement rice husk 2025-06,"Confirmed. We can supply 213.6 MT rice husk at Rs 2682 per MT, delivery by 22-Jun-2025."
M00973,TH00487,2025-06-12,buying@saurashtragreen.in,shree@example.in,Requirement rice husk 2025-06,We need 214.0 MT of rice husk. Can you commit by 12-Jun-2025?
M00974,TH00487,2025-06-12,shree@example.in,buying@saurashtragreen.in,RE: Requirement rice husk 2025-06,"Confirmed. We can supply 214.0 MT rice husk at Rs 2694 per MT, delivery by 12-Jun-2025."
M00975,TH00488,2025-07-13,buying@saurashtragreen.in,om@example.in,Requirement rice husk 2025-07,Please confirm availability of 129.9 MT rice husk for delivery by 13-Jul-2025.
M00976,TH00488,2025-07-13,om@example.in,buying@saurashtragreen.in,RE: Requirement rice husk 2025-07,Ok for 129.9 MT at Rs 2770 per tonne. Loading will start before 13-Jul-2025.
M00977,TH00489,2025-07-12,buying@saurashtragreen.in,dwarka@example.in,Requirement rice husk 2025-07,Please confirm availability of 365.8 MT rice husk for delivery by 12-Jul-2025.
M00978,TH00489,2025-07-12,dwarka@example.in,buying@saurashtragreen.in,RE: Requirement rice husk 2025-07,Accepted. 365.8 MT rice husk @ Rs 2765 PMT. Delivery 12-Jul-2025 positive.
M00979,TH00490,2025-07-20,buying@saurashtragreen.in,dwarka@example.in,Requirement rice husk 2025-07,Please confirm availability of 153.6 MT rice husk for delivery by 20-Jul-2025.
M00980,TH00490,2025-07-20,dwarka@example.in,buying@saurashtragreen.in,RE: Requirement rice husk 2025-07,Accepted. 153.6 MT rice husk @ Rs 2677 PMT. Delivery 20-Jul-2025 positive.
M00981,TH00491,2025-07-24,buying@saurashtragreen.in,om@example.in,Requirement rice husk 2025-07,We need 416.4 MT of rice husk. Can you commit by 24-Jul-2025?
M00982,TH00491,2025-07-24,om@example.in,buying@saurashtragreen.in,RE: Requirement rice husk 2025-07,"Yes sir, 416.4 MT available. Rate Rs 2821/MT. Will dispatch before 24-Jul-2025."
M00983,TH00492,2025-07-10,buying@saurashtragreen.in,jay@example.in,Requirement rice husk 2025-07,Please confirm availability of 188.6 MT rice husk for delivery by 10-Jul-2025.
M00984,TH00492,2025-07-10,jay@example.in,buying@saurashtragreen.in,RE: Requirement rice husk 2025-07,Ok for 188.6 MT at Rs 2788 per tonne. Loading will start before 10-Jul-2025.
M00985,TH00493,2025-07-25,buying@saurashtragreen.in,dwarka@example.in,Requirement rice husk 2025-07,We need 385.0 MT of rice husk. Can you commit by 25-Jul-2025?
M00986,TH00493,2025-07-25,dwarka@example.in,buying@saurashtragreen.in,RE: Requirement rice husk 2025-07,"Confirmed. We can supply 385.0 MT rice husk at Rs 2718 per MT, delivery by 25-Jul-2025."
M00987,TH00494,2025-07-26,buying@saurashtragreen.in,dwarka@example.in,Requirement rice husk 2025-07,Please confirm availability of 384.3 MT rice husk for delivery by 26-Jul-2025.
M00988,TH00494,2025-07-26,dwarka@example.in,buying@saurashtragreen.in,RE: Requirement rice husk 2025-07,Ok for 384.3 MT at Rs 2667 per tonne. Loading will start before 26-Jul-2025.
M00989,TH00495,2025-07-24,buying@saurashtragreen.in,new@example.in,Requirement rice husk 2025-07,"Requirement 306.1 MT rice husk, delivery on or before 24-Jul-2025. Kindly confirm rate."
M00990,TH00495,2025-07-24,new@example.in,buying@saurashtragreen.in,RE: Requirement rice husk 2025-07,Accepted. 306.1 MT rice husk @ Rs 2813 PMT. Delivery 24-Jul-2025 positive.
M00991,TH00496,2025-07-17,buying@saurashtragreen.in,shree@example.in,Requirement mustard stalk 2025-07,We need 219.2 MT of mustard stalk. Can you commit by 17-Jul-2025?
M00992,TH00496,2025-07-17,shree@example.in,buying@saurashtragreen.in,RE: Requirement mustard stalk 2025-07,Ok for 219.2 MT at Rs 3014 per tonne. Loading will start before 17-Jul-2025.
M00993,TH00497,2025-07-23,buying@saurashtragreen.in,shree@example.in,Requirement rice husk 2025-07,Please confirm availability of 289.2 MT rice husk for delivery by 23-Jul-2025.
M00994,TH00497,2025-07-23,shree@example.in,buying@saurashtragreen.in,RE: Requirement rice husk 2025-07,"Yes sir, 289.2 MT available. Rate Rs 2744/MT. Will dispatch before 23-Jul-2025."
M00995,TH00498,2025-07-28,buying@saurashtragreen.in,somnath@example.in,Requirement rice husk 2025-07,"Requirement 329.3 MT rice husk, delivery on or before 28-Jul-2025. Kindly confirm rate."
M00996,TH00498,2025-07-28,somnath@example.in,buying@saurashtragreen.in,RE: Requirement rice husk 2025-07,"Confirmed. We can supply 329.3 MT rice husk at Rs 2730 per MT, delivery by 28-Jul-2025."
M00997,TH00499,2025-07-16,buying@saurashtragreen.in,om@example.in,Requirement mustard stalk 2025-07,We need 359.0 MT of mustard stalk. Can you commit by 16-Jul-2025?
M00998,TH00499,2025-07-16,om@example.in,buying@saurashtragreen.in,RE: Requirement mustard stalk 2025-07,Accepted. 359.0 MT mustard stalk @ Rs 3055 PMT. Delivery 16-Jul-2025 positive.
M00999,TH00500,2025-07-23,buying@saurashtragreen.in,jay@example.in,Requirement rice husk 2025-07,Please confirm availability of 343.5 MT rice husk for delivery by 23-Jul-2025.
M01000,TH00500,2025-07-23,jay@example.in,buying@saurashtragreen.in,RE: Requirement rice husk 2025-07,Accepted. 343.5 MT rice husk @ Rs 2807 PMT. Delivery 23-Jul-2025 positive.
M01001,TH00501,2025-07-26,buying@saurashtragreen.in,shree@example.in,Requirement rice husk 2025-07,Please confirm availability of 190.7 MT rice husk for delivery by 26-Jul-2025.
M01002,TH00501,2025-07-26,shree@example.in,buying@saurashtragreen.in,RE: Requirement rice husk 2025-07,Ok for 190.7 MT at Rs 2826 per tonne. Loading will start before 26-Jul-2025.
M01003,TH00502,2025-07-16,buying@saurashtragreen.in,jay@example.in,Requirement rice husk 2025-07,"Requirement 180.3 MT rice husk, delivery on or before 16-Jul-2025. Kindly confirm rate."
M01004,TH00502,2025-07-16,jay@example.in,buying@saurashtragreen.in,RE: Requirement rice husk 2025-07,"Yes sir, 180.3 MT available. Rate Rs 2746/MT. Will dispatch before 16-Jul-2025."
M01005,TH00503,2025-07-20,buying@saurashtragreen.in,jay@example.in,Requirement rice husk 2025-07,Please confirm availability of 315.0 MT rice husk for delivery by 20-Jul-2025.
M01006,TH00503,2025-07-20,jay@example.in,buying@saurashtragreen.in,RE: Requirement rice husk 2025-07,"Yes sir, 315.0 MT available. Rate Rs 2791/MT. Will dispatch before 20-Jul-2025."
M01007,TH00504,2025-08-14,buying@saurashtragreen.in,dwarka@example.in,Requirement mustard stalk 2025-08,"Requirement 267.5 MT mustard stalk, delivery on or before 14-Aug-2025. Kindly confirm rate."
M01008,TH00504,2025-08-14,dwarka@example.in,buying@saurashtragreen.in,RE: Requirement mustard stalk 2025-08,Accepted. 267.5 MT mustard stalk @ Rs 2961 PMT. Delivery 14-Aug-2025 positive.
M01009,TH00505,2025-08-26,buying@saurashtragreen.in,sardar@example.in,Requirement rice husk 2025-08,Please confirm availability of 133.5 MT rice husk for delivery by 26-Aug-2025.
M01010,TH00505,2025-08-26,sardar@example.in,buying@saurashtragreen.in,RE: Requirement rice husk 2025-08,"Confirmed. We can supply 133.5 MT rice husk at Rs 2686 per MT, delivery by 26-Aug-2025."
M01011,TH00506,2025-08-21,buying@saurashtragreen.in,dwarka@example.in,Requirement mustard stalk 2025-08,We need 385.4 MT of mustard stalk. Can you commit by 21-Aug-2025?
M01012,TH00506,2025-08-21,dwarka@example.in,buying@saurashtragreen.in,RE: Requirement mustard stalk 2025-08,Accepted. 385.4 MT mustard stalk @ Rs 2807 PMT. Delivery 21-Aug-2025 positive.
M01013,TH00507,2025-08-13,buying@saurashtragreen.in,sardar@example.in,Requirement rice husk 2025-08,"Requirement 392.8 MT rice husk, delivery on or before 13-Aug-2025. Kindly confirm rate."
M01014,TH00507,2025-08-13,sardar@example.in,buying@saurashtragreen.in,RE: Requirement rice husk 2025-08,Ok for 392.8 MT at Rs 2756 per tonne. Loading will start before 13-Aug-2025.
M01015,TH00508,2025-08-19,buying@saurashtragreen.in,sardar@example.in,Requirement rice husk 2025-08,"Requirement 168.8 MT rice husk, delivery on or before 19-Aug-2025. Kindly confirm rate."
M01016,TH00508,2025-08-19,sardar@example.in,buying@saurashtragreen.in,RE: Requirement rice husk 2025-08,"Yes sir, 168.8 MT available. Rate Rs 2674/MT. Will dispatch before 19-Aug-2025."
M01017,TH00509,2025-08-28,buying@saurashtragreen.in,somnath@example.in,Requirement rice husk 2025-08,Please confirm availability of 351.8 MT rice husk for delivery by 28-Aug-2025.
M01018,TH00509,2025-08-28,somnath@example.in,buying@saurashtragreen.in,RE: Requirement rice husk 2025-08,"Confirmed. We can supply 351.8 MT rice husk at Rs 2600 per MT, delivery by 28-Aug-2025."
M01019,TH00510,2025-08-14,buying@saurashtragreen.in,new@example.in,Requirement rice husk 2025-08,Please confirm availability of 198.5 MT rice husk for delivery by 14-Aug-2025.
M01020,TH00510,2025-08-14,new@example.in,buying@saurashtragreen.in,RE: Requirement rice husk 2025-08,Accepted. 198.5 MT rice husk @ Rs 2635 PMT. Delivery 14-Aug-2025 positive.
M01021,TH00511,2025-08-26,buying@saurashtragreen.in,sardar@example.in,Requirement rice husk 2025-08,Please confirm availability of 317.3 MT rice husk for delivery by 26-Aug-2025.
M01022,TH00511,2025-08-26,sardar@example.in,buying@saurashtragreen.in,RE: Requirement rice husk 2025-08,"Yes sir, 317.3 MT available. Rate Rs 2606/MT. Will dispatch before 26-Aug-2025."
M01023,TH00512,2025-08-10,buying@saurashtragreen.in,shree@example.in,Requirement mustard stalk 2025-08,Please confirm availability of 217.6 MT mustard stalk for delivery by 10-Aug-2025.
M01024,TH00512,2025-08-10,shree@example.in,buying@saurashtragreen.in,RE: Requirement mustard stalk 2025-08,"Confirmed. We can supply 217.6 MT mustard stalk at Rs 2867 per MT, delivery by 10-Aug-2025."
M01025,TH00513,2025-08-10,buying@saurashtragreen.in,sardar@example.in,Requirement rice husk 2025-08,"Requirement 337.8 MT rice husk, delivery on or before 10-Aug-2025. Kindly confirm rate."
M01026,TH00513,2025-08-10,sardar@example.in,buying@saurashtragreen.in,RE: Requirement rice husk 2025-08,"Confirmed. We can supply 337.8 MT rice husk at Rs 2730 per MT, delivery by 10-Aug-2025."
M01027,TH00514,2025-08-24,buying@saurashtragreen.in,maa@example.in,Requirement rice husk 2025-08,Please confirm availability of 300.3 MT rice husk for delivery by 24-Aug-2025.
M01028,TH00514,2025-08-24,maa@example.in,buying@saurashtragreen.in,RE: Requirement rice husk 2025-08,Accepted. 300.3 MT rice husk @ Rs 2644 PMT. Delivery 24-Aug-2025 positive.
M01029,TH00515,2025-08-12,buying@saurashtragreen.in,maa@example.in,Requirement rice husk 2025-08,We need 184.6 MT of rice husk. Can you commit by 12-Aug-2025?
M01030,TH00515,2025-08-12,maa@example.in,buying@saurashtragreen.in,RE: Requirement rice husk 2025-08,"Yes sir, 184.6 MT available. Rate Rs 2681/MT. Will dispatch before 12-Aug-2025."
M01031,TH00516,2025-08-14,buying@saurashtragreen.in,dwarka@example.in,Requirement mustard stalk 2025-08,We need 187.0 MT of mustard stalk. Can you commit by 14-Aug-2025?
M01032,TH00516,2025-08-14,dwarka@example.in,buying@saurashtragreen.in,RE: Requirement mustard stalk 2025-08,"Confirmed. We can supply 187.0 MT mustard stalk at Rs 2813 per MT, delivery by 14-Aug-2025."
M01033,TH00517,2025-08-21,buying@saurashtragreen.in,somnath@example.in,Requirement mustard stalk 2025-08,We need 122.2 MT of mustard stalk. Can you commit by 21-Aug-2025?
M01034,TH00517,2025-08-21,somnath@example.in,buying@saurashtragreen.in,RE: Requirement mustard stalk 2025-08,"Confirmed. We can supply 122.2 MT mustard stalk at Rs 2827 per MT, delivery by 21-Aug-2025."
M01035,TH00518,2025-08-20,buying@saurashtragreen.in,jay@example.in,Requirement rice husk 2025-08,"Requirement 347.8 MT rice husk, delivery on or before 20-Aug-2025. Kindly confirm rate."
M01036,TH00518,2025-08-20,jay@example.in,buying@saurashtragreen.in,RE: Requirement rice husk 2025-08,"Yes sir, 347.8 MT available. Rate Rs 2746/MT. Will dispatch before 20-Aug-2025."
M01037,TH00519,2025-09-20,buying@saurashtragreen.in,sardar@example.in,Requirement rice husk 2025-09,"Requirement 162.2 MT rice husk, delivery on or before 20-Sep-2025. Kindly confirm rate."
M01038,TH00519,2025-09-20,sardar@example.in,buying@saurashtragreen.in,RE: Requirement rice husk 2025-09,"Yes sir, 162.2 MT available. Rate Rs 2539/MT. Will dispatch before 20-Sep-2025."
M01039,TH00520,2025-09-25,buying@saurashtragreen.in,shree@example.in,Requirement rice husk 2025-09,We need 347.1 MT of rice husk. Can you commit by 25-Sep-2025?
M01040,TH00520,2025-09-25,shree@example.in,buying@saurashtragreen.in,RE: Requirement rice husk 2025-09,Accepted. 347.1 MT rice husk @ Rs 2606 PMT. Delivery 25-Sep-2025 positive.
M01041,TH00521,2025-09-20,buying@saurashtragreen.in,maa@example.in,Requirement rice husk 2025-09,We need 169.6 MT of rice husk. Can you commit by 20-Sep-2025?
M01042,TH00521,2025-09-20,maa@example.in,buying@saurashtragreen.in,RE: Requirement rice husk 2025-09,"Confirmed. We can supply 169.6 MT rice husk at Rs 2642 per MT, delivery by 20-Sep-2025."
M01043,TH00522,2025-09-17,buying@saurashtragreen.in,somnath@example.in,Requirement rice husk 2025-09,Please confirm availability of 371.5 MT rice husk for delivery by 17-Sep-2025.
M01044,TH00522,2025-09-17,somnath@example.in,buying@saurashtragreen.in,RE: Requirement rice husk 2025-09,"Yes sir, 371.5 MT available. Rate Rs 2640/MT. Will dispatch before 17-Sep-2025."
M01045,TH00523,2025-09-22,buying@saurashtragreen.in,sardar@example.in,Requirement rice husk 2025-09,We need 375.5 MT of rice husk. Can you commit by 22-Sep-2025?
M01046,TH00523,2025-09-22,sardar@example.in,buying@saurashtragreen.in,RE: Requirement rice husk 2025-09,Ok for 375.5 MT at Rs 2499 per tonne. Loading will start before 22-Sep-2025.
M01047,TH00524,2025-09-28,buying@saurashtragreen.in,maa@example.in,Requirement rice husk 2025-09,We need 227.7 MT of rice husk. Can you commit by 28-Sep-2025?
M01048,TH00524,2025-09-28,maa@example.in,buying@saurashtragreen.in,RE: Requirement rice husk 2025-09,"Yes sir, 227.7 MT available. Rate Rs 2501/MT. Will dispatch before 28-Sep-2025."
M01049,TH00525,2025-09-11,buying@saurashtragreen.in,jay@example.in,Requirement rice husk 2025-09,Please confirm availability of 388.7 MT rice husk for delivery by 11-Sep-2025.
M01050,TH00525,2025-09-11,jay@example.in,buying@saurashtragreen.in,RE: Requirement rice husk 2025-09,"Yes sir, 388.7 MT available. Rate Rs 2503/MT. Will dispatch before 11-Sep-2025."
M01051,TH00526,2025-09-25,buying@saurashtragreen.in,somnath@example.in,Requirement mustard stalk 2025-09,We need 147.2 MT of mustard stalk. Can you commit by 25-Sep-2025?
M01052,TH00526,2025-09-25,somnath@example.in,buying@saurashtragreen.in,RE: Requirement mustard stalk 2025-09,Accepted. 147.2 MT mustard stalk @ Rs 2769 PMT. Delivery 25-Sep-2025 positive.
M01053,TH00527,2025-09-18,buying@saurashtragreen.in,somnath@example.in,Requirement rice husk 2025-09,We need 300.7 MT of rice husk. Can you commit by 18-Sep-2025?
M01054,TH00527,2025-09-18,somnath@example.in,buying@saurashtragreen.in,RE: Requirement rice husk 2025-09,"Yes sir, 300.7 MT available. Rate Rs 2636/MT. Will dispatch before 18-Sep-2025."
M01055,TH00528,2025-09-23,buying@saurashtragreen.in,jay@example.in,Requirement rice husk 2025-09,Please confirm availability of 253.9 MT rice husk for delivery by 23-Sep-2025.
M01056,TH00528,2025-09-23,jay@example.in,buying@saurashtragreen.in,RE: Requirement rice husk 2025-09,"Confirmed. We can supply 253.9 MT rice husk at Rs 2615 per MT, delivery by 23-Sep-2025."
M01057,TH00529,2025-09-24,buying@saurashtragreen.in,jay@example.in,Requirement rice husk 2025-09,We need 402.6 MT of rice husk. Can you commit by 24-Sep-2025?
M01058,TH00529,2025-09-24,jay@example.in,buying@saurashtragreen.in,RE: Requirement rice husk 2025-09,Ok for 402.6 MT at Rs 2559 per tonne. Loading will start before 24-Sep-2025.
M01059,TH00530,2025-09-19,buying@saurashtragreen.in,new@example.in,Requirement rice husk 2025-09,We need 214.9 MT of rice husk. Can you commit by 19-Sep-2025?
M01060,TH00530,2025-09-19,new@example.in,buying@saurashtragreen.in,RE: Requirement rice husk 2025-09,"Confirmed. We can supply 214.9 MT rice husk at Rs 2624 per MT, delivery by 19-Sep-2025."
M01061,TH00531,2025-09-25,buying@saurashtragreen.in,somnath@example.in,Requirement mustard stalk 2025-09,Please confirm availability of 387.1 MT mustard stalk for delivery by 25-Sep-2025.
M01062,TH00531,2025-09-25,somnath@example.in,buying@saurashtragreen.in,RE: Requirement mustard stalk 2025-09,"Confirmed. We can supply 387.1 MT mustard stalk at Rs 2727 per MT, delivery by 25-Sep-2025."
M01063,TH00532,2025-09-24,buying@saurashtragreen.in,somnath@example.in,Requirement mustard stalk 2025-09,Please confirm availability of 182.5 MT mustard stalk for delivery by 24-Sep-2025.
M01064,TH00532,2025-09-24,somnath@example.in,buying@saurashtragreen.in,RE: Requirement mustard stalk 2025-09,Accepted. 182.5 MT mustard stalk @ Rs 2769 PMT. Delivery 24-Sep-2025 positive.
M01065,TH00533,2025-09-15,buying@saurashtragreen.in,dwarka@example.in,Requirement rice husk 2025-09,"Requirement 238.1 MT rice husk, delivery on or before 15-Sep-2025. Kindly confirm rate."
M01066,TH00533,2025-09-15,dwarka@example.in,buying@saurashtragreen.in,RE: Requirement rice husk 2025-09,"Yes sir, 238.1 MT available. Rate Rs 2633/MT. Will dispatch before 15-Sep-2025."
M01067,TH00534,2025-09-22,buying@saurashtragreen.in,dwarka@example.in,Requirement mustard stalk 2025-09,"Requirement 409.4 MT mustard stalk, delivery on or before 22-Sep-2025. Kindly confirm rate."
M01068,TH00534,2025-09-22,dwarka@example.in,buying@saurashtragreen.in,RE: Requirement mustard stalk 2025-09,"Confirmed. We can supply 409.4 MT mustard stalk at Rs 2702 per MT, delivery by 22-Sep-2025."
M01069,TH00535,2025-09-15,buying@saurashtragreen.in,shree@example.in,Requirement mustard stalk 2025-09,Please confirm availability of 131.2 MT mustard stalk for delivery by 15-Sep-2025.
M01070,TH00535,2025-09-15,shree@example.in,buying@saurashtragreen.in,RE: Requirement mustard stalk 2025-09,Accepted. 131.2 MT mustard stalk @ Rs 2712 PMT. Delivery 15-Sep-2025 positive.
M01071,TH00536,2025-09-15,buying@saurashtragreen.in,dwarka@example.in,Requirement rice husk 2025-09,"Requirement 272.2 MT rice husk, delivery on or before 15-Sep-2025. Kindly confirm rate."
M01072,TH00536,2025-09-15,dwarka@example.in,buying@saurashtragreen.in,RE: Requirement rice husk 2025-09,"Yes sir, 272.2 MT available. Rate Rs 2589/MT. Will dispatch before 15-Sep-2025."
M01073,TH00537,2025-09-23,buying@saurashtragreen.in,jay@example.in,Requirement rice husk 2025-09,"Requirement 381.0 MT rice husk, delivery on or before 23-Sep-2025. Kindly confirm rate."
M01074,TH00537,2025-09-23,jay@example.in,buying@saurashtragreen.in,RE: Requirement rice husk 2025-09,"Confirmed. We can supply 381.0 MT rice husk at Rs 2636 per MT, delivery by 23-Sep-2025."
M01075,TH00538,2025-09-11,buying@saurashtragreen.in,somnath@example.in,Requirement rice husk 2025-09,Please confirm availability of 341.5 MT rice husk for delivery by 11-Sep-2025.
M01076,TH00538,2025-09-11,somnath@example.in,buying@saurashtragreen.in,RE: Requirement rice husk 2025-09,"Confirmed. We can supply 341.5 MT rice husk at Rs 2634 per MT, delivery by 11-Sep-2025."
M01077,TH00539,2025-09-24,buying@saurashtragreen.in,jay@example.in,Requirement rice husk 2025-09,"Requirement 371.2 MT rice husk, delivery on or before 24-Sep-2025. Kindly confirm rate."
M01078,TH00539,2025-09-24,jay@example.in,buying@saurashtragreen.in,RE: Requirement rice husk 2025-09,"Confirmed. We can supply 371.2 MT rice husk at Rs 2547 per MT, delivery by 24-Sep-2025."
M01079,TH00540,2025-09-25,buying@saurashtragreen.in,jay@example.in,Requirement rice husk 2025-09,"Requirement 356.9 MT rice husk, delivery on or before 25-Sep-2025. Kindly confirm rate."
M01080,TH00540,2025-09-25,jay@example.in,buying@saurashtragreen.in,RE: Requirement rice husk 2025-09,Accepted. 356.9 MT rice husk @ Rs 2629 PMT. Delivery 25-Sep-2025 positive.
M01081,TH00541,2025-10-24,buying@saurashtragreen.in,jay@example.in,Requirement rice husk 2025-10,Please confirm availability of 368.0 MT rice husk for delivery by 24-Oct-2025.
M01082,TH00541,2025-10-24,jay@example.in,buying@saurashtragreen.in,RE: Requirement rice husk 2025-10,"Yes sir, 368.0 MT available. Rate Rs 2492/MT. Will dispatch before 24-Oct-2025."
M01083,TH00542,2025-10-23,buying@saurashtragreen.in,om@example.in,Requirement mustard stalk 2025-10,We need 200.8 MT of mustard stalk. Can you commit by 23-Oct-2025?
M01084,TH00542,2025-10-23,om@example.in,buying@saurashtragreen.in,RE: Requirement mustard stalk 2025-10,Accepted. 200.8 MT mustard stalk @ Rs 2681 PMT. Delivery 23-Oct-2025 positive.
M01085,TH00543,2025-10-11,buying@saurashtragreen.in,dwarka@example.in,Requirement rice husk 2025-10,Please confirm availability of 366.3 MT rice husk for delivery by 11-Oct-2025.
M01086,TH00543,2025-10-11,dwarka@example.in,buying@saurashtragreen.in,RE: Requirement rice husk 2025-10,Ok for 366.3 MT at Rs 2438 per tonne. Loading will start before 11-Oct-2025.
M01087,TH00544,2025-10-26,buying@saurashtragreen.in,new@example.in,Requirement rice husk 2025-10,We need 345.1 MT of rice husk. Can you commit by 26-Oct-2025?
M01088,TH00544,2025-10-26,new@example.in,buying@saurashtragreen.in,RE: Requirement rice husk 2025-10,Accepted. 345.1 MT rice husk @ Rs 2480 PMT. Delivery 26-Oct-2025 positive.
M01089,TH00545,2025-10-19,buying@saurashtragreen.in,maa@example.in,Requirement rice husk 2025-10,We need 325.2 MT of rice husk. Can you commit by 19-Oct-2025?
M01090,TH00545,2025-10-19,maa@example.in,buying@saurashtragreen.in,RE: Requirement rice husk 2025-10,Ok for 325.2 MT at Rs 2481 per tonne. Loading will start before 19-Oct-2025.
M01091,TH00546,2025-10-13,buying@saurashtragreen.in,om@example.in,Requirement mustard stalk 2025-10,"Requirement 132.0 MT mustard stalk, delivery on or before 13-Oct-2025. Kindly confirm rate."
M01092,TH00546,2025-10-13,om@example.in,buying@saurashtragreen.in,RE: Requirement mustard stalk 2025-10,"Confirmed. We can supply 132.0 MT mustard stalk at Rs 2675 per MT, delivery by 13-Oct-2025."
M01093,TH00547,2025-10-11,buying@saurashtragreen.in,dwarka@example.in,Requirement rice husk 2025-10,We need 364.7 MT of rice husk. Can you commit by 11-Oct-2025?
M01094,TH00547,2025-10-11,dwarka@example.in,buying@saurashtragreen.in,RE: Requirement rice husk 2025-10,Ok for 364.7 MT at Rs 2430 per tonne. Loading will start before 11-Oct-2025.
M01095,TH00548,2025-10-20,buying@saurashtragreen.in,shree@example.in,Requirement rice husk 2025-10,"Requirement 325.5 MT rice husk, delivery on or before 20-Oct-2025. Kindly confirm rate."
M01096,TH00548,2025-10-20,shree@example.in,buying@saurashtragreen.in,RE: Requirement rice husk 2025-10,"Yes sir, 325.5 MT available. Rate Rs 2506/MT. Will dispatch before 20-Oct-2025."
M01097,TH00549,2025-10-22,buying@saurashtragreen.in,dwarka@example.in,Requirement mustard stalk 2025-10,We need 267.1 MT of mustard stalk. Can you commit by 22-Oct-2025?
M01098,TH00549,2025-10-22,dwarka@example.in,buying@saurashtragreen.in,RE: Requirement mustard stalk 2025-10,"Yes sir, 267.1 MT available. Rate Rs 2678/MT. Will dispatch before 22-Oct-2025."
M01099,TH00550,2025-10-10,buying@saurashtragreen.in,dwarka@example.in,Requirement rice husk 2025-10,Please confirm availability of 236.1 MT rice husk for delivery by 10-Oct-2025.
M01100,TH00550,2025-10-10,dwarka@example.in,buying@saurashtragreen.in,RE: Requirement rice husk 2025-10,Ok for 236.1 MT at Rs 2552 per tonne. Loading will start before 10-Oct-2025.
M01101,TH00551,2025-10-18,buying@saurashtragreen.in,sardar@example.in,Requirement rice husk 2025-10,"Requirement 336.5 MT rice husk, delivery on or before 18-Oct-2025. Kindly confirm rate."
M01102,TH00551,2025-10-18,sardar@example.in,buying@saurashtragreen.in,RE: Requirement rice husk 2025-10,Accepted. 336.5 MT rice husk @ Rs 2486 PMT. Delivery 18-Oct-2025 positive.
M01103,TH00552,2025-10-28,buying@saurashtragreen.in,maa@example.in,Requirement rice husk 2025-10,We need 339.3 MT of rice husk. Can you commit by 28-Oct-2025?
M01104,TH00552,2025-10-28,maa@example.in,buying@saurashtragreen.in,RE: Requirement rice husk 2025-10,"Confirmed. We can supply 339.3 MT rice husk at Rs 2414 per MT, delivery by 28-Oct-2025."
M01105,TH00553,2025-10-24,buying@saurashtragreen.in,new@example.in,Requirement rice husk 2025-10,"Requirement 383.6 MT rice husk, delivery on or before 24-Oct-2025. Kindly confirm rate."
M01106,TH00553,2025-10-24,new@example.in,buying@saurashtragreen.in,RE: Requirement rice husk 2025-10,"Confirmed. We can supply 383.6 MT rice husk at Rs 2470 per MT, delivery by 24-Oct-2025."
M01107,TH00554,2025-10-27,buying@saurashtragreen.in,dwarka@example.in,Requirement rice husk 2025-10,Please confirm availability of 396.7 MT rice husk for delivery by 27-Oct-2025.
M01108,TH00554,2025-10-27,dwarka@example.in,buying@saurashtragreen.in,RE: Requirement rice husk 2025-10,"Yes sir, 396.7 MT available. Rate Rs 2482/MT. Will dispatch before 27-Oct-2025."
M01109,TH00555,2025-10-25,buying@saurashtragreen.in,dwarka@example.in,Requirement rice husk 2025-10,We need 228.0 MT of rice husk. Can you commit by 25-Oct-2025?
M01110,TH00555,2025-10-25,dwarka@example.in,buying@saurashtragreen.in,RE: Requirement rice husk 2025-10,Accepted. 228.0 MT rice husk @ Rs 2476 PMT. Delivery 25-Oct-2025 positive.
M01111,TH00556,2025-11-23,buying@saurashtragreen.in,shree@example.in,Requirement rice husk 2025-11,Please confirm availability of 153.3 MT rice husk for delivery by 23-Nov-2025.
M01112,TH00556,2025-11-23,shree@example.in,buying@saurashtragreen.in,RE: Requirement rice husk 2025-11,"Confirmed. We can supply 153.3 MT rice husk at Rs 2340 per MT, delivery by 23-Nov-2025."
M01113,TH00557,2025-11-15,buying@saurashtragreen.in,new@example.in,Requirement rice husk 2025-11,We need 403.3 MT of rice husk. Can you commit by 15-Nov-2025?
M01114,TH00557,2025-11-15,new@example.in,buying@saurashtragreen.in,RE: Requirement rice husk 2025-11,"Confirmed. We can supply 403.3 MT rice husk at Rs 2450 per MT, delivery by 15-Nov-2025."
M01115,TH00558,2025-11-26,buying@saurashtragreen.in,dwarka@example.in,Requirement rice husk 2025-11,We need 406.3 MT of rice husk. Can you commit by 26-Nov-2025?
M01116,TH00558,2025-11-26,dwarka@example.in,buying@saurashtragreen.in,RE: Requirement rice husk 2025-11,"Yes sir, 406.3 MT available. Rate Rs 2357/MT. Will dispatch before 26-Nov-2025."
M01117,TH00559,2025-11-25,buying@saurashtragreen.in,shree@example.in,Requirement rice husk 2025-11,Please confirm availability of 163.6 MT rice husk for delivery by 25-Nov-2025.
M01118,TH00559,2025-11-25,shree@example.in,buying@saurashtragreen.in,RE: Requirement rice husk 2025-11,"Confirmed. We can supply 163.6 MT rice husk at Rs 2429 per MT, delivery by 25-Nov-2025."
M01119,TH00560,2025-11-26,buying@saurashtragreen.in,dwarka@example.in,Requirement rice husk 2025-11,Please confirm availability of 273.0 MT rice husk for delivery by 26-Nov-2025.
M01120,TH00560,2025-11-26,dwarka@example.in,buying@saurashtragreen.in,RE: Requirement rice husk 2025-11,Ok for 273.0 MT at Rs 2357 per tonne. Loading will start before 26-Nov-2025.
M01121,TH00561,2025-11-16,buying@saurashtragreen.in,om@example.in,Requirement mustard stalk 2025-11,"Requirement 327.1 MT mustard stalk, delivery on or before 16-Nov-2025. Kindly confirm rate."
M01122,TH00561,2025-11-16,om@example.in,buying@saurashtragreen.in,RE: Requirement mustard stalk 2025-11,"Yes sir, 327.1 MT available. Rate Rs 2540/MT. Will dispatch before 16-Nov-2025."
M01123,TH00562,2025-11-13,buying@saurashtragreen.in,jay@example.in,Requirement rice husk 2025-11,"Requirement 233.1 MT rice husk, delivery on or before 13-Nov-2025. Kindly confirm rate."
M01124,TH00562,2025-11-13,jay@example.in,buying@saurashtragreen.in,RE: Requirement rice husk 2025-11,Ok for 233.1 MT at Rs 2331 per tonne. Loading will start before 13-Nov-2025.
M01125,TH00563,2025-11-28,buying@saurashtragreen.in,dwarka@example.in,Requirement rice husk 2025-11,"Requirement 229.6 MT rice husk, delivery on or before 28-Nov-2025. Kindly confirm rate."
M01126,TH00563,2025-11-28,dwarka@example.in,buying@saurashtragreen.in,RE: Requirement rice husk 2025-11,Accepted. 229.6 MT rice husk @ Rs 2342 PMT. Delivery 28-Nov-2025 positive.
M01127,TH00564,2025-11-11,buying@saurashtragreen.in,dwarka@example.in,Requirement rice husk 2025-11,We need 170.1 MT of rice husk. Can you commit by 11-Nov-2025?
M01128,TH00564,2025-11-11,dwarka@example.in,buying@saurashtragreen.in,RE: Requirement rice husk 2025-11,"Yes sir, 170.1 MT available. Rate Rs 2388/MT. Will dispatch before 11-Nov-2025."
M01129,TH00565,2025-11-25,buying@saurashtragreen.in,sardar@example.in,Requirement rice husk 2025-11,"Requirement 309.6 MT rice husk, delivery on or before 25-Nov-2025. Kindly confirm rate."
M01130,TH00565,2025-11-25,sardar@example.in,buying@saurashtragreen.in,RE: Requirement rice husk 2025-11,Ok for 309.6 MT at Rs 2405 per tonne. Loading will start before 25-Nov-2025.
M01131,TH00566,2025-11-12,buying@saurashtragreen.in,new@example.in,Requirement rice husk 2025-11,We need 326.4 MT of rice husk. Can you commit by 12-Nov-2025?
M01132,TH00566,2025-11-12,new@example.in,buying@saurashtragreen.in,RE: Requirement rice husk 2025-11,Accepted. 326.4 MT rice husk @ Rs 2361 PMT. Delivery 12-Nov-2025 positive.
M01133,TH00567,2025-11-22,buying@saurashtragreen.in,dwarka@example.in,Requirement rice husk 2025-11,"Requirement 319.0 MT rice husk, delivery on or before 22-Nov-2025. Kindly confirm rate."
M01134,TH00567,2025-11-22,dwarka@example.in,buying@saurashtragreen.in,RE: Requirement rice husk 2025-11,Ok for 319.0 MT at Rs 2454 per tonne. Loading will start before 22-Nov-2025.
M01135,TH00568,2025-11-14,buying@saurashtragreen.in,dwarka@example.in,Requirement mustard stalk 2025-11,Please confirm availability of 366.3 MT mustard stalk for delivery by 14-Nov-2025.
M01136,TH00568,2025-11-14,dwarka@example.in,buying@saurashtragreen.in,RE: Requirement mustard stalk 2025-11,"Yes sir, 366.3 MT available. Rate Rs 2617/MT. Will dispatch before 14-Nov-2025."
M01137,TH00569,2025-11-13,buying@saurashtragreen.in,maa@example.in,Requirement rice husk 2025-11,Please confirm availability of 394.8 MT rice husk for delivery by 13-Nov-2025.
M01138,TH00569,2025-11-13,maa@example.in,buying@saurashtragreen.in,RE: Requirement rice husk 2025-11,"Confirmed. We can supply 394.8 MT rice husk at Rs 2450 per MT, delivery by 13-Nov-2025."
M01139,TH00570,2025-11-26,buying@saurashtragreen.in,om@example.in,Requirement mustard stalk 2025-11,"Requirement 178.3 MT mustard stalk, delivery on or before 26-Nov-2025. Kindly confirm rate."
M01140,TH00570,2025-11-26,om@example.in,buying@saurashtragreen.in,RE: Requirement mustard stalk 2025-11,Ok for 178.3 MT at Rs 2557 per tonne. Loading will start before 26-Nov-2025.
M01141,TH00571,2025-11-27,buying@saurashtragreen.in,dwarka@example.in,Requirement rice husk 2025-11,Please confirm availability of 384.4 MT rice husk for delivery by 27-Nov-2025.
M01142,TH00571,2025-11-27,dwarka@example.in,buying@saurashtragreen.in,RE: Requirement rice husk 2025-11,"Yes sir, 384.4 MT available. Rate Rs 2445/MT. Will dispatch before 27-Nov-2025."
M01143,TH00572,2025-11-21,buying@saurashtragreen.in,om@example.in,Requirement mustard stalk 2025-11,We need 415.2 MT of mustard stalk. Can you commit by 21-Nov-2025?
M01144,TH00572,2025-11-21,om@example.in,buying@saurashtragreen.in,RE: Requirement mustard stalk 2025-11,Ok for 415.2 MT at Rs 2585 per tonne. Loading will start before 21-Nov-2025.
M01145,TH00573,2025-11-26,buying@saurashtragreen.in,maa@example.in,Requirement rice husk 2025-11,Please confirm availability of 153.3 MT rice husk for delivery by 26-Nov-2025.
M01146,TH00573,2025-11-26,maa@example.in,buying@saurashtragreen.in,RE: Requirement rice husk 2025-11,Accepted. 153.3 MT rice husk @ Rs 2465 PMT. Delivery 26-Nov-2025 positive.
M01147,TH00574,2025-11-26,buying@saurashtragreen.in,jay@example.in,Requirement rice husk 2025-11,"Requirement 367.9 MT rice husk, delivery on or before 26-Nov-2025. Kindly confirm rate."
M01148,TH00574,2025-11-26,jay@example.in,buying@saurashtragreen.in,RE: Requirement rice husk 2025-11,"Confirmed. We can supply 367.9 MT rice husk at Rs 2424 per MT, delivery by 26-Nov-2025."
M01149,TH00575,2025-12-24,buying@saurashtragreen.in,maa@example.in,Requirement rice husk 2025-12,Please confirm availability of 167.9 MT rice husk for delivery by 24-Dec-2025.
M01150,TH00575,2025-12-24,maa@example.in,buying@saurashtragreen.in,RE: Requirement rice husk 2025-12,"Confirmed. We can supply 167.9 MT rice husk at Rs 2379 per MT, delivery by 24-Dec-2025."
M01151,TH00576,2025-12-28,buying@saurashtragreen.in,sardar@example.in,Requirement rice husk 2025-12,"Requirement 181.4 MT rice husk, delivery on or before 28-Dec-2025. Kindly confirm rate."
M01152,TH00576,2025-12-28,sardar@example.in,buying@saurashtragreen.in,RE: Requirement rice husk 2025-12,"Yes sir, 181.4 MT available. Rate Rs 2359/MT. Will dispatch before 28-Dec-2025."
M01153,TH00577,2025-12-12,buying@saurashtragreen.in,somnath@example.in,Requirement mustard stalk 2025-12,We need 418.9 MT of mustard stalk. Can you commit by 12-Dec-2025?
M01154,TH00577,2025-12-12,somnath@example.in,buying@saurashtragreen.in,RE: Requirement mustard stalk 2025-12,Accepted. 418.9 MT mustard stalk @ Rs 2591 PMT. Delivery 12-Dec-2025 positive.
M01155,TH00578,2025-12-24,buying@saurashtragreen.in,jay@example.in,Requirement rice husk 2025-12,We need 220.0 MT of rice husk. Can you commit by 24-Dec-2025?
M01156,TH00578,2025-12-24,jay@example.in,buying@saurashtragreen.in,RE: Requirement rice husk 2025-12,"Yes sir, 220.0 MT available. Rate Rs 2405/MT. Will dispatch before 24-Dec-2025."
M01157,TH00579,2025-12-23,buying@saurashtragreen.in,dwarka@example.in,Requirement rice husk 2025-12,Please confirm availability of 344.2 MT rice husk for delivery by 23-Dec-2025.
M01158,TH00579,2025-12-23,dwarka@example.in,buying@saurashtragreen.in,RE: Requirement rice husk 2025-12,"Confirmed. We can supply 344.2 MT rice husk at Rs 2373 per MT, delivery by 23-Dec-2025."
M01159,TH00580,2025-12-10,buying@saurashtragreen.in,sardar@example.in,Requirement rice husk 2025-12,"Requirement 247.5 MT rice husk, delivery on or before 10-Dec-2025. Kindly confirm rate."
M01160,TH00580,2025-12-10,sardar@example.in,buying@saurashtragreen.in,RE: Requirement rice husk 2025-12,Accepted. 247.5 MT rice husk @ Rs 2287 PMT. Delivery 10-Dec-2025 positive.
M01161,TH00581,2025-12-27,buying@saurashtragreen.in,somnath@example.in,Requirement rice husk 2025-12,We need 347.7 MT of rice husk. Can you commit by 27-Dec-2025?
M01162,TH00581,2025-12-27,somnath@example.in,buying@saurashtragreen.in,RE: Requirement rice husk 2025-12,"Confirmed. We can supply 347.7 MT rice husk at Rs 2388 per MT, delivery by 27-Dec-2025."
M01163,TH00582,2025-12-21,buying@saurashtragreen.in,new@example.in,Requirement rice husk 2025-12,Please confirm availability of 302.0 MT rice husk for delivery by 21-Dec-2025.
M01164,TH00582,2025-12-21,new@example.in,buying@saurashtragreen.in,RE: Requirement rice husk 2025-12,"Yes sir, 302.0 MT available. Rate Rs 2411/MT. Will dispatch before 21-Dec-2025."
M01165,TH00583,2025-12-10,buying@saurashtragreen.in,somnath@example.in,Requirement rice husk 2025-12,"Requirement 213.4 MT rice husk, delivery on or before 10-Dec-2025. Kindly confirm rate."
M01166,TH00583,2025-12-10,somnath@example.in,buying@saurashtragreen.in,RE: Requirement rice husk 2025-12,"Yes sir, 213.4 MT available. Rate Rs 2316/MT. Will dispatch before 10-Dec-2025."
M01167,TH00584,2025-12-27,buying@saurashtragreen.in,jay@example.in,Requirement rice husk 2025-12,We need 355.9 MT of rice husk. Can you commit by 27-Dec-2025?
M01168,TH00584,2025-12-27,jay@example.in,buying@saurashtragreen.in,RE: Requirement rice husk 2025-12,Accepted. 355.9 MT rice husk @ Rs 2398 PMT. Delivery 27-Dec-2025 positive.
M01169,TH00585,2025-12-15,buying@saurashtragreen.in,new@example.in,Requirement rice husk 2025-12,"Requirement 226.6 MT rice husk, delivery on or before 15-Dec-2025. Kindly confirm rate."
M01170,TH00585,2025-12-15,new@example.in,buying@saurashtragreen.in,RE: Requirement rice husk 2025-12,"Yes sir, 226.6 MT available. Rate Rs 2388/MT. Will dispatch before 15-Dec-2025."
M01171,TH00586,2025-12-10,buying@saurashtragreen.in,om@example.in,Requirement rice husk 2025-12,We need 190.8 MT of rice husk. Can you commit by 10-Dec-2025?
M01172,TH00586,2025-12-10,om@example.in,buying@saurashtragreen.in,RE: Requirement rice husk 2025-12,Accepted. 190.8 MT rice husk @ Rs 2364 PMT. Delivery 10-Dec-2025 positive.
M01173,TH00587,2025-12-22,buying@saurashtragreen.in,dwarka@example.in,Requirement rice husk 2025-12,Please confirm availability of 194.7 MT rice husk for delivery by 22-Dec-2025.
M01174,TH00587,2025-12-22,dwarka@example.in,buying@saurashtragreen.in,RE: Requirement rice husk 2025-12,"Confirmed. We can supply 194.7 MT rice husk at Rs 2416 per MT, delivery by 22-Dec-2025."
M01175,TH00588,2025-12-18,buying@saurashtragreen.in,om@example.in,Requirement rice husk 2025-12,Please confirm availability of 166.7 MT rice husk for delivery by 18-Dec-2025.
M01176,TH00588,2025-12-18,om@example.in,buying@saurashtragreen.in,RE: Requirement rice husk 2025-12,"Confirmed. We can supply 166.7 MT rice husk at Rs 2399 per MT, delivery by 18-Dec-2025."
M01177,TH00589,2025-12-13,buying@saurashtragreen.in,dwarka@example.in,Requirement rice husk 2025-12,We need 199.3 MT of rice husk. Can you commit by 13-Dec-2025?
M01178,TH00589,2025-12-13,dwarka@example.in,buying@saurashtragreen.in,RE: Requirement rice husk 2025-12,Ok for 199.3 MT at Rs 2283 per tonne. Loading will start before 13-Dec-2025.
M01179,TH00590,2025-12-17,buying@saurashtragreen.in,maa@example.in,Requirement rice husk 2025-12,"Requirement 242.8 MT rice husk, delivery on or before 17-Dec-2025. Kindly confirm rate."
M01180,TH00590,2025-12-17,maa@example.in,buying@saurashtragreen.in,RE: Requirement rice husk 2025-12,"Yes sir, 242.8 MT available. Rate Rs 2349/MT. Will dispatch before 17-Dec-2025."
M01181,TH00591,2025-12-14,buying@saurashtragreen.in,shree@example.in,Requirement rice husk 2025-12,"Requirement 229.1 MT rice husk, delivery on or before 14-Dec-2025. Kindly confirm rate."
M01182,TH00591,2025-12-14,shree@example.in,buying@saurashtragreen.in,RE: Requirement rice husk 2025-12,Accepted. 229.1 MT rice husk @ Rs 2344 PMT. Delivery 14-Dec-2025 positive.
M01183,TH00592,2026-01-19,buying@saurashtragreen.in,shree@example.in,Requirement mustard stalk 2026-01,Please confirm availability of 260.4 MT mustard stalk for delivery by 19-Jan-2026.
M01184,TH00592,2026-01-19,shree@example.in,buying@saurashtragreen.in,RE: Requirement mustard stalk 2026-01,Accepted. 260.4 MT mustard stalk @ Rs 2594 PMT. Delivery 19-Jan-2026 positive.
M01185,TH00593,2026-01-11,buying@saurashtragreen.in,jay@example.in,Requirement rice husk 2026-01,Please confirm availability of 227.7 MT rice husk for delivery by 11-Jan-2026.
M01186,TH00593,2026-01-11,jay@example.in,buying@saurashtragreen.in,RE: Requirement rice husk 2026-01,"Confirmed. We can supply 227.7 MT rice husk at Rs 2372 per MT, delivery by 11-Jan-2026."
M01187,TH00594,2026-01-20,buying@saurashtragreen.in,om@example.in,Requirement mustard stalk 2026-01,"Requirement 181.1 MT mustard stalk, delivery on or before 20-Jan-2026. Kindly confirm rate."
M01188,TH00594,2026-01-20,om@example.in,buying@saurashtragreen.in,RE: Requirement mustard stalk 2026-01,"Confirmed. We can supply 181.1 MT mustard stalk at Rs 2645 per MT, delivery by 20-Jan-2026."
M01189,TH00595,2026-01-13,buying@saurashtragreen.in,jay@example.in,Requirement rice husk 2026-01,Please confirm availability of 338.0 MT rice husk for delivery by 13-Jan-2026.
M01190,TH00595,2026-01-13,jay@example.in,buying@saurashtragreen.in,RE: Requirement rice husk 2026-01,Accepted. 338.0 MT rice husk @ Rs 2343 PMT. Delivery 13-Jan-2026 positive.
M01191,TH00596,2026-01-16,buying@saurashtragreen.in,sardar@example.in,Requirement rice husk 2026-01,"Requirement 342.6 MT rice husk, delivery on or before 16-Jan-2026. Kindly confirm rate."
M01192,TH00596,2026-01-16,sardar@example.in,buying@saurashtragreen.in,RE: Requirement rice husk 2026-01,"Yes sir, 342.6 MT available. Rate Rs 2441/MT. Will dispatch before 16-Jan-2026."
M01193,TH00597,2026-01-18,buying@saurashtragreen.in,new@example.in,Requirement rice husk 2026-01,"Requirement 268.8 MT rice husk, delivery on or before 18-Jan-2026. Kindly confirm rate."
M01194,TH00597,2026-01-18,new@example.in,buying@saurashtragreen.in,RE: Requirement rice husk 2026-01,Accepted. 268.8 MT rice husk @ Rs 2455 PMT. Delivery 18-Jan-2026 positive.
M01195,TH00598,2026-01-25,buying@saurashtragreen.in,jay@example.in,Requirement rice husk 2026-01,We need 169.4 MT of rice husk. Can you commit by 25-Jan-2026?
M01196,TH00598,2026-01-25,jay@example.in,buying@saurashtragreen.in,RE: Requirement rice husk 2026-01,Ok for 169.4 MT at Rs 2449 per tonne. Loading will start before 25-Jan-2026.
M01197,TH00599,2026-01-15,buying@saurashtragreen.in,new@example.in,Requirement rice husk 2026-01,"Requirement 151.8 MT rice husk, delivery on or before 15-Jan-2026. Kindly confirm rate."
M01198,TH00599,2026-01-15,new@example.in,buying@saurashtragreen.in,RE: Requirement rice husk 2026-01,Ok for 151.8 MT at Rs 2440 per tonne. Loading will start before 15-Jan-2026.
M01199,TH00600,2026-01-20,buying@saurashtragreen.in,sardar@example.in,Requirement rice husk 2026-01,Please confirm availability of 167.4 MT rice husk for delivery by 20-Jan-2026.
M01200,TH00600,2026-01-20,sardar@example.in,buying@saurashtragreen.in,RE: Requirement rice husk 2026-01,Ok for 167.4 MT at Rs 2444 per tonne. Loading will start before 20-Jan-2026.
M01201,TH00601,2026-01-18,buying@saurashtragreen.in,jay@example.in,Requirement rice husk 2026-01,Please confirm availability of 374.6 MT rice husk for delivery by 18-Jan-2026.
M01202,TH00601,2026-01-18,jay@example.in,buying@saurashtragreen.in,RE: Requirement rice husk 2026-01,Ok for 374.6 MT at Rs 2449 per tonne. Loading will start before 18-Jan-2026.
M01203,TH00602,2026-01-11,buying@saurashtragreen.in,somnath@example.in,Requirement rice husk 2026-01,Please confirm availability of 362.7 MT rice husk for delivery by 11-Jan-2026.
M01204,TH00602,2026-01-11,somnath@example.in,buying@saurashtragreen.in,RE: Requirement rice husk 2026-01,Accepted. 362.7 MT rice husk @ Rs 2450 PMT. Delivery 11-Jan-2026 positive.
M01205,TH00603,2026-01-25,buying@saurashtragreen.in,om@example.in,Requirement rice husk 2026-01,We need 379.9 MT of rice husk. Can you commit by 25-Jan-2026?
M01206,TH00603,2026-01-25,om@example.in,buying@saurashtragreen.in,RE: Requirement rice husk 2026-01,"Yes sir, 379.9 MT available. Rate Rs 2464/MT. Will dispatch before 25-Jan-2026."
M01207,TH00604,2026-01-14,buying@saurashtragreen.in,jay@example.in,Requirement rice husk 2026-01,"Requirement 227.3 MT rice husk, delivery on or before 14-Jan-2026. Kindly confirm rate."
M01208,TH00604,2026-01-14,jay@example.in,buying@saurashtragreen.in,RE: Requirement rice husk 2026-01,Ok for 227.3 MT at Rs 2452 per tonne. Loading will start before 14-Jan-2026.
M01209,TH00605,2026-01-13,buying@saurashtragreen.in,dwarka@example.in,Requirement mustard stalk 2026-01,We need 251.3 MT of mustard stalk. Can you commit by 13-Jan-2026?
M01210,TH00605,2026-01-13,dwarka@example.in,buying@saurashtragreen.in,RE: Requirement mustard stalk 2026-01,"Yes sir, 251.3 MT available. Rate Rs 2565/MT. Will dispatch before 13-Jan-2026."
M01211,TH00606,2026-01-10,buying@saurashtragreen.in,jay@example.in,Requirement rice husk 2026-01,We need 405.2 MT of rice husk. Can you commit by 10-Jan-2026?
M01212,TH00606,2026-01-10,jay@example.in,buying@saurashtragreen.in,RE: Requirement rice husk 2026-01,"Confirmed. We can supply 405.2 MT rice husk at Rs 2427 per MT, delivery by 10-Jan-2026."
M01213,TH00607,2026-01-17,buying@saurashtragreen.in,shree@example.in,Requirement rice husk 2026-01,Please confirm availability of 221.9 MT rice husk for delivery by 17-Jan-2026.
M01214,TH00607,2026-01-17,shree@example.in,buying@saurashtragreen.in,RE: Requirement rice husk 2026-01,Ok for 221.9 MT at Rs 2426 per tonne. Loading will start before 17-Jan-2026.
M01215,TH00608,2026-01-24,buying@saurashtragreen.in,new@example.in,Requirement rice husk 2026-01,We need 238.8 MT of rice husk. Can you commit by 24-Jan-2026?
M01216,TH00608,2026-01-24,new@example.in,buying@saurashtragreen.in,RE: Requirement rice husk 2026-01,Ok for 238.8 MT at Rs 2342 per tonne. Loading will start before 24-Jan-2026.
M01217,TH00609,2026-01-13,buying@saurashtragreen.in,dwarka@example.in,Requirement rice husk 2026-01,"Requirement 274.8 MT rice husk, delivery on or before 13-Jan-2026. Kindly confirm rate."
M01218,TH00609,2026-01-13,dwarka@example.in,buying@saurashtragreen.in,RE: Requirement rice husk 2026-01,Ok for 274.8 MT at Rs 2391 per tonne. Loading will start before 13-Jan-2026.
M01219,TH00610,2026-01-25,buying@saurashtragreen.in,somnath@example.in,Requirement rice husk 2026-01,We need 302.7 MT of rice husk. Can you commit by 25-Jan-2026?
M01220,TH00610,2026-01-25,somnath@example.in,buying@saurashtragreen.in,RE: Requirement rice husk 2026-01,"Yes sir, 302.7 MT available. Rate Rs 2462/MT. Will dispatch before 25-Jan-2026."
M01221,TH00611,2026-01-11,buying@saurashtragreen.in,dwarka@example.in,Requirement rice husk 2026-01,Please confirm availability of 212.8 MT rice husk for delivery by 11-Jan-2026.
M01222,TH00611,2026-01-11,dwarka@example.in,buying@saurashtragreen.in,RE: Requirement rice husk 2026-01,Accepted. 212.8 MT rice husk @ Rs 2405 PMT. Delivery 11-Jan-2026 positive.
M01223,TH00612,2026-01-28,buying@saurashtragreen.in,sardar@example.in,Requirement rice husk 2026-01,We need 372.7 MT of rice husk. Can you commit by 28-Jan-2026?
M01224,TH00612,2026-01-28,sardar@example.in,buying@saurashtragreen.in,RE: Requirement rice husk 2026-01,"Yes sir, 372.7 MT available. Rate Rs 2350/MT. Will dispatch before 28-Jan-2026."
M01225,TH00613,2026-02-15,buying@saurashtragreen.in,dwarka@example.in,Requirement mustard stalk 2026-02,Please confirm availability of 168.5 MT mustard stalk for delivery by 15-Feb-2026.
M01226,TH00613,2026-02-15,dwarka@example.in,buying@saurashtragreen.in,RE: Requirement mustard stalk 2026-02,"Confirmed. We can supply 168.5 MT mustard stalk at Rs 2589 per MT, delivery by 15-Feb-2026."
M01227,TH00614,2026-02-26,buying@saurashtragreen.in,dwarka@example.in,Requirement rice husk 2026-02,"Requirement 395.7 MT rice husk, delivery on or before 26-Feb-2026. Kindly confirm rate."
M01228,TH00614,2026-02-26,dwarka@example.in,buying@saurashtragreen.in,RE: Requirement rice husk 2026-02,Ok for 395.7 MT at Rs 2464 per tonne. Loading will start before 26-Feb-2026.
M01229,TH00615,2026-02-13,buying@saurashtragreen.in,somnath@example.in,Requirement rice husk 2026-02,We need 376.7 MT of rice husk. Can you commit by 13-Feb-2026?
M01230,TH00615,2026-02-13,somnath@example.in,buying@saurashtragreen.in,RE: Requirement rice husk 2026-02,"Yes sir, 376.7 MT available. Rate Rs 2427/MT. Will dispatch before 13-Feb-2026."
M01231,TH00616,2026-02-22,buying@saurashtragreen.in,dwarka@example.in,Requirement rice husk 2026-02,We need 240.1 MT of rice husk. Can you commit by 22-Feb-2026?
M01232,TH00616,2026-02-22,dwarka@example.in,buying@saurashtragreen.in,RE: Requirement rice husk 2026-02,Ok for 240.1 MT at Rs 2420 per tonne. Loading will start before 22-Feb-2026.
M01233,TH00617,2026-02-10,buying@saurashtragreen.in,maa@example.in,Requirement rice husk 2026-02,Please confirm availability of 232.8 MT rice husk for delivery by 10-Feb-2026.
M01234,TH00617,2026-02-10,maa@example.in,buying@saurashtragreen.in,RE: Requirement rice husk 2026-02,Accepted. 232.8 MT rice husk @ Rs 2441 PMT. Delivery 10-Feb-2026 positive.
M01235,TH00618,2026-02-23,buying@saurashtragreen.in,jay@example.in,Requirement rice husk 2026-02,"Requirement 369.5 MT rice husk, delivery on or before 23-Feb-2026. Kindly confirm rate."
M01236,TH00618,2026-02-23,jay@example.in,buying@saurashtragreen.in,RE: Requirement rice husk 2026-02,Accepted. 369.5 MT rice husk @ Rs 2473 PMT. Delivery 23-Feb-2026 positive.
M01237,TH00619,2026-02-19,buying@saurashtragreen.in,om@example.in,Requirement mustard stalk 2026-02,We need 170.1 MT of mustard stalk. Can you commit by 19-Feb-2026?
M01238,TH00619,2026-02-19,om@example.in,buying@saurashtragreen.in,RE: Requirement mustard stalk 2026-02,"Yes sir, 170.1 MT available. Rate Rs 2655/MT. Will dispatch before 19-Feb-2026."
M01239,TH00620,2026-02-21,buying@saurashtragreen.in,new@example.in,Requirement rice husk 2026-02,We need 320.5 MT of rice husk. Can you commit by 21-Feb-2026?
M01240,TH00620,2026-02-21,new@example.in,buying@saurashtragreen.in,RE: Requirement rice husk 2026-02,Ok for 320.5 MT at Rs 2383 per tonne. Loading will start before 21-Feb-2026.
M01241,TH00621,2026-02-26,buying@saurashtragreen.in,sardar@example.in,Requirement rice husk 2026-02,"Requirement 196.8 MT rice husk, delivery on or before 26-Feb-2026. Kindly confirm rate."
M01242,TH00621,2026-02-26,sardar@example.in,buying@saurashtragreen.in,RE: Requirement rice husk 2026-02,Accepted. 196.8 MT rice husk @ Rs 2457 PMT. Delivery 26-Feb-2026 positive.
M01243,TH00622,2026-02-16,buying@saurashtragreen.in,new@example.in,Requirement rice husk 2026-02,Please confirm availability of 257.5 MT rice husk for delivery by 16-Feb-2026.
M01244,TH00622,2026-02-16,new@example.in,buying@saurashtragreen.in,RE: Requirement rice husk 2026-02,"Confirmed. We can supply 257.5 MT rice husk at Rs 2413 per MT, delivery by 16-Feb-2026."
M01245,TH00623,2026-02-25,buying@saurashtragreen.in,shree@example.in,Requirement rice husk 2026-02,We need 401.2 MT of rice husk. Can you commit by 25-Feb-2026?
M01246,TH00623,2026-02-25,shree@example.in,buying@saurashtragreen.in,RE: Requirement rice husk 2026-02,Accepted. 401.2 MT rice husk @ Rs 2411 PMT. Delivery 25-Feb-2026 positive.
M01247,TH00624,2026-02-12,buying@saurashtragreen.in,dwarka@example.in,Requirement rice husk 2026-02,Please confirm availability of 218.2 MT rice husk for delivery by 12-Feb-2026.
M01248,TH00624,2026-02-12,dwarka@example.in,buying@saurashtragreen.in,RE: Requirement rice husk 2026-02,"Confirmed. We can supply 218.2 MT rice husk at Rs 2453 per MT, delivery by 12-Feb-2026."
M01249,TH00625,2026-02-14,buying@saurashtragreen.in,shree@example.in,Requirement rice husk 2026-02,We need 345.4 MT of rice husk. Can you commit by 14-Feb-2026?
M01250,TH00625,2026-02-14,shree@example.in,buying@saurashtragreen.in,RE: Requirement rice husk 2026-02,Accepted. 345.4 MT rice husk @ Rs 2490 PMT. Delivery 14-Feb-2026 positive.
M01251,TH00626,2026-02-13,buying@saurashtragreen.in,maa@example.in,Requirement rice husk 2026-02,"Requirement 212.1 MT rice husk, delivery on or before 13-Feb-2026. Kindly confirm rate."
M01252,TH00626,2026-02-13,maa@example.in,buying@saurashtragreen.in,RE: Requirement rice husk 2026-02,"Yes sir, 212.1 MT available. Rate Rs 2487/MT. Will dispatch before 13-Feb-2026."
M01253,TH00627,2026-02-28,buying@saurashtragreen.in,dwarka@example.in,Requirement rice husk 2026-02,We need 129.9 MT of rice husk. Can you commit by 28-Feb-2026?
M01254,TH00627,2026-02-28,dwarka@example.in,buying@saurashtragreen.in,RE: Requirement rice husk 2026-02,Ok for 129.9 MT at Rs 2387 per tonne. Loading will start before 28-Feb-2026.
M01255,TH00628,2026-03-26,buying@saurashtragreen.in,shree@example.in,Requirement rice husk 2026-03,Please confirm availability of 152.0 MT rice husk for delivery by 26-Mar-2026.
M01256,TH00628,2026-03-26,shree@example.in,buying@saurashtragreen.in,RE: Requirement rice husk 2026-03,Ok for 152.0 MT at Rs 2566 per tonne. Loading will start before 26-Mar-2026.
M01257,TH00629,2026-03-10,buying@saurashtragreen.in,dwarka@example.in,Requirement rice husk 2026-03,Please confirm availability of 201.2 MT rice husk for delivery by 10-Mar-2026.
M01258,TH00629,2026-03-10,dwarka@example.in,buying@saurashtragreen.in,RE: Requirement rice husk 2026-03,"Yes sir, 201.2 MT available. Rate Rs 2530/MT. Will dispatch before 10-Mar-2026."
M01259,TH00630,2026-03-15,buying@saurashtragreen.in,new@example.in,Requirement rice husk 2026-03,Please confirm availability of 332.8 MT rice husk for delivery by 15-Mar-2026.
M01260,TH00630,2026-03-15,new@example.in,buying@saurashtragreen.in,RE: Requirement rice husk 2026-03,Ok for 332.8 MT at Rs 2529 per tonne. Loading will start before 15-Mar-2026.
M01261,TH00631,2026-03-12,buying@saurashtragreen.in,maa@example.in,Requirement rice husk 2026-03,We need 327.1 MT of rice husk. Can you commit by 12-Mar-2026?
M01262,TH00631,2026-03-12,maa@example.in,buying@saurashtragreen.in,RE: Requirement rice husk 2026-03,"Yes sir, 327.1 MT available. Rate Rs 2463/MT. Will dispatch before 12-Mar-2026."
M01263,TH00632,2026-03-21,buying@saurashtragreen.in,dwarka@example.in,Requirement rice husk 2026-03,Please confirm availability of 268.9 MT rice husk for delivery by 21-Mar-2026.
M01264,TH00632,2026-03-21,dwarka@example.in,buying@saurashtragreen.in,RE: Requirement rice husk 2026-03,Accepted. 268.9 MT rice husk @ Rs 2537 PMT. Delivery 21-Mar-2026 positive.
M01265,TH00633,2026-03-12,buying@saurashtragreen.in,dwarka@example.in,Requirement rice husk 2026-03,"Requirement 165.4 MT rice husk, delivery on or before 12-Mar-2026. Kindly confirm rate."
M01266,TH00633,2026-03-12,dwarka@example.in,buying@saurashtragreen.in,RE: Requirement rice husk 2026-03,Accepted. 165.4 MT rice husk @ Rs 2490 PMT. Delivery 12-Mar-2026 positive.
M01267,TH00634,2026-03-19,buying@saurashtragreen.in,sardar@example.in,Requirement rice husk 2026-03,Please confirm availability of 198.2 MT rice husk for delivery by 19-Mar-2026.
M01268,TH00634,2026-03-19,sardar@example.in,buying@saurashtragreen.in,RE: Requirement rice husk 2026-03,"Yes sir, 198.2 MT available. Rate Rs 2596/MT. Will dispatch before 19-Mar-2026."
M01269,TH00635,2026-03-23,buying@saurashtragreen.in,maa@example.in,Requirement rice husk 2026-03,Please confirm availability of 143.5 MT rice husk for delivery by 23-Mar-2026.
M01270,TH00635,2026-03-23,maa@example.in,buying@saurashtragreen.in,RE: Requirement rice husk 2026-03,Ok for 143.5 MT at Rs 2531 per tonne. Loading will start before 23-Mar-2026.
M01271,TH00636,2026-03-20,buying@saurashtragreen.in,dwarka@example.in,Requirement mustard stalk 2026-03,We need 270.5 MT of mustard stalk. Can you commit by 20-Mar-2026?
M01272,TH00636,2026-03-20,dwarka@example.in,buying@saurashtragreen.in,RE: Requirement mustard stalk 2026-03,Ok for 270.5 MT at Rs 2804 per tonne. Loading will start before 20-Mar-2026.
M01273,TH00637,2026-03-25,buying@saurashtragreen.in,dwarka@example.in,Requirement mustard stalk 2026-03,We need 348.4 MT of mustard stalk. Can you commit by 25-Mar-2026?
M01274,TH00637,2026-03-25,dwarka@example.in,buying@saurashtragreen.in,RE: Requirement mustard stalk 2026-03,Accepted. 348.4 MT mustard stalk @ Rs 2738 PMT. Delivery 25-Mar-2026 positive.
M01275,TH00638,2026-03-25,buying@saurashtragreen.in,dwarka@example.in,Requirement rice husk 2026-03,Please confirm availability of 182.6 MT rice husk for delivery by 25-Mar-2026.
M01276,TH00638,2026-03-25,dwarka@example.in,buying@saurashtragreen.in,RE: Requirement rice husk 2026-03,Ok for 182.6 MT at Rs 2495 per tonne. Loading will start before 25-Mar-2026.
M01277,TH00639,2026-03-20,buying@saurashtragreen.in,dwarka@example.in,Requirement mustard stalk 2026-03,We need 266.4 MT of mustard stalk. Can you commit by 20-Mar-2026?
M01278,TH00639,2026-03-20,dwarka@example.in,buying@saurashtragreen.in,RE: Requirement mustard stalk 2026-03,Accepted. 266.4 MT mustard stalk @ Rs 2780 PMT. Delivery 20-Mar-2026 positive.
M01279,TH00640,2026-03-10,buying@saurashtragreen.in,sardar@example.in,Requirement rice husk 2026-03,Please confirm availability of 309.1 MT rice husk for delivery by 10-Mar-2026.
M01280,TH00640,2026-03-10,sardar@example.in,buying@saurashtragreen.in,RE: Requirement rice husk 2026-03,"Yes sir, 309.1 MT available. Rate Rs 2567/MT. Will dispatch before 10-Mar-2026."
M01281,TH00641,2026-03-22,buying@saurashtragreen.in,maa@example.in,Requirement rice husk 2026-03,Please confirm availability of 174.1 MT rice husk for delivery by 22-Mar-2026.
M01282,TH00641,2026-03-22,maa@example.in,buying@saurashtragreen.in,RE: Requirement rice husk 2026-03,Accepted. 174.1 MT rice husk @ Rs 2480 PMT. Delivery 22-Mar-2026 positive.
M01283,TH00642,2026-03-16,buying@saurashtragreen.in,somnath@example.in,Requirement rice husk 2026-03,We need 227.8 MT of rice husk. Can you commit by 16-Mar-2026?
M01284,TH00642,2026-03-16,somnath@example.in,buying@saurashtragreen.in,RE: Requirement rice husk 2026-03,Accepted. 227.8 MT rice husk @ Rs 2487 PMT. Delivery 16-Mar-2026 positive.
M01285,TH00643,2026-04-23,buying@saurashtragreen.in,somnath@example.in,Requirement rice husk 2026-04,We need 272.4 MT of rice husk. Can you commit by 23-Apr-2026?
M01286,TH00643,2026-04-23,somnath@example.in,buying@saurashtragreen.in,RE: Requirement rice husk 2026-04,"Yes sir, 272.4 MT available. Rate Rs 2643/MT. Will dispatch before 23-Apr-2026."
M01287,TH00644,2026-04-24,buying@saurashtragreen.in,somnath@example.in,Requirement mustard stalk 2026-04,We need 355.2 MT of mustard stalk. Can you commit by 24-Apr-2026?
M01288,TH00644,2026-04-24,somnath@example.in,buying@saurashtragreen.in,RE: Requirement mustard stalk 2026-04,Accepted. 355.2 MT mustard stalk @ Rs 2850 PMT. Delivery 24-Apr-2026 positive.
M01289,TH00645,2026-04-28,buying@saurashtragreen.in,somnath@example.in,Requirement mustard stalk 2026-04,"Requirement 132.3 MT mustard stalk, delivery on or before 28-Apr-2026. Kindly confirm rate."
M01290,TH00645,2026-04-28,somnath@example.in,buying@saurashtragreen.in,RE: Requirement mustard stalk 2026-04,"Confirmed. We can supply 132.3 MT mustard stalk at Rs 2872 per MT, delivery by 28-Apr-2026."
M01291,TH00646,2026-04-26,buying@saurashtragreen.in,shree@example.in,Requirement mustard stalk 2026-04,Please confirm availability of 338.3 MT mustard stalk for delivery by 26-Apr-2026.
M01292,TH00646,2026-04-26,shree@example.in,buying@saurashtragreen.in,RE: Requirement mustard stalk 2026-04,Ok for 338.3 MT at Rs 2965 per tonne. Loading will start before 26-Apr-2026.
M01293,TH00647,2026-04-15,buying@saurashtragreen.in,om@example.in,Requirement rice husk 2026-04,"Requirement 195.9 MT rice husk, delivery on or before 15-Apr-2026. Kindly confirm rate."
M01294,TH00647,2026-04-15,om@example.in,buying@saurashtragreen.in,RE: Requirement rice husk 2026-04,Accepted. 195.9 MT rice husk @ Rs 2678 PMT. Delivery 15-Apr-2026 positive.
M01295,TH00648,2026-04-22,buying@saurashtragreen.in,maa@example.in,Requirement rice husk 2026-04,We need 193.6 MT of rice husk. Can you commit by 22-Apr-2026?
M01296,TH00648,2026-04-22,maa@example.in,buying@saurashtragreen.in,RE: Requirement rice husk 2026-04,"Confirmed. We can supply 193.6 MT rice husk at Rs 2660 per MT, delivery by 22-Apr-2026."
M01297,TH00649,2026-04-17,buying@saurashtragreen.in,jay@example.in,Requirement rice husk 2026-04,We need 148.0 MT of rice husk. Can you commit by 17-Apr-2026?
M01298,TH00649,2026-04-17,jay@example.in,buying@saurashtragreen.in,RE: Requirement rice husk 2026-04,"Yes sir, 148.0 MT available. Rate Rs 2720/MT. Will dispatch before 17-Apr-2026."
M01299,TH00650,2026-04-26,buying@saurashtragreen.in,shree@example.in,Requirement rice husk 2026-04,Please confirm availability of 144.0 MT rice husk for delivery by 26-Apr-2026.
M01300,TH00650,2026-04-26,shree@example.in,buying@saurashtragreen.in,RE: Requirement rice husk 2026-04,Ok for 144.0 MT at Rs 2692 per tonne. Loading will start before 26-Apr-2026.
M01301,TH00651,2026-04-13,buying@saurashtragreen.in,new@example.in,Requirement rice husk 2026-04,"Requirement 365.6 MT rice husk, delivery on or before 13-Apr-2026. Kindly confirm rate."
M01302,TH00651,2026-04-13,new@example.in,buying@saurashtragreen.in,RE: Requirement rice husk 2026-04,"Confirmed. We can supply 365.6 MT rice husk at Rs 2767 per MT, delivery by 13-Apr-2026."
M01303,TH00652,2026-04-27,buying@saurashtragreen.in,maa@example.in,Requirement rice husk 2026-04,"Requirement 287.0 MT rice husk, delivery on or before 27-Apr-2026. Kindly confirm rate."
M01304,TH00652,2026-04-27,maa@example.in,buying@saurashtragreen.in,RE: Requirement rice husk 2026-04,"Yes sir, 287.0 MT available. Rate Rs 2710/MT. Will dispatch before 27-Apr-2026."
M01305,TH00653,2026-04-23,buying@saurashtragreen.in,jay@example.in,Requirement rice husk 2026-04,"Requirement 252.0 MT rice husk, delivery on or before 23-Apr-2026. Kindly confirm rate."
M01306,TH00653,2026-04-23,jay@example.in,buying@saurashtragreen.in,RE: Requirement rice husk 2026-04,"Confirmed. We can supply 252.0 MT rice husk at Rs 2766 per MT, delivery by 23-Apr-2026."
M01307,TH00654,2026-04-13,buying@saurashtragreen.in,sardar@example.in,Requirement rice husk 2026-04,We need 192.2 MT of rice husk. Can you commit by 13-Apr-2026?
M01308,TH00654,2026-04-13,sardar@example.in,buying@saurashtragreen.in,RE: Requirement rice husk 2026-04,Ok for 192.2 MT at Rs 2706 per tonne. Loading will start before 13-Apr-2026.
M01309,TH00655,2026-04-13,buying@saurashtragreen.in,somnath@example.in,Requirement rice husk 2026-04,Please confirm availability of 182.9 MT rice husk for delivery by 13-Apr-2026.
M01310,TH00655,2026-04-13,somnath@example.in,buying@saurashtragreen.in,RE: Requirement rice husk 2026-04,"Confirmed. We can supply 182.9 MT rice husk at Rs 2664 per MT, delivery by 13-Apr-2026."
M01311,TH00656,2026-04-12,buying@saurashtragreen.in,maa@example.in,Requirement rice husk 2026-04,Please confirm availability of 298.1 MT rice husk for delivery by 12-Apr-2026.
M01312,TH00656,2026-04-12,maa@example.in,buying@saurashtragreen.in,RE: Requirement rice husk 2026-04,Accepted. 298.1 MT rice husk @ Rs 2725 PMT. Delivery 12-Apr-2026 positive.
M01313,TH00657,2026-04-22,buying@saurashtragreen.in,maa@example.in,Requirement rice husk 2026-04,"Requirement 301.2 MT rice husk, delivery on or before 22-Apr-2026. Kindly confirm rate."
M01314,TH00657,2026-04-22,maa@example.in,buying@saurashtragreen.in,RE: Requirement rice husk 2026-04,"Yes sir, 301.2 MT available. Rate Rs 2725/MT. Will dispatch before 22-Apr-2026."
M01315,TH00658,2026-04-17,buying@saurashtragreen.in,jay@example.in,Requirement rice husk 2026-04,"Requirement 283.7 MT rice husk, delivery on or before 17-Apr-2026. Kindly confirm rate."
M01316,TH00658,2026-04-17,jay@example.in,buying@saurashtragreen.in,RE: Requirement rice husk 2026-04,Accepted. 283.7 MT rice husk @ Rs 2740 PMT. Delivery 17-Apr-2026 positive.
M01317,TH00659,2026-04-27,buying@saurashtragreen.in,sardar@example.in,Requirement rice husk 2026-04,We need 292.2 MT of rice husk. Can you commit by 27-Apr-2026?
M01318,TH00659,2026-04-27,sardar@example.in,buying@saurashtragreen.in,RE: Requirement rice husk 2026-04,"Confirmed. We can supply 292.2 MT rice husk at Rs 2729 per MT, delivery by 27-Apr-2026."
M01319,TH00660,2026-04-26,buying@saurashtragreen.in,jay@example.in,Requirement rice husk 2026-04,We need 374.7 MT of rice husk. Can you commit by 26-Apr-2026?
M01320,TH00660,2026-04-26,jay@example.in,buying@saurashtragreen.in,RE: Requirement rice husk 2026-04,"Yes sir, 374.7 MT available. Rate Rs 2798/MT. Will dispatch before 26-Apr-2026."
M01321,TH00661,2026-05-23,buying@saurashtragreen.in,shree@example.in,Requirement mustard stalk 2026-05,Please confirm availability of 300.2 MT mustard stalk for delivery by 23-May-2026.
M01322,TH00661,2026-05-23,shree@example.in,buying@saurashtragreen.in,RE: Requirement mustard stalk 2026-05,Ok for 300.2 MT at Rs 2966 per tonne. Loading will start before 23-May-2026.
M01323,TH00662,2026-05-11,buying@saurashtragreen.in,maa@example.in,Requirement rice husk 2026-05,"Requirement 123.9 MT rice husk, delivery on or before 11-May-2026. Kindly confirm rate."
M01324,TH00662,2026-05-11,maa@example.in,buying@saurashtragreen.in,RE: Requirement rice husk 2026-05,"Yes sir, 123.9 MT available. Rate Rs 2803/MT. Will dispatch before 11-May-2026."
M01325,TH00663,2026-05-24,buying@saurashtragreen.in,dwarka@example.in,Requirement mustard stalk 2026-05,"Requirement 302.5 MT mustard stalk, delivery on or before 24-May-2026. Kindly confirm rate."
M01326,TH00663,2026-05-24,dwarka@example.in,buying@saurashtragreen.in,RE: Requirement mustard stalk 2026-05,"Confirmed. We can supply 302.5 MT mustard stalk at Rs 2965 per MT, delivery by 24-May-2026."
M01327,TH00664,2026-05-15,buying@saurashtragreen.in,somnath@example.in,Requirement rice husk 2026-05,"Requirement 316.9 MT rice husk, delivery on or before 15-May-2026. Kindly confirm rate."
M01328,TH00664,2026-05-15,somnath@example.in,buying@saurashtragreen.in,RE: Requirement rice husk 2026-05,Accepted. 316.9 MT rice husk @ Rs 2762 PMT. Delivery 15-May-2026 positive.
M01329,TH00665,2026-05-23,buying@saurashtragreen.in,shree@example.in,Requirement rice husk 2026-05,We need 381.1 MT of rice husk. Can you commit by 23-May-2026?
M01330,TH00665,2026-05-23,shree@example.in,buying@saurashtragreen.in,RE: Requirement rice husk 2026-05,"Yes sir, 381.1 MT available. Rate Rs 2733/MT. Will dispatch before 23-May-2026."
M01331,TH00666,2026-05-12,buying@saurashtragreen.in,new@example.in,Requirement rice husk 2026-05,We need 265.5 MT of rice husk. Can you commit by 12-May-2026?
M01332,TH00666,2026-05-12,new@example.in,buying@saurashtragreen.in,RE: Requirement rice husk 2026-05,Accepted. 265.5 MT rice husk @ Rs 2698 PMT. Delivery 12-May-2026 positive.
M01333,TH00667,2026-05-19,buying@saurashtragreen.in,maa@example.in,Requirement rice husk 2026-05,Please confirm availability of 326.5 MT rice husk for delivery by 19-May-2026.
M01334,TH00667,2026-05-19,maa@example.in,buying@saurashtragreen.in,RE: Requirement rice husk 2026-05,Accepted. 326.5 MT rice husk @ Rs 2756 PMT. Delivery 19-May-2026 positive.
M01335,TH00668,2026-05-11,buying@saurashtragreen.in,somnath@example.in,Requirement rice husk 2026-05,We need 392.2 MT of rice husk. Can you commit by 11-May-2026?
M01336,TH00668,2026-05-11,somnath@example.in,buying@saurashtragreen.in,RE: Requirement rice husk 2026-05,Accepted. 392.2 MT rice husk @ Rs 2704 PMT. Delivery 11-May-2026 positive.
M01337,TH00669,2026-05-13,buying@saurashtragreen.in,somnath@example.in,Requirement mustard stalk 2026-05,Please confirm availability of 414.4 MT mustard stalk for delivery by 13-May-2026.
M01338,TH00669,2026-05-13,somnath@example.in,buying@saurashtragreen.in,RE: Requirement mustard stalk 2026-05,Ok for 414.4 MT at Rs 3042 per tonne. Loading will start before 13-May-2026.
M01339,TH00670,2026-05-11,buying@saurashtragreen.in,new@example.in,Requirement rice husk 2026-05,Please confirm availability of 382.3 MT rice husk for delivery by 11-May-2026.
M01340,TH00670,2026-05-11,new@example.in,buying@saurashtragreen.in,RE: Requirement rice husk 2026-05,Accepted. 382.3 MT rice husk @ Rs 2747 PMT. Delivery 11-May-2026 positive.
M01341,TH00671,2026-05-27,buying@saurashtragreen.in,shree@example.in,Requirement rice husk 2026-05,Please confirm availability of 215.0 MT rice husk for delivery by 27-May-2026.
M01342,TH00671,2026-05-27,shree@example.in,buying@saurashtragreen.in,RE: Requirement rice husk 2026-05,Accepted. 215.0 MT rice husk @ Rs 2787 PMT. Delivery 27-May-2026 positive.
M01343,TH00672,2026-05-22,buying@saurashtragreen.in,maa@example.in,Requirement rice husk 2026-05,We need 412.8 MT of rice husk. Can you commit by 22-May-2026?
M01344,TH00672,2026-05-22,maa@example.in,buying@saurashtragreen.in,RE: Requirement rice husk 2026-05,Accepted. 412.8 MT rice husk @ Rs 2757 PMT. Delivery 22-May-2026 positive.
M01345,TH00673,2026-05-18,buying@saurashtragreen.in,somnath@example.in,Requirement rice husk 2026-05,We need 258.9 MT of rice husk. Can you commit by 18-May-2026?
M01346,TH00673,2026-05-18,somnath@example.in,buying@saurashtragreen.in,RE: Requirement rice husk 2026-05,"Confirmed. We can supply 258.9 MT rice husk at Rs 2739 per MT, delivery by 18-May-2026."
M01347,TH00674,2026-05-21,buying@saurashtragreen.in,somnath@example.in,Requirement mustard stalk 2026-05,"Requirement 364.0 MT mustard stalk, delivery on or before 21-May-2026. Kindly confirm rate."
M01348,TH00674,2026-05-21,somnath@example.in,buying@saurashtragreen.in,RE: Requirement mustard stalk 2026-05,Accepted. 364.0 MT mustard stalk @ Rs 2977 PMT. Delivery 21-May-2026 positive.
M01349,TH00675,2026-05-16,buying@saurashtragreen.in,shree@example.in,Requirement rice husk 2026-05,We need 235.5 MT of rice husk. Can you commit by 16-May-2026?
M01350,TH00675,2026-05-16,shree@example.in,buying@saurashtragreen.in,RE: Requirement rice husk 2026-05,"Confirmed. We can supply 235.5 MT rice husk at Rs 2740 per MT, delivery by 16-May-2026."
M01351,TH00676,2026-05-25,buying@saurashtragreen.in,sardar@example.in,Requirement rice husk 2026-05,We need 183.1 MT of rice husk. Can you commit by 25-May-2026?
M01352,TH00676,2026-05-25,sardar@example.in,buying@saurashtragreen.in,RE: Requirement rice husk 2026-05,"Yes sir, 183.1 MT available. Rate Rs 2748/MT. Will dispatch before 25-May-2026."
M01353,TH00677,2026-05-12,buying@saurashtragreen.in,somnath@example.in,Requirement mustard stalk 2026-05,"Requirement 271.6 MT mustard stalk, delivery on or before 12-May-2026. Kindly confirm rate."
M01354,TH00677,2026-05-12,somnath@example.in,buying@saurashtragreen.in,RE: Requirement mustard stalk 2026-05,"Confirmed. We can supply 271.6 MT mustard stalk at Rs 3050 per MT, delivery by 12-May-2026."
M01355,TH00678,2026-05-25,buying@saurashtragreen.in,jay@example.in,Requirement rice husk 2026-05,Please confirm availability of 143.8 MT rice husk for delivery by 25-May-2026.
M01356,TH00678,2026-05-25,jay@example.in,buying@saurashtragreen.in,RE: Requirement rice husk 2026-05,Ok for 143.8 MT at Rs 2768 per tonne. Loading will start before 25-May-2026.
M01357,TH00679,2026-05-13,buying@saurashtragreen.in,shree@example.in,Requirement mustard stalk 2026-05,We need 402.3 MT of mustard stalk. Can you commit by 13-May-2026?
M01358,TH00679,2026-05-13,shree@example.in,buying@saurashtragreen.in,RE: Requirement mustard stalk 2026-05,Ok for 402.3 MT at Rs 3083 per tonne. Loading will start before 13-May-2026.
M01359,TH00680,2026-06-15,buying@saurashtragreen.in,om@example.in,Requirement rice husk 2026-06,Please confirm availability of 338.0 MT rice husk for delivery by 15-Jun-2026.
M01360,TH00680,2026-06-15,om@example.in,buying@saurashtragreen.in,RE: Requirement rice husk 2026-06,"Yes sir, 338.0 MT available. Rate Rs 2783/MT. Will dispatch before 15-Jun-2026."
M01361,TH00681,2026-06-28,buying@saurashtragreen.in,om@example.in,Requirement rice husk 2026-06,"Requirement 246.0 MT rice husk, delivery on or before 28-Jun-2026. Kindly confirm rate."
M01362,TH00681,2026-06-28,om@example.in,buying@saurashtragreen.in,RE: Requirement rice husk 2026-06,"Confirmed. We can supply 246.0 MT rice husk at Rs 2798 per MT, delivery by 28-Jun-2026."
M01363,TH00682,2026-06-22,buying@saurashtragreen.in,shree@example.in,Requirement rice husk 2026-06,We need 312.8 MT of rice husk. Can you commit by 22-Jun-2026?
M01364,TH00682,2026-06-22,shree@example.in,buying@saurashtragreen.in,RE: Requirement rice husk 2026-06,"Yes sir, 312.8 MT available. Rate Rs 2806/MT. Will dispatch before 22-Jun-2026."
M01365,TH00683,2026-06-19,buying@saurashtragreen.in,somnath@example.in,Requirement rice husk 2026-06,We need 201.5 MT of rice husk. Can you commit by 19-Jun-2026?
M01366,TH00683,2026-06-19,somnath@example.in,buying@saurashtragreen.in,RE: Requirement rice husk 2026-06,Ok for 201.5 MT at Rs 2912 per tonne. Loading will start before 19-Jun-2026.
M01367,TH00684,2026-06-17,buying@saurashtragreen.in,shree@example.in,Requirement rice husk 2026-06,Please confirm availability of 236.8 MT rice husk for delivery by 17-Jun-2026.
M01368,TH00684,2026-06-17,shree@example.in,buying@saurashtragreen.in,RE: Requirement rice husk 2026-06,Accepted. 236.8 MT rice husk @ Rs 2830 PMT. Delivery 17-Jun-2026 positive.
M01369,TH00685,2026-06-18,buying@saurashtragreen.in,shree@example.in,Requirement rice husk 2026-06,"Requirement 373.5 MT rice husk, delivery on or before 18-Jun-2026. Kindly confirm rate."
M01370,TH00685,2026-06-18,shree@example.in,buying@saurashtragreen.in,RE: Requirement rice husk 2026-06,Ok for 373.5 MT at Rs 2895 per tonne. Loading will start before 18-Jun-2026.
M01371,TH00686,2026-06-24,buying@saurashtragreen.in,maa@example.in,Requirement rice husk 2026-06,We need 146.9 MT of rice husk. Can you commit by 24-Jun-2026?
M01372,TH00686,2026-06-24,maa@example.in,buying@saurashtragreen.in,RE: Requirement rice husk 2026-06,"Confirmed. We can supply 146.9 MT rice husk at Rs 2873 per MT, delivery by 24-Jun-2026."
M01373,TH00687,2026-06-14,buying@saurashtragreen.in,somnath@example.in,Requirement rice husk 2026-06,Please confirm availability of 166.4 MT rice husk for delivery by 14-Jun-2026.
M01374,TH00687,2026-06-14,somnath@example.in,buying@saurashtragreen.in,RE: Requirement rice husk 2026-06,"Yes sir, 166.4 MT available. Rate Rs 2873/MT. Will dispatch before 14-Jun-2026."
M01375,TH00688,2026-06-21,buying@saurashtragreen.in,shree@example.in,Requirement rice husk 2026-06,"Requirement 404.5 MT rice husk, delivery on or before 21-Jun-2026. Kindly confirm rate."
M01376,TH00688,2026-06-21,shree@example.in,buying@saurashtragreen.in,RE: Requirement rice husk 2026-06,Ok for 404.5 MT at Rs 2817 per tonne. Loading will start before 21-Jun-2026.
M01377,TH00689,2026-06-21,buying@saurashtragreen.in,somnath@example.in,Requirement rice husk 2026-06,We need 405.3 MT of rice husk. Can you commit by 21-Jun-2026?
M01378,TH00689,2026-06-21,somnath@example.in,buying@saurashtragreen.in,RE: Requirement rice husk 2026-06,Accepted. 405.3 MT rice husk @ Rs 2771 PMT. Delivery 21-Jun-2026 positive.
M01379,TH00690,2026-06-19,buying@saurashtragreen.in,jay@example.in,Requirement rice husk 2026-06,"Requirement 250.5 MT rice husk, delivery on or before 19-Jun-2026. Kindly confirm rate."
M01380,TH00690,2026-06-19,jay@example.in,buying@saurashtragreen.in,RE: Requirement rice husk 2026-06,"Yes sir, 250.5 MT available. Rate Rs 2906/MT. Will dispatch before 19-Jun-2026."
M01381,TH00691,2026-06-19,buying@saurashtragreen.in,jay@example.in,Requirement rice husk 2026-06,"Requirement 319.0 MT rice husk, delivery on or before 19-Jun-2026. Kindly confirm rate."
M01382,TH00691,2026-06-19,jay@example.in,buying@saurashtragreen.in,RE: Requirement rice husk 2026-06,"Yes sir, 319.0 MT available. Rate Rs 2925/MT. Will dispatch before 19-Jun-2026."
M01383,TH00692,2026-06-17,buying@saurashtragreen.in,sardar@example.in,Requirement rice husk 2026-06,We need 336.1 MT of rice husk. Can you commit by 17-Jun-2026?
M01384,TH00692,2026-06-17,sardar@example.in,buying@saurashtragreen.in,RE: Requirement rice husk 2026-06,Ok for 336.1 MT at Rs 2830 per tonne. Loading will start before 17-Jun-2026.
M01385,TH00693,2026-06-28,buying@saurashtragreen.in,dwarka@example.in,Requirement rice husk 2026-06,"Requirement 346.1 MT rice husk, delivery on or before 28-Jun-2026. Kindly confirm rate."
M01386,TH00693,2026-06-28,dwarka@example.in,buying@saurashtragreen.in,RE: Requirement rice husk 2026-06,"Confirmed. We can supply 346.1 MT rice husk at Rs 2913 per MT, delivery by 28-Jun-2026."
M01387,TH00694,2026-06-14,buying@saurashtragreen.in,jay@example.in,Requirement rice husk 2026-06,"Requirement 234.6 MT rice husk, delivery on or before 14-Jun-2026. Kindly confirm rate."
M01388,TH00694,2026-06-14,jay@example.in,buying@saurashtragreen.in,RE: Requirement rice husk 2026-06,"Confirmed. We can supply 234.6 MT rice husk at Rs 2769 per MT, delivery by 14-Jun-2026."
M01389,TH00695,2026-06-21,buying@saurashtragreen.in,sardar@example.in,Requirement rice husk 2026-06,"Requirement 187.2 MT rice husk, delivery on or before 21-Jun-2026. Kindly confirm rate."
M01390,TH00695,2026-06-21,sardar@example.in,buying@saurashtragreen.in,RE: Requirement rice husk 2026-06,Accepted. 187.2 MT rice husk @ Rs 2818 PMT. Delivery 21-Jun-2026 positive.
M01391,TH00696,2026-06-24,buying@saurashtragreen.in,dwarka@example.in,Requirement rice husk 2026-06,We need 184.3 MT of rice husk. Can you commit by 24-Jun-2026?
M01392,TH00696,2026-06-24,dwarka@example.in,buying@saurashtragreen.in,RE: Requirement rice husk 2026-06,Accepted. 184.3 MT rice husk @ Rs 2895 PMT. Delivery 24-Jun-2026 positive.
M01393,TH00697,2026-06-24,buying@saurashtragreen.in,jay@example.in,Requirement rice husk 2026-06,Please confirm availability of 153.7 MT rice husk for delivery by 24-Jun-2026.
M01394,TH00697,2026-06-24,jay@example.in,buying@saurashtragreen.in,RE: Requirement rice husk 2026-06,Accepted. 153.7 MT rice husk @ Rs 2924 PMT. Delivery 24-Jun-2026 positive.
M01395,TH00698,2026-06-10,buying@saurashtragreen.in,somnath@example.in,Requirement rice husk 2026-06,Please confirm availability of 143.8 MT rice husk for delivery by 10-Jun-2026.
M01396,TH00698,2026-06-10,somnath@example.in,buying@saurashtragreen.in,RE: Requirement rice husk 2026-06,Ok for 143.8 MT at Rs 2781 per tonne. Loading will start before 10-Jun-2026.
M01397,TH00699,2026-07-22,buying@saurashtragreen.in,dwarka@example.in,Requirement rice husk 2026-07,We need 346.8 MT of rice husk. Can you commit by 22-Jul-2026?
M01398,TH00699,2026-07-22,dwarka@example.in,buying@saurashtragreen.in,RE: Requirement rice husk 2026-07,"Yes sir, 346.8 MT available. Rate Rs 2967/MT. Will dispatch before 22-Jul-2026."
M01399,TH00700,2026-07-26,buying@saurashtragreen.in,new@example.in,Requirement rice husk 2026-07,We need 306.6 MT of rice husk. Can you commit by 26-Jul-2026?
M01400,TH00700,2026-07-26,new@example.in,buying@saurashtragreen.in,RE: Requirement rice husk 2026-07,Ok for 306.6 MT at Rs 2861 per tonne. Loading will start before 26-Jul-2026.
M01401,TH00701,2026-07-18,buying@saurashtragreen.in,jay@example.in,Requirement rice husk 2026-07,"Requirement 334.4 MT rice husk, delivery on or before 18-Jul-2026. Kindly confirm rate."
M01402,TH00701,2026-07-18,jay@example.in,buying@saurashtragreen.in,RE: Requirement rice husk 2026-07,Ok for 334.4 MT at Rs 2884 per tonne. Loading will start before 18-Jul-2026.
M01403,TH00702,2026-07-23,buying@saurashtragreen.in,sardar@example.in,Requirement rice husk 2026-07,Please confirm availability of 278.8 MT rice husk for delivery by 23-Jul-2026.
M01404,TH00702,2026-07-23,sardar@example.in,buying@saurashtragreen.in,RE: Requirement rice husk 2026-07,Accepted. 278.8 MT rice husk @ Rs 2862 PMT. Delivery 23-Jul-2026 positive.
M01405,TH00703,2026-07-20,buying@saurashtragreen.in,jay@example.in,Requirement rice husk 2026-07,Please confirm availability of 366.7 MT rice husk for delivery by 20-Jul-2026.
M01406,TH00703,2026-07-20,jay@example.in,buying@saurashtragreen.in,RE: Requirement rice husk 2026-07,Ok for 366.7 MT at Rs 2933 per tonne. Loading will start before 20-Jul-2026.
M01407,TH00704,2026-07-11,buying@saurashtragreen.in,maa@example.in,Requirement rice husk 2026-07,We need 341.8 MT of rice husk. Can you commit by 11-Jul-2026?
M01408,TH00704,2026-07-11,maa@example.in,buying@saurashtragreen.in,RE: Requirement rice husk 2026-07,Accepted. 341.8 MT rice husk @ Rs 2904 PMT. Delivery 11-Jul-2026 positive.
M01409,TH00705,2026-07-26,buying@saurashtragreen.in,dwarka@example.in,Requirement rice husk 2026-07,"Requirement 185.1 MT rice husk, delivery on or before 26-Jul-2026. Kindly confirm rate."
M01410,TH00705,2026-07-26,dwarka@example.in,buying@saurashtragreen.in,RE: Requirement rice husk 2026-07,"Confirmed. We can supply 185.1 MT rice husk at Rs 2924 per MT, delivery by 26-Jul-2026."
M01411,TH00706,2026-07-27,buying@saurashtragreen.in,somnath@example.in,Requirement rice husk 2026-07,"Requirement 216.4 MT rice husk, delivery on or before 27-Jul-2026. Kindly confirm rate."
M01412,TH00706,2026-07-27,somnath@example.in,buying@saurashtragreen.in,RE: Requirement rice husk 2026-07,Accepted. 216.4 MT rice husk @ Rs 2889 PMT. Delivery 27-Jul-2026 positive.
M01413,TH00707,2026-07-20,buying@saurashtragreen.in,dwarka@example.in,Requirement mustard stalk 2026-07,Please confirm availability of 351.4 MT mustard stalk for delivery by 20-Jul-2026.
M01414,TH00707,2026-07-20,dwarka@example.in,buying@saurashtragreen.in,RE: Requirement mustard stalk 2026-07,Ok for 351.4 MT at Rs 3204 per tonne. Loading will start before 20-Jul-2026.
M01415,TH00708,2026-07-20,buying@saurashtragreen.in,sardar@example.in,Requirement rice husk 2026-07,"Requirement 226.7 MT rice husk, delivery on or before 20-Jul-2026. Kindly confirm rate."
M01416,TH00708,2026-07-20,sardar@example.in,buying@saurashtragreen.in,RE: Requirement rice husk 2026-07,Accepted. 226.7 MT rice husk @ Rs 2971 PMT. Delivery 20-Jul-2026 positive.
M01417,TH00709,2026-07-28,buying@saurashtragreen.in,shree@example.in,Requirement mustard stalk 2026-07,Please confirm availability of 381.6 MT mustard stalk for delivery by 28-Jul-2026.
M01418,TH00709,2026-07-28,shree@example.in,buying@saurashtragreen.in,RE: Requirement mustard stalk 2026-07,Ok for 381.6 MT at Rs 3035 per tonne. Loading will start before 28-Jul-2026.
M01419,TH00710,2026-07-23,buying@saurashtragreen.in,somnath@example.in,Requirement rice husk 2026-07,We need 248.0 MT of rice husk. Can you commit by 23-Jul-2026?
M01420,TH00710,2026-07-23,somnath@example.in,buying@saurashtragreen.in,RE: Requirement rice husk 2026-07,Accepted. 248.0 MT rice husk @ Rs 2892 PMT. Delivery 23-Jul-2026 positive.
M01421,TH00711,2026-07-21,buying@saurashtragreen.in,somnath@example.in,Requirement rice husk 2026-07,"Requirement 271.1 MT rice husk, delivery on or before 21-Jul-2026. Kindly confirm rate."
M01422,TH00711,2026-07-21,somnath@example.in,buying@saurashtragreen.in,RE: Requirement rice husk 2026-07,Accepted. 271.1 MT rice husk @ Rs 2906 PMT. Delivery 21-Jul-2026 positive.
M01423,TH00712,2026-07-10,buying@saurashtragreen.in,jay@example.in,Requirement rice husk 2026-07,"Requirement 247.1 MT rice husk, delivery on or before 10-Jul-2026. Kindly confirm rate."
M01424,TH00712,2026-07-10,jay@example.in,buying@saurashtragreen.in,RE: Requirement rice husk 2026-07,Accepted. 247.1 MT rice husk @ Rs 2955 PMT. Delivery 10-Jul-2026 positive.
M01425,TH00713,2026-07-28,buying@saurashtragreen.in,somnath@example.in,Requirement mustard stalk 2026-07,"Requirement 278.0 MT mustard stalk, delivery on or before 28-Jul-2026. Kindly confirm rate."
M01426,TH00713,2026-07-28,somnath@example.in,buying@saurashtragreen.in,RE: Requirement mustard stalk 2026-07,Ok for 278.0 MT at Rs 3067 per tonne. Loading will start before 28-Jul-2026.
M01427,TH00714,2026-07-28,buying@saurashtragreen.in,jay@example.in,Requirement rice husk 2026-07,"Requirement 418.2 MT rice husk, delivery on or before 28-Jul-2026. Kindly confirm rate."
M01428,TH00714,2026-07-28,jay@example.in,buying@saurashtragreen.in,RE: Requirement rice husk 2026-07,"Yes sir, 418.2 MT available. Rate Rs 2845/MT. Will dispatch before 28-Jul-2026."
M01429,TH00715,2026-07-15,buying@saurashtragreen.in,om@example.in,Requirement mustard stalk 2026-07,"Requirement 209.7 MT mustard stalk, delivery on or before 15-Jul-2026. Kindly confirm rate."
M01430,TH00715,2026-07-15,om@example.in,buying@saurashtragreen.in,RE: Requirement mustard stalk 2026-07,Ok for 209.7 MT at Rs 3185 per tonne. Loading will start before 15-Jul-2026.
M01431,TH00716,2026-07-27,buying@saurashtragreen.in,maa@example.in,Requirement rice husk 2026-07,We need 398.5 MT of rice husk. Can you commit by 27-Jul-2026?
M01432,TH00716,2026-07-27,maa@example.in,buying@saurashtragreen.in,RE: Requirement rice husk 2026-07,"Yes sir, 398.5 MT available. Rate Rs 2976/MT. Will dispatch before 27-Jul-2026."
M01433,TH00717,2026-07-25,buying@saurashtragreen.in,shree@example.in,Requirement mustard stalk 2026-07,Please confirm availability of 183.4 MT mustard stalk for delivery by 25-Jul-2026.
M01434,TH00717,2026-07-25,shree@example.in,buying@saurashtragreen.in,RE: Requirement mustard stalk 2026-07,"Yes sir, 183.4 MT available. Rate Rs 3162/MT. Will dispatch before 25-Jul-2026."
M01435,TH00718,2026-07-11,buying@saurashtragreen.in,maa@example.in,Requirement rice husk 2026-07,"Requirement 173.6 MT rice husk, delivery on or before 11-Jul-2026. Kindly confirm rate."
M01436,TH00718,2026-07-11,maa@example.in,buying@saurashtragreen.in,RE: Requirement rice husk 2026-07,"Yes sir, 173.6 MT available. Rate Rs 2852/MT. Will dispatch before 11-Jul-2026."
M01437,TH00719,2026-07-16,buying@saurashtragreen.in,dwarka@example.in,Requirement rice husk 2026-07,"Requirement 328.0 MT rice husk, delivery on or before 16-Jul-2026. Kindly confirm rate."
M01438,TH00719,2026-07-16,dwarka@example.in,buying@saurashtragreen.in,RE: Requirement rice husk 2026-07,Ok for 328.0 MT at Rs 2819 per tonne. Loading will start before 16-Jul-2026.
M01439,TH00720,2026-08-19,buying@saurashtragreen.in,maa@example.in,Requirement rice husk 2026-08,Please confirm availability of 340.9 MT rice husk for delivery by 19-Aug-2026.
M01440,TH00720,2026-08-19,maa@example.in,buying@saurashtragreen.in,RE: Requirement rice husk 2026-08,Accepted. 340.9 MT rice husk @ Rs 2767 PMT. Delivery 19-Aug-2026 positive.
M01441,TH00721,2026-08-11,buying@saurashtragreen.in,jay@example.in,Requirement rice husk 2026-08,We need 378.8 MT of rice husk. Can you commit by 11-Aug-2026?
M01442,TH00721,2026-08-11,jay@example.in,buying@saurashtragreen.in,RE: Requirement rice husk 2026-08,Ok for 378.8 MT at Rs 2829 per tonne. Loading will start before 11-Aug-2026.
M01443,TH00722,2026-08-12,buying@saurashtragreen.in,shree@example.in,Requirement rice husk 2026-08,We need 329.5 MT of rice husk. Can you commit by 12-Aug-2026?
M01444,TH00722,2026-08-12,shree@example.in,buying@saurashtragreen.in,RE: Requirement rice husk 2026-08,Ok for 329.5 MT at Rs 2794 per tonne. Loading will start before 12-Aug-2026.
M01445,TH00723,2026-08-21,buying@saurashtragreen.in,jay@example.in,Requirement rice husk 2026-08,We need 303.9 MT of rice husk. Can you commit by 21-Aug-2026?
M01446,TH00723,2026-08-21,jay@example.in,buying@saurashtragreen.in,RE: Requirement rice husk 2026-08,"Yes sir, 303.9 MT available. Rate Rs 2779/MT. Will dispatch before 21-Aug-2026."
M01447,TH00724,2026-08-20,buying@saurashtragreen.in,shree@example.in,Requirement rice husk 2026-08,"Requirement 138.1 MT rice husk, delivery on or before 20-Aug-2026. Kindly confirm rate."
M01448,TH00724,2026-08-20,shree@example.in,buying@saurashtragreen.in,RE: Requirement rice husk 2026-08,"Confirmed. We can supply 138.1 MT rice husk at Rs 2859 per MT, delivery by 20-Aug-2026."
M01449,TH00725,2026-08-11,buying@saurashtragreen.in,jay@example.in,Requirement rice husk 2026-08,"Requirement 407.0 MT rice husk, delivery on or before 11-Aug-2026. Kindly confirm rate."
M01450,TH00725,2026-08-11,jay@example.in,buying@saurashtragreen.in,RE: Requirement rice husk 2026-08,"Yes sir, 407.0 MT available. Rate Rs 2785/MT. Will dispatch before 11-Aug-2026."
M01451,TH00726,2026-08-22,buying@saurashtragreen.in,shree@example.in,Requirement rice husk 2026-08,Please confirm availability of 414.3 MT rice husk for delivery by 22-Aug-2026.
M01452,TH00726,2026-08-22,shree@example.in,buying@saurashtragreen.in,RE: Requirement rice husk 2026-08,"Yes sir, 414.3 MT available. Rate Rs 2800/MT. Will dispatch before 22-Aug-2026."
M01453,TH00727,2026-08-21,buying@saurashtragreen.in,jay@example.in,Requirement rice husk 2026-08,"Requirement 135.5 MT rice husk, delivery on or before 21-Aug-2026. Kindly confirm rate."
M01454,TH00727,2026-08-21,jay@example.in,buying@saurashtragreen.in,RE: Requirement rice husk 2026-08,"Yes sir, 135.5 MT available. Rate Rs 2837/MT. Will dispatch before 21-Aug-2026."
M01455,TH00728,2026-08-11,buying@saurashtragreen.in,dwarka@example.in,Requirement rice husk 2026-08,Please confirm availability of 179.1 MT rice husk for delivery by 11-Aug-2026.
M01456,TH00728,2026-08-11,dwarka@example.in,buying@saurashtragreen.in,RE: Requirement rice husk 2026-08,"Yes sir, 179.1 MT available. Rate Rs 2787/MT. Will dispatch before 11-Aug-2026."
M01457,TH00729,2026-08-16,buying@saurashtragreen.in,somnath@example.in,Requirement rice husk 2026-08,"Requirement 375.5 MT rice husk, delivery on or before 16-Aug-2026. Kindly confirm rate."
M01458,TH00729,2026-08-16,somnath@example.in,buying@saurashtragreen.in,RE: Requirement rice husk 2026-08,Accepted. 375.5 MT rice husk @ Rs 2823 PMT. Delivery 16-Aug-2026 positive.
M01459,TH00730,2026-08-28,buying@saurashtragreen.in,somnath@example.in,Requirement rice husk 2026-08,"Requirement 179.2 MT rice husk, delivery on or before 28-Aug-2026. Kindly confirm rate."
M01460,TH00730,2026-08-28,somnath@example.in,buying@saurashtragreen.in,RE: Requirement rice husk 2026-08,Ok for 179.2 MT at Rs 2751 per tonne. Loading will start before 28-Aug-2026.
M01461,TH00731,2026-08-26,buying@saurashtragreen.in,somnath@example.in,Requirement rice husk 2026-08,Please confirm availability of 407.1 MT rice husk for delivery by 26-Aug-2026.
M01462,TH00731,2026-08-26,somnath@example.in,buying@saurashtragreen.in,RE: Requirement rice husk 2026-08,"Confirmed. We can supply 407.1 MT rice husk at Rs 2813 per MT, delivery by 26-Aug-2026."
M01463,TH00732,2026-08-17,buying@saurashtragreen.in,dwarka@example.in,Requirement rice husk 2026-08,We need 308.1 MT of rice husk. Can you commit by 17-Aug-2026?
M01464,TH00732,2026-08-17,dwarka@example.in,buying@saurashtragreen.in,RE: Requirement rice husk 2026-08,"Yes sir, 308.1 MT available. Rate Rs 2821/MT. Will dispatch before 17-Aug-2026."
M01465,TH00733,2026-08-19,buying@saurashtragreen.in,jay@example.in,Requirement rice husk 2026-08,"Requirement 287.1 MT rice husk, delivery on or before 19-Aug-2026. Kindly confirm rate."
M01466,TH00733,2026-08-19,jay@example.in,buying@saurashtragreen.in,RE: Requirement rice husk 2026-08,"Confirmed. We can supply 287.1 MT rice husk at Rs 2811 per MT, delivery by 19-Aug-2026."
M01467,TH00734,2026-08-23,buying@saurashtragreen.in,new@example.in,Requirement rice husk 2026-08,We need 351.7 MT of rice husk. Can you commit by 23-Aug-2026?
M01468,TH00734,2026-08-23,new@example.in,buying@saurashtragreen.in,RE: Requirement rice husk 2026-08,Ok for 351.7 MT at Rs 2877 per tonne. Loading will start before 23-Aug-2026.
M01469,TH00735,2026-08-17,buying@saurashtragreen.in,somnath@example.in,Requirement mustard stalk 2026-08,Please confirm availability of 232.5 MT mustard stalk for delivery by 17-Aug-2026.
M01470,TH00735,2026-08-17,somnath@example.in,buying@saurashtragreen.in,RE: Requirement mustard stalk 2026-08,"Yes sir, 232.5 MT available. Rate Rs 3013/MT. Will dispatch before 17-Aug-2026."
M01471,TH00736,2026-08-25,buying@saurashtragreen.in,dwarka@example.in,Requirement mustard stalk 2026-08,Please confirm availability of 382.5 MT mustard stalk for delivery by 25-Aug-2026.
M01472,TH00736,2026-08-25,dwarka@example.in,buying@saurashtragreen.in,RE: Requirement mustard stalk 2026-08,"Yes sir, 382.5 MT available. Rate Rs 3092/MT. Will dispatch before 25-Aug-2026."
M01473,TH00737,2026-08-24,buying@saurashtragreen.in,maa@example.in,Requirement rice husk 2026-08,Please confirm availability of 296.1 MT rice husk for delivery by 24-Aug-2026.
M01474,TH00737,2026-08-24,maa@example.in,buying@saurashtragreen.in,RE: Requirement rice husk 2026-08,"Yes sir, 296.1 MT available. Rate Rs 2751/MT. Will dispatch before 24-Aug-2026."
M01475,TH00738,2026-08-25,buying@saurashtragreen.in,shree@example.in,Requirement rice husk 2026-08,"Requirement 213.8 MT rice husk, delivery on or before 25-Aug-2026. Kindly confirm rate."
M01476,TH00738,2026-08-25,shree@example.in,buying@saurashtragreen.in,RE: Requirement rice husk 2026-08,"Yes sir, 213.8 MT available. Rate Rs 2885/MT. Will dispatch before 25-Aug-2026."
M01477,TH00739,2026-08-15,buying@saurashtragreen.in,maa@example.in,Requirement rice husk 2026-08,"Requirement 188.3 MT rice husk, delivery on or before 15-Aug-2026. Kindly confirm rate."
M01478,TH00739,2026-08-15,maa@example.in,buying@saurashtragreen.in,RE: Requirement rice husk 2026-08,Accepted. 188.3 MT rice husk @ Rs 2739 PMT. Delivery 15-Aug-2026 positive.
M01479,TH00740,2024-05-20,buying@saurashtragreen.in,om@example.in,Requirement mustard stalk 2024-05,We need 233.9 MT of mustard stalk. Can you commit by 20-May-2024?
M01480,TH00740,2024-05-20,om@example.in,buying@saurashtragreen.in,RE: Requirement mustard stalk 2024-05,"Confirmed. We can supply 233.9 MT mustard stalk at Rs 2516 per MT, delivery by 20-May-2024."
M01481,TH00741,2025-11-20,buying@saurashtragreen.in,om@example.in,Requirement mustard stalk 2025-11,We need 190.6 MT of mustard stalk. Can you commit by 20-Nov-2025?
M01482,TH00741,2025-11-20,om@example.in,buying@saurashtragreen.in,RE: Requirement mustard stalk 2025-11,Ok for 190.6 MT at Rs 2449 per tonne. Loading will start before 20-Nov-2025.
