guid,voucher_type,vch_no,vch_date,ledger_name,amount,dr_cr,narration,entered_at
BV00001,Purchase,1,09-Apr-2023,Jay Bhal Agri Residue LLP,708331.0,Dr,husk purchase,09-Apr-2023
BV00002,Purchase,2,14-Apr-2023,Jay Bhal Agri Residue LLP,731025.0,Dr,husk purchase,14-Apr-2023
BV00003,Purchase,3,06-Apr-2023,Jay Bhal Agri Residue LLP,574250.0,Dr,husk purchase,06-Apr-2023
BV00004,Purchase,4,14-Apr-2023,Somnath Bhadar Biomass LLP,661021.0,Dr,husk purchase,14-Apr-2023
BV00005,Purchase,5,17-Apr-2023,Maa Solanki Krishi Udyog,729560.0,Dr,husk purchase,17-Apr-2023
BV00006,Purchase,6,05-Apr-2023,Maa Girnar Krishi Udyog,598194.0,Dr,husk purchase,05-Apr-2023
BV00007,Purchase,7,18-Apr-2023,Dwarka Gohil Pellet Works,638676.0,Dr,husk purchase,18-Apr-2023
BV00008,Purchase,8,14-Apr-2023,Dwarka Gohil Pellet Works,601650.0,Dr,husk purchase,14-Apr-2023
BV00009,Purchase,9,20-Apr-2023,Shree Girnar Krishi Udyog,655122.0,Dr,husk purchase,20-Apr-2023
BV00010,Purchase,10,05-Apr-2023,New Patel Agri Residue LLP,611490.6,Dr,husk purchase,05-Apr-2023
BV00011,Purchase,11,04-Apr-2023,Sardar Sabar Agri Residue LLP,644028.0,Dr,husk purchase,04-Apr-2023
BV00012,Purchase,12,07-Apr-2023,Dwarka Girnar Trading Company,530090.6,Dr,husk purchase,07-Apr-2023
BV00013,Purchase,13,05-Apr-2023,Somnath Girnar Biofuels,825684.0,Dr,stalk purchase,05-Apr-2023
BV00014,Purchase,14,25-Apr-2023,Shree Ambaji Trading Company,802255.2,Dr,stalk purchase,25-Apr-2023
BV00015,Purchase,15,20-Apr-2023,Somnath Girnar Biofuels,913158.4,Dr,stalk purchase,20-Apr-2023
BV00016,Purchase,16,19-Apr-2023,Dwarka Ambaji Trading Company,688081.8,Dr,stalk purchase,19-Apr-2023
BV00017,Purchase,17,20-May-2023,Om Chudasama Bioenergy,771003.2,Dr,husk purchase,20-May-2023
BV00018,Purchase,18,22-May-2023,Maa Solanki Krishi Udyog,788509.8,Dr,husk purchase,22-May-2023
BV00019,Purchase,19,06-May-2023,Somnath Bhadar Biomass LLP,756855.0,Dr,husk purchase,06-May-2023
BV00020,Purchase,20,27-May-2023,Jay Bhal Agri Residue LLP,624969.0,Dr,husk purchase,27-May-2023
BV00021,Purchase,21,08-May-2023,Jay Sabar Biofuels,655161.0,Dr,husk purchase,08-May-2023
BV00022,Purchase,22,27-May-2023,Dwarka Girnar Trading Company,733978.2,Dr,husk purchase,27-May-2023
BV00023,Purchase,23,06-May-2023,Jay Chudasama Agri Residue LLP,779226.9,Dr,husk purchase,06-May-2023
BV00024,Purchase,24,10-May-2023,Jay Chudasama Agri Residue LLP,759788.4,Dr,husk purchase,10-May-2023
BV00025,Purchase,25,21-May-2023,Jay Sabar Biofuels,729540.8,Dr,husk purchase,21-May-2023
BV00026,Purchase,26,14-May-2023,Jay Sabar Agri Residue LLP,645218.7,Dr,husk purchase,14-May-2023
BV00027,Purchase,27,12-May-2023,Sardar Bhadar Agro Traders,652416.6,Dr,husk purchase,12-May-2023
BV00028,Purchase,28,02-May-2023,Dwarka Girnar Trading Company,889224.4,Dr,husk purchase,02-May-2023
BV00029,Purchase,29,19-May-2023,Jay Bhal Agri Residue LLP,821816.0,Dr,husk purchase,19-May-2023
BV00030,Purchase,30,11-May-2023,Somnath Sabar Biofuels,652612.6,Dr,husk purchase,11-May-2023
BV00031,Purchase,31,26-May-2023,Shree Saurashtra Biomass LLP,644697.2,Dr,husk purchase,26-May-2023
BV00032,Purchase,32,26-May-2023,Jay Chudasama Agri Residue LLP,856105.0,Dr,husk purchase,26-May-2023
BV00033,Purchase,33,27-May-2023,Dwarka Desai Krishi Udyog,821927.3,Dr,stalk purchase,27-May-2023
BV00034,Purchase,34,26-May-2023,Somnath Girnar Biofuels,835696.8,Dr,stalk purchase,26-May-2023
BV00035,Purchase,35,25-May-2023,Om Sabar Bioenergy,718680.0,Dr,stalk purchase,25-May-2023
BV00036,Purchase,36,19-May-2023,New Gohil Biomass LLP,832076.7,Dr,stalk purchase,19-May-2023
BV00037,Purchase,37,27-May-2023,Om Sabar Bioenergy,864902.4,Dr,stalk purchase,27-May-2023
BV00038,Purchase,38,06-May-2023,Dwarka Ambaji Trading Company,877014.8,Dr,stalk purchase,06-May-2023
BV00039,Purchase,39,09-Jun-2023,Jay Bhal Agri Residue LLP,822245.6,Dr,husk purchase,09-Jun-2023
BV00040,Purchase,40,14-Jun-2023,Sardar Sabar Agri Residue LLP,903182.4,Dr,husk purchase,14-Jun-2023
BV00041,Purchase,41,05-Jun-2023,Somnath Sabar Biofuels,895320.0,Dr,husk purchase,05-Jun-2023
BV00042,Purchase,42,25-Jun-2023,Somnath Sabar Biofuels,867001.1,Dr,husk purchase,25-Jun-2023
BV00043,Purchase,43,20-Jun-2023,Jay Chudasama Agri Residue LLP,727489.5,Dr,husk purchase,20-Jun-2023
BV00044,Purchase,44,04-Jun-2023,Jay Chudasama Agri Residue LLP,856732.8,Dr,husk purchase,04-Jun-2023
BV00045,Purchase,45,10-Jun-2023,Shree Saurashtra Biomass LLP,826664.3,Dr,husk purchase,10-Jun-2023
BV00046,Purchase,46,25-Jun-2023,Sardar Sabar Agri Residue LLP,998367.6,Dr,husk purchase,25-Jun-2023
BV00047,Purchase,47,16-Jun-2023,Jay Chudasama Agri Residue LLP,874808.4,Dr,husk purchase,16-Jun-2023
BV00048,Purchase,48,21-Jun-2023,Maa Girnar Krishi Udyog,886927.6,Dr,husk purchase,21-Jun-2023
BV00049,Purchase,49,12-Jun-2023,Maa Solanki Krishi Udyog,918240.0,Dr,husk purchase,12-Jun-2023
BV00050,Purchase,50,08-Jun-2023,Shree Girnar Krishi Udyog,734356.8,Dr,husk purchase,08-Jun-2023
BV00051,Purchase,51,02-Jun-2023,Somnath Bhadar Biomass LLP,860209.2,Dr,husk purchase,02-Jun-2023
BV00052,Purchase,52,06-Jun-2023,Maa Girnar Krishi Udyog,680169.6,Dr,husk purchase,06-Jun-2023
BV00053,Purchase,53,05-Jun-2023,Sardar Bhadar Agro Traders,883342.8,Dr,husk purchase,05-Jun-2023
BV00054,Purchase,54,08-Jun-2023,Dwarka Desai Krishi Udyog,612150.0,Dr,stalk purchase,08-Jun-2023
BV00055,Purchase,55,14-Jun-2023,New Gohil Biomass LLP,666438.8,Dr,stalk purchase,14-Jun-2023
BV00056,Purchase,56,10-Jun-2023,Dwarka Gohil Pellet Works,604887.2,Dr,stalk purchase,10-Jun-2023
BV00057,Purchase,57,10-Jun-2023,Dwarka Desai Krishi Udyog,672178.0,Dr,stalk purchase,10-Jun-2023
BV00058,Purchase,58,19-Jun-2023,Om Bhal Trading Company,579710.4,Dr,stalk purchase,19-Jun-2023
BV00059,Purchase,59,15-Jun-2023,Dwarka Desai Agri Residue LLP,555610.5,Dr,stalk purchase,15-Jun-2023
BV00060,Purchase,60,12-Jun-2023,Dwarka Desai Agri Residue LLP,563634.0,Dr,stalk purchase,12-Jun-2023
BV00061,Purchase,61,08-Jun-2023,Shree Ambaji Trading Company,573436.0,Dr,stalk purchase,08-Jun-2023
BV00062,Purchase,62,11-Jun-2023,Shree Saurashtra Biomass LLP,550727.1,Dr,stalk purchase,11-Jun-2023
BV00063,Purchase,63,03-Jul-2023,Jay Chudasama Agri Residue LLP,685545.4,Dr,husk purchase,03-Jul-2023
BV00064,Purchase,64,20-Jul-2023,Sardar Sabar Agri Residue LLP,671042.4,Dr,husk purchase,20-Jul-2023
BV00065,Purchase,65,10-Jul-2023,Dwarka Girnar Trading Company,668189.6,Dr,husk purchase,10-Jul-2023
BV00066,Purchase,66,14-Jul-2023,New Patel Agri Residue LLP,591514.8,Dr,husk purchase,14-Jul-2023
BV00067,Purchase,67,06-Jul-2023,New Gohil Biomass LLP,701941.5,Dr,husk purchase,06-Jul-2023
BV00068,Purchase,68,14-Jul-2023,Maa Kathiawad Biomass LLP,725500.0,Dr,husk purchase,14-Jul-2023
BV00069,Purchase,69,17-Jul-2023,Sardar Sabar Agri Residue LLP,643942.6,Dr,husk purchase,17-Jul-2023
BV00070,Purchase,70,04-Jul-2023,Jay Sabar Agri Residue LLP,663748.2,Dr,husk purchase,04-Jul-2023
BV00071,Purchase,71,11-Jul-2023,Sardar Sabar Agri Residue LLP,720137.6,Dr,husk purchase,11-Jul-2023
BV00072,Purchase,72,14-Jul-2023,Shree Saurashtra Biomass LLP,682116.3,Dr,husk purchase,14-Jul-2023
BV00073,Purchase,73,27-Jul-2023,Maa Solanki Krishi Udyog,642367.0,Dr,husk purchase,27-Jul-2023
BV00074,Purchase,74,24-Jul-2023,Sardar Bhadar Agro Traders,666063.0,Dr,husk purchase,24-Jul-2023
BV00075,Purchase,75,19-Jul-2023,Somnath Sabar Biofuels,575391.6,Dr,husk purchase,19-Jul-2023
BV00076,Purchase,76,11-Jul-2023,Om Chudasama Bioenergy,608295.3,Dr,husk purchase,11-Jul-2023
BV00077,Purchase,77,22-Jul-2023,Jay Sabar Agri Residue LLP,664283.5,Dr,husk purchase,22-Jul-2023
BV00078,Purchase,78,08-Jul-2023,Dwarka Desai Agri Residue LLP,551635.2,Dr,husk purchase,08-Jul-2023
BV00079,Purchase,79,16-Jul-2023,Sardar Sabar Agri Residue LLP,672900.8,Dr,husk purchase,16-Jul-2023
BV00080,Purchase,80,18-Jul-2023,Jay Chudasama Agri Residue LLP,634521.6,Dr,husk purchase,18-Jul-2023
BV00081,Purchase,81,03-Jul-2023,Om Bhal Trading Company,627908.6,Dr,stalk purchase,03-Jul-2023
BV00082,Purchase,82,02-Jul-2023,Om Sabar Bioenergy,500644.0,Dr,stalk purchase,02-Jul-2023
BV00083,Purchase,83,09-Jul-2023,Somnath Girnar Biofuels,521112.1,Dr,stalk purchase,09-Jul-2023
BV00084,Purchase,84,03-Jul-2023,Om Sabar Bioenergy,513375.0,Dr,stalk purchase,03-Jul-2023
BV00085,Purchase,85,15-Jul-2023,Jay Sabar Biofuels,589291.6,Dr,stalk purchase,15-Jul-2023
BV00086,Purchase,86,24-Jul-2023,New Gohil Biomass LLP,498020.0,Dr,stalk purchase,24-Jul-2023
BV00087,Purchase,87,15-Jul-2023,Somnath Girnar Biofuels,598217.4,Dr,stalk purchase,15-Jul-2023
BV00088,Purchase,88,11-Jul-2023,Shree Saurashtra Biomass LLP,559853.1,Dr,stalk purchase,11-Jul-2023
BV00089,Purchase,89,08-Jul-2023,Somnath Girnar Biofuels,593107.9,Dr,stalk purchase,08-Jul-2023
BV00090,Purchase,90,02-Jul-2023,Dwarka Desai Agri Residue LLP,2302930.2,Dr,pellets purchase,02-Jul-2023
BV00091,Purchase,91,03-Jul-2023,Jay Sabar Biofuels,2287142.1,Dr,pellets purchase,03-Jul-2023
BV00092,Purchase,92,02-Aug-2023,New Gohil Biomass LLP,854415.4,Dr,husk purchase,02-Aug-2023
BV00093,Purchase,93,14-Aug-2023,Somnath Sabar Biofuels,846440.7,Dr,husk purchase,14-Aug-2023
BV00094,Purchase,94,02-Aug-2023,Om Chudasama Bioenergy,943180.7,Dr,husk purchase,02-Aug-2023
BV00095,Purchase,95,16-Aug-2023,Somnath Sabar Biofuels,881519.1,Dr,husk purchase,16-Aug-2023
BV00096,Purchase,96,24-Aug-2023,Jay Chudasama Agri Residue LLP,890594.7,Dr,husk purchase,24-Aug-2023
BV00097,Purchase,97,15-Aug-2023,Maa Girnar Krishi Udyog,784792.2,Dr,husk purchase,15-Aug-2023
BV00098,Purchase,98,06-Aug-2023,Dwarka Gohil Pellet Works,858692.5,Dr,husk purchase,06-Aug-2023
BV00099,Purchase,99,10-Aug-2023,Somnath Bhadar Biomass LLP,774327.9,Dr,husk purchase,10-Aug-2023
BV00100,Purchase,100,11-Aug-2023,Shree Saurashtra Biomass LLP,913865.6,Dr,husk purchase,11-Aug-2023
BV00101,Purchase,101,14-Aug-2023,Somnath Sabar Biofuels,930037.7,Dr,husk purchase,14-Aug-2023
BV00102,Purchase,102,25-Aug-2023,Maa Girnar Krishi Udyog,902134.4,Dr,husk purchase,25-Aug-2023
BV00103,Purchase,103,05-Aug-2023,Jay Sabar Agri Residue LLP,693839.0,Dr,husk purchase,05-Aug-2023
BV00104,Purchase,104,27-Aug-2023,Shree Girnar Krishi Udyog,901471.5,Dr,husk purchase,27-Aug-2023
BV00105,Purchase,105,16-Aug-2023,Maa Kathiawad Biomass LLP,686065.7,Dr,husk purchase,16-Aug-2023
BV00106,Purchase,106,21-Aug-2023,Dwarka Desai Agri Residue LLP,717953.0,Dr,stalk purchase,21-Aug-2023
BV00107,Purchase,107,03-Aug-2023,Dwarka Ambaji Trading Company,736135.3,Dr,stalk purchase,03-Aug-2023
BV00108,Purchase,108,13-Aug-2023,Om Bhal Trading Company,761200.3,Dr,stalk purchase,13-Aug-2023
BV00109,Purchase,109,23-Aug-2023,Jay Sabar Biofuels,671328.0,Dr,stalk purchase,23-Aug-2023
BV00110,Purchase,110,06-Aug-2023,Jay Sabar Biofuels,768688.8,Dr,stalk purchase,06-Aug-2023
BV00111,Purchase,111,26-Aug-2023,Dwarka Desai Krishi Udyog,723963.9,Dr,stalk purchase,26-Aug-2023
BV00112,Purchase,112,18-Aug-2023,Jay Sabar Biofuels,587737.6,Dr,stalk purchase,18-Aug-2023
BV00113,Purchase,113,17-Aug-2023,Shree Saurashtra Biomass LLP,2360651.1,Dr,pellets purchase,17-Aug-2023
BV00114,Purchase,114,04-Aug-2023,Om Charotar Krishi Udyog,2346462.6,Dr,pellets purchase,04-Aug-2023
BV00115,Purchase,115,06-Sep-2023,Somnath Bhadar Biomass LLP,685731.6,Dr,husk purchase,06-Sep-2023
BV00116,Purchase,116,07-Sep-2023,Om Chudasama Bioenergy,775309.6,Dr,husk purchase,07-Sep-2023
BV00117,Purchase,117,27-Sep-2023,New Patel Agri Residue LLP,738952.2,Dr,husk purchase,27-Sep-2023
BV00118,Purchase,118,27-Sep-2023,Jay Chudasama Agri Residue LLP,690941.2,Dr,husk purchase,27-Sep-2023
BV00119,Purchase,119,23-Sep-2023,Sardar Sabar Agri Residue LLP,831168.0,Dr,husk purchase,23-Sep-2023
BV00120,Purchase,120,10-Sep-2023,Maa Kathiawad Biomass LLP,810407.8,Dr,husk purchase,10-Sep-2023
BV00121,Purchase,121,11-Sep-2023,Dwarka Desai Agri Residue LLP,721793.4,Dr,husk purchase,11-Sep-2023
BV00122,Purchase,122,10-Sep-2023,Jay Bhal Agri Residue LLP,799570.4,Dr,husk purchase,10-Sep-2023
BV00123,Purchase,123,14-Sep-2023,Jay Bhal Agri Residue LLP,915888.4,Dr,husk purchase,14-Sep-2023
BV00124,Purchase,124,15-Sep-2023,Maa Girnar Krishi Udyog,827491.7,Dr,husk purchase,15-Sep-2023
BV00125,Purchase,125,15-Sep-2023,Jay Chudasama Agri Residue LLP,773232.3,Dr,husk purchase,15-Sep-2023
BV00126,Purchase,126,25-Sep-2023,Shree Saurashtra Biomass LLP,768952.8,Dr,husk purchase,25-Sep-2023
BV00127,Purchase,127,09-Sep-2023,Maa Kathiawad Biomass LLP,843794.8,Dr,husk purchase,09-Sep-2023
BV00128,Purchase,128,25-Sep-2023,Jay Bhal Agri Residue LLP,770904.0,Dr,husk purchase,25-Sep-2023
BV00129,Purchase,129,15-Sep-2023,Shree Girnar Krishi Udyog,757982.2,Dr,husk purchase,15-Sep-2023
BV00130,Purchase,130,05-Sep-2023,Dwarka Desai Krishi Udyog,699093.0,Dr,stalk purchase,05-Sep-2023
BV00131,Purchase,131,14-Sep-2023,Jay Sabar Biofuels,659353.5,Dr,stalk purchase,14-Sep-2023
BV00132,Purchase,132,26-Sep-2023,Dwarka Ambaji Trading Company,706017.0,Dr,stalk purchase,26-Sep-2023
BV00133,Purchase,133,15-Sep-2023,Dwarka Desai Krishi Udyog,650734.5,Dr,stalk purchase,15-Sep-2023
BV00134,Purchase,134,06-Sep-2023,Om Bhal Trading Company,736500.0,Dr,stalk purchase,06-Sep-2023
BV00135,Purchase,135,16-Sep-2023,Somnath Girnar Biofuels,676252.8,Dr,stalk purchase,16-Sep-2023
BV00136,Purchase,136,14-Sep-2023,Om Sabar Bioenergy,812685.0,Dr,stalk purchase,14-Sep-2023
BV00137,Purchase,137,04-Sep-2023,Om Chudasama Trading Company,2110400.2,Dr,pellets purchase,04-Sep-2023
BV00138,Purchase,138,23-Sep-2023,Om Sabar Agro Exports,2057818.5,Dr,pellets purchase,23-Sep-2023
BV00139,Purchase,139,10-Oct-2023,Maa Kathiawad Biomass LLP,563962.4,Dr,husk purchase,10-Oct-2023
BV00140,Purchase,140,03-Oct-2023,Sardar Bhadar Agro Traders,656572.6,Dr,husk purchase,03-Oct-2023
BV00141,Purchase,141,26-Oct-2023,Dwarka Gohil Pellet Works,651867.0,Dr,husk purchase,26-Oct-2023
BV00142,Purchase,142,02-Oct-2023,Maa Kathiawad Biomass LLP,575422.4,Dr,husk purchase,02-Oct-2023
BV00143,Purchase,143,04-Oct-2023,Jay Chudasama Agri Residue LLP,601549.2,Dr,husk purchase,04-Oct-2023
BV00144,Purchase,144,19-Oct-2023,Jay Sabar Agri Residue LLP,592904.5,Dr,husk purchase,19-Oct-2023
BV00145,Purchase,145,17-Oct-2023,Sardar Bhadar Agro Traders,542421.8,Dr,husk purchase,17-Oct-2023
BV00146,Purchase,146,22-Oct-2023,Jay Bhal Agri Residue LLP,573569.6,Dr,husk purchase,12-Nov-2023
BV00147,Purchase,147,11-Oct-2023,Dwarka Desai Agri Residue LLP,527116.8,Dr,husk purchase,11-Oct-2023
BV00148,Purchase,148,09-Oct-2023,Shree Saurashtra Biomass LLP,655078.5,Dr,husk purchase,09-Oct-2023
BV00149,Purchase,149,11-Oct-2023,New Gohil Biomass LLP,654720.0,Dr,husk purchase,11-Oct-2023
BV00150,Purchase,150,11-Oct-2023,Somnath Bhadar Biomass LLP,621986.4,Dr,husk purchase,11-Oct-2023
BV00151,Purchase,151,05-Oct-2023,Jay Chudasama Agri Residue LLP,659436.8,Dr,husk purchase,05-Oct-2023
BV00152,Purchase,152,12-Oct-2023,Maa Girnar Krishi Udyog,536880.0,Dr,husk purchase,12-Oct-2023
BV00153,Purchase,153,22-Oct-2023,New Patel Agri Residue LLP,663897.0,Dr,husk purchase,12-Nov-2023
BV00154,Purchase,154,13-Oct-2023,Maa Girnar Krishi Udyog,563208.3,Dr,husk purchase,13-Oct-2023
BV00155,Purchase,155,24-Oct-2023,Somnath Sabar Biofuels,677469.0,Dr,husk purchase,24-Oct-2023
BV00156,Purchase,156,05-Oct-2023,Maa Girnar Krishi Udyog,623781.0,Dr,husk purchase,05-Oct-2023
BV00157,Purchase,157,14-Oct-2023,Shree Saurashtra Biomass LLP,585032.9,Dr,husk purchase,14-Oct-2023
BV00158,Purchase,158,21-Oct-2023,Om Chudasama Bioenergy,500631.6,Dr,husk purchase,21-Oct-2023
BV00159,Purchase,159,11-Oct-2023,Jay Sabar Agri Residue LLP,594794.7,Dr,husk purchase,11-Oct-2023
BV00160,Purchase,160,20-Oct-2023,Jay Sabar Biofuels,995918.0,Dr,stalk purchase,20-Oct-2023
BV00161,Purchase,161,18-Oct-2023,New Gohil Biomass LLP,960410.7,Dr,stalk purchase,18-Oct-2023
BV00162,Purchase,162,07-Oct-2023,Om Bhal Trading Company,896973.0,Dr,stalk purchase,07-Oct-2023
BV00163,Purchase,163,17-Oct-2023,Shree Saurashtra Biomass LLP,896795.9,Dr,stalk purchase,17-Oct-2023
BV00164,Purchase,164,16-Oct-2023,New Gohil Biomass LLP,866688.0,Dr,stalk purchase,16-Oct-2023
BV00165,Purchase,165,16-Oct-2023,New Gohil Biomass LLP,688469.6,Dr,stalk purchase,16-Oct-2023
BV00166,Purchase,166,18-Nov-2023,Jay Chudasama Agri Residue LLP,720079.5,Dr,husk purchase,18-Nov-2023
BV00167,Purchase,167,24-Nov-2023,Maa Kathiawad Biomass LLP,657840.1,Dr,husk purchase,24-Nov-2023
BV00168,Purchase,168,20-Nov-2023,New Gohil Biomass LLP,723890.5,Dr,husk purchase,20-Nov-2023
BV00169,Purchase,169,10-Nov-2023,Jay Sabar Biofuels,618531.6,Dr,husk purchase,10-Nov-2023
BV00170,Purchase,170,10-Nov-2023,Shree Saurashtra Biomass LLP,769185.3,Dr,husk purchase,10-Nov-2023
BV00171,Purchase,171,10-Nov-2023,Maa Girnar Krishi Udyog,703897.5,Dr,husk purchase,10-Nov-2023
BV00172,Purchase,172,06-Nov-2023,Jay Bhal Agri Residue LLP,800007.0,Dr,husk purchase,06-Nov-2023
BV00173,Purchase,173,17-Nov-2023,Somnath Bhadar Biomass LLP,813189.3,Dr,husk purchase,17-Nov-2023
BV00174,Purchase,174,26-Nov-2023,New Patel Agri Residue LLP,694090.0,Dr,husk purchase,26-Nov-2023
BV00175,Purchase,175,03-Nov-2023,Dwarka Desai Agri Residue LLP,658693.2,Dr,husk purchase,03-Nov-2023
BV00176,Purchase,176,23-Nov-2023,Maa Solanki Krishi Udyog,737112.9,Dr,husk purchase,23-Nov-2023
BV00177,Purchase,177,10-Nov-2023,Dwarka Gohil Pellet Works,805008.6,Dr,husk purchase,10-Nov-2023
BV00178,Purchase,178,04-Nov-2023,Shree Girnar Krishi Udyog,670140.0,Dr,husk purchase,04-Nov-2023
BV00179,Purchase,179,15-Nov-2023,Shree Saurashtra Biomass LLP,630020.0,Dr,husk purchase,15-Nov-2023
BV00180,Purchase,180,15-Nov-2023,New Gohil Biomass LLP,700462.7,Dr,husk purchase,15-Nov-2023
BV00181,Purchase,181,20-Nov-2023,Sardar Sabar Agri Residue LLP,700872.0,Dr,husk purchase,20-Nov-2023
BV00182,Purchase,182,17-Nov-2023,Om Chudasama Bioenergy,607178.0,Dr,husk purchase,17-Nov-2023
BV00183,Purchase,183,09-Nov-2023,Dwarka Desai Krishi Udyog,552526.5,Dr,stalk purchase,09-Nov-2023
BV00184,Purchase,184,18-Nov-2023,Dwarka Ambaji Trading Company,728857.0,Dr,stalk purchase,18-Nov-2023
BV00185,Purchase,185,16-Nov-2023,Jay Sabar Biofuels,659055.8,Dr,stalk purchase,16-Nov-2023
BV00186,Purchase,186,16-Nov-2023,Shree Saurashtra Biomass LLP,721716.9,Dr,stalk purchase,16-Nov-2023
BV00187,Purchase,187,09-Nov-2023,Jay Sabar Biofuels,616800.8,Dr,stalk purchase,09-Nov-2023
BV00188,Purchase,188,16-Nov-2023,Jay Sabar Biofuels,564980.5,Dr,stalk purchase,16-Nov-2023
BV00189,Purchase,189,21-Nov-2023,Dwarka Desai Krishi Udyog,526739.1,Dr,stalk purchase,21-Nov-2023
BV00190,Purchase,190,12-Nov-2023,Shree Saurashtra Biomass LLP,663135.6,Dr,stalk purchase,12-Nov-2023
BV00191,Purchase,191,15-Dec-2023,Shree Saurashtra Biomass LLP,647697.6,Dr,husk purchase,15-Dec-2023
BV00192,Purchase,192,13-Dec-2023,Dwarka Girnar Trading Company,627376.5,Dr,husk purchase,13-Dec-2023
BV00193,Purchase,193,27-Dec-2023,Jay Sabar Biofuels,712162.8,Dr,husk purchase,27-Dec-2023
BV00194,Purchase,194,05-Dec-2023,Jay Chudasama Agri Residue LLP,727036.8,Dr,husk purchase,05-Dec-2023
BV00195,Purchase,195,22-Dec-2023,Maa Girnar Krishi Udyog,633070.2,Dr,husk purchase,22-Dec-2023
BV00196,Purchase,196,08-Dec-2023,Om Chudasama Bioenergy,673986.6,Dr,husk purchase,08-Dec-2023
BV00197,Purchase,197,06-Dec-2023,Jay Chudasama Agri Residue LLP,656731.2,Dr,husk purchase,06-Dec-2023
BV00198,Purchase,198,23-Dec-2023,Jay Bhal Agri Residue LLP,609484.3,Dr,husk purchase,23-Dec-2023
BV00199,Purchase,199,26-Dec-2023,Dwarka Girnar Trading Company,613918.4,Dr,husk purchase,26-Dec-2023
BV00200,Purchase,200,23-Dec-2023,Shree Girnar Krishi Udyog,681462.3,Dr,husk purchase,23-Dec-2023
BV00201,Purchase,201,23-Dec-2023,Shree Saurashtra Biomass LLP,696380.2,Dr,husk purchase,23-Dec-2023
BV00202,Purchase,202,24-Dec-2023,Dwarka Girnar Trading Company,593983.6,Dr,husk purchase,24-Dec-2023
BV00203,Purchase,203,23-Dec-2023,Jay Sabar Biofuels,708246.0,Dr,husk purchase,23-Dec-2023
BV00204,Purchase,204,18-Dec-2023,New Patel Agri Residue LLP,619551.0,Dr,husk purchase,18-Dec-2023
BV00205,Purchase,205,07-Dec-2023,New Patel Agri Residue LLP,705245.4,Dr,husk purchase,07-Dec-2023
BV00206,Purchase,206,06-Dec-2023,Dwarka Gohil Pellet Works,565917.3,Dr,husk purchase,06-Dec-2023
BV00207,Purchase,207,12-Dec-2023,Shree Saurashtra Biomass LLP,637326.4,Dr,husk purchase,12-Dec-2023
BV00208,Purchase,208,09-Dec-2023,Maa Girnar Krishi Udyog,674162.4,Dr,husk purchase,09-Dec-2023
BV00209,Purchase,209,09-Dec-2023,Om Sabar Bioenergy,681461.0,Dr,stalk purchase,09-Dec-2023
BV00210,Purchase,210,15-Dec-2023,Dwarka Desai Krishi Udyog,543266.1,Dr,stalk purchase,15-Dec-2023
BV00211,Purchase,211,25-Dec-2023,Om Bhal Trading Company,645240.0,Dr,stalk purchase,25-Dec-2023
BV00212,Purchase,212,25-Dec-2023,Om Sabar Bioenergy,661519.1,Dr,stalk purchase,25-Dec-2023
BV00213,Purchase,213,15-Dec-2023,Dwarka Desai Agri Residue LLP,566950.0,Dr,stalk purchase,15-Dec-2023
BV00214,Purchase,214,06-Dec-2023,Shree Saurashtra Biomass LLP,633299.4,Dr,stalk purchase,06-Dec-2023
BV00215,Purchase,215,04-Dec-2023,Dwarka Ambaji Trading Company,636344.1,Dr,stalk purchase,04-Dec-2023
BV00216,Purchase,216,03-Dec-2023,Dwarka Desai Krishi Udyog,611202.0,Dr,stalk purchase,03-Dec-2023
BV00217,Purchase,217,02-Jan-2024,Sardar Sabar Agri Residue LLP,822563.5,Dr,husk purchase,02-Jan-2024
BV00218,Purchase,218,22-Jan-2024,Maa Girnar Krishi Udyog,835518.5,Dr,husk purchase,22-Jan-2024
BV00219,Purchase,219,11-Jan-2024,New Patel Agri Residue LLP,773769.6,Dr,husk purchase,11-Jan-2024
BV00220,Purchase,220,14-Jan-2024,Dwarka Girnar Trading Company,821960.1,Dr,husk purchase,14-Jan-2024
BV00221,Purchase,221,14-Jan-2024,Sardar Sabar Agri Residue LLP,901489.6,Dr,husk purchase,14-Jan-2024
BV00222,Purchase,222,07-Jan-2024,Maa Kathiawad Biomass LLP,813848.4,Dr,husk purchase,07-Jan-2024
BV00223,Purchase,223,15-Jan-2024,Shree Girnar Krishi Udyog,650899.6,Dr,husk purchase,15-Jan-2024
BV00224,Purchase,224,10-Jan-2024,Dwarka Desai Agri Residue LLP,777065.6,Dr,husk purchase,10-Jan-2024
BV00225,Purchase,225,04-Jan-2024,Om Chudasama Bioenergy,643632.0,Dr,husk purchase,04-Jan-2024
BV00226,Purchase,226,20-Jan-2024,Sardar Sabar Agri Residue LLP,754766.1,Dr,husk purchase,20-Jan-2024
BV00227,Purchase,227,05-Jan-2024,Jay Sabar Biofuels,734613.0,Dr,husk purchase,05-Jan-2024
BV00228,Purchase,228,08-Jan-2024,Dwarka Girnar Trading Company,728852.4,Dr,husk purchase,08-Jan-2024
BV00229,Purchase,229,10-Jan-2024,Maa Kathiawad Biomass LLP,909012.6,Dr,husk purchase,10-Jan-2024
BV00230,Purchase,230,20-Jan-2024,Sardar Sabar Agri Residue LLP,864171.0,Dr,husk purchase,20-Jan-2024
BV00231,Purchase,231,09-Jan-2024,Sardar Bhadar Agro Traders,765507.8,Dr,husk purchase,09-Jan-2024
BV00232,Purchase,232,06-Jan-2024,New Gohil Biomass LLP,644490.0,Dr,stalk purchase,06-Jan-2024
BV00233,Purchase,233,06-Jan-2024,Jay Sabar Biofuels,725283.2,Dr,stalk purchase,06-Jan-2024
BV00234,Purchase,234,11-Jan-2024,Dwarka Desai Agri Residue LLP,566982.8,Dr,stalk purchase,11-Jan-2024
BV00235,Purchase,235,23-Jan-2024,New Gohil Biomass LLP,517645.5,Dr,stalk purchase,23-Jan-2024
BV00236,Purchase,236,10-Jan-2024,Om Bhal Trading Company,657832.0,Dr,stalk purchase,10-Jan-2024
BV00237,Purchase,237,19-Jan-2024,Dwarka Gohil Pellet Works,660469.5,Dr,stalk purchase,19-Jan-2024
BV00238,Purchase,238,20-Jan-2024,Somnath Girnar Biofuels,600071.4,Dr,stalk purchase,20-Jan-2024
BV00239,Purchase,239,15-Jan-2024,Somnath Girnar Biofuels,595338.8,Dr,stalk purchase,15-Jan-2024
BV00240,Purchase,240,26-Feb-2024,Dwarka Gohil Pellet Works,536731.0,Dr,husk purchase,26-Feb-2024
BV00241,Purchase,241,18-Feb-2024,Jay Sabar Agri Residue LLP,584487.5,Dr,husk purchase,18-Feb-2024
BV00242,Purchase,242,06-Feb-2024,Maa Kathiawad Biomass LLP,603991.8,Dr,husk purchase,06-Feb-2024
BV00243,Purchase,243,15-Feb-2024,Maa Solanki Krishi Udyog,517522.5,Dr,husk purchase,15-Feb-2024
BV00244,Purchase,244,13-Feb-2024,Jay Bhal Agri Residue LLP,638306.0,Dr,husk purchase,13-Feb-2024
BV00245,Purchase,245,20-Feb-2024,Jay Sabar Agri Residue LLP,502005.6,Dr,husk purchase,20-Feb-2024
BV00246,Purchase,246,11-Feb-2024,Maa Kathiawad Biomass LLP,606567.0,Dr,husk purchase,11-Feb-2024
BV00247,Purchase,247,02-Feb-2024,Sardar Bhadar Agro Traders,567179.8,Dr,husk purchase,02-Feb-2024
BV00248,Purchase,248,21-Feb-2024,Sardar Bhadar Agro Traders,494160.0,Dr,husk purchase,21-Feb-2024
BV00249,Purchase,249,03-Feb-2024,Jay Chudasama Agri Residue LLP,650385.0,Dr,husk purchase,03-Feb-2024
BV00250,Purchase,250,08-Feb-2024,Dwarka Gohil Pellet Works,543488.4,Dr,husk purchase,08-Feb-2024
BV00251,Purchase,251,15-Feb-2024,Sardar Sabar Agri Residue LLP,571795.0,Dr,husk purchase,15-Feb-2024
BV00252,Purchase,252,08-Feb-2024,New Patel Agri Residue LLP,573907.2,Dr,husk purchase,08-Feb-2024
BV00253,Purchase,253,12-Feb-2024,Shree Girnar Krishi Udyog,679354.5,Dr,husk purchase,12-Feb-2024
BV00254,Purchase,254,10-Feb-2024,Maa Kathiawad Biomass LLP,571354.0,Dr,husk purchase,10-Feb-2024
BV00255,Purchase,255,04-Feb-2024,Jay Sabar Biofuels,647463.9,Dr,husk purchase,04-Feb-2024
BV00256,Purchase,256,25-Feb-2024,Jay Sabar Agri Residue LLP,570498.4,Dr,husk purchase,25-Feb-2024
BV00257,Purchase,257,06-Feb-2024,Jay Chudasama Agri Residue LLP,555645.0,Dr,husk purchase,06-Feb-2024
BV00258,Purchase,258,12-Feb-2024,New Gohil Biomass LLP,623839.3,Dr,husk purchase,12-Feb-2024
BV00259,Purchase,259,18-Feb-2024,Shree Girnar Krishi Udyog,593526.6,Dr,husk purchase,18-Feb-2024
BV00260,Purchase,260,04-Feb-2024,New Gohil Biomass LLP,481541.0,Dr,husk purchase,04-Feb-2024
BV00261,Purchase,261,26-Feb-2024,Jay Sabar Biofuels,537908.8,Dr,stalk purchase,26-Feb-2024
BV00262,Purchase,262,10-Feb-2024,Dwarka Gohil Pellet Works,727270.7,Dr,stalk purchase,10-Feb-2024
BV00263,Purchase,263,05-Feb-2024,Shree Saurashtra Biomass LLP,558272.0,Dr,stalk purchase,05-Feb-2024
BV00264,Purchase,264,05-Feb-2024,Om Sabar Bioenergy,680864.4,Dr,stalk purchase,05-Feb-2024
BV00265,Purchase,265,25-Feb-2024,Dwarka Ambaji Trading Company,559794.7,Dr,stalk purchase,25-Feb-2024
BV00266,Purchase,266,23-Feb-2024,Dwarka Ambaji Trading Company,682604.3,Dr,stalk purchase,23-Feb-2024
BV00267,Purchase,267,03-Feb-2024,Dwarka Gohil Pellet Works,719646.1,Dr,stalk purchase,03-Feb-2024
BV00268,Purchase,268,06-Feb-2024,Dwarka Desai Krishi Udyog,668251.0,Dr,stalk purchase,06-Feb-2024
BV00269,Purchase,269,09-Mar-2024,Maa Kathiawad Biomass LLP,800282.7,Dr,husk purchase,09-Mar-2024
BV00270,Purchase,270,06-Mar-2024,Maa Girnar Krishi Udyog,933704.4,Dr,husk purchase,06-Mar-2024
BV00271,Purchase,271,20-Mar-2024,Maa Girnar Krishi Udyog,770544.9,Dr,husk purchase,20-Mar-2024
BV00272,Purchase,272,19-Mar-2024,Sardar Sabar Agri Residue LLP,800069.2,Dr,husk purchase,19-Mar-2024
BV00273,Purchase,273,02-Mar-2024,Jay Bhal Agri Residue LLP,902492.7,Dr,husk purchase,02-Mar-2024
BV00274,Purchase,274,17-Mar-2024,Sardar Sabar Agri Residue LLP,792121.7,Dr,husk purchase,17-Mar-2024
BV00275,Purchase,275,26-Mar-2024,Dwarka Girnar Trading Company,807333.3,Dr,husk purchase,26-Mar-2024
BV00276,Purchase,276,05-Mar-2024,Jay Chudasama Agri Residue LLP,827670.0,Dr,husk purchase,05-Mar-2024
BV00277,Purchase,277,05-Mar-2024,Jay Chudasama Agri Residue LLP,968416.0,Dr,husk purchase,05-Mar-2024
BV00278,Purchase,278,03-Mar-2024,Jay Chudasama Agri Residue LLP,738342.4,Dr,husk purchase,03-Mar-2024
BV00279,Purchase,279,11-Mar-2024,Dwarka Gohil Pellet Works,752747.7,Dr,husk purchase,11-Mar-2024
BV00280,Purchase,280,15-Mar-2024,Dwarka Gohil Pellet Works,944939.7,Dr,husk purchase,15-Mar-2024
BV00281,Purchase,281,12-Mar-2024,Om Chudasama Bioenergy,950094.3,Dr,husk purchase,12-Mar-2024
BV00282,Purchase,282,23-Mar-2024,Maa Solanki Krishi Udyog,897024.0,Dr,husk purchase,23-Mar-2024
BV00283,Purchase,283,26-Mar-2024,Somnath Bhadar Biomass LLP,822501.6,Dr,husk purchase,26-Mar-2024
BV00284,Purchase,284,03-Mar-2024,Shree Ambaji Trading Company,777700.0,Dr,stalk purchase,03-Mar-2024
BV00285,Purchase,285,23-Mar-2024,Jay Sabar Biofuels,828072.0,Dr,stalk purchase,23-Mar-2024
BV00286,Purchase,286,25-Mar-2024,Dwarka Ambaji Trading Company,779438.0,Dr,stalk purchase,25-Mar-2024
BV00287,Purchase,287,19-Mar-2024,Dwarka Desai Agri Residue LLP,702075.0,Dr,stalk purchase,19-Mar-2024
BV00288,Purchase,288,05-Mar-2024,Dwarka Desai Krishi Udyog,710073.8,Dr,stalk purchase,05-Mar-2024
BV00289,Purchase,289,19-Mar-2024,Dwarka Desai Krishi Udyog,884556.4,Dr,stalk purchase,19-Mar-2024
BV00290,Purchase,290,05-Mar-2024,Dwarka Desai Krishi Udyog,714139.2,Dr,stalk purchase,05-Mar-2024
BV00291,Purchase,291,13-Apr-2024,Maa Kathiawad Biomass LLP,652220.8,Dr,husk purchase,13-Apr-2024
BV00292,Purchase,292,07-Apr-2024,Jay Chudasama Agri Residue LLP,650522.7,Dr,husk purchase,07-Apr-2024
BV00293,Purchase,293,24-Apr-2024,Jay Sabar Biofuels,623994.0,Dr,husk purchase,24-Apr-2024
BV00294,Purchase,294,22-Apr-2024,Somnath Sabar Biofuels,676096.8,Dr,husk purchase,22-Apr-2024
BV00295,Purchase,295,05-Apr-2024,Jay Chudasama Agri Residue LLP,567869.4,Dr,husk purchase,05-Apr-2024
BV00296,Purchase,296,08-Apr-2024,Shree Girnar Krishi Udyog,684889.5,Dr,husk purchase,08-Apr-2024
BV00297,Purchase,297,05-Apr-2024,New Gohil Biomass LLP,674634.4,Dr,husk purchase,05-Apr-2024
BV00298,Purchase,298,16-Apr-2024,Maa Girnar Krishi Udyog,538682.3,Dr,husk purchase,16-Apr-2024
BV00299,Purchase,299,14-Apr-2024,Jay Sabar Biofuels,634012.8,Dr,husk purchase,14-Apr-2024
BV00300,Purchase,300,15-Apr-2024,Jay Bhal Agri Residue LLP,578902.5,Dr,husk purchase,15-Apr-2024
BV00301,Purchase,301,20-Apr-2024,Sardar Bhadar Agro Traders,645295.0,Dr,husk purchase,20-Apr-2024
BV00302,Purchase,302,13-Apr-2024,Jay Chudasama Agri Residue LLP,543746.6,Dr,husk purchase,13-Apr-2024
BV00303,Purchase,303,13-Apr-2024,New Gohil Biomass LLP,602422.8,Dr,husk purchase,13-Apr-2024
BV00304,Purchase,304,20-Apr-2024,New Patel Agri Residue LLP,583435.2,Dr,husk purchase,20-Apr-2024
BV00305,Purchase,305,02-Apr-2024,Dwarka Desai Agri Residue LLP,642082.8,Dr,husk purchase,02-Apr-2024
BV00306,Purchase,306,02-Apr-2024,Om Chudasama Bioenergy,702900.0,Dr,husk purchase,02-Apr-2024
BV00307,Purchase,307,20-Apr-2024,Dwarka Gohil Pellet Works,559495.6,Dr,husk purchase,20-Apr-2024
BV00308,Purchase,308,21-Apr-2024,Maa Solanki Krishi Udyog,523199.4,Dr,husk purchase,21-Apr-2024
BV00309,Purchase,309,13-Apr-2024,Somnath Bhadar Biomass LLP,551574.6,Dr,husk purchase,13-Apr-2024
BV00310,Purchase,310,13-Apr-2024,Shree Saurashtra Biomass LLP,724710.0,Dr,husk purchase,13-Apr-2024
BV00311,Purchase,311,05-Apr-2024,Jay Sabar Biofuels,1083050.5,Dr,stalk purchase,05-Apr-2024
BV00312,Purchase,312,22-Apr-2024,Dwarka Gohil Pellet Works,901074.9,Dr,stalk purchase,22-Apr-2024
BV00313,Purchase,313,08-Apr-2024,Somnath Girnar Biofuels,1051858.5,Dr,stalk purchase,08-Apr-2024
BV00314,Purchase,314,02-Apr-2024,Jay Sabar Biofuels,1049503.9,Dr,stalk purchase,02-Apr-2024
BV00315,Purchase,315,17-Apr-2024,Om Bhal Trading Company,1129585.0,Dr,stalk purchase,17-Apr-2024
BV00316,Purchase,316,16-May-2024,Jay Chudasama Agri Residue LLP,539909.7,Dr,husk purchase,16-May-2024
BV00317,Purchase,317,07-May-2024,New Gohil Biomass LLP,615260.8,Dr,husk purchase,07-May-2024
BV00318,Purchase,318,26-May-2024,New Patel Agri Residue LLP,515826.5,Dr,husk purchase,26-May-2024
BV00319,Purchase,319,16-May-2024,Jay Bhal Agri Residue LLP,599925.1,Dr,husk purchase,16-May-2024
BV00320,Purchase,320,27-May-2024,Jay Sabar Biofuels,677845.0,Dr,husk purchase,27-May-2024
BV00321,Purchase,321,25-May-2024,Jay Chudasama Agri Residue LLP,652608.9,Dr,husk purchase,25-May-2024
BV00322,Purchase,322,15-May-2024,Jay Chudasama Agri Residue LLP,556489.4,Dr,husk purchase,15-May-2024
BV00323,Purchase,323,26-May-2024,New Patel Agri Residue LLP,519578.1,Dr,husk purchase,26-May-2024
BV00324,Purchase,324,14-May-2024,Jay Sabar Agri Residue LLP,544800.6,Dr,husk purchase,14-May-2024
BV00325,Purchase,325,25-May-2024,Sardar Sabar Agri Residue LLP,624241.2,Dr,husk purchase,25-May-2024
BV00326,Purchase,326,22-May-2024,Dwarka Gohil Pellet Works,623891.5,Dr,husk purchase,22-May-2024
BV00327,Purchase,327,16-May-2024,Dwarka Desai Agri Residue LLP,640965.5,Dr,husk purchase,16-May-2024
BV00328,Purchase,328,03-May-2024,Jay Sabar Agri Residue LLP,509723.2,Dr,husk purchase,03-May-2024
BV00329,Purchase,329,26-May-2024,Maa Solanki Krishi Udyog,555912.0,Dr,husk purchase,26-May-2024
BV00330,Purchase,330,16-May-2024,Shree Saurashtra Biomass LLP,675698.0,Dr,husk purchase,16-May-2024
BV00331,Purchase,331,02-May-2024,Maa Girnar Krishi Udyog,574295.8,Dr,husk purchase,02-May-2024
BV00332,Purchase,332,24-May-2024,Somnath Sabar Biofuels,654795.2,Dr,husk purchase,24-May-2024
BV00333,Purchase,333,23-May-2024,New Patel Agri Residue LLP,583843.0,Dr,husk purchase,23-May-2024
BV00334,Purchase,334,27-May-2024,Sardar Sabar Agri Residue LLP,529635.0,Dr,husk purchase,27-May-2024
BV00335,Purchase,335,22-May-2024,Shree Saurashtra Biomass LLP,647955.8,Dr,husk purchase,22-May-2024
BV00336,Purchase,336,23-May-2024,Dwarka Girnar Trading Company,638960.0,Dr,husk purchase,23-May-2024
BV00337,Purchase,337,05-May-2024,Om Sabar Bioenergy,667965.5,Dr,stalk purchase,05-May-2024
BV00338,Purchase,338,25-May-2024,Dwarka Desai Krishi Udyog,602691.6,Dr,stalk purchase,25-May-2024
BV00339,Purchase,339,09-May-2024,Shree Ambaji Trading Company,717356.4,Dr,stalk purchase,09-May-2024
BV00340,Purchase,340,11-May-2024,New Gohil Biomass LLP,737391.0,Dr,stalk purchase,11-May-2024
BV00341,Purchase,341,17-May-2024,Dwarka Desai Agri Residue LLP,545855.6,Dr,stalk purchase,17-May-2024
BV00342,Purchase,342,14-May-2024,Om Bhal Trading Company,633673.8,Dr,stalk purchase,14-May-2024
BV00343,Purchase,343,16-May-2024,Shree Saurashtra Biomass LLP,667965.6,Dr,stalk purchase,16-May-2024
BV00344,Purchase,344,13-May-2024,Somnath Girnar Biofuels,655237.8,Dr,stalk purchase,13-May-2024
BV00345,Purchase,345,14-Jun-2024,Maa Kathiawad Biomass LLP,538040.1,Dr,husk purchase,14-Jun-2024
BV00346,Purchase,346,10-Jun-2024,Dwarka Girnar Trading Company,451774.2,Dr,husk purchase,10-Jun-2024
BV00347,Purchase,347,12-Jun-2024,Shree Girnar Krishi Udyog,537931.8,Dr,husk purchase,12-Jun-2024
BV00348,Purchase,348,13-Jun-2024,Somnath Bhadar Biomass LLP,581090.9,Dr,husk purchase,13-Jun-2024
BV00349,Purchase,349,10-Jun-2024,Dwarka Girnar Trading Company,527360.0,Dr,husk purchase,10-Jun-2024
BV00350,Purchase,350,26-Jun-2024,Jay Chudasama Agri Residue LLP,580171.2,Dr,husk purchase,26-Jun-2024
BV00351,Purchase,351,16-Jun-2024,New Gohil Biomass LLP,475948.0,Dr,husk purchase,16-Jun-2024
BV00352,Purchase,352,14-Jun-2024,Jay Bhal Agri Residue LLP,530005.2,Dr,husk purchase,14-Jun-2024
BV00353,Purchase,353,06-Jun-2024,Dwarka Desai Agri Residue LLP,434520.0,Dr,husk purchase,06-Jun-2024
BV00354,Purchase,354,19-Jun-2024,Maa Kathiawad Biomass LLP,444774.0,Dr,husk purchase,19-Jun-2024
BV00355,Purchase,355,12-Jun-2024,Maa Kathiawad Biomass LLP,608015.9,Dr,husk purchase,12-Jun-2024
BV00356,Purchase,356,12-Jun-2024,Maa Girnar Krishi Udyog,552552.0,Dr,husk purchase,12-Jun-2024
BV00357,Purchase,357,04-Jun-2024,Jay Sabar Agri Residue LLP,483669.0,Dr,husk purchase,04-Jun-2024
BV00358,Purchase,358,18-Jun-2024,Dwarka Desai Agri Residue LLP,530785.0,Dr,husk purchase,18-Jun-2024
BV00359,Purchase,359,19-Jun-2024,Maa Kathiawad Biomass LLP,513337.5,Dr,husk purchase,19-Jun-2024
BV00360,Purchase,360,09-Jun-2024,Maa Solanki Krishi Udyog,527022.0,Dr,husk purchase,09-Jun-2024
BV00361,Purchase,361,04-Jun-2024,Shree Saurashtra Biomass LLP,441924.3,Dr,husk purchase,04-Jun-2024
BV00362,Purchase,362,05-Jun-2024,Maa Girnar Krishi Udyog,479307.6,Dr,husk purchase,05-Jun-2024
BV00363,Purchase,363,23-Jun-2024,Jay Sabar Agri Residue LLP,573427.5,Dr,husk purchase,23-Jun-2024
BV00364,Purchase,364,11-Jun-2024,Jay Sabar Biofuels,432904.5,Dr,husk purchase,11-Jun-2024
BV00365,Purchase,365,08-Jun-2024,Jay Chudasama Agri Residue LLP,543743.2,Dr,husk purchase,08-Jun-2024
BV00366,Purchase,366,08-Jun-2024,Jay Bhal Agri Residue LLP,448592.7,Dr,husk purchase,08-Jun-2024
BV00367,Purchase,367,10-Jun-2024,Maa Kathiawad Biomass LLP,619803.4,Dr,husk purchase,10-Jun-2024
BV00368,Purchase,368,27-Jun-2024,Maa Solanki Krishi Udyog,522214.3,Dr,husk purchase,27-Jun-2024
BV00369,Purchase,369,26-Jun-2024,Dwarka Desai Krishi Udyog,682508.9,Dr,stalk purchase,26-Jun-2024
BV00370,Purchase,370,26-Jun-2024,New Gohil Biomass LLP,670948.0,Dr,stalk purchase,26-Jun-2024
BV00371,Purchase,371,14-Jun-2024,Dwarka Desai Agri Residue LLP,868001.0,Dr,stalk purchase,14-Jun-2024
BV00372,Purchase,372,15-Jun-2024,Dwarka Gohil Pellet Works,718560.0,Dr,stalk purchase,15-Jun-2024
BV00373,Purchase,373,16-Jun-2024,Somnath Girnar Biofuels,717825.0,Dr,stalk purchase,16-Jun-2024
BV00374,Purchase,374,18-Jun-2024,Shree Saurashtra Biomass LLP,859415.4,Dr,stalk purchase,18-Jun-2024
BV00375,Purchase,375,23-Jun-2024,Om Sabar Bioenergy,784193.0,Dr,stalk purchase,23-Jun-2024
BV00376,Purchase,376,22-Jul-2024,Dwarka Gohil Pellet Works,538947.2,Dr,husk purchase,22-Jul-2024
BV00377,Purchase,377,10-Jul-2024,Maa Kathiawad Biomass LLP,639053.8,Dr,husk purchase,10-Jul-2024
BV00378,Purchase,378,23-Jul-2024,Jay Sabar Biofuels,679534.2,Dr,husk purchase,23-Jul-2024
BV00379,Purchase,379,26-Jul-2024,Jay Sabar Biofuels,665623.1,Dr,husk purchase,26-Jul-2024
BV00380,Purchase,380,17-Jul-2024,Jay Chudasama Agri Residue LLP,603111.8,Dr,husk purchase,17-Jul-2024
BV00381,Purchase,381,15-Jul-2024,Sardar Bhadar Agro Traders,649056.2,Dr,husk purchase,15-Jul-2024
BV00382,Purchase,382,08-Jul-2024,New Patel Agri Residue LLP,653750.0,Dr,husk purchase,08-Jul-2024
BV00383,Purchase,383,09-Jul-2024,Jay Bhal Agri Residue LLP,551350.2,Dr,husk purchase,09-Jul-2024
BV00384,Purchase,384,04-Jul-2024,New Gohil Biomass LLP,603480.2,Dr,husk purchase,04-Jul-2024
BV00385,Purchase,385,21-Jul-2024,Maa Girnar Krishi Udyog,644104.5,Dr,husk purchase,21-Jul-2024
BV00386,Purchase,386,17-Jul-2024,Shree Girnar Krishi Udyog,503301.6,Dr,husk purchase,17-Jul-2024
BV00387,Purchase,387,25-Jul-2024,Dwarka Girnar Trading Company,651919.5,Dr,husk purchase,25-Jul-2024
BV00388,Purchase,388,20-Jul-2024,Sardar Bhadar Agro Traders,577317.6,Dr,husk purchase,20-Jul-2024
BV00389,Purchase,389,14-Jul-2024,Dwarka Girnar Trading Company,530604.3,Dr,husk purchase,14-Jul-2024
BV00390,Purchase,390,07-Jul-2024,Sardar Sabar Agri Residue LLP,559181.0,Dr,husk purchase,07-Jul-2024
BV00391,Purchase,391,03-Jul-2024,Jay Sabar Biofuels,585826.8,Dr,husk purchase,03-Jul-2024
BV00392,Purchase,392,18-Jul-2024,Dwarka Desai Agri Residue LLP,650147.6,Dr,husk purchase,18-Jul-2024
BV00393,Purchase,393,04-Jul-2024,Om Chudasama Bioenergy,509996.2,Dr,husk purchase,04-Jul-2024
BV00394,Purchase,394,20-Jul-2024,Jay Bhal Agri Residue LLP,660587.6,Dr,husk purchase,20-Jul-2024
BV00395,Purchase,395,05-Jul-2024,Om Sabar Bioenergy,807106.4,Dr,stalk purchase,05-Jul-2024
BV00396,Purchase,396,08-Jul-2024,Dwarka Desai Krishi Udyog,655773.6,Dr,stalk purchase,08-Jul-2024
BV00397,Purchase,397,21-Jul-2024,Jay Sabar Biofuels,769572.5,Dr,stalk purchase,21-Jul-2024
BV00398,Purchase,398,26-Jul-2024,Dwarka Ambaji Trading Company,734904.0,Dr,stalk purchase,26-Jul-2024
BV00399,Purchase,399,23-Jul-2024,New Gohil Biomass LLP,584457.5,Dr,stalk purchase,23-Jul-2024
BV00400,Purchase,400,26-Jul-2024,Shree Saurashtra Biomass LLP,698279.4,Dr,stalk purchase,26-Jul-2024
BV00401,Purchase,401,20-Jul-2024,Dwarka Desai Krishi Udyog,603199.8,Dr,stalk purchase,20-Jul-2024
BV00402,Purchase,402,24-Jul-2024,Dwarka Girnar Pellet Works,2210015.1,Dr,pellets purchase,24-Jul-2024
BV00403,Purchase,403,07-Jul-2024,Shree Girnar Pellet Works,2228256.0,Dr,pellets purchase,07-Jul-2024
BV00404,Purchase,404,05-Aug-2024,Dwarka Desai Agri Residue LLP,930864.0,Dr,husk purchase,05-Aug-2024
BV00405,Purchase,405,02-Aug-2024,Dwarka Gohil Pellet Works,829549.2,Dr,husk purchase,02-Aug-2024
BV00406,Purchase,406,27-Aug-2024,Maa Girnar Krishi Udyog,869793.4,Dr,husk purchase,27-Aug-2024
BV00407,Purchase,407,04-Aug-2024,Maa Solanki Krishi Udyog,725119.1,Dr,husk purchase,04-Aug-2024
BV00408,Purchase,408,26-Aug-2024,Maa Solanki Krishi Udyog,827589.6,Dr,husk purchase,26-Aug-2024
BV00409,Purchase,409,11-Aug-2024,Shree Saurashtra Biomass LLP,956295.5,Dr,husk purchase,11-Aug-2024
BV00410,Purchase,410,26-Aug-2024,Sardar Bhadar Agro Traders,986041.8,Dr,husk purchase,26-Aug-2024
BV00411,Purchase,411,06-Aug-2024,Sardar Bhadar Agro Traders,974500.8,Dr,husk purchase,06-Aug-2024
BV00412,Purchase,412,03-Aug-2024,Somnath Bhadar Biomass LLP,722974.9,Dr,husk purchase,03-Aug-2024
BV00413,Purchase,413,20-Aug-2024,New Gohil Biomass LLP,776269.3,Dr,husk purchase,20-Aug-2024
BV00414,Purchase,414,21-Aug-2024,New Gohil Biomass LLP,923472.0,Dr,husk purchase,21-Aug-2024
BV00415,Purchase,415,21-Aug-2024,Dwarka Gohil Pellet Works,876475.6,Dr,husk purchase,21-Aug-2024
BV00416,Purchase,416,08-Aug-2024,Jay Sabar Agri Residue LLP,827200.0,Dr,husk purchase,08-Aug-2024
BV00417,Purchase,417,11-Aug-2024,Dwarka Desai Krishi Udyog,896438.5,Dr,stalk purchase,11-Aug-2024
BV00418,Purchase,418,10-Aug-2024,Dwarka Gohil Pellet Works,939234.6,Dr,stalk purchase,10-Aug-2024
BV00419,Purchase,419,05-Aug-2024,Dwarka Ambaji Trading Company,857753.6,Dr,stalk purchase,05-Aug-2024
BV00420,Purchase,420,18-Aug-2024,Dwarka Ambaji Trading Company,1177854.9,Dr,stalk purchase,18-Aug-2024
BV00421,Purchase,421,14-Aug-2024,Shree Saurashtra Biomass LLP,908982.0,Dr,stalk purchase,14-Aug-2024
BV00422,Purchase,422,09-Aug-2024,Om Jadeja Agro Traders,2407652.8,Dr,pellets purchase,09-Aug-2024
BV00423,Purchase,423,03-Aug-2024,Maa Kutch Biomass LLP,2389739.4,Dr,pellets purchase,03-Aug-2024
BV00424,Purchase,424,06-Sep-2024,Jay Sabar Biofuels,751635.4,Dr,husk purchase,06-Sep-2024
BV00425,Purchase,425,20-Sep-2024,Maa Solanki Krishi Udyog,759612.4,Dr,husk purchase,20-Sep-2024
BV00426,Purchase,426,20-Sep-2024,Sardar Bhadar Agro Traders,622055.0,Dr,husk purchase,20-Sep-2024
BV00427,Purchase,427,21-Sep-2024,Dwarka Gohil Pellet Works,718427.6,Dr,husk purchase,21-Sep-2024
BV00428,Purchase,428,23-Sep-2024,Jay Sabar Agri Residue LLP,715836.4,Dr,husk purchase,23-Sep-2024
BV00429,Purchase,429,27-Sep-2024,Dwarka Gohil Pellet Works,729819.6,Dr,husk purchase,27-Sep-2024
BV00430,Purchase,430,09-Sep-2024,Somnath Sabar Biofuels,647554.2,Dr,husk purchase,09-Sep-2024
BV00431,Purchase,431,19-Sep-2024,Dwarka Gohil Pellet Works,690710.4,Dr,husk purchase,19-Sep-2024
BV00432,Purchase,432,15-Sep-2024,Sardar Bhadar Agro Traders,804355.2,Dr,husk purchase,15-Sep-2024
BV00433,Purchase,433,15-Sep-2024,Shree Saurashtra Biomass LLP,729624.0,Dr,husk purchase,15-Sep-2024
BV00434,Purchase,434,23-Sep-2024,Shree Saurashtra Biomass LLP,796194.0,Dr,husk purchase,23-Sep-2024
BV00435,Purchase,435,21-Sep-2024,Somnath Sabar Biofuels,725005.8,Dr,husk purchase,21-Sep-2024
BV00436,Purchase,436,20-Sep-2024,New Patel Agri Residue LLP,748429.2,Dr,husk purchase,20-Sep-2024
BV00437,Purchase,437,07-Sep-2024,Jay Chudasama Agri Residue LLP,728610.0,Dr,husk purchase,07-Sep-2024
BV00438,Purchase,438,02-Sep-2024,Shree Saurashtra Biomass LLP,651934.4,Dr,husk purchase,02-Sep-2024
BV00439,Purchase,439,16-Sep-2024,Dwarka Gohil Pellet Works,660538.3,Dr,stalk purchase,16-Sep-2024
BV00440,Purchase,440,26-Sep-2024,Dwarka Ambaji Trading Company,777982.8,Dr,stalk purchase,26-Sep-2024
BV00441,Purchase,441,12-Sep-2024,Shree Ambaji Trading Company,796024.4,Dr,stalk purchase,12-Sep-2024
BV00442,Purchase,442,11-Sep-2024,Shree Ambaji Trading Company,851522.4,Dr,stalk purchase,11-Sep-2024
BV00443,Purchase,443,17-Sep-2024,Somnath Girnar Biofuels,779077.9,Dr,stalk purchase,17-Sep-2024
BV00444,Purchase,444,18-Sep-2024,Somnath Girnar Biofuels,747743.4,Dr,stalk purchase,18-Sep-2024
BV00445,Purchase,445,18-Sep-2024,Om Sabar Agro Exports,4189034.2,Dr,pellets purchase,18-Sep-2024
BV00446,Purchase,446,06-Oct-2024,New Gohil Biomass LLP,690606.0,Dr,husk purchase,06-Oct-2024
BV00447,Purchase,447,15-Oct-2024,Jay Bhal Agri Residue LLP,725251.0,Dr,husk purchase,15-Oct-2024
BV00448,Purchase,448,14-Oct-2024,Maa Girnar Krishi Udyog,707935.8,Dr,husk purchase,14-Oct-2024
BV00449,Purchase,449,08-Oct-2024,Somnath Bhadar Biomass LLP,742531.5,Dr,husk purchase,08-Oct-2024
BV00450,Purchase,450,04-Oct-2024,Somnath Bhadar Biomass LLP,647047.5,Dr,husk purchase,04-Oct-2024
BV00451,Purchase,451,20-Oct-2024,Om Chudasama Bioenergy,630120.0,Dr,husk purchase,20-Oct-2024
BV00452,Purchase,452,11-Oct-2024,Dwarka Desai Agri Residue LLP,632908.4,Dr,husk purchase,11-Oct-2024
BV00453,Purchase,453,26-Oct-2024,Om Chudasama Bioenergy,732723.0,Dr,husk purchase,26-Oct-2024
BV00454,Purchase,454,10-Oct-2024,Jay Sabar Agri Residue LLP,739623.0,Dr,husk purchase,10-Oct-2024
BV00455,Purchase,455,12-Oct-2024,Maa Solanki Krishi Udyog,717674.4,Dr,husk purchase,12-Oct-2024
BV00456,Purchase,456,19-Oct-2024,Jay Sabar Biofuels,655910.4,Dr,husk purchase,19-Oct-2024
BV00457,Purchase,457,19-Oct-2024,Somnath Bhadar Biomass LLP,589750.0,Dr,husk purchase,19-Oct-2024
BV00458,Purchase,458,22-Oct-2024,New Gohil Biomass LLP,617899.2,Dr,husk purchase,22-Oct-2024
BV00459,Purchase,459,19-Oct-2024,Jay Chudasama Agri Residue LLP,543450.3,Dr,husk purchase,19-Oct-2024
BV00460,Purchase,460,08-Oct-2024,Maa Kathiawad Biomass LLP,591212.4,Dr,husk purchase,08-Oct-2024
BV00461,Purchase,461,14-Oct-2024,Dwarka Desai Agri Residue LLP,791129.6,Dr,husk purchase,14-Oct-2024
BV00462,Purchase,462,07-Oct-2024,Sardar Sabar Agri Residue LLP,639093.6,Dr,husk purchase,07-Oct-2024
BV00463,Purchase,463,12-Oct-2024,Dwarka Desai Agri Residue LLP,651483.0,Dr,husk purchase,12-Oct-2024
BV00464,Purchase,464,16-Oct-2024,Om Bhal Trading Company,809732.0,Dr,stalk purchase,16-Oct-2024
BV00465,Purchase,465,22-Oct-2024,Jay Sabar Biofuels,929617.2,Dr,stalk purchase,22-Oct-2024
BV00466,Purchase,466,06-Oct-2024,Shree Ambaji Trading Company,948135.6,Dr,stalk purchase,06-Oct-2024
BV00467,Purchase,467,13-Oct-2024,Shree Saurashtra Biomass LLP,842516.7,Dr,stalk purchase,13-Oct-2024
BV00468,Purchase,468,15-Oct-2024,Om Bhal Trading Company,861144.0,Dr,stalk purchase,15-Oct-2024
BV00469,Purchase,469,06-Oct-2024,Dwarka Gohil Pellet Works,673092.4,Dr,stalk purchase,06-Oct-2024
BV00470,Purchase,470,13-Nov-2024,Dwarka Gohil Pellet Works,555360.0,Dr,husk purchase,13-Nov-2024
BV00471,Purchase,471,22-Nov-2024,Jay Bhal Agri Residue LLP,621014.1,Dr,husk purchase,22-Nov-2024
BV00472,Purchase,472,02-Nov-2024,Shree Saurashtra Biomass LLP,689751.6,Dr,husk purchase,02-Nov-2024
BV00473,Purchase,473,02-Nov-2024,Jay Sabar Agri Residue LLP,598920.0,Dr,husk purchase,02-Nov-2024
BV00474,Purchase,474,10-Nov-2024,Somnath Bhadar Biomass LLP,578443.3,Dr,husk purchase,10-Nov-2024
BV00475,Purchase,475,05-Nov-2024,Jay Bhal Agri Residue LLP,678884.8,Dr,husk purchase,05-Nov-2024
BV00476,Purchase,476,03-Nov-2024,Sardar Bhadar Agro Traders,662671.8,Dr,husk purchase,03-Nov-2024
BV00477,Purchase,477,21-Nov-2024,New Gohil Biomass LLP,673575.5,Dr,husk purchase,21-Nov-2024
BV00478,Purchase,478,25-Nov-2024,Jay Sabar Biofuels,599657.8,Dr,husk purchase,25-Nov-2024
BV00479,Purchase,479,08-Nov-2024,Jay Sabar Agri Residue LLP,646238.0,Dr,husk purchase,08-Nov-2024
BV00480,Purchase,480,17-Nov-2024,Jay Sabar Agri Residue LLP,604007.8,Dr,husk purchase,17-Nov-2024
BV00481,Purchase,481,08-Nov-2024,Jay Sabar Biofuels,683403.5,Dr,husk purchase,08-Nov-2024
BV00482,Purchase,482,21-Nov-2024,New Gohil Biomass LLP,571292.6,Dr,husk purchase,21-Nov-2024
BV00483,Purchase,483,08-Nov-2024,Jay Sabar Biofuels,513474.7,Dr,husk purchase,08-Nov-2024
BV00484,Purchase,484,25-Nov-2024,Sardar Sabar Agri Residue LLP,607036.1,Dr,husk purchase,25-Nov-2024
BV00485,Purchase,485,21-Nov-2024,Maa Solanki Krishi Udyog,638669.4,Dr,husk purchase,21-Nov-2024
BV00486,Purchase,486,26-Nov-2024,Maa Girnar Krishi Udyog,557776.0,Dr,husk purchase,26-Nov-2024
BV00487,Purchase,487,07-Nov-2024,Jay Bhal Agri Residue LLP,710931.2,Dr,husk purchase,07-Nov-2024
BV00488,Purchase,488,21-Nov-2024,Dwarka Desai Agri Residue LLP,573766.2,Dr,stalk purchase,21-Nov-2024
BV00489,Purchase,489,21-Nov-2024,Shree Saurashtra Biomass LLP,582069.0,Dr,stalk purchase,21-Nov-2024
BV00490,Purchase,490,22-Nov-2024,Om Bhal Trading Company,566138.0,Dr,stalk purchase,22-Nov-2024
BV00491,Purchase,491,13-Nov-2024,Shree Ambaji Trading Company,636984.7,Dr,stalk purchase,13-Nov-2024
BV00492,Purchase,492,06-Nov-2024,Shree Ambaji Trading Company,587645.1,Dr,stalk purchase,06-Nov-2024
BV00493,Purchase,493,02-Nov-2024,Dwarka Desai Krishi Udyog,564024.4,Dr,stalk purchase,02-Nov-2024
BV00494,Purchase,494,21-Nov-2024,Dwarka Gohil Pellet Works,553699.2,Dr,stalk purchase,21-Nov-2024
BV00495,Purchase,495,18-Nov-2024,Dwarka Gohil Pellet Works,704099.0,Dr,stalk purchase,18-Nov-2024
BV00496,Purchase,496,27-Dec-2024,Dwarka Girnar Trading Company,684326.4,Dr,husk purchase,27-Dec-2024
BV00497,Purchase,497,22-Dec-2024,Maa Solanki Krishi Udyog,857955.4,Dr,husk purchase,22-Dec-2024
BV00498,Purchase,498,11-Dec-2024,Dwarka Desai Agri Residue LLP,797796.0,Dr,husk purchase,11-Dec-2024
BV00499,Purchase,499,08-Dec-2024,Jay Bhal Agri Residue LLP,758494.8,Dr,husk purchase,08-Dec-2024
BV00500,Purchase,500,11-Dec-2024,Dwarka Gohil Pellet Works,672853.5,Dr,husk purchase,11-Dec-2024
BV00501,Purchase,501,22-Dec-2024,Jay Sabar Biofuels,721267.7,Dr,husk purchase,22-Dec-2024
BV00502,Purchase,502,17-Dec-2024,Dwarka Gohil Pellet Works,674700.6,Dr,husk purchase,17-Dec-2024
BV00503,Purchase,503,18-Dec-2024,Jay Sabar Biofuels,763122.0,Dr,husk purchase,18-Dec-2024
BV00504,Purchase,504,25-Dec-2024,Jay Bhal Agri Residue LLP,687574.3,Dr,husk purchase,25-Dec-2024
BV00505,Purchase,505,26-Dec-2024,Somnath Bhadar Biomass LLP,658230.0,Dr,husk purchase,26-Dec-2024
BV00506,Purchase,506,13-Dec-2024,Dwarka Gohil Pellet Works,725240.7,Dr,husk purchase,13-Dec-2024
BV00507,Purchase,507,27-Dec-2024,Jay Sabar Agri Residue LLP,790802.1,Dr,husk purchase,27-Dec-2024
BV00508,Purchase,508,08-Dec-2024,Sardar Bhadar Agro Traders,727482.6,Dr,husk purchase,08-Dec-2024
BV00509,Purchase,509,06-Dec-2024,Somnath Bhadar Biomass LLP,664460.4,Dr,husk purchase,06-Dec-2024
BV00510,Purchase,510,02-Dec-2024,Jay Sabar Biofuels,854885.7,Dr,husk purchase,02-Dec-2024
BV00511,Purchase,511,11-Dec-2024,Dwarka Desai Krishi Udyog,692634.0,Dr,stalk purchase,11-Dec-2024
BV00512,Purchase,512,03-Dec-2024,Jay Sabar Biofuels,685019.4,Dr,stalk purchase,03-Dec-2024
BV00513,Purchase,513,02-Dec-2024,Dwarka Ambaji Trading Company,789373.8,Dr,stalk purchase,02-Dec-2024
BV00514,Purchase,514,15-Dec-2024,Shree Saurashtra Biomass LLP,697191.0,Dr,stalk purchase,15-Dec-2024
BV00515,Purchase,515,12-Dec-2024,New Gohil Biomass LLP,843313.9,Dr,stalk purchase,12-Dec-2024
BV00516,Purchase,516,07-Dec-2024,Shree Ambaji Trading Company,888788.4,Dr,stalk purchase,07-Dec-2024
BV00517,Purchase,517,13-Jan-2025,Shree Girnar Krishi Udyog,485014.4,Dr,husk purchase,13-Jan-2025
BV00518,Purchase,518,17-Jan-2025,Shree Saurashtra Biomass LLP,417696.5,Dr,husk purchase,17-Jan-2025
BV00519,Purchase,519,18-Jan-2025,Dwarka Desai Agri Residue LLP,444516.2,Dr,husk purchase,18-Jan-2025
BV00520,Purchase,520,08-Jan-2025,Om Chudasama Bioenergy,479850.0,Dr,husk purchase,08-Jan-2025
BV00521,Purchase,521,26-Jan-2025,Jay Bhal Agri Residue LLP,454611.1,Dr,husk purchase,26-Jan-2025
BV00522,Purchase,522,04-Jan-2025,Somnath Sabar Biofuels,365524.8,Dr,husk purchase,04-Jan-2025
BV00523,Purchase,523,16-Jan-2025,Maa Kathiawad Biomass LLP,437470.8,Dr,husk purchase,16-Jan-2025
BV00524,Purchase,524,12-Jan-2025,Dwarka Gohil Pellet Works,435506.8,Dr,husk purchase,12-Jan-2025
BV00525,Purchase,525,17-Jan-2025,Maa Kathiawad Biomass LLP,486529.2,Dr,husk purchase,17-Jan-2025
BV00526,Purchase,526,16-Jan-2025,Shree Girnar Krishi Udyog,484825.0,Dr,husk purchase,16-Jan-2025
BV00527,Purchase,527,16-Jan-2025,Jay Sabar Agri Residue LLP,419403.6,Dr,husk purchase,16-Jan-2025
BV00528,Purchase,528,27-Jan-2025,Maa Girnar Krishi Udyog,422620.8,Dr,husk purchase,27-Jan-2025
BV00529,Purchase,529,09-Jan-2025,Jay Bhal Agri Residue LLP,478878.4,Dr,husk purchase,09-Jan-2025
BV00530,Purchase,530,25-Jan-2025,Sardar Bhadar Agro Traders,457970.9,Dr,husk purchase,25-Jan-2025
BV00531,Purchase,531,03-Jan-2025,New Gohil Biomass LLP,472935.1,Dr,husk purchase,03-Jan-2025
BV00532,Purchase,532,13-Jan-2025,Jay Sabar Biofuels,494720.8,Dr,husk purchase,13-Jan-2025
BV00533,Purchase,533,11-Jan-2025,Maa Solanki Krishi Udyog,449664.0,Dr,husk purchase,11-Jan-2025
BV00534,Purchase,534,27-Jan-2025,Dwarka Girnar Trading Company,365365.0,Dr,husk purchase,27-Jan-2025
BV00535,Purchase,535,27-Jan-2025,Jay Chudasama Agri Residue LLP,402183.8,Dr,husk purchase,27-Jan-2025
BV00536,Purchase,536,05-Jan-2025,Jay Bhal Agri Residue LLP,442001.4,Dr,husk purchase,05-Jan-2025
BV00537,Purchase,537,08-Jan-2025,Jay Bhal Agri Residue LLP,444772.5,Dr,husk purchase,08-Jan-2025
BV00538,Purchase,538,06-Jan-2025,Somnath Sabar Biofuels,379270.0,Dr,husk purchase,06-Jan-2025
BV00539,Purchase,539,21-Jan-2025,Maa Kathiawad Biomass LLP,395024.4,Dr,husk purchase,21-Jan-2025
BV00540,Purchase,540,04-Jan-2025,New Gohil Biomass LLP,411338.1,Dr,husk purchase,04-Jan-2025
BV00541,Purchase,541,13-Jan-2025,Om Chudasama Bioenergy,520004.5,Dr,husk purchase,13-Jan-2025
BV00542,Purchase,542,15-Jan-2025,Jay Sabar Agri Residue LLP,413132.0,Dr,husk purchase,15-Jan-2025
BV00543,Purchase,543,02-Jan-2025,Om Bhal Trading Company,841654.8,Dr,stalk purchase,02-Jan-2025
BV00544,Purchase,544,13-Jan-2025,Om Bhal Trading Company,819935.6,Dr,stalk purchase,13-Jan-2025
BV00545,Purchase,545,06-Jan-2025,Somnath Girnar Biofuels,677466.0,Dr,stalk purchase,06-Jan-2025
BV00546,Purchase,546,22-Jan-2025,New Gohil Biomass LLP,802785.0,Dr,stalk purchase,22-Jan-2025
BV00547,Purchase,547,19-Jan-2025,Om Sabar Bioenergy,803214.3,Dr,stalk purchase,19-Jan-2025
BV00548,Purchase,548,18-Jan-2025,Somnath Girnar Biofuels,817810.0,Dr,stalk purchase,18-Jan-2025
BV00549,Purchase,549,05-Feb-2025,Somnath Bhadar Biomass LLP,576044.5,Dr,husk purchase,05-Feb-2025
BV00550,Purchase,550,21-Feb-2025,Maa Solanki Krishi Udyog,606169.2,Dr,husk purchase,21-Feb-2025
BV00551,Purchase,551,05-Feb-2025,Somnath Bhadar Biomass LLP,747803.0,Dr,husk purchase,05-Feb-2025
BV00552,Purchase,552,24-Feb-2025,Somnath Bhadar Biomass LLP,754353.8,Dr,husk purchase,24-Feb-2025
BV00553,Purchase,553,09-Feb-2025,Somnath Sabar Biofuels,650423.6,Dr,husk purchase,09-Feb-2025
BV00554,Purchase,554,18-Feb-2025,New Patel Agri Residue LLP,694585.5,Dr,husk purchase,18-Feb-2025
BV00555,Purchase,555,22-Feb-2025,Maa Girnar Krishi Udyog,605033.4,Dr,husk purchase,22-Feb-2025
BV00556,Purchase,556,27-Feb-2025,Somnath Bhadar Biomass LLP,700557.0,Dr,husk purchase,27-Feb-2025
BV00557,Purchase,557,19-Feb-2025,Dwarka Desai Agri Residue LLP,655203.6,Dr,husk purchase,19-Feb-2025
BV00558,Purchase,558,03-Feb-2025,Jay Bhal Agri Residue LLP,764067.6,Dr,husk purchase,03-Feb-2025
BV00559,Purchase,559,08-Feb-2025,New Patel Agri Residue LLP,720633.4,Dr,husk purchase,08-Feb-2025
BV00560,Purchase,560,04-Feb-2025,Dwarka Gohil Pellet Works,721911.6,Dr,husk purchase,04-Feb-2025
BV00561,Purchase,561,25-Feb-2025,Om Chudasama Bioenergy,796587.0,Dr,husk purchase,25-Feb-2025
BV00562,Purchase,562,22-Feb-2025,Dwarka Gohil Pellet Works,655737.5,Dr,husk purchase,22-Feb-2025
BV00563,Purchase,563,13-Feb-2025,New Patel Agri Residue LLP,702824.1,Dr,husk purchase,13-Feb-2025
BV00564,Purchase,564,11-Feb-2025,Sardar Bhadar Agro Traders,669060.0,Dr,husk purchase,11-Feb-2025
BV00565,Purchase,565,13-Feb-2025,Maa Kathiawad Biomass LLP,617943.9,Dr,husk purchase,13-Feb-2025
BV00566,Purchase,566,12-Feb-2025,Shree Ambaji Trading Company,583918.8,Dr,stalk purchase,12-Feb-2025
BV00567,Purchase,567,22-Feb-2025,Dwarka Gohil Pellet Works,621998.7,Dr,stalk purchase,22-Feb-2025
BV00568,Purchase,568,26-Feb-2025,Jay Sabar Biofuels,552623.4,Dr,stalk purchase,26-Feb-2025
BV00569,Purchase,569,04-Feb-2025,Dwarka Ambaji Trading Company,682706.7,Dr,stalk purchase,04-Feb-2025
BV00570,Purchase,570,12-Feb-2025,Om Sabar Bioenergy,662451.5,Dr,stalk purchase,12-Feb-2025
BV00571,Purchase,571,20-Feb-2025,Dwarka Ambaji Trading Company,610509.2,Dr,stalk purchase,20-Feb-2025
BV00572,Purchase,572,12-Feb-2025,Dwarka Desai Agri Residue LLP,612431.8,Dr,stalk purchase,12-Feb-2025
BV00573,Purchase,573,02-Feb-2025,Jay Sabar Biofuels,553020.3,Dr,stalk purchase,02-Feb-2025
BV00574,Purchase,574,16-Mar-2025,Somnath Sabar Biofuels,569299.2,Dr,husk purchase,16-Mar-2025
BV00575,Purchase,575,03-Mar-2025,Sardar Sabar Agri Residue LLP,554472.0,Dr,husk purchase,03-Mar-2025
BV00576,Purchase,576,02-Mar-2025,Shree Girnar Krishi Udyog,617982.4,Dr,husk purchase,02-Mar-2025
BV00577,Purchase,577,11-Mar-2025,Dwarka Girnar Trading Company,477268.7,Dr,husk purchase,11-Mar-2025
BV00578,Purchase,578,04-Mar-2025,Maa Kathiawad Biomass LLP,508836.3,Dr,husk purchase,04-Mar-2025
BV00579,Purchase,579,21-Mar-2025,New Gohil Biomass LLP,549829.6,Dr,husk purchase,21-Mar-2025
BV00580,Purchase,580,16-Mar-2025,Shree Saurashtra Biomass LLP,621231.6,Dr,husk purchase,16-Mar-2025
BV00581,Purchase,581,11-Mar-2025,Dwarka Desai Agri Residue LLP,591650.4,Dr,husk purchase,11-Mar-2025
BV00582,Purchase,582,15-Mar-2025,Maa Solanki Krishi Udyog,622899.2,Dr,husk purchase,15-Mar-2025
BV00583,Purchase,583,09-Mar-2025,New Patel Agri Residue LLP,533623.2,Dr,husk purchase,09-Mar-2025
BV00584,Purchase,584,04-Mar-2025,Dwarka Desai Agri Residue LLP,503458.2,Dr,husk purchase,04-Mar-2025
BV00585,Purchase,585,10-Mar-2025,Dwarka Gohil Pellet Works,542866.1,Dr,husk purchase,10-Mar-2025
BV00586,Purchase,586,19-Mar-2025,Maa Kathiawad Biomass LLP,579262.5,Dr,husk purchase,19-Mar-2025
BV00587,Purchase,587,03-Mar-2025,Jay Sabar Biofuels,491684.2,Dr,husk purchase,03-Mar-2025
BV00588,Purchase,588,04-Mar-2025,Sardar Bhadar Agro Traders,501508.8,Dr,husk purchase,04-Mar-2025
BV00589,Purchase,589,23-Mar-2025,Sardar Bhadar Agro Traders,532148.1,Dr,husk purchase,23-Mar-2025
BV00590,Purchase,590,15-Mar-2025,New Patel Agri Residue LLP,553199.0,Dr,husk purchase,15-Mar-2025
BV00591,Purchase,591,05-Mar-2025,Jay Chudasama Agri Residue LLP,587726.1,Dr,husk purchase,05-Mar-2025
BV00592,Purchase,592,15-Mar-2025,Maa Solanki Krishi Udyog,506194.5,Dr,husk purchase,15-Mar-2025
BV00593,Purchase,593,04-Mar-2025,Om Chudasama Bioenergy,544038.4,Dr,husk purchase,04-Mar-2025
BV00594,Purchase,594,10-Mar-2025,Dwarka Girnar Trading Company,640708.6,Dr,husk purchase,10-Mar-2025
BV00595,Purchase,595,24-Mar-2025,Maa Solanki Krishi Udyog,509157.0,Dr,husk purchase,24-Mar-2025
BV00596,Purchase,596,07-Mar-2025,Dwarka Gohil Pellet Works,629405.0,Dr,stalk purchase,07-Mar-2025
BV00597,Purchase,597,21-Mar-2025,Om Bhal Trading Company,675823.6,Dr,stalk purchase,21-Mar-2025
BV00598,Purchase,598,13-Mar-2025,New Gohil Biomass LLP,803780.9,Dr,stalk purchase,13-Mar-2025
BV00599,Purchase,599,04-Mar-2025,Jay Sabar Biofuels,755392.5,Dr,stalk purchase,04-Mar-2025
BV00600,Purchase,600,09-Mar-2025,Shree Ambaji Trading Company,663576.7,Dr,stalk purchase,09-Mar-2025
BV00601,Purchase,601,02-Mar-2025,Dwarka Desai Krishi Udyog,662765.0,Dr,stalk purchase,02-Mar-2025
BV00602,Purchase,602,23-Mar-2025,Somnath Girnar Biofuels,874976.4,Dr,stalk purchase,23-Mar-2025
BV00603,Purchase,603,24-Apr-2025,Somnath Sabar Biofuels,911388.8,Dr,husk purchase,24-Apr-2025
BV00604,Purchase,604,18-Apr-2025,Maa Kathiawad Biomass LLP,918205.2,Dr,husk purchase,18-Apr-2025
BV00605,Purchase,605,04-Apr-2025,Maa Solanki Krishi Udyog,830437.5,Dr,husk purchase,04-Apr-2025
BV00606,Purchase,606,23-Apr-2025,Jay Chudasama Agri Residue LLP,932185.8,Dr,husk purchase,23-Apr-2025
BV00607,Purchase,607,02-Apr-2025,Sardar Bhadar Agro Traders,948206.7,Dr,husk purchase,02-Apr-2025
BV00608,Purchase,608,03-Apr-2025,New Patel Agri Residue LLP,956693.1,Dr,husk purchase,03-Apr-2025
BV00609,Purchase,609,11-Apr-2025,Somnath Bhadar Biomass LLP,756607.1,Dr,husk purchase,11-Apr-2025
BV00610,Purchase,610,06-Apr-2025,Shree Girnar Krishi Udyog,781888.0,Dr,husk purchase,06-Apr-2025
BV00611,Purchase,611,03-Apr-2025,New Gohil Biomass LLP,837486.8,Dr,husk purchase,03-Apr-2025
BV00612,Purchase,612,09-Apr-2025,Maa Kathiawad Biomass LLP,781179.1,Dr,husk purchase,09-Apr-2025
BV00613,Purchase,613,03-Apr-2025,Om Bhal Trading Company,870610.4,Dr,stalk purchase,03-Apr-2025
BV00614,Purchase,614,08-Apr-2025,Dwarka Desai Agri Residue LLP,874468.4,Dr,stalk purchase,08-Apr-2025
BV00615,Purchase,615,13-Apr-2025,Somnath Girnar Biofuels,833670.0,Dr,stalk purchase,13-Apr-2025
BV00616,Purchase,616,20-Apr-2025,New Gohil Biomass LLP,1077112.8,Dr,stalk purchase,20-Apr-2025
BV00617,Purchase,617,06-May-2025,Shree Saurashtra Biomass LLP,831979.2,Dr,husk purchase,06-May-2025
BV00618,Purchase,618,12-May-2025,Shree Girnar Krishi Udyog,972513.0,Dr,husk purchase,12-May-2025
BV00619,Purchase,619,05-May-2025,Sardar Sabar Agri Residue LLP,1032296.4,Dr,husk purchase,05-May-2025
BV00620,Purchase,620,27-May-2025,Maa Girnar Krishi Udyog,1076922.6,Dr,husk purchase,27-May-2025
BV00621,Purchase,621,14-May-2025,Somnath Sabar Biofuels,1053852.9,Dr,husk purchase,14-May-2025
BV00622,Purchase,622,21-May-2025,New Gohil Biomass LLP,940576.0,Dr,husk purchase,21-May-2025
BV00623,Purchase,623,06-May-2025,Shree Saurashtra Biomass LLP,957382.8,Dr,husk purchase,06-May-2025
BV00624,Purchase,624,07-May-2025,Jay Bhal Agri Residue LLP,947268.0,Dr,husk purchase,07-May-2025
BV00625,Purchase,625,11-May-2025,Jay Sabar Biofuels,1129524.8,Dr,husk purchase,11-May-2025
BV00626,Purchase,626,17-May-2025,Dwarka Desai Agri Residue LLP,879264.0,Dr,stalk purchase,17-May-2025
BV00627,Purchase,627,02-May-2025,Shree Ambaji Trading Company,1077635.0,Dr,stalk purchase,02-May-2025
BV00628,Purchase,628,08-May-2025,Om Bhal Trading Company,988370.7,Dr,stalk purchase,08-May-2025
BV00629,Purchase,629,15-May-2025,Om Bhal Trading Company,792487.8,Dr,stalk purchase,15-May-2025
BV00630,Purchase,630,17-Jun-2025,Somnath Sabar Biofuels,886475.6,Dr,husk purchase,17-Jun-2025
BV00631,Purchase,631,26-Jun-2025,New Patel Agri Residue LLP,1017616.6,Dr,husk purchase,26-Jun-2025
BV00632,Purchase,632,17-Jun-2025,Maa Solanki Krishi Udyog,1055086.5,Dr,husk purchase,17-Jun-2025
BV00633,Purchase,633,26-Jun-2025,Om Chudasama Bioenergy,998861.1,Dr,husk purchase,26-Jun-2025
BV00634,Purchase,634,16-Jun-2025,Dwarka Desai Agri Residue LLP,817390.4,Dr,husk purchase,16-Jun-2025
BV00635,Purchase,635,18-Jun-2025,Maa Solanki Krishi Udyog,1052166.3,Dr,husk purchase,18-Jun-2025
BV00636,Purchase,636,22-Jun-2025,Om Chudasama Bioenergy,888528.0,Dr,husk purchase,22-Jun-2025
BV00637,Purchase,637,24-Jun-2025,Dwarka Girnar Trading Company,1003863.2,Dr,husk purchase,24-Jun-2025
BV00638,Purchase,638,27-Jun-2025,Somnath Sabar Biofuels,839928.8,Dr,husk purchase,27-Jun-2025
BV00639,Purchase,639,21-Jun-2025,Sardar Sabar Agri Residue LLP,860681.6,Dr,husk purchase,21-Jun-2025
BV00640,Purchase,640,22-Jun-2025,Om Bhal Trading Company,670219.2,Dr,stalk purchase,22-Jun-2025
BV00641,Purchase,641,02-Jun-2025,Shree Ambaji Trading Company,684432.0,Dr,stalk purchase,02-Jun-2025
BV00642,Purchase,642,19-Jun-2025,Jay Sabar Biofuels,614313.0,Dr,stalk purchase,19-Jun-2025
BV00643,Purchase,643,12-Jun-2025,Jay Sabar Biofuels,643669.2,Dr,stalk purchase,12-Jun-2025
BV00644,Purchase,644,16-Jun-2025,Dwarka Desai Krishi Udyog,666335.8,Dr,stalk purchase,16-Jun-2025
BV00645,Purchase,645,08-Jun-2025,Om Bhal Trading Company,682661.6,Dr,stalk purchase,08-Jun-2025
BV00646,Purchase,646,02-Jul-2025,Jay Sabar Agri Residue LLP,503276.0,Dr,husk purchase,02-Jul-2025
BV00647,Purchase,647,20-Jul-2025,Somnath Bhadar Biomass LLP,505596.0,Dr,husk purchase,20-Jul-2025
BV00648,Purchase,648,26-Jul-2025,Dwarka Gohil Pellet Works,513750.0,Dr,husk purchase,26-Jul-2025
BV00649,Purchase,649,26-Jul-2025,Jay Sabar Agri Residue LLP,538121.6,Dr,husk purchase,26-Jul-2025
BV00650,Purchase,650,25-Jul-2025,Dwarka Girnar Trading Company,459790.2,Dr,husk purchase,25-Jul-2025
BV00651,Purchase,651,05-Jul-2025,Sardar Sabar Agri Residue LLP,482232.0,Dr,husk purchase,05-Jul-2025
BV00652,Purchase,652,23-Jul-2025,Jay Bhal Agri Residue LLP,484825.0,Dr,husk purchase,23-Jul-2025
BV00653,Purchase,653,08-Jul-2025,Dwarka Gohil Pellet Works,569075.1,Dr,husk purchase,08-Jul-2025
BV00654,Purchase,654,02-Jul-2025,Sardar Bhadar Agro Traders,521085.6,Dr,husk purchase,02-Jul-2025
BV00655,Purchase,655,10-Jul-2025,Dwarka Gohil Pellet Works,454386.8,Dr,husk purchase,10-Jul-2025
BV00656,Purchase,656,11-Jul-2025,Jay Chudasama Agri Residue LLP,440271.0,Dr,husk purchase,11-Jul-2025
BV00657,Purchase,657,19-Jul-2025,New Gohil Biomass LLP,507927.0,Dr,husk purchase,19-Jul-2025
BV00658,Purchase,658,19-Jul-2025,Jay Chudasama Agri Residue LLP,465912.2,Dr,husk purchase,19-Jul-2025
BV00659,Purchase,659,08-Jul-2025,Maa Girnar Krishi Udyog,574147.6,Dr,husk purchase,08-Jul-2025
BV00660,Purchase,660,13-Jul-2025,Jay Sabar Biofuels,447524.4,Dr,husk purchase,13-Jul-2025
BV00661,Purchase,661,03-Jul-2025,Shree Girnar Krishi Udyog,516957.3,Dr,husk purchase,03-Jul-2025
BV00662,Purchase,662,26-Jul-2025,Somnath Bhadar Biomass LLP,494982.6,Dr,husk purchase,26-Jul-2025
BV00663,Purchase,663,18-Jul-2025,Om Bhal Trading Company,925848.0,Dr,stalk purchase,18-Jul-2025
BV00664,Purchase,664,26-Jul-2025,Om Sabar Bioenergy,862677.2,Dr,stalk purchase,26-Jul-2025
BV00665,Purchase,665,24-Jul-2025,Dwarka Desai Agri Residue LLP,788840.0,Dr,stalk purchase,24-Jul-2025
BV00666,Purchase,666,07-Jul-2025,Dwarka Desai Agri Residue LLP,1004039.4,Dr,stalk purchase,07-Jul-2025
BV00667,Purchase,667,06-Jul-2025,Om Ambaji Bioenergy,1167210.0,Dr,pellets purchase,06-Jul-2025
BV00668,Purchase,668,06-Jul-2025,Om Ambaji Bioenergy,1153993.5,Dr,pellets purchase,06-Jul-2025
BV00669,Purchase,669,22-Aug-2025,Shree Saurashtra Biomass LLP,679892.4,Dr,husk purchase,22-Aug-2025
BV00670,Purchase,670,18-Aug-2025,Shree Girnar Krishi Udyog,785818.6,Dr,husk purchase,18-Aug-2025
BV00671,Purchase,671,04-Aug-2025,Shree Girnar Krishi Udyog,785738.8,Dr,husk purchase,04-Aug-2025
BV00672,Purchase,672,16-Aug-2025,New Patel Agri Residue LLP,674506.2,Dr,husk purchase,16-Aug-2025
BV00673,Purchase,673,13-Aug-2025,Jay Sabar Agri Residue LLP,686382.4,Dr,husk purchase,13-Aug-2025
BV00674,Purchase,674,24-Aug-2025,Dwarka Gohil Pellet Works,758726.8,Dr,husk purchase,24-Aug-2025
BV00675,Purchase,675,07-Aug-2025,Dwarka Gohil Pellet Works,725221.3,Dr,husk purchase,07-Aug-2025
BV00676,Purchase,676,12-Aug-2025,Maa Kathiawad Biomass LLP,670866.3,Dr,husk purchase,12-Aug-2025
BV00677,Purchase,677,12-Aug-2025,Maa Girnar Krishi Udyog,684740.0,Dr,husk purchase,12-Aug-2025
BV00678,Purchase,678,22-Aug-2025,Jay Chudasama Agri Residue LLP,850776.6,Dr,husk purchase,22-Aug-2025
BV00679,Purchase,679,07-Aug-2025,Somnath Bhadar Biomass LLP,868768.0,Dr,husk purchase,07-Aug-2025
BV00680,Purchase,680,12-Aug-2025,Somnath Girnar Biofuels,1060168.9,Dr,stalk purchase,12-Aug-2025
BV00681,Purchase,681,04-Aug-2025,Dwarka Desai Agri Residue LLP,1182402.4,Dr,stalk purchase,04-Aug-2025
BV00682,Purchase,682,03-Aug-2025,Dwarka Ambaji Trading Company,1158554.7,Dr,stalk purchase,03-Aug-2025
BV00683,Purchase,683,17-Aug-2025,Shree Gohil Biofuels,3229307.4,Dr,pellets purchase,17-Aug-2025
BV00684,Purchase,684,21-Sep-2025,Jay Sabar Biofuels,723948.0,Dr,husk purchase,21-Sep-2025
BV00685,Purchase,685,05-Sep-2025,Somnath Bhadar Biomass LLP,619167.0,Dr,husk purchase,05-Sep-2025
BV00686,Purchase,686,15-Sep-2025,New Patel Agri Residue LLP,768719.6,Dr,husk purchase,15-Sep-2025
BV00687,Purchase,687,07-Sep-2025,Maa Kathiawad Biomass LLP,713764.8,Dr,husk purchase,07-Sep-2025
BV00688,Purchase,688,25-Sep-2025,Sardar Bhadar Agro Traders,834872.0,Dr,husk purchase,25-Sep-2025
BV00689,Purchase,689,03-Sep-2025,Shree Saurashtra Biomass LLP,681163.0,Dr,husk purchase,03-Sep-2025
BV00690,Purchase,690,15-Sep-2025,Maa Kathiawad Biomass LLP,707518.0,Dr,husk purchase,15-Sep-2025
BV00691,Purchase,691,20-Sep-2025,Sardar Sabar Agri Residue LLP,819000.7,Dr,husk purchase,20-Sep-2025
BV00692,Purchase,692,07-Sep-2025,Jay Sabar Agri Residue LLP,683221.2,Dr,husk purchase,07-Sep-2025
BV00693,Purchase,693,25-Sep-2025,Shree Saurashtra Biomass LLP,741546.5,Dr,husk purchase,25-Sep-2025
BV00694,Purchase,694,09-Sep-2025,Shree Saurashtra Biomass LLP,661980.0,Dr,husk purchase,09-Sep-2025
BV00695,Purchase,695,12-Sep-2025,Shree Ambaji Trading Company,656366.6,Dr,stalk purchase,12-Sep-2025
BV00696,Purchase,696,07-Sep-2025,Dwarka Desai Agri Residue LLP,579439.0,Dr,stalk purchase,07-Sep-2025
BV00697,Purchase,697,16-Sep-2025,Om Sabar Bioenergy,668868.2,Dr,stalk purchase,16-Sep-2025
BV00698,Purchase,698,06-Sep-2025,Dwarka Ambaji Trading Company,646732.8,Dr,stalk purchase,06-Sep-2025
BV00699,Purchase,699,23-Sep-2025,Dwarka Ambaji Trading Company,739018.6,Dr,stalk purchase,23-Sep-2025
BV00700,Purchase,700,26-Sep-2025,Maa Kutch Biomass LLP,2838805.2,Dr,pellets purchase,26-Sep-2025
BV00701,Purchase,701,16-Oct-2025,Om Chudasama Bioenergy,654073.8,Dr,husk purchase,16-Oct-2025
BV00702,Purchase,702,03-Oct-2025,Sardar Sabar Agri Residue LLP,724026.2,Dr,husk purchase,03-Oct-2025
BV00703,Purchase,703,27-Oct-2025,New Patel Agri Residue LLP,713928.0,Dr,husk purchase,27-Oct-2025
BV00704,Purchase,704,14-Oct-2025,Jay Bhal Agri Residue LLP,754317.2,Dr,husk purchase,14-Oct-2025
BV00705,Purchase,705,04-Oct-2025,Jay Sabar Biofuels,829818.0,Dr,husk purchase,04-Oct-2025
BV00706,Purchase,706,09-Oct-2025,Sardar Bhadar Agro Traders,709590.6,Dr,husk purchase,09-Oct-2025
BV00707,Purchase,707,08-Oct-2025,Sardar Bhadar Agro Traders,837290.0,Dr,husk purchase,08-Oct-2025
BV00708,Purchase,708,24-Oct-2025,Jay Sabar Agri Residue LLP,688535.9,Dr,husk purchase,24-Oct-2025
BV00709,Purchase,709,26-Oct-2025,Shree Saurashtra Biomass LLP,802444.0,Dr,husk purchase,26-Oct-2025
BV00710,Purchase,710,03-Oct-2025,Shree Girnar Krishi Udyog,679174.6,Dr,husk purchase,03-Oct-2025
BV00711,Purchase,711,26-Oct-2025,Jay Bhal Agri Residue LLP,701682.0,Dr,husk purchase,26-Oct-2025
BV00712,Purchase,712,17-Oct-2025,Dwarka Gohil Pellet Works,718697.0,Dr,husk purchase,17-Oct-2025
BV00713,Purchase,713,06-Oct-2025,Om Sabar Bioenergy,1006213.0,Dr,stalk purchase,06-Oct-2025
BV00714,Purchase,714,05-Oct-2025,Dwarka Desai Krishi Udyog,941454.0,Dr,stalk purchase,05-Oct-2025
BV00715,Purchase,715,14-Oct-2025,Dwarka Desai Agri Residue LLP,863227.5,Dr,stalk purchase,14-Oct-2025
BV00716,Purchase,716,22-Oct-2025,Dwarka Gohil Pellet Works,889043.2,Dr,stalk purchase,22-Oct-2025
BV00717,Purchase,717,27-Nov-2025,Sardar Bhadar Agro Traders,199916.6,Dr,as per bill,27-Nov-2025
BV00718,Purchase,718,19-Nov-2025,Sardar Bhadar Agro Traders,302820.0,Dr,as per bill,19-Nov-2025
BV00719,Purchase,719,26-Nov-2025,Jay Bhal Agri Residue LLP,96666.6,Dr,material recd,26-Nov-2025
BV00720,Purchase,720,18-Nov-2025,Om Chudasama Bioenergy,107266.6,Dr,biomass purchase,18-Nov-2025
BV00721,Purchase,721,06-Nov-2025,Dwarka Desai Agri Residue LLP,283910.0,Dr,material recd,06-Nov-2025
BV00722,Purchase,722,19-Nov-2025,Jay Sabar Biofuels,151363.5,Dr,supply against order,19-Nov-2025
BV00723,Purchase,723,11-Nov-2025,Sardar Sabar Agri Residue LLP,170808.8,Dr,supply against order,11-Nov-2025
BV00724,Purchase,724,22-Nov-2025,Jay Chudasama Agri Residue LLP,131586.0,Dr,as per bill,22-Nov-2025
BV00725,Purchase,725,25-Nov-2025,Somnath Sabar Biofuels,480159.8,Dr,husk purchase,25-Nov-2025
BV00726,Purchase,726,15-Nov-2025,Sardar Bhadar Agro Traders,545850.0,Dr,husk purchase,15-Nov-2025
BV00727,Purchase,727,05-Nov-2025,Somnath Bhadar Biomass LLP,503151.6,Dr,husk purchase,05-Nov-2025
BV00728,Purchase,728,16-Nov-2025,Maa Solanki Krishi Udyog,501225.0,Dr,husk purchase,16-Nov-2025
BV00729,Purchase,729,08-Nov-2025,Dwarka Girnar Trading Company,495217.8,Dr,husk purchase,08-Nov-2025
BV00730,Purchase,730,26-Nov-2025,Dwarka Desai Agri Residue LLP,476872.8,Dr,husk purchase,26-Nov-2025
BV00731,Purchase,731,03-Nov-2025,Maa Kathiawad Biomass LLP,412698.2,Dr,husk purchase,03-Nov-2025
BV00732,Purchase,732,12-Nov-2025,Somnath Bhadar Biomass LLP,480598.0,Dr,husk purchase,12-Nov-2025
BV00733,Purchase,733,27-Nov-2025,Dwarka Desai Krishi Udyog,881933.8,Dr,stalk purchase,27-Nov-2025
BV00734,Purchase,734,05-Nov-2025,New Gohil Biomass LLP,741847.8,Dr,stalk purchase,05-Nov-2025
BV00735,Purchase,735,05-Nov-2025,Om Sabar Bioenergy,750347.7,Dr,stalk purchase,05-Nov-2025
BV00736,Purchase,736,24-Nov-2025,Somnath Girnar Biofuels,934425.8,Dr,stalk purchase,24-Nov-2025
BV00737,Purchase,737,09-Dec-2025,New Gohil Biomass LLP,510931.2,Dr,husk purchase,09-Dec-2025
BV00738,Purchase,738,24-Dec-2025,New Patel Agri Residue LLP,525706.5,Dr,husk purchase,24-Dec-2025
BV00739,Purchase,739,05-Dec-2025,Shree Girnar Krishi Udyog,476282.2,Dr,husk purchase,05-Dec-2025
BV00740,Purchase,740,13-Dec-2025,Shree Saurashtra Biomass LLP,381428.0,Dr,husk purchase,13-Dec-2025
BV00741,Purchase,741,15-Dec-2025,New Patel Agri Residue LLP,487321.0,Dr,husk purchase,15-Dec-2025
BV00742,Purchase,742,25-Dec-2025,Sardar Sabar Agri Residue LLP,502489.6,Dr,husk purchase,25-Dec-2025
BV00743,Purchase,743,18-Dec-2025,Dwarka Girnar Trading Company,471712.2,Dr,husk purchase,18-Dec-2025
BV00744,Purchase,744,26-Dec-2025,Shree Saurashtra Biomass LLP,433680.0,Dr,husk purchase,26-Dec-2025
BV00745,Purchase,745,10-Dec-2025,Shree Girnar Krishi Udyog,474734.0,Dr,husk purchase,10-Dec-2025
BV00746,Purchase,746,05-Dec-2025,Maa Solanki Krishi Udyog,511133.7,Dr,husk purchase,05-Dec-2025
BV00747,Purchase,747,22-Dec-2025,Jay Sabar Biofuels,523801.8,Dr,husk purchase,22-Dec-2025
BV00748,Purchase,748,15-Dec-2025,Jay Sabar Biofuels,490562.9,Dr,husk purchase,15-Dec-2025
BV00749,Purchase,749,18-Dec-2025,Jay Sabar Agri Residue LLP,488110.8,Dr,husk purchase,18-Dec-2025
BV00750,Purchase,750,06-Dec-2025,Sardar Bhadar Agro Traders,448412.9,Dr,husk purchase,06-Dec-2025
BV00751,Purchase,751,05-Dec-2025,Jay Chudasama Agri Residue LLP,468996.0,Dr,husk purchase,05-Dec-2025
BV00752,Purchase,752,21-Dec-2025,Somnath Sabar Biofuels,432375.0,Dr,husk purchase,21-Dec-2025
BV00753,Purchase,753,12-Dec-2025,Shree Girnar Krishi Udyog,377791.0,Dr,husk purchase,12-Dec-2025
BV00754,Purchase,754,05-Dec-2025,Om Chudasama Bioenergy,464002.7,Dr,husk purchase,05-Dec-2025
BV00755,Purchase,755,04-Dec-2025,Dwarka Gohil Pellet Works,683958.0,Dr,stalk purchase,04-Dec-2025
BV00756,Purchase,756,20-Dec-2025,New Gohil Biomass LLP,624377.6,Dr,stalk purchase,20-Dec-2025
BV00757,Purchase,757,17-Dec-2025,Om Sabar Bioenergy,744728.0,Dr,stalk purchase,17-Dec-2025
BV00758,Purchase,758,13-Dec-2025,Shree Ambaji Trading Company,674595.0,Dr,stalk purchase,13-Dec-2025
BV00759,Purchase,759,09-Dec-2025,Dwarka Gohil Pellet Works,812546.4,Dr,stalk purchase,09-Dec-2025
BV00760,Purchase,760,05-Jan-2026,New Gohil Biomass LLP,734065.2,Dr,husk purchase,05-Jan-2026
BV00761,Purchase,761,11-Jan-2026,Maa Kathiawad Biomass LLP,710400.0,Dr,husk purchase,11-Jan-2026
BV00762,Purchase,762,23-Jan-2026,Maa Solanki Krishi Udyog,676790.4,Dr,husk purchase,23-Jan-2026
BV00763,Purchase,763,16-Jan-2026,Maa Girnar Krishi Udyog,775137.4,Dr,husk purchase,16-Jan-2026
BV00764,Purchase,764,03-Jan-2026,Om Chudasama Bioenergy,616381.2,Dr,husk purchase,03-Jan-2026
BV00765,Purchase,765,22-Jan-2026,Sardar Bhadar Agro Traders,630436.8,Dr,husk purchase,22-Jan-2026
BV00766,Purchase,766,23-Jan-2026,Dwarka Girnar Trading Company,643927.9,Dr,husk purchase,23-Jan-2026
BV00767,Purchase,767,09-Jan-2026,Shree Saurashtra Biomass LLP,667504.6,Dr,husk purchase,09-Jan-2026
BV00768,Purchase,768,06-Jan-2026,Maa Kathiawad Biomass LLP,719243.2,Dr,husk purchase,06-Jan-2026
BV00769,Purchase,769,22-Jan-2026,Maa Solanki Krishi Udyog,717557.5,Dr,husk purchase,22-Jan-2026
BV00770,Purchase,770,20-Jan-2026,Jay Chudasama Agri Residue LLP,573120.0,Dr,husk purchase,20-Jan-2026
BV00771,Purchase,771,07-Jan-2026,Jay Sabar Agri Residue LLP,668340.0,Dr,husk purchase,07-Jan-2026
BV00772,Purchase,772,15-Jan-2026,Om Sabar Bioenergy,982649.2,Dr,stalk purchase,15-Jan-2026
BV00773,Purchase,773,17-Jan-2026,Shree Ambaji Trading Company,741209.4,Dr,stalk purchase,17-Jan-2026
BV00774,Purchase,774,06-Jan-2026,Dwarka Desai Agri Residue LLP,817712.7,Dr,stalk purchase,06-Jan-2026
BV00775,Purchase,775,19-Jan-2026,Jay Sabar Biofuels,883060.0,Dr,stalk purchase,19-Jan-2026
BV00776,Purchase,776,23-Feb-2026,Jay Sabar Agri Residue LLP,277404.1,Dr,supply against order,23-Feb-2026
BV00777,Purchase,777,19-Feb-2026,Maa Solanki Krishi Udyog,147781.2,Dr,material recd,19-Feb-2026
BV00778,Purchase,778,06-Feb-2026,Sardar Bhadar Agro Traders,134375.0,Dr,as per bill,06-Feb-2026
BV00779,Purchase,779,08-Feb-2026,Maa Solanki Krishi Udyog,98499.7,Dr,material recd,08-Feb-2026
BV00780,Purchase,780,07-Feb-2026,Shree Girnar Krishi Udyog,208248.6,Dr,material recd,07-Feb-2026
BV00781,Purchase,781,22-Feb-2026,Somnath Sabar Biofuels,156618.4,Dr,biomass purchase,22-Feb-2026
BV00782,Purchase,782,06-Feb-2026,New Gohil Biomass LLP,750149.4,Dr,husk purchase,06-Feb-2026
BV00783,Purchase,783,27-Feb-2026,Om Chudasama Bioenergy,893226.0,Dr,husk purchase,27-Feb-2026
BV00784,Purchase,784,11-Feb-2026,Sardar Bhadar Agro Traders,748752.0,Dr,husk purchase,11-Feb-2026
BV00785,Purchase,785,17-Feb-2026,Maa Solanki Krishi Udyog,803547.6,Dr,husk purchase,17-Feb-2026
BV00786,Purchase,786,15-Feb-2026,Shree Saurashtra Biomass LLP,677211.8,Dr,husk purchase,15-Feb-2026
BV00787,Purchase,787,14-Feb-2026,Jay Sabar Biofuels,758029.1,Dr,stalk purchase,14-Feb-2026
BV00788,Purchase,788,15-Feb-2026,Somnath Girnar Biofuels,614614.5,Dr,stalk purchase,15-Feb-2026
BV00789,Purchase,789,24-Feb-2026,Shree Ambaji Trading Company,631445.0,Dr,stalk purchase,24-Feb-2026
BV00790,Purchase,790,04-Feb-2026,Shree Saurashtra Biomass LLP,844665.6,Dr,stalk purchase,04-Feb-2026
BV00791,Purchase,791,04-Feb-2026,Somnath Girnar Biofuels,711582.3,Dr,stalk purchase,04-Feb-2026
BV00792,Purchase,792,13-Mar-2026,Om Chudasama Bioenergy,568776.6,Dr,husk purchase,13-Mar-2026
BV00793,Purchase,793,21-Mar-2026,Jay Sabar Agri Residue LLP,576470.4,Dr,husk purchase,21-Mar-2026
BV00794,Purchase,794,15-Mar-2026,Om Chudasama Bioenergy,483752.5,Dr,husk purchase,15-Mar-2026
BV00795,Purchase,795,11-Mar-2026,Shree Saurashtra Biomass LLP,472151.2,Dr,husk purchase,11-Mar-2026
BV00796,Purchase,796,22-Mar-2026,Dwarka Gohil Pellet Works,561249.0,Dr,husk purchase,22-Mar-2026
BV00797,Purchase,797,06-Mar-2026,New Patel Agri Residue LLP,544628.2,Dr,husk purchase,06-Mar-2026
BV00798,Purchase,798,08-Mar-2026,New Gohil Biomass LLP,447881.8,Dr,husk purchase,08-Mar-2026
BV00799,Purchase,799,15-Mar-2026,New Patel Agri Residue LLP,525506.6,Dr,husk purchase,15-Mar-2026
BV00800,Purchase,800,22-Mar-2026,Dwarka Desai Agri Residue LLP,469672.2,Dr,husk purchase,22-Mar-2026
BV00801,Purchase,801,09-Mar-2026,New Gohil Biomass LLP,499031.1,Dr,husk purchase,09-Mar-2026
BV00802,Purchase,802,03-Mar-2026,Shree Girnar Krishi Udyog,568874.4,Dr,husk purchase,03-Mar-2026
BV00803,Purchase,803,06-Mar-2026,Om Chudasama Bioenergy,599769.8,Dr,husk purchase,06-Mar-2026
BV00804,Purchase,804,23-Mar-2026,Somnath Sabar Biofuels,474048.0,Dr,husk purchase,23-Mar-2026
BV00805,Purchase,805,09-Mar-2026,Somnath Sabar Biofuels,542976.3,Dr,husk purchase,09-Mar-2026
BV00806,Purchase,806,05-Mar-2026,Maa Kathiawad Biomass LLP,525065.6,Dr,husk purchase,05-Mar-2026
BV00807,Purchase,807,13-Mar-2026,Jay Bhal Agri Residue LLP,589388.5,Dr,husk purchase,13-Mar-2026
BV00808,Purchase,808,25-Mar-2026,Om Sabar Bioenergy,816319.0,Dr,stalk purchase,25-Mar-2026
BV00809,Purchase,809,08-Mar-2026,Shree Ambaji Trading Company,914803.5,Dr,stalk purchase,08-Mar-2026
BV00810,Purchase,810,11-Mar-2026,Shree Saurashtra Biomass LLP,878016.5,Dr,stalk purchase,11-Mar-2026
BV00811,Purchase,811,10-Mar-2026,Dwarka Gohil Pellet Works,971359.6,Dr,stalk purchase,10-Mar-2026
BV00812,Purchase,812,15-Apr-2026,New Gohil Biomass LLP,642586.0,Dr,husk purchase,15-Apr-2026
BV00813,Purchase,813,06-Apr-2026,Jay Bhal Agri Residue LLP,606949.0,Dr,husk purchase,06-Apr-2026
BV00814,Purchase,814,08-Apr-2026,Jay Sabar Agri Residue LLP,718402.4,Dr,husk purchase,08-Apr-2026
BV00815,Purchase,815,03-Apr-2026,Sardar Bhadar Agro Traders,559884.8,Dr,husk purchase,03-Apr-2026
BV00816,Purchase,816,02-Apr-2026,Dwarka Desai Agri Residue LLP,603053.1,Dr,husk purchase,02-Apr-2026
BV00817,Purchase,817,25-Apr-2026,Om Chudasama Bioenergy,620721.5,Dr,husk purchase,25-Apr-2026
BV00818,Purchase,818,12-Apr-2026,Jay Sabar Agri Residue LLP,697250.4,Dr,husk purchase,12-Apr-2026
BV00819,Purchase,819,27-Apr-2026,Maa Kathiawad Biomass LLP,558527.0,Dr,husk purchase,27-Apr-2026
BV00820,Purchase,820,07-Apr-2026,Jay Sabar Agri Residue LLP,574218.0,Dr,husk purchase,07-Apr-2026
BV00821,Purchase,821,11-Apr-2026,Maa Girnar Krishi Udyog,637855.0,Dr,husk purchase,11-Apr-2026
BV00822,Purchase,822,13-Apr-2026,Dwarka Desai Agri Residue LLP,580713.2,Dr,husk purchase,13-Apr-2026
BV00823,Purchase,823,23-Apr-2026,Somnath Sabar Biofuels,697544.9,Dr,husk purchase,23-Apr-2026
BV00824,Purchase,824,15-Apr-2026,Maa Solanki Krishi Udyog,620751.6,Dr,husk purchase,15-Apr-2026
BV00825,Purchase,825,03-Apr-2026,Jay Chudasama Agri Residue LLP,686343.9,Dr,husk purchase,03-Apr-2026
BV00826,Purchase,826,04-Apr-2026,Jay Chudasama Agri Residue LLP,671928.4,Dr,husk purchase,04-Apr-2026
BV00827,Purchase,827,21-Apr-2026,Om Chudasama Bioenergy,663507.0,Dr,husk purchase,21-Apr-2026
BV00828,Purchase,828,02-Apr-2026,Sardar Bhadar Agro Traders,583143.0,Dr,husk purchase,02-Apr-2026
BV00829,Purchase,829,06-Apr-2026,Dwarka Girnar Trading Company,565800.0,Dr,husk purchase,06-Apr-2026
BV00830,Purchase,830,17-Apr-2026,Jay Sabar Biofuels,637944.3,Dr,husk purchase,17-Apr-2026
BV00831,Purchase,831,23-Apr-2026,Dwarka Girnar Trading Company,728443.2,Dr,husk purchase,23-Apr-2026
BV00832,Purchase,832,14-Apr-2026,Maa Kathiawad Biomass LLP,581255.2,Dr,husk purchase,14-Apr-2026
BV00833,Purchase,833,27-Apr-2026,Dwarka Ambaji Trading Company,627535.6,Dr,stalk purchase,27-Apr-2026
BV00834,Purchase,834,25-Apr-2026,Shree Ambaji Trading Company,564556.5,Dr,stalk purchase,25-Apr-2026
BV00835,Purchase,835,26-Apr-2026,Dwarka Desai Agri Residue LLP,581983.4,Dr,stalk purchase,26-Apr-2026
BV00836,Purchase,836,14-Apr-2026,Dwarka Gohil Pellet Works,580037.6,Dr,stalk purchase,14-Apr-2026
BV00837,Purchase,837,23-Apr-2026,Om Bhal Trading Company,549289.0,Dr,stalk purchase,23-Apr-2026
BV00838,Purchase,838,11-Apr-2026,Somnath Girnar Biofuels,697596.0,Dr,stalk purchase,11-Apr-2026
BV00839,Purchase,839,17-Apr-2026,Shree Ambaji Trading Company,697931.0,Dr,stalk purchase,17-Apr-2026
BV00840,Purchase,840,19-Apr-2026,Shree Saurashtra Biomass LLP,696969.0,Dr,stalk purchase,19-Apr-2026
BV00841,Purchase,841,23-Apr-2026,Dwarka Gohil Pellet Works,533469.2,Dr,stalk purchase,23-Apr-2026
BV00842,Purchase,842,03-May-2026,Shree Girnar Krishi Udyog,905641.0,Dr,husk purchase,03-May-2026
BV00843,Purchase,843,24-May-2026,Jay Sabar Agri Residue LLP,1067444.0,Dr,husk purchase,24-May-2026
BV00844,Purchase,844,12-May-2026,New Gohil Biomass LLP,981896.2,Dr,husk purchase,12-May-2026
BV00845,Purchase,845,04-May-2026,Dwarka Girnar Trading Company,900556.8,Dr,husk purchase,04-May-2026
BV00846,Purchase,846,24-May-2026,Shree Girnar Krishi Udyog,952036.8,Dr,husk purchase,24-May-2026
BV00847,Purchase,847,18-May-2026,New Gohil Biomass LLP,1170660.0,Dr,husk purchase,18-May-2026
BV00848,Purchase,848,24-May-2026,Jay Sabar Agri Residue LLP,1058233.2,Dr,husk purchase,24-May-2026
BV00849,Purchase,849,08-May-2026,Dwarka Desai Agri Residue LLP,882154.1,Dr,husk purchase,08-May-2026
BV00850,Purchase,850,10-May-2026,New Patel Agri Residue LLP,1017910.0,Dr,husk purchase,10-May-2026
BV00851,Purchase,851,15-May-2026,Maa Girnar Krishi Udyog,1070644.2,Dr,husk purchase,15-May-2026
BV00852,Purchase,852,12-May-2026,Dwarka Girnar Trading Company,1244812.3,Dr,husk purchase,12-May-2026
BV00853,Purchase,853,09-May-2026,Shree Girnar Krishi Udyog,1114382.8,Dr,husk purchase,09-May-2026
BV00854,Purchase,854,18-May-2026,New Gohil Biomass LLP,829672.6,Dr,husk purchase,18-May-2026
BV00855,Purchase,855,04-May-2026,Dwarka Gohil Pellet Works,760442.1,Dr,stalk purchase,04-May-2026
BV00856,Purchase,856,14-May-2026,New Gohil Biomass LLP,781014.0,Dr,stalk purchase,14-May-2026
BV00857,Purchase,857,08-May-2026,Om Bhal Trading Company,723112.8,Dr,stalk purchase,08-May-2026
BV00858,Purchase,858,24-May-2026,Dwarka Ambaji Trading Company,787998.4,Dr,stalk purchase,24-May-2026
BV00859,Purchase,859,15-May-2026,New Gohil Biomass LLP,846517.0,Dr,stalk purchase,15-May-2026
BV00860,Purchase,860,16-May-2026,Dwarka Desai Krishi Udyog,782982.4,Dr,stalk purchase,16-May-2026
BV00861,Purchase,861,08-May-2026,Dwarka Desai Agri Residue LLP,867670.7,Dr,stalk purchase,08-May-2026
BV00862,Purchase,862,22-Jun-2026,Jay Sabar Biofuels,202979.2,Dr,material recd,22-Jun-2026
BV00863,Purchase,863,22-Jun-2026,New Gohil Biomass LLP,216335.0,Dr,biomass purchase,22-Jun-2026
BV00864,Purchase,864,04-Jun-2026,Dwarka Gohil Pellet Works,317255.4,Dr,as per bill,04-Jun-2026
BV00865,Purchase,865,24-Jun-2026,New Gohil Biomass LLP,226779.7,Dr,material recd,24-Jun-2026
BV00866,Purchase,866,08-Jun-2026,Shree Saurashtra Biomass LLP,114524.8,Dr,supply against order,08-Jun-2026
BV00867,Purchase,867,27-Jun-2026,Jay Sabar Biofuels,89718.0,Dr,as per bill,27-Jun-2026
BV00868,Purchase,868,05-Jun-2026,New Gohil Biomass LLP,101441.6,Dr,biomass purchase,05-Jun-2026
BV00869,Purchase,869,27-Jun-2026,Shree Saurashtra Biomass LLP,211872.8,Dr,as per bill,27-Jun-2026
BV00870,Purchase,870,15-Jun-2026,Dwarka Gohil Pellet Works,153729.0,Dr,material recd,15-Jun-2026
BV00871,Purchase,871,19-Jun-2026,Dwarka Girnar Trading Company,128432.5,Dr,supply against order,19-Jun-2026
BV00872,Purchase,872,21-Jun-2026,New Gohil Biomass LLP,157525.2,Dr,as per bill,21-Jun-2026
BV00873,Purchase,873,17-Jun-2026,Dwarka Desai Agri Residue LLP,174083.6,Dr,supply against order,17-Jun-2026
BV00874,Purchase,874,11-Jun-2026,Om Chudasama Bioenergy,173965.8,Dr,biomass purchase,11-Jun-2026
BV00875,Purchase,875,12-Jun-2026,Jay Sabar Agri Residue LLP,162247.8,Dr,biomass purchase,12-Jun-2026
BV00876,Purchase,876,12-Jun-2026,Shree Saurashtra Biomass LLP,487231.2,Dr,husk purchase,12-Jun-2026
BV00877,Purchase,877,26-Jun-2026,Jay Chudasama Agri Residue LLP,537315.0,Dr,husk purchase,26-Jun-2026
BV00878,Purchase,878,27-Jun-2026,Shree Saurashtra Biomass LLP,514680.2,Dr,husk purchase,27-Jun-2026
BV00879,Purchase,879,08-Jun-2026,Dwarka Girnar Trading Company,529798.5,Dr,husk purchase,08-Jun-2026
BV00880,Purchase,880,15-Jun-2026,Shree Saurashtra Biomass LLP,564024.0,Dr,husk purchase,15-Jun-2026
BV00881,Purchase,881,19-Jun-2026,Maa Kathiawad Biomass LLP,432165.6,Dr,husk purchase,19-Jun-2026
BV00882,Purchase,882,12-Jun-2026,Sardar Sabar Agri Residue LLP,457906.5,Dr,husk purchase,12-Jun-2026
BV00883,Purchase,883,24-Jun-2026,Shree Saurashtra Biomass LLP,461437.5,Dr,husk purchase,24-Jun-2026
BV00884,Purchase,884,08-Jun-2026,Om Chudasama Bioenergy,590763.6,Dr,husk purchase,08-Jun-2026
BV00885,Purchase,885,13-Jun-2026,Jay Chudasama Agri Residue LLP,505292.5,Dr,husk purchase,13-Jun-2026
BV00886,Purchase,886,24-Jun-2026,Sardar Sabar Agri Residue LLP,542010.0,Dr,husk purchase,24-Jun-2026
BV00887,Purchase,887,04-Jun-2026,Shree Girnar Krishi Udyog,490985.1,Dr,husk purchase,04-Jun-2026
BV00888,Purchase,888,14-Jun-2026,New Gohil Biomass LLP,709244.4,Dr,stalk purchase,14-Jun-2026
BV00889,Purchase,889,07-Jun-2026,Dwarka Gohil Pellet Works,698244.3,Dr,stalk purchase,07-Jun-2026
BV00890,Purchase,890,07-Jun-2026,New Gohil Biomass LLP,652818.4,Dr,stalk purchase,07-Jun-2026
BV00891,Purchase,891,25-Jun-2026,Om Sabar Bioenergy,697701.4,Dr,stalk purchase,25-Jun-2026
BV00892,Purchase,892,11-Jun-2026,Dwarka Desai Krishi Udyog,762074.4,Dr,stalk purchase,11-Jun-2026
BV00893,Purchase,893,07-Jun-2026,Shree Ambaji Trading Company,709963.2,Dr,stalk purchase,07-Jun-2026
BV00894,Purchase,894,14-Jun-2026,Om Bhal Trading Company,680330.4,Dr,stalk purchase,14-Jun-2026
BV00895,Purchase,895,10-Jun-2026,Shree Saurashtra Biomass LLP,783082.0,Dr,stalk purchase,10-Jun-2026
BV00896,Purchase,896,02-Jul-2026,New Gohil Biomass LLP,601004.2,Dr,husk purchase,02-Jul-2026
BV00897,Purchase,897,27-Jul-2026,Maa Solanki Krishi Udyog,673269.8,Dr,husk purchase,27-Jul-2026
BV00898,Purchase,898,09-Jul-2026,Shree Saurashtra Biomass LLP,584358.0,Dr,husk purchase,09-Jul-2026
BV00899,Purchase,899,06-Jul-2026,Dwarka Desai Agri Residue LLP,587564.2,Dr,husk purchase,06-Jul-2026
BV00900,Purchase,900,14-Jul-2026,Somnath Bhadar Biomass LLP,569184.0,Dr,husk purchase,14-Jul-2026
BV00901,Purchase,901,05-Jul-2026,Jay Sabar Agri Residue LLP,565812.0,Dr,husk purchase,05-Jul-2026
BV00902,Purchase,902,08-Jul-2026,Jay Sabar Agri Residue LLP,567227.0,Dr,husk purchase,08-Jul-2026
BV00903,Purchase,903,09-Jul-2026,Sardar Sabar Agri Residue LLP,630106.4,Dr,husk purchase,09-Jul-2026
BV00904,Purchase,904,14-Jul-2026,Somnath Sabar Biofuels,571630.6,Dr,husk purchase,14-Jul-2026
BV00905,Purchase,905,06-Jul-2026,Maa Solanki Krishi Udyog,603060.0,Dr,husk purchase,06-Jul-2026
BV00906,Purchase,906,19-Jul-2026,Jay Bhal Agri Residue LLP,682371.2,Dr,husk purchase,19-Jul-2026
BV00907,Purchase,907,05-Jul-2026,Maa Solanki Krishi Udyog,657344.8,Dr,husk purchase,05-Jul-2026
BV00908,Purchase,908,03-Jul-2026,Sardar Bhadar Agro Traders,628537.2,Dr,husk purchase,03-Jul-2026
BV00909,Purchase,909,06-Jul-2026,Dwarka Girnar Trading Company,722057.4,Dr,husk purchase,06-Jul-2026
BV00910,Purchase,910,25-Jul-2026,Dwarka Gohil Pellet Works,617063.7,Dr,husk purchase,25-Jul-2026
BV00911,Purchase,911,17-Jul-2026,Maa Girnar Krishi Udyog,696904.8,Dr,husk purchase,17-Jul-2026
BV00912,Purchase,912,16-Jul-2026,Maa Solanki Krishi Udyog,534574.6,Dr,husk purchase,16-Jul-2026
BV00913,Purchase,913,03-Jul-2026,Jay Bhal Agri Residue LLP,694993.2,Dr,husk purchase,03-Jul-2026
BV00914,Purchase,914,04-Jul-2026,Maa Solanki Krishi Udyog,631812.0,Dr,husk purchase,04-Jul-2026
BV00915,Purchase,915,02-Jul-2026,New Patel Agri Residue LLP,522382.5,Dr,husk purchase,02-Jul-2026
BV00916,Purchase,916,24-Jul-2026,Om Bhal Trading Company,751292.8,Dr,stalk purchase,24-Jul-2026
BV00917,Purchase,917,16-Jul-2026,Shree Ambaji Trading Company,768081.0,Dr,stalk purchase,16-Jul-2026
BV00918,Purchase,918,10-Jul-2026,Shree Saurashtra Biomass LLP,767652.0,Dr,stalk purchase,10-Jul-2026
BV00919,Purchase,919,20-Jul-2026,Dwarka Desai Krishi Udyog,659770.2,Dr,stalk purchase,20-Jul-2026
BV00920,Purchase,920,25-Jul-2026,New Gohil Biomass LLP,814273.6,Dr,stalk purchase,25-Jul-2026
BV00921,Purchase,921,10-Jul-2026,Shree Saurashtra Biomass LLP,757854.8,Dr,stalk purchase,10-Jul-2026
BV00922,Purchase,922,10-Jul-2026,Dwarka Desai Krishi Udyog,660206.4,Dr,stalk purchase,10-Jul-2026
BV00923,Purchase,923,23-Jul-2026,Om Sabar Agro Exports,3505950.0,Dr,pellets purchase,23-Jul-2026
BV00924,Purchase,924,10-Aug-2026,New Gohil Biomass LLP,554829.0,Dr,husk purchase,10-Aug-2026
BV00925,Purchase,925,08-Aug-2026,Dwarka Gohil Pellet Works,467916.8,Dr,husk purchase,08-Aug-2026
BV00926,Purchase,926,17-Aug-2026,Om Chudasama Bioenergy,559218.1,Dr,husk purchase,17-Aug-2026
BV00927,Purchase,927,15-Aug-2026,Somnath Sabar Biofuels,530669.4,Dr,husk purchase,15-Aug-2026
BV00928,Purchase,928,16-Aug-2026,Dwarka Gohil Pellet Works,529631.2,Dr,husk purchase,16-Aug-2026
BV00929,Purchase,929,02-Aug-2026,Jay Sabar Agri Residue LLP,568566.9,Dr,husk purchase,02-Aug-2026
BV00930,Purchase,930,11-Aug-2026,Maa Girnar Krishi Udyog,506304.0,Dr,husk purchase,11-Aug-2026
BV00931,Purchase,931,11-Aug-2026,Jay Sabar Agri Residue LLP,515207.4,Dr,husk purchase,11-Aug-2026
BV00932,Purchase,932,24-Aug-2026,Dwarka Girnar Trading Company,519923.5,Dr,husk purchase,24-Aug-2026
BV00933,Purchase,933,27-Aug-2026,Jay Bhal Agri Residue LLP,591944.1,Dr,husk purchase,27-Aug-2026
BV00934,Purchase,934,20-Aug-2026,Maa Kathiawad Biomass LLP,511619.0,Dr,husk purchase,20-Aug-2026
BV00935,Purchase,935,15-Aug-2026,Shree Girnar Krishi Udyog,544612.2,Dr,husk purchase,15-Aug-2026
BV00936,Purchase,936,26-Aug-2026,Jay Sabar Agri Residue LLP,616308.7,Dr,husk purchase,26-Aug-2026
BV00937,Purchase,937,02-Aug-2026,Shree Girnar Krishi Udyog,514796.7,Dr,husk purchase,02-Aug-2026
BV00938,Purchase,938,07-Aug-2026,Jay Sabar Agri Residue LLP,543884.0,Dr,husk purchase,07-Aug-2026
BV00939,Purchase,939,26-Aug-2026,Dwarka Desai Agri Residue LLP,576142.6,Dr,husk purchase,26-Aug-2026
BV00940,Purchase,940,16-Aug-2026,Sardar Sabar Agri Residue LLP,554230.1,Dr,husk purchase,16-Aug-2026
BV00941,Purchase,941,17-Aug-2026,Somnath Sabar Biofuels,537615.0,Dr,husk purchase,17-Aug-2026
BV00942,Purchase,942,06-Aug-2026,Jay Sabar Biofuels,517873.3,Dr,husk purchase,06-Aug-2026
BV00943,Purchase,943,25-Aug-2026,Om Chudasama Bioenergy,569011.2,Dr,husk purchase,25-Aug-2026
BV00944,Purchase,944,17-Aug-2026,Somnath Bhadar Biomass LLP,465053.4,Dr,husk purchase,17-Aug-2026
BV00945,Purchase,945,27-Aug-2026,Sardar Sabar Agri Residue LLP,484483.2,Dr,husk purchase,27-Aug-2026
BV00946,Purchase,946,22-Aug-2026,New Gohil Biomass LLP,829426.5,Dr,stalk purchase,22-Aug-2026
BV00947,Purchase,947,19-Aug-2026,Shree Saurashtra Biomass LLP,816408.0,Dr,stalk purchase,19-Aug-2026
BV00948,Purchase,948,05-Aug-2026,Dwarka Gohil Pellet Works,797048.0,Dr,stalk purchase,05-Aug-2026
BV00949,Purchase,949,06-Aug-2026,Dwarka Ambaji Trading Company,712947.2,Dr,stalk purchase,06-Aug-2026
BV00950,Purchase,950,12-Aug-2026,Somnath Girnar Biofuels,971474.0,Dr,stalk purchase,12-Aug-2026
BV00951,Purchase,951,25-Aug-2026,Somnath Girnar Biofuels,806941.6,Dr,stalk purchase,25-Aug-2026
BV00952,Purchase,952,21-Aug-2026,Om Sabar Trading Company,2348533.2,Dr,pellets purchase,21-Aug-2026
BV00953,Purchase,953,18-Aug-2026,Maa Kutch Biomass LLP,2303241.6,Dr,pellets purchase,18-Aug-2026
BV00954,Sales,954,20-Apr-2023,Ukai TPS,7504067.81,Cr,supply against T-23-01,20-Apr-2023
BV00955,Sales,955,16-Apr-2023,Ukai TPS,7878537.24,Cr,supply against T-23-01,16-Apr-2023
BV00956,Sales,956,11-Apr-2023,Sikka TPS,4310068.2,Cr,supply against T-23-05,11-Apr-2023
BV00957,Credit Note,957,21-Apr-2023,Sikka TPS,2430358.8,Dr,GCV shortfall 2643 vs 3100,21-Apr-2023
BV00958,Sales,958,23-Apr-2023,Sikka TPS,9197581.7,Cr,supply against T-23-05,23-Apr-2023
BV00959,Sales,959,18-Apr-2023,Kutch,2643251.12,Cr,supply against C-23-20,18-Apr-2023
BV00960,Credit Note,960,24-Apr-2023,Kutch,1534150.88,Dr,GCV shortfall 2531 vs 3000,24-Apr-2023
BV00961,Sales,961,11-May-2023,Ukai TPS,6439024.96,Cr,supply against T-23-01,11-May-2023
BV00962,Credit Note,962,20-May-2023,Ukai TPS,434589.84,Dr,GCV shortfall 2904 vs 3100,20-May-2023
BV00963,Sales,963,23-May-2023,Ukai TPS,8110550.58,Cr,supply against T-23-01,23-May-2023
BV00964,Sales,964,02-Jun-2023,Sikka TPS,7587128.5,Cr,supply against T-23-05,02-Jun-2023
BV00965,Sales,965,17-May-2023,Sikka TPS,7422877.89,Cr,supply against T-23-05,17-May-2023
BV00966,Sales,966,22-May-2023,Kutch,4102469.84,Cr,supply against C-23-20,22-May-2023
BV00967,Credit Note,967,07-Jun-2023,Kutch,54034.56,Dr,GCV shortfall 2961 vs 3000,07-Jun-2023
BV00968,Sales,968,06-May-2023,Morbi Cluster,3623319.95,Cr,supply against C-23-08,06-May-2023
BV00969,Credit Note,969,17-May-2023,Morbi Cluster,320114.05,Dr,GCV shortfall 3124 vs 3400,17-May-2023
BV00970,Sales,970,11-May-2023,Ankleshwar,4414844.82,Cr,supply against C-23-12,11-May-2023
BV00971,Sales,971,15-Jun-2023,Ukai TPS,6645164.47,Cr,supply against T-23-01,15-Jun-2023
BV00972,Sales,972,23-Jun-2023,Ukai TPS,8418704.3,Cr,supply against T-23-01,23-Jun-2023
BV00973,Sales,973,09-Jun-2023,Sikka TPS,7126020.21,Cr,supply against T-23-05,09-Jun-2023
BV00974,Credit Note,974,30-Jun-2023,Sikka TPS,332002.29,Dr,GCV shortfall 2962 vs 3100,30-Jun-2023
BV00975,Sales,975,22-Jun-2023,Sikka TPS,6249888.65,Cr,supply against T-23-05,22-Jun-2023
BV00976,Credit Note,976,09-Jul-2023,Sikka TPS,522098.35,Dr,GCV shortfall 2861 vs 3100,09-Jul-2023
BV00977,Sales,977,08-Jun-2023,Kutch,4312059.36,Cr,supply against C-23-20,08-Jun-2023
BV00978,Sales,978,08-Jun-2023,Morbi Cluster,4057097.69,Cr,supply against C-23-08,08-Jun-2023
BV00979,Sales,979,22-Jun-2023,Ankleshwar,4281616.83,Cr,supply against C-23-12,22-Jun-2023
BV00980,Sales,980,09-Jul-2023,Ukai TPS,3992629.02,Cr,supply against T-23-01,09-Jul-2023
BV00981,Credit Note,981,20-Jul-2023,Ukai TPS,2664436.98,Dr,GCV shortfall 2479 vs 3100,20-Jul-2023
BV00982,Sales,982,29-Jul-2023,Ukai TPS,7126741.84,Cr,supply against T-23-01,29-Jul-2023
BV00983,Credit Note,983,19-Aug-2023,Ukai TPS,102610.16,Dr,GCV shortfall 3056 vs 3100,19-Aug-2023
BV00984,Sales,984,31-Jul-2023,Sikka TPS,5439689.24,Cr,supply against T-23-05,31-Jul-2023
BV00985,Sales,985,09-Jul-2023,Sikka TPS,4826138.45,Cr,supply against T-23-05,09-Jul-2023
BV00986,Credit Note,986,26-Jul-2023,Sikka TPS,139354.15,Dr,GCV shortfall 3013 vs 3100,26-Jul-2023
BV00987,Sales,987,28-Jul-2023,Sikka TPS,4738129.27,Cr,supply against T-23-05,28-Jul-2023
BV00988,Sales,988,16-Jul-2023,Kutch,4664765.57,Cr,supply against C-23-20,16-Jul-2023
BV00989,Sales,989,08-Jul-2023,Morbi Cluster,3412230.24,Cr,supply against C-23-08,08-Jul-2023
BV00990,Credit Note,990,26-Jul-2023,Morbi Cluster,531203.76,Dr,GCV shortfall 2942 vs 3400,26-Jul-2023
BV00991,Sales,991,03-Jul-2023,Ankleshwar,3966940.74,Cr,supply against C-23-12,03-Jul-2023
BV00992,Credit Note,992,11-Jul-2023,Ankleshwar,203465.26,Dr,GCV shortfall 3139 vs 3300,11-Jul-2023
BV00993,Sales,993,09-Jul-2023,Vapi,3484890.04,Cr,supply against C-23-16,09-Jul-2023
BV00994,Credit Note,994,30-Jul-2023,Vapi,63200.36,Dr,GCV shortfall 3143 vs 3200,30-Jul-2023
BV00995,Sales,995,25-Aug-2023,Ukai TPS,7488119.25,Cr,supply against T-23-01,25-Aug-2023
BV00996,Sales,996,30-Aug-2023,Ukai TPS,6843422.69,Cr,supply against T-23-01,30-Aug-2023
BV00997,Credit Note,997,06-Sep-2023,Ukai TPS,89456.51,Dr,GCV shortfall 3060 vs 3100,06-Sep-2023
BV00998,Sales,998,12-Aug-2023,Sikka TPS,7515601.12,Cr,supply against T-23-05,12-Aug-2023
BV00999,Sales,999,19-Aug-2023,Sikka TPS,7728845.22,Cr,supply against T-23-05,19-Aug-2023
BV01000,Sales,1000,27-Aug-2023,Kutch,4074759.81,Cr,supply against C-23-20,27-Aug-2023
BV01001,Credit Note,1001,08-Sep-2023,Kutch,81744.59,Dr,GCV shortfall 2941 vs 3000,08-Sep-2023
BV01002,Sales,1002,08-Aug-2023,Morbi Cluster,3615201.11,Cr,supply against C-23-08,08-Aug-2023
BV01003,Credit Note,1003,22-Aug-2023,Morbi Cluster,328232.89,Dr,GCV shortfall 3117 vs 3400,22-Aug-2023
BV01004,Sales,1004,05-Aug-2023,Ankleshwar,4322650.38,Cr,supply against C-23-12,05-Aug-2023
BV01005,Sales,1005,27-Aug-2023,Vapi,3652919.41,Cr,supply against C-23-16,27-Aug-2023
BV01006,Sales,1006,20-Sep-2023,Ukai TPS,6067378.65,Cr,supply against T-23-01,20-Sep-2023
BV01007,Credit Note,1007,03-Oct-2023,Ukai TPS,347653.35,Dr,GCV shortfall 2932 vs 3100,03-Oct-2023
BV01008,Sales,1008,26-Sep-2023,Ukai TPS,6905006.74,Cr,supply against T-23-01,26-Sep-2023
BV01009,Credit Note,1009,10-Oct-2023,Ukai TPS,566379.26,Dr,GCV shortfall 2865 vs 3100,10-Oct-2023
BV01010,Sales,1010,15-Sep-2023,Sikka TPS,7425635.32,Cr,supply against T-23-05,15-Sep-2023
BV01011,Credit Note,1011,07-Oct-2023,Sikka TPS,377574.68,Dr,GCV shortfall 2950 vs 3100,07-Oct-2023
BV01012,Sales,1012,18-Sep-2023,Sikka TPS,4109690.77,Cr,supply against T-23-05,18-Sep-2023
BV01013,Credit Note,1013,06-Oct-2023,Sikka TPS,2322237.23,Dr,GCV shortfall 2641 vs 3100,06-Oct-2023
BV01014,Sales,1014,12-Sep-2023,Kutch,4816544.51,Cr,supply against C-23-20,12-Sep-2023
BV01015,Sales,1015,15-Sep-2023,Morbi Cluster,3750113.03,Cr,supply against C-23-08,15-Sep-2023
BV01016,Credit Note,1016,06-Oct-2023,Morbi Cluster,153862.57,Dr,GCV shortfall 3266 vs 3400,06-Oct-2023
BV01017,Sales,1017,12-Sep-2023,Ankleshwar,4241176.53,Cr,supply against C-23-12,12-Sep-2023
BV01018,Sales,1018,26-Sep-2023,Vapi,3937816.72,Cr,supply against C-23-16,26-Sep-2023
BV01019,Sales,1019,16-Oct-2023,Ukai TPS,9766524.06,Cr,supply against T-23-01,16-Oct-2023
BV01020,Sales,1020,15-Oct-2023,Ukai TPS,6786569.63,Cr,supply against T-23-01,15-Oct-2023
BV01021,Sales,1021,10-Oct-2023,Sikka TPS,7368627.53,Cr,supply against T-23-05,10-Oct-2023
BV01022,Credit Note,1022,19-Oct-2023,Sikka TPS,283883.47,Dr,GCV shortfall 2985 vs 3100,19-Oct-2023
BV01023,Sales,1023,10-Oct-2023,Sikka TPS,6678991.9,Cr,supply against T-23-05,10-Oct-2023
BV01024,Sales,1024,11-Oct-2023,Kutch,4359815.22,Cr,supply against C-23-20,11-Oct-2023
BV01025,Sales,1025,25-Oct-2023,Morbi Cluster,4017650.18,Cr,supply against C-23-08,25-Oct-2023
BV01026,Sales,1026,16-Oct-2023,Ankleshwar,4397882.69,Cr,supply against C-23-12,16-Oct-2023
BV01027,Sales,1027,03-Oct-2023,Vapi,3339640.09,Cr,supply against C-23-16,03-Oct-2023
BV01028,Credit Note,1028,13-Oct-2023,Vapi,208450.31,Dr,GCV shortfall 3012 vs 3200,13-Oct-2023
BV01029,Sales,1029,18-Nov-2023,Ukai TPS,7682215.49,Cr,supply against T-23-01,18-Nov-2023
BV01030,Sales,1030,18-Nov-2023,Ukai TPS,6827883.48,Cr,supply against T-23-01,18-Nov-2023
BV01031,Sales,1031,18-Nov-2023,Sikka TPS,7637703.66,Cr,supply against T-23-05,18-Nov-2023
BV01032,Sales,1032,12-Nov-2023,Sikka TPS,6412367.16,Cr,supply against T-23-05,12-Nov-2023
BV01033,Credit Note,1033,22-Nov-2023,Sikka TPS,406959.84,Dr,GCV shortfall 2915 vs 3100,22-Nov-2023
BV01034,Sales,1034,17-Nov-2023,Kutch,4290002.79,Cr,supply against C-23-20,17-Nov-2023
BV01035,Sales,1035,23-Nov-2023,Morbi Cluster,4001024.87,Cr,supply against C-23-08,23-Nov-2023
BV01036,Sales,1036,10-Nov-2023,Ankleshwar,5024707.35,Cr,supply against C-23-12,10-Nov-2023
BV01037,Sales,1037,22-Nov-2023,Vapi,3518947.7,Cr,supply against C-23-16,22-Nov-2023
BV01038,Credit Note,1038,12-Dec-2023,Vapi,64958.3,Dr,GCV shortfall 3142 vs 3200,12-Dec-2023
BV01039,Sales,1039,26-Dec-2023,Ukai TPS,6980918.58,Cr,supply against T-23-01,26-Dec-2023
BV01040,Sales,1040,10-Dec-2023,Ukai TPS,7443253.53,Cr,supply against T-23-01,10-Dec-2023
BV01041,Credit Note,1041,25-Dec-2023,Ukai TPS,99762.47,Dr,GCV shortfall 3059 vs 3100,25-Dec-2023
BV01042,Sales,1042,27-Dec-2023,Sikka TPS,7190442.06,Cr,supply against T-23-05,27-Dec-2023
BV01043,Credit Note,1043,06-Jan-2024,Sikka TPS,368177.94,Dr,GCV shortfall 2949 vs 3100,06-Jan-2024
BV01044,Sales,1044,16-Dec-2023,Sikka TPS,6418870.81,Cr,supply against T-23-05,16-Dec-2023
BV01045,Credit Note,1045,29-Dec-2023,Sikka TPS,289996.19,Dr,GCV shortfall 2966 vs 3100,29-Dec-2023
BV01046,Sales,1046,12-Dec-2023,Kutch,3921933.78,Cr,supply against C-23-20,12-Dec-2023
BV01047,Credit Note,1047,25-Dec-2023,Kutch,213673.02,Dr,GCV shortfall 2845 vs 3000,25-Dec-2023
BV01048,Sales,1048,24-Dec-2023,Morbi Cluster,4029875.64,Cr,supply against C-23-08,24-Dec-2023
BV01049,Sales,1049,17-Dec-2023,Ankleshwar,4136284.5,Cr,supply against C-23-12,17-Dec-2023
BV01050,Credit Note,1050,29-Dec-2023,Ankleshwar,34121.5,Dr,GCV shortfall 3273 vs 3300,29-Dec-2023
BV01051,Sales,1051,22-Dec-2023,Vapi,3847934.93,Cr,supply against C-23-16,22-Dec-2023
BV01052,Sales,1052,29-Jan-2024,Ukai TPS,7943651.47,Cr,supply against T-23-01,29-Jan-2024
BV01053,Sales,1053,08-Jan-2024,Ukai TPS,7355528.43,Cr,supply against T-23-01,08-Jan-2024
BV01054,Sales,1054,18-Jan-2024,Sikka TPS,8217016.68,Cr,supply against T-23-05,18-Jan-2024
BV01055,Sales,1055,07-Jan-2024,Sikka TPS,6958784.02,Cr,supply against T-23-05,07-Jan-2024
BV01056,Sales,1056,13-Jan-2024,Kutch,4024881.76,Cr,supply against C-23-20,13-Jan-2024
BV01057,Credit Note,1057,04-Feb-2024,Kutch,131622.64,Dr,GCV shortfall 2905 vs 3000,04-Feb-2024
BV01058,Sales,1058,26-Jan-2024,Morbi Cluster,4287224.51,Cr,supply against C-23-08,26-Jan-2024
BV01059,Sales,1059,20-Jan-2024,Ankleshwar,3978314.57,Cr,supply against C-23-12,20-Jan-2024
BV01060,Credit Note,1060,26-Jan-2024,Ankleshwar,192091.43,Dr,GCV shortfall 3148 vs 3300,26-Jan-2024
BV01061,Sales,1061,27-Jan-2024,Vapi,3380071.35,Cr,supply against C-23-16,27-Jan-2024
BV01062,Credit Note,1062,05-Feb-2024,Vapi,203834.65,Dr,GCV shortfall 3018 vs 3200,05-Feb-2024
BV01063,Sales,1063,12-Feb-2024,Ukai TPS,7415423.88,Cr,supply against T-23-01,12-Feb-2024
BV01064,Credit Note,1064,19-Feb-2024,Ukai TPS,138902.12,Dr,GCV shortfall 3043 vs 3100,19-Feb-2024
BV01065,Sales,1065,19-Feb-2024,Ukai TPS,6863397.37,Cr,supply against T-23-01,19-Feb-2024
BV01066,Sales,1066,03-Mar-2024,Sikka TPS,7110534.17,Cr,supply against T-23-05,03-Mar-2024
BV01067,Sales,1067,11-Feb-2024,Sikka TPS,7508984.52,Cr,supply against T-23-05,11-Feb-2024
BV01068,Sales,1068,18-Feb-2024,Kutch,4350067.95,Cr,supply against C-23-20,18-Feb-2024
BV01069,Sales,1069,26-Feb-2024,Morbi Cluster,4170364.52,Cr,supply against C-23-08,26-Feb-2024
BV01070,Sales,1070,12-Feb-2024,Ankleshwar,4717886.0,Cr,supply against C-23-12,12-Feb-2024
BV01071,Sales,1071,26-Feb-2024,Vapi,3884050.21,Cr,supply against C-23-16,26-Feb-2024
BV01072,Sales,1072,16-Mar-2024,Ukai TPS,5802328.19,Cr,supply against T-23-01,16-Mar-2024
BV01073,Credit Note,1073,07-Apr-2024,Ukai TPS,491309.81,Dr,GCV shortfall 2858 vs 3100,07-Apr-2024
BV01074,Sales,1074,22-Mar-2024,Ukai TPS,7187080.62,Cr,supply against T-23-01,22-Mar-2024
BV01075,Credit Note,1075,28-Mar-2024,Ukai TPS,329771.58,Dr,GCV shortfall 2964 vs 3100,28-Mar-2024
BV01076,Sales,1076,29-Mar-2024,Sikka TPS,7297995.48,Cr,supply against T-23-05,29-Mar-2024
BV01077,Sales,1077,12-Mar-2024,Sikka TPS,6907175.69,Cr,supply against T-23-05,12-Mar-2024
BV01078,Credit Note,1078,18-Mar-2024,Sikka TPS,187670.11,Dr,GCV shortfall 3018 vs 3100,18-Mar-2024
BV01079,Sales,1079,08-Mar-2024,Kutch,4351460.42,Cr,supply against C-23-20,08-Mar-2024
BV01080,Sales,1080,20-Mar-2024,Morbi Cluster,4006065.01,Cr,supply against C-23-08,20-Mar-2024
BV01081,Sales,1081,10-Mar-2024,Ankleshwar,4440850.51,Cr,supply against C-23-12,10-Mar-2024
BV01082,Sales,1082,12-Mar-2024,Vapi,4142395.54,Cr,supply against C-23-16,12-Mar-2024
BV01083,Sales,1083,08-Apr-2024,Morbi Cluster,4487395.93,Cr,supply against C-23-08,08-Apr-2024
BV01084,Sales,1084,10-Apr-2024,Ankleshwar,4603875.47,Cr,supply against C-23-12,10-Apr-2024
BV01085,Sales,1085,06-Apr-2024,Vapi,3760975.82,Cr,supply against C-23-16,06-Apr-2024
BV01086,Sales,1086,14-Apr-2024,Ukai TPS,11126612.74,Cr,supply against T-24-02,14-Apr-2024
BV01087,Credit Note,1087,30-Apr-2024,Ukai TPS,522323.26,Dr,GCV shortfall 2961 vs 3100,30-Apr-2024
BV01088,Sales,1088,17-Apr-2024,Sikka TPS,7534765.38,Cr,supply against T-24-06,17-Apr-2024
BV01089,Sales,1089,12-Apr-2024,Sikka TPS,6777426.3,Cr,supply against T-24-06,12-Apr-2024
BV01090,Credit Note,1090,24-Apr-2024,Sikka TPS,50660.0,Dr,GCV shortfall 3077 vs 3100,24-Apr-2024
BV01091,Sales,1091,26-Apr-2024,Kutch,1987226.3,Cr,supply against C-24-21,26-Apr-2024
BV01092,Credit Note,1092,02-May-2024,Kutch,962274.7,Dr,GCV shortfall 2695 vs 3000,02-May-2024
BV01093,Sales,1093,13-May-2024,Vapi,3332987.42,Cr,supply against C-23-16,13-May-2024
BV01094,Credit Note,1094,26-May-2024,Vapi,215102.98,Dr,GCV shortfall 3006 vs 3200,26-May-2024
BV01095,Sales,1095,19-May-2024,Ukai TPS,12731159.73,Cr,supply against T-24-02,19-May-2024
BV01096,Sales,1096,06-May-2024,Sikka TPS,7536157.89,Cr,supply against T-24-06,06-May-2024
BV01097,Sales,1097,08-May-2024,Sikka TPS,6221389.55,Cr,supply against T-24-06,08-May-2024
BV01098,Sales,1098,23-May-2024,Kutch,2790530.8,Cr,supply against C-24-21,23-May-2024
BV01099,Credit Note,1099,13-Jun-2024,Kutch,129452.6,Dr,GCV shortfall 2867 vs 3000,13-Jun-2024
BV01100,Sales,1100,15-May-2024,Morbi Cluster,3378397.78,Cr,supply against C-24-09,15-May-2024
BV01101,Credit Note,1101,04-Jun-2024,Morbi Cluster,169024.22,Dr,GCV shortfall 3238 vs 3400,04-Jun-2024
BV01102,Sales,1102,19-May-2024,Ankleshwar,3000355.43,Cr,supply against C-24-13,19-May-2024
BV01103,Credit Note,1103,28-May-2024,Ankleshwar,41479.57,Dr,GCV shortfall 3255 vs 3300,28-May-2024
BV01104,Sales,1104,25-Jun-2024,Vapi,3542467.09,Cr,supply against C-23-16,25-Jun-2024
BV01105,Credit Note,1105,07-Jul-2024,Vapi,41438.91,Dr,GCV shortfall 3163 vs 3200,07-Jul-2024
BV01106,Sales,1106,17-Jun-2024,Ukai TPS,11351387.76,Cr,supply against T-24-02,17-Jun-2024
BV01107,Credit Note,1107,07-Jul-2024,Ukai TPS,239291.44,Dr,GCV shortfall 3036 vs 3100,07-Jul-2024
BV01108,Sales,1108,18-Jun-2024,Sikka TPS,7019079.67,Cr,supply against T-24-06,18-Jun-2024
BV01109,Sales,1109,26-Jun-2024,Sikka TPS,6745082.64,Cr,supply against T-24-06,26-Jun-2024
BV01110,Sales,1110,16-Jun-2024,Kutch,2063913.32,Cr,supply against C-24-21,16-Jun-2024
BV01111,Credit Note,1111,28-Jun-2024,Kutch,885587.68,Dr,GCV shortfall 2799 vs 3000,28-Jun-2024
BV01112,Sales,1112,21-Jun-2024,Morbi Cluster,3574549.34,Cr,supply against C-24-09,21-Jun-2024
BV01113,Sales,1113,08-Jun-2024,Ankleshwar,3254179.23,Cr,supply against C-24-13,08-Jun-2024
BV01114,Sales,1114,24-Jul-2024,Ukai TPS,5556484.63,Cr,supply against T-24-02,24-Jul-2024
BV01115,Credit Note,1115,31-Jul-2024,Ukai TPS,141531.37,Dr,GCV shortfall 3023 vs 3100,31-Jul-2024
BV01116,Sales,1116,07-Jul-2024,Ukai TPS,6221065.0,Cr,supply against T-24-02,07-Jul-2024
BV01117,Sales,1117,09-Jul-2024,Sikka TPS,8286304.15,Cr,supply against T-24-06,09-Jul-2024
BV01118,Sales,1118,05-Jul-2024,Sikka TPS,5898524.26,Cr,supply against T-24-06,05-Jul-2024
BV01119,Credit Note,1119,27-Jul-2024,Sikka TPS,540005.74,Dr,GCV shortfall 2840 vs 3100,27-Jul-2024
BV01120,Sales,1120,13-Jul-2024,Kutch,2806941.78,Cr,supply against C-24-21,13-Jul-2024
BV01121,Credit Note,1121,29-Jul-2024,Kutch,142559.22,Dr,GCV shortfall 2855 vs 3000,29-Jul-2024
BV01122,Sales,1122,21-Jul-2024,Morbi Cluster,3687232.16,Cr,supply against C-24-09,21-Jul-2024
BV01123,Sales,1123,20-Jul-2024,Ankleshwar,3297164.79,Cr,supply against C-24-13,20-Jul-2024
BV01124,Sales,1124,28-Jul-2024,Vapi,4042247.34,Cr,supply against C-24-17,28-Jul-2024
BV01125,Sales,1125,01-Sep-2024,Ukai TPS,5693011.61,Cr,supply against T-24-02,01-Sep-2024
BV01126,Sales,1126,31-Aug-2024,Ukai TPS,6154113.75,Cr,supply against T-24-02,31-Aug-2024
BV01127,Credit Note,1127,16-Sep-2024,Ukai TPS,50033.45,Dr,GCV shortfall 3075 vs 3100,16-Sep-2024
BV01128,Sales,1128,14-Aug-2024,Sikka TPS,6976589.97,Cr,supply against T-24-06,14-Aug-2024
BV01129,Credit Note,1129,30-Aug-2024,Sikka TPS,102764.83,Dr,GCV shortfall 3055 vs 3100,30-Aug-2024
BV01130,Sales,1130,11-Aug-2024,Sikka TPS,7148014.47,Cr,supply against T-24-06,11-Aug-2024
BV01131,Sales,1131,29-Aug-2024,Kutch,3271259.31,Cr,supply against C-24-21,29-Aug-2024
BV01132,Sales,1132,26-Aug-2024,Morbi Cluster,3713316.15,Cr,supply against C-24-09,26-Aug-2024
BV01133,Sales,1133,08-Aug-2024,Ankleshwar,2954267.02,Cr,supply against C-24-13,08-Aug-2024
BV01134,Credit Note,1134,28-Aug-2024,Ankleshwar,87567.98,Dr,GCV shortfall 3205 vs 3300,28-Aug-2024
BV01135,Sales,1135,20-Aug-2024,Vapi,4448586.35,Cr,supply against C-24-17,20-Aug-2024
BV01136,Sales,1136,17-Sep-2024,Ukai TPS,11640306.35,Cr,supply against T-24-02,17-Sep-2024
BV01137,Sales,1137,30-Sep-2024,Sikka TPS,7277671.43,Cr,supply against T-24-06,30-Sep-2024
BV01138,Sales,1138,13-Sep-2024,Sikka TPS,7367131.48,Cr,supply against T-24-06,13-Sep-2024
BV01139,Sales,1139,18-Sep-2024,Kutch,2953433.67,Cr,supply against C-24-21,18-Sep-2024
BV01140,Sales,1140,23-Sep-2024,Morbi Cluster,3307449.34,Cr,supply against C-24-09,23-Sep-2024
BV01141,Credit Note,1141,05-Oct-2024,Morbi Cluster,239972.66,Dr,GCV shortfall 3170 vs 3400,05-Oct-2024
BV01142,Sales,1142,17-Sep-2024,Ankleshwar,3432664.71,Cr,supply against C-24-13,17-Sep-2024
BV01143,Sales,1143,13-Sep-2024,Vapi,3811283.44,Cr,supply against C-24-17,13-Sep-2024
BV01144,Credit Note,1144,04-Oct-2024,Vapi,148491.56,Dr,GCV shortfall 3080 vs 3200,04-Oct-2024
BV01145,Sales,1145,10-Oct-2024,Ukai TPS,13134856.78,Cr,supply against T-24-02,10-Oct-2024
BV01146,Sales,1146,10-Oct-2024,Sikka TPS,7343831.55,Cr,supply against T-24-06,10-Oct-2024
BV01147,Sales,1147,18-Oct-2024,Sikka TPS,7519226.92,Cr,supply against T-24-06,18-Oct-2024
BV01148,Sales,1148,18-Oct-2024,Kutch,3170713.57,Cr,supply against C-24-21,18-Oct-2024
BV01149,Sales,1149,14-Oct-2024,Morbi Cluster,3465294.83,Cr,supply against C-24-09,14-Oct-2024
BV01150,Credit Note,1150,05-Nov-2024,Morbi Cluster,64364.37,Dr,GCV shortfall 3338 vs 3400,05-Nov-2024
BV01151,Sales,1151,21-Oct-2024,Ankleshwar,3013260.19,Cr,supply against C-24-13,21-Oct-2024
BV01152,Credit Note,1152,09-Nov-2024,Ankleshwar,28574.81,Dr,GCV shortfall 3269 vs 3300,09-Nov-2024
BV01153,Sales,1153,30-Oct-2024,Vapi,3927601.83,Cr,supply against C-24-17,30-Oct-2024
BV01154,Credit Note,1154,20-Nov-2024,Vapi,32173.17,Dr,GCV shortfall 3174 vs 3200,20-Nov-2024
BV01155,Sales,1155,11-Nov-2024,Ukai TPS,7646023.4,Cr,supply against T-24-02,11-Nov-2024
BV01156,Credit Note,1156,22-Nov-2024,Ukai TPS,4002912.6,Dr,GCV shortfall 2713 vs 3100,22-Nov-2024
BV01157,Sales,1157,13-Nov-2024,Sikka TPS,6636049.25,Cr,supply against T-24-06,13-Nov-2024
BV01158,Sales,1158,09-Nov-2024,Sikka TPS,7526186.13,Cr,supply against T-24-06,09-Nov-2024
BV01159,Sales,1159,20-Nov-2024,Kutch,1976165.67,Cr,supply against C-24-21,20-Nov-2024
BV01160,Credit Note,1160,03-Dec-2024,Kutch,973335.33,Dr,GCV shortfall 2680 vs 3000,03-Dec-2024
BV01161,Sales,1161,24-Nov-2024,Morbi Cluster,3406568.48,Cr,supply against C-24-09,24-Nov-2024
BV01162,Credit Note,1162,04-Dec-2024,Morbi Cluster,140853.52,Dr,GCV shortfall 3265 vs 3400,04-Dec-2024
BV01163,Sales,1163,09-Nov-2024,Ankleshwar,2871307.89,Cr,supply against C-24-13,09-Nov-2024
BV01164,Credit Note,1164,22-Nov-2024,Ankleshwar,170527.11,Dr,GCV shortfall 3115 vs 3300,22-Nov-2024
BV01165,Sales,1165,12-Nov-2024,Vapi,3944925.84,Cr,supply against C-24-17,12-Nov-2024
BV01166,Credit Note,1166,25-Nov-2024,Vapi,14849.16,Dr,GCV shortfall 3188 vs 3200,25-Nov-2024
BV01167,Sales,1167,05-Dec-2024,Ukai TPS,12938633.91,Cr,supply against T-24-02,05-Dec-2024
BV01168,Sales,1168,23-Dec-2024,Sikka TPS,6622640.37,Cr,supply against T-24-06,23-Dec-2024
BV01169,Credit Note,1169,10-Jan-2025,Sikka TPS,38678.63,Dr,GCV shortfall 3082 vs 3100,10-Jan-2025
BV01170,Sales,1170,17-Dec-2024,Sikka TPS,4630452.68,Cr,supply against T-24-06,17-Dec-2024
BV01171,Credit Note,1171,08-Jan-2025,Sikka TPS,2336858.72,Dr,GCV shortfall 2747 vs 3100,08-Jan-2025
BV01172,Sales,1172,13-Dec-2024,Kutch,2924921.82,Cr,supply against C-24-21,13-Dec-2024
BV01173,Credit Note,1173,30-Dec-2024,Kutch,24579.18,Dr,GCV shortfall 2975 vs 3000,30-Dec-2024
BV01174,Sales,1174,12-Dec-2024,Morbi Cluster,3500470.83,Cr,supply against C-24-09,12-Dec-2024
BV01175,Credit Note,1175,29-Dec-2024,Morbi Cluster,46951.17,Dr,GCV shortfall 3355 vs 3400,29-Dec-2024
BV01176,Sales,1176,25-Dec-2024,Ankleshwar,2890665.02,Cr,supply against C-24-13,25-Dec-2024
BV01177,Credit Note,1177,02-Jan-2025,Ankleshwar,151169.98,Dr,GCV shortfall 3136 vs 3300,02-Jan-2025
BV01178,Sales,1178,29-Dec-2024,Vapi,4077245.16,Cr,supply against C-24-17,29-Dec-2024
BV01179,Sales,1179,22-Jan-2025,Ukai TPS,6058251.07,Cr,supply against T-24-02,22-Jan-2025
BV01180,Credit Note,1180,31-Jan-2025,Ukai TPS,248188.93,Dr,GCV shortfall 2978 vs 3100,31-Jan-2025
BV01181,Sales,1181,12-Jan-2025,Ukai TPS,5723863.71,Cr,supply against T-24-02,12-Jan-2025
BV01182,Sales,1182,15-Jan-2025,Sikka TPS,5933680.31,Cr,supply against T-24-06,15-Jan-2025
BV01183,Credit Note,1183,28-Jan-2025,Sikka TPS,426765.39,Dr,GCV shortfall 2892 vs 3100,28-Jan-2025
BV01184,Sales,1184,21-Jan-2025,Sikka TPS,8310684.18,Cr,supply against T-24-06,21-Jan-2025
BV01185,Sales,1185,25-Jan-2025,Kutch,3408213.94,Cr,supply against C-24-21,25-Jan-2025
BV01186,Sales,1186,08-Jan-2025,Morbi Cluster,3615263.03,Cr,supply against C-24-09,08-Jan-2025
BV01187,Sales,1187,10-Jan-2025,Ankleshwar,2993903.05,Cr,supply against C-24-13,10-Jan-2025
BV01188,Credit Note,1188,18-Jan-2025,Ankleshwar,47931.95,Dr,GCV shortfall 3248 vs 3300,18-Jan-2025
BV01189,Sales,1189,27-Jan-2025,Vapi,4178488.83,Cr,supply against C-24-17,27-Jan-2025
BV01190,Sales,1190,09-Feb-2025,Ukai TPS,12250171.41,Cr,supply against T-24-02,09-Feb-2025
BV01191,Sales,1191,02-Mar-2025,Sikka TPS,6521277.54,Cr,supply against T-24-06,02-Mar-2025
BV01192,Credit Note,1192,19-Mar-2025,Sikka TPS,473864.46,Dr,GCV shortfall 2890 vs 3100,19-Mar-2025
BV01193,Sales,1193,14-Feb-2025,Sikka TPS,7015263.02,Cr,supply against T-24-06,14-Feb-2025
BV01194,Sales,1194,28-Feb-2025,Kutch,2971915.6,Cr,supply against C-24-21,28-Feb-2025
BV01195,Sales,1195,24-Feb-2025,Morbi Cluster,3831756.5,Cr,supply against C-24-09,24-Feb-2025
BV01196,Sales,1196,08-Feb-2025,Ankleshwar,2681783.81,Cr,supply against C-24-13,08-Feb-2025
BV01197,Credit Note,1197,23-Feb-2025,Ankleshwar,344853.19,Dr,GCV shortfall 2924 vs 3300,23-Feb-2025
BV01198,Sales,1198,13-Feb-2025,Vapi,3964724.72,Cr,supply against C-24-17,13-Feb-2025
BV01199,Sales,1199,30-Mar-2025,Ukai TPS,12895565.34,Cr,supply against T-24-02,30-Mar-2025
BV01200,Sales,1200,11-Mar-2025,Sikka TPS,7549488.2,Cr,supply against T-24-06,11-Mar-2025
BV01201,Sales,1201,14-Mar-2025,Sikka TPS,6701097.22,Cr,supply against T-24-06,14-Mar-2025
BV01202,Sales,1202,09-Mar-2025,Kutch,2912242.51,Cr,supply against C-24-21,09-Mar-2025
BV01203,Credit Note,1203,18-Mar-2025,Kutch,22499.69,Dr,GCV shortfall 2977 vs 3000,18-Mar-2025
BV01204,Sales,1204,20-Mar-2025,Morbi Cluster,3835389.2,Cr,supply against C-24-09,20-Mar-2025
BV01205,Sales,1205,18-Mar-2025,Ankleshwar,3155623.05,Cr,supply against C-24-13,18-Mar-2025
BV01206,Sales,1206,28-Mar-2025,Vapi,4282232.34,Cr,supply against C-24-17,28-Mar-2025
BV01207,Sales,1207,16-Apr-2025,Morbi Cluster,3590199.74,Cr,supply against C-24-09,16-Apr-2025
BV01208,Sales,1208,25-Apr-2025,Ankleshwar,3175491.39,Cr,supply against C-24-13,25-Apr-2025
BV01209,Sales,1209,17-Apr-2025,Vapi,4089705.12,Cr,supply against C-24-17,17-Apr-2025
BV01210,Sales,1210,15-Apr-2025,Ukai TPS,13475225.63,Cr,supply against T-25-03,15-Apr-2025
BV01211,Sales,1211,18-Apr-2025,Kutch,5211370.99,Cr,supply against C-25-22,18-Apr-2025
BV01212,Sales,1212,18-May-2025,Vapi,3808511.95,Cr,supply against C-24-17,18-May-2025
BV01213,Credit Note,1213,04-Jun-2025,Vapi,191238.05,Dr,GCV shortfall 3047 vs 3200,04-Jun-2025
BV01214,Sales,1214,05-May-2025,Ukai TPS,8425640.62,Cr,supply against T-25-03,05-May-2025
BV01215,Credit Note,1215,22-May-2025,Ukai TPS,4415797.88,Dr,GCV shortfall 2712 vs 3100,22-May-2025
BV01216,Sales,1216,07-May-2025,Kutch,4719434.72,Cr,supply against C-25-22,07-May-2025
BV01217,Sales,1217,18-May-2025,Morbi Cluster,4394911.76,Cr,supply against C-25-10,18-May-2025
BV01218,Sales,1218,29-May-2025,Ankleshwar,3276414.7,Cr,supply against C-25-14,29-May-2025
BV01219,Credit Note,1219,05-Jun-2025,Ankleshwar,135440.3,Dr,GCV shortfall 3169 vs 3300,05-Jun-2025
BV01220,Sales,1220,22-Jun-2025,Vapi,4243484.77,Cr,supply against C-24-17,22-Jun-2025
BV01221,Sales,1221,02-Jul-2025,Ukai TPS,6718196.41,Cr,supply against T-25-03,02-Jul-2025
BV01222,Sales,1222,27-Jun-2025,Ukai TPS,6770458.97,Cr,supply against T-25-03,27-Jun-2025
BV01223,Sales,1223,14-Jun-2025,Kutch,3141373.74,Cr,supply against C-25-22,14-Jun-2025
BV01224,Credit Note,1224,03-Jul-2025,Kutch,1396544.26,Dr,GCV shortfall 2769 vs 3000,03-Jul-2025
BV01225,Sales,1225,27-Jun-2025,Morbi Cluster,4811081.25,Cr,supply against C-25-10,27-Jun-2025
BV01226,Sales,1226,23-Jun-2025,Ankleshwar,3215716.2,Cr,supply against C-25-14,23-Jun-2025
BV01227,Credit Note,1227,01-Jul-2025,Ankleshwar,178993.8,Dr,GCV shortfall 3126 vs 3300,01-Jul-2025
BV01228,Sales,1228,20-Jul-2025,Ukai TPS,7518673.63,Cr,supply against T-25-03,20-Jul-2025
BV01229,Sales,1229,26-Jul-2025,Ukai TPS,5593482.77,Cr,supply against T-25-03,26-Jul-2025
BV01230,Credit Note,1230,14-Aug-2025,Ukai TPS,196098.73,Dr,GCV shortfall 2995 vs 3100,14-Aug-2025
BV01231,Sales,1231,26-Jul-2025,Kutch,4287972.54,Cr,supply against C-25-22,26-Jul-2025
BV01232,Credit Note,1232,17-Aug-2025,Kutch,227267.06,Dr,GCV shortfall 2849 vs 3000,17-Aug-2025
BV01233,Sales,1233,27-Jul-2025,Morbi Cluster,3935402.65,Cr,supply against C-25-10,27-Jul-2025
BV01234,Credit Note,1234,18-Aug-2025,Morbi Cluster,442990.35,Dr,GCV shortfall 3056 vs 3400,18-Aug-2025
BV01235,Sales,1235,16-Jul-2025,Ankleshwar,3432117.27,Cr,supply against C-25-14,16-Jul-2025
BV01236,Sales,1236,14-Jul-2025,Vapi,4832986.33,Cr,supply against C-25-18,14-Jul-2025
BV01237,Sales,1237,09-Aug-2025,Ukai TPS,13713617.99,Cr,supply against T-25-03,09-Aug-2025
BV01238,Sales,1238,04-Aug-2025,Kutch,4430520.61,Cr,supply against C-25-22,04-Aug-2025
BV01239,Credit Note,1239,14-Aug-2025,Kutch,107397.39,Dr,GCV shortfall 2929 vs 3000,14-Aug-2025
BV01240,Sales,1240,01-Sep-2025,Morbi Cluster,4653737.47,Cr,supply against C-25-10,01-Sep-2025
BV01241,Sales,1241,16-Aug-2025,Ankleshwar,3516283.64,Cr,supply against C-25-14,16-Aug-2025
BV01242,Sales,1242,16-Aug-2025,Vapi,4431416.72,Cr,supply against C-25-18,16-Aug-2025
BV01243,Credit Note,1243,01-Sep-2025,Vapi,115083.28,Dr,GCV shortfall 3119 vs 3200,01-Sep-2025
BV01244,Sales,1244,23-Sep-2025,Ukai TPS,13084973.09,Cr,supply against T-25-03,23-Sep-2025
BV01245,Sales,1245,27-Sep-2025,Kutch,4715415.22,Cr,supply against C-25-22,27-Sep-2025
BV01246,Sales,1246,07-Sep-2025,Morbi Cluster,4093802.65,Cr,supply against C-25-10,07-Sep-2025
BV01247,Credit Note,1247,21-Sep-2025,Morbi Cluster,262669.65,Dr,GCV shortfall 3195 vs 3400,21-Sep-2025
BV01248,Sales,1248,24-Sep-2025,Ankleshwar,3564871.53,Cr,supply against C-25-14,24-Sep-2025
BV01249,Sales,1249,14-Sep-2025,Vapi,4498193.44,Cr,supply against C-25-18,14-Sep-2025
BV01250,Credit Note,1250,24-Sep-2025,Vapi,48306.56,Dr,GCV shortfall 3166 vs 3200,24-Sep-2025
BV01251,Sales,1251,31-Oct-2025,Ukai TPS,12905955.0,Cr,supply against T-25-03,31-Oct-2025
BV01252,Sales,1252,08-Oct-2025,Kutch,4433545.89,Cr,supply against C-25-22,08-Oct-2025
BV01253,Credit Note,1253,22-Oct-2025,Kutch,104372.11,Dr,GCV shortfall 2931 vs 3000,22-Oct-2025
BV01254,Sales,1254,13-Oct-2025,Morbi Cluster,4351349.98,Cr,supply against C-25-10,13-Oct-2025
BV01255,Credit Note,1255,01-Nov-2025,Morbi Cluster,27043.02,Dr,GCV shortfall 3379 vs 3400,01-Nov-2025
BV01256,Sales,1256,05-Oct-2025,Ankleshwar,3276253.64,Cr,supply against C-25-14,05-Oct-2025
BV01257,Credit Note,1257,19-Oct-2025,Ankleshwar,152746.36,Dr,GCV shortfall 3153 vs 3300,19-Oct-2025
BV01258,Sales,1258,14-Oct-2025,Vapi,4298488.42,Cr,supply against C-25-18,14-Oct-2025
BV01259,Credit Note,1259,21-Oct-2025,Vapi,202546.58,Dr,GCV shortfall 3056 vs 3200,21-Oct-2025
BV01260,Sales,1260,16-Nov-2025,Ukai TPS,13988389.94,Cr,supply against T-25-03,16-Nov-2025
BV01261,Sales,1261,26-Nov-2025,Kutch,4853463.62,Cr,supply against C-25-22,26-Nov-2025
BV01262,Sales,1262,12-Nov-2025,Morbi Cluster,4253480.02,Cr,supply against C-25-10,12-Nov-2025
BV01263,Credit Note,1263,24-Nov-2025,Morbi Cluster,124912.98,Dr,GCV shortfall 3303 vs 3400,24-Nov-2025
BV01264,Sales,1264,12-Nov-2025,Ankleshwar,3161953.64,Cr,supply against C-25-14,12-Nov-2025
BV01265,Credit Note,1265,25-Nov-2025,Ankleshwar,267046.36,Dr,GCV shortfall 3043 vs 3300,25-Nov-2025
BV01266,Sales,1266,21-Nov-2025,Vapi,4846284.84,Cr,supply against C-25-18,21-Nov-2025
BV01267,Sales,1267,13-Dec-2025,Ukai TPS,5855817.01,Cr,supply against T-25-03,13-Dec-2025
BV01268,Credit Note,1268,23-Dec-2025,Ukai TPS,169085.99,Dr,GCV shortfall 3013 vs 3100,23-Dec-2025
BV01269,Sales,1269,13-Dec-2025,Ukai TPS,6174068.09,Cr,supply against T-25-03,13-Dec-2025
BV01270,Credit Note,1270,02-Jan-2026,Ukai TPS,608217.91,Dr,GCV shortfall 2822 vs 3100,02-Jan-2026
BV01271,Sales,1271,10-Dec-2025,Kutch,4596910.93,Cr,supply against C-25-22,10-Dec-2025
BV01272,Sales,1272,15-Dec-2025,Morbi Cluster,4530967.11,Cr,supply against C-25-10,15-Dec-2025
BV01273,Sales,1273,09-Dec-2025,Ankleshwar,3596293.64,Cr,supply against C-25-14,09-Dec-2025
BV01274,Sales,1274,22-Dec-2025,Vapi,4434258.28,Cr,supply against C-25-18,22-Dec-2025
BV01275,Credit Note,1275,31-Dec-2025,Vapi,112241.72,Dr,GCV shortfall 3121 vs 3200,31-Dec-2025
BV01276,Sales,1276,29-Jan-2026,Ukai TPS,6744853.01,Cr,supply against T-25-03,29-Jan-2026
BV01277,Credit Note,1277,19-Feb-2026,Ukai TPS,153544.99,Dr,GCV shortfall 3031 vs 3100,19-Feb-2026
BV01278,Sales,1278,11-Jan-2026,Ukai TPS,5697650.44,Cr,supply against T-25-03,11-Jan-2026
BV01279,Credit Note,1279,25-Jan-2026,Ukai TPS,245390.06,Dr,GCV shortfall 2972 vs 3100,25-Jan-2026
BV01280,Sales,1280,13-Jan-2026,Kutch,4504639.93,Cr,supply against C-25-22,13-Jan-2026
BV01281,Credit Note,1281,26-Jan-2026,Kutch,33278.07,Dr,GCV shortfall 2978 vs 3000,26-Jan-2026
BV01282,Sales,1282,10-Jan-2026,Morbi Cluster,4676801.15,Cr,supply against C-25-10,10-Jan-2026
BV01283,Sales,1283,10-Jan-2026,Ankleshwar,3819698.18,Cr,supply against C-25-14,10-Jan-2026
BV01284,Sales,1284,06-Jan-2026,Vapi,5147490.47,Cr,supply against C-25-18,06-Jan-2026
BV01285,Sales,1285,26-Feb-2026,Ukai TPS,6595063.11,Cr,supply against T-25-03,26-Feb-2026
BV01286,Credit Note,1286,12-Mar-2026,Ukai TPS,12789.39,Dr,GCV shortfall 3094 vs 3100,12-Mar-2026
BV01287,Sales,1287,12-Feb-2026,Ukai TPS,7051060.79,Cr,supply against T-25-03,12-Feb-2026
BV01288,Sales,1288,25-Feb-2026,Kutch,4394217.26,Cr,supply against C-25-22,25-Feb-2026
BV01289,Credit Note,1289,08-Mar-2026,Kutch,143700.74,Dr,GCV shortfall 2905 vs 3000,08-Mar-2026
BV01290,Sales,1290,20-Feb-2026,Morbi Cluster,4456946.52,Cr,supply against C-25-10,20-Feb-2026
BV01291,Sales,1291,02-Mar-2026,Ankleshwar,3514205.45,Cr,supply against C-25-14,02-Mar-2026
BV01292,Sales,1292,04-Feb-2026,Vapi,4089008.44,Cr,supply against C-25-18,04-Feb-2026
BV01293,Credit Note,1293,14-Feb-2026,Vapi,457491.56,Dr,GCV shortfall 2878 vs 3200,14-Feb-2026
BV01294,Sales,1294,21-Mar-2026,Ukai TPS,6570720.75,Cr,supply against T-25-03,21-Mar-2026
BV01295,Credit Note,1295,07-Apr-2026,Ukai TPS,194219.25,Dr,GCV shortfall 3011 vs 3100,07-Apr-2026
BV01296,Sales,1296,11-Mar-2026,Ukai TPS,5791305.48,Cr,supply against T-25-03,11-Mar-2026
BV01297,Credit Note,1297,24-Mar-2026,Ukai TPS,288290.52,Dr,GCV shortfall 2953 vs 3100,24-Mar-2026
BV01298,Sales,1298,28-Mar-2026,Kutch,4947843.26,Cr,supply against C-25-22,28-Mar-2026
BV01299,Sales,1299,22-Mar-2026,Morbi Cluster,4562543.06,Cr,supply against C-25-10,22-Mar-2026
BV01300,Sales,1300,13-Mar-2026,Ankleshwar,2966770.8,Cr,supply against C-25-14,13-Mar-2026
BV01301,Credit Note,1301,28-Mar-2026,Ankleshwar,427939.2,Dr,GCV shortfall 2884 vs 3300,28-Mar-2026
BV01302,Sales,1302,11-Mar-2026,Vapi,5070909.17,Cr,supply against C-25-18,11-Mar-2026
BV01303,Sales,1303,16-Apr-2026,Morbi Cluster,4741542.07,Cr,supply against C-25-10,16-Apr-2026
BV01304,Sales,1304,09-Apr-2026,Ankleshwar,3492384.55,Cr,supply against C-25-14,09-Apr-2026
BV01305,Sales,1305,23-Apr-2026,Vapi,4914482.34,Cr,supply against C-25-18,23-Apr-2026
BV01306,Sales,1306,20-Apr-2026,Ukai TPS,6272248.21,Cr,supply against T-26-04,20-Apr-2026
BV01307,Credit Note,1307,07-May-2026,Ukai TPS,77839.79,Dr,GCV shortfall 3062 vs 3100,07-May-2026
BV01308,Sales,1308,20-Apr-2026,Ukai TPS,8184490.1,Cr,supply against T-26-04,20-Apr-2026
BV01309,Sales,1309,20-Apr-2026,Sikka TPS,7345100.41,Cr,supply against T-26-07,20-Apr-2026
BV01310,Sales,1310,07-Apr-2026,Sikka TPS,5856422.42,Cr,supply against T-26-07,07-Apr-2026
BV01311,Credit Note,1311,13-Apr-2026,Sikka TPS,489229.28,Dr,GCV shortfall 2861 vs 3100,13-Apr-2026
BV01312,Sales,1312,21-Apr-2026,Kutch,4017353.6,Cr,supply against C-26-23,21-Apr-2026
BV01313,Sales,1313,23-May-2026,Vapi,4380268.59,Cr,supply against C-25-18,23-May-2026
BV01314,Credit Note,1314,29-May-2026,Vapi,166231.41,Dr,GCV shortfall 3083 vs 3200,29-May-2026
BV01315,Sales,1315,31-May-2026,Ukai TPS,14307168.06,Cr,supply against T-26-04,31-May-2026
BV01316,Sales,1316,10-May-2026,Sikka TPS,13864338.55,Cr,supply against T-26-07,10-May-2026
BV01317,Sales,1317,30-May-2026,Kutch,4015682.92,Cr,supply against C-26-23,30-May-2026
BV01318,Sales,1318,08-May-2026,Morbi Cluster,3283977.57,Cr,supply against C-26-11,08-May-2026
BV01319,Sales,1319,15-May-2026,Ankleshwar,3988463.8,Cr,supply against C-26-15,15-May-2026
BV01320,Sales,1320,22-Jun-2026,Vapi,4290759.37,Cr,supply against C-25-18,22-Jun-2026
BV01321,Credit Note,1321,05-Jul-2026,Vapi,255740.63,Dr,GCV shortfall 3020 vs 3200,05-Jul-2026
BV01322,Sales,1322,24-Jun-2026,Ukai TPS,7506909.72,Cr,supply against T-26-04,24-Jun-2026
BV01323,Credit Note,1323,12-Jul-2026,Ukai TPS,43843.08,Dr,GCV shortfall 3082 vs 3100,12-Jul-2026
BV01324,Sales,1324,20-Jun-2026,Ukai TPS,6279181.49,Cr,supply against T-26-04,20-Jun-2026
BV01325,Credit Note,1325,02-Jul-2026,Ukai TPS,6082.51,Dr,GCV shortfall 3097 vs 3100,02-Jul-2026
BV01326,Sales,1326,03-Jun-2026,Sikka TPS,5792009.49,Cr,supply against T-26-07,03-Jun-2026
BV01327,Credit Note,1327,12-Jun-2026,Sikka TPS,380293.51,Dr,GCV shortfall 2909 vs 3100,12-Jun-2026
BV01328,Sales,1328,15-Jun-2026,Sikka TPS,7605999.12,Cr,supply against T-26-07,15-Jun-2026
BV01329,Sales,1329,22-Jun-2026,Kutch,3859170.3,Cr,supply against C-26-23,22-Jun-2026
BV01330,Sales,1330,23-Jun-2026,Morbi Cluster,3021845.96,Cr,supply against C-26-11,23-Jun-2026
BV01331,Credit Note,1331,04-Jul-2026,Morbi Cluster,94404.04,Dr,GCV shortfall 3297 vs 3400,04-Jul-2026
BV01332,Sales,1332,26-Jun-2026,Ankleshwar,3743431.85,Cr,supply against C-26-15,26-Jun-2026
BV01333,Sales,1333,11-Jul-2026,Ukai TPS,5912967.14,Cr,supply against T-26-04,11-Jul-2026
BV01334,Credit Note,1334,02-Aug-2026,Ukai TPS,493952.86,Dr,GCV shortfall 2861 vs 3100,02-Aug-2026
BV01335,Sales,1335,24-Jul-2026,Ukai TPS,7841907.38,Cr,supply against T-26-04,24-Jul-2026
BV01336,Sales,1336,15-Jul-2026,Sikka TPS,13872745.22,Cr,supply against T-26-07,15-Jul-2026
BV01337,Sales,1337,24-Jul-2026,Kutch,3669601.43,Cr,supply against C-26-23,24-Jul-2026
BV01338,Credit Note,1338,30-Jul-2026,Kutch,96667.57,Dr,GCV shortfall 2923 vs 3000,30-Jul-2026
BV01339,Sales,1339,02-Aug-2026,Morbi Cluster,3319722.79,Cr,supply against C-26-11,02-Aug-2026
BV01340,Sales,1340,08-Jul-2026,Ankleshwar,3915656.66,Cr,supply against C-26-15,08-Jul-2026
BV01341,Sales,1341,18-Jul-2026,Vapi,4987791.99,Cr,supply against C-26-19,18-Jul-2026
BV01342,Sales,1342,06-Aug-2026,Ukai TPS,8399055.76,Cr,supply against T-26-04,06-Aug-2026
BV01343,Sales,1343,05-Aug-2026,Ukai TPS,6971155.2,Cr,supply against T-26-04,05-Aug-2026
BV01344,Sales,1344,12-Aug-2026,Sikka TPS,5977612.04,Cr,supply against T-26-07,12-Aug-2026
BV01345,Credit Note,1345,21-Aug-2026,Sikka TPS,512964.96,Dr,GCV shortfall 2855 vs 3100,21-Aug-2026
BV01346,Sales,1346,18-Aug-2026,Sikka TPS,7034308.35,Cr,supply against T-26-07,18-Aug-2026
BV01347,Credit Note,1347,01-Sep-2026,Sikka TPS,20481.65,Dr,GCV shortfall 3091 vs 3100,01-Sep-2026
BV01348,Sales,1348,12-Aug-2026,Kutch,4042462.06,Cr,supply against C-26-23,12-Aug-2026
BV01349,Sales,1349,25-Aug-2026,Morbi Cluster,3426958.46,Cr,supply against C-26-11,25-Aug-2026
BV01350,Sales,1350,21-Aug-2026,Ankleshwar,3785732.13,Cr,supply against C-26-15,21-Aug-2026
BV01351,Sales,1351,24-Aug-2026,Vapi,4828807.02,Cr,supply against C-26-19,24-Aug-2026
BV01352,Receipt,1352,19-May-2023,Ukai TPS,7504067.81,Cr,against bill,19-May-2023
BV01353,Receipt,1353,24-May-2023,Ukai TPS,7878537.24,Cr,against bill,24-May-2023
BV01354,Receipt,1354,20-May-2023,Sikka TPS,4310068.2,Cr,against bill,20-May-2023
BV01355,Receipt,1355,27-May-2023,Sikka TPS,9197581.7,Cr,against bill,27-May-2023
BV01356,Receipt,1356,03-Jun-2023,Ukai TPS,6439024.96,Cr,against bill,03-Jun-2023
BV01357,Receipt,1357,21-Jun-2023,Ukai TPS,8110550.58,Cr,against bill,21-Jun-2023
BV01358,Receipt,1358,04-Jul-2023,Sikka TPS,7587128.5,Cr,against bill,04-Jul-2023
BV01359,Receipt,1359,10-Jun-2023,Sikka TPS,7422877.89,Cr,against bill,10-Jun-2023
BV01360,Receipt,1360,25-Jul-2023,Morbi Cluster,3623319.95,Cr,against bill,25-Jul-2023
BV01361,Receipt,1361,26-Aug-2023,Ankleshwar,1460741.76,Cr,against bill,26-Aug-2023
BV01362,Receipt,1362,26-Aug-2023,Ankleshwar,1662040.58,Cr,against bill,26-Aug-2023
BV01363,Receipt,1363,03-Nov-2023,Ankleshwar,1292062.48,Cr,against bill,03-Nov-2023
BV01364,Receipt,1364,20-Jul-2023,Ukai TPS,6645164.47,Cr,against bill,20-Jul-2023
BV01365,Receipt,1365,28-Jul-2023,Ukai TPS,8418704.3,Cr,against bill,28-Jul-2023
BV01366,Receipt,1366,18-Jul-2023,Sikka TPS,7126020.21,Cr,against bill,18-Jul-2023
BV01367,Receipt,1367,04-Aug-2023,Sikka TPS,6249888.65,Cr,against bill,04-Aug-2023
BV01368,Receipt,1368,13-Sep-2023,Kutch,4312059.36,Cr,against bill,13-Sep-2023
BV01369,Receipt,1369,30-Aug-2023,Morbi Cluster,1813658.44,Cr,against bill,30-Aug-2023
BV01370,Receipt,1370,24-Sep-2023,Morbi Cluster,2243439.25,Cr,against bill,24-Sep-2023
BV01371,Receipt,1371,15-Aug-2023,Ankleshwar,4281616.83,Cr,against bill,15-Aug-2023
BV01372,Receipt,1372,12-Aug-2023,Ukai TPS,3992629.02,Cr,against bill,12-Aug-2023
BV01373,Receipt,1373,09-Sep-2023,Ukai TPS,7126741.84,Cr,against bill,09-Sep-2023
BV01374,Receipt,1374,05-Sep-2023,Sikka TPS,5439689.24,Cr,against bill,05-Sep-2023
BV01375,Receipt,1375,11-Aug-2023,Sikka TPS,4826138.45,Cr,against bill,11-Aug-2023
BV01376,Receipt,1376,08-Sep-2023,Sikka TPS,4738129.27,Cr,against bill,08-Sep-2023
BV01377,Receipt,1377,08-Oct-2023,Kutch,4664765.57,Cr,against bill,08-Oct-2023
BV01378,Receipt,1378,04-Oct-2023,Morbi Cluster,3412230.24,Cr,against bill,04-Oct-2023
BV01379,Receipt,1379,19-Sep-2023,Ankleshwar,3966940.74,Cr,against bill,19-Sep-2023
BV01380,Receipt,1380,07-Oct-2023,Vapi,3484890.04,Cr,against bill,07-Oct-2023
BV01381,Receipt,1381,02-Oct-2023,Ukai TPS,7488119.25,Cr,against bill,02-Oct-2023
BV01382,Receipt,1382,28-Sep-2023,Ukai TPS,6843422.69,Cr,against bill,28-Sep-2023
BV01383,Receipt,1383,09-Sep-2023,Sikka TPS,7515601.12,Cr,against bill,09-Sep-2023
BV01384,Receipt,1384,05-Oct-2023,Sikka TPS,7728845.22,Cr,against bill,05-Oct-2023
BV01385,Receipt,1385,07-Dec-2023,Kutch,4074759.81,Cr,against bill,07-Dec-2023
BV01386,Receipt,1386,26-Sep-2023,Morbi Cluster,3615201.11,Cr,against bill,26-Sep-2023
BV01387,Receipt,1387,25-Oct-2023,Ankleshwar,4322650.38,Cr,against bill,25-Oct-2023
BV01388,Receipt,1388,15-Oct-2023,Ukai TPS,6067378.65,Cr,against bill,15-Oct-2023
BV01389,Receipt,1389,29-Oct-2023,Ukai TPS,6905006.74,Cr,against bill,29-Oct-2023
BV01390,Receipt,1390,22-Oct-2023,Sikka TPS,7425635.32,Cr,against bill,22-Oct-2023
BV01391,Receipt,1391,17-Oct-2023,Sikka TPS,4109690.77,Cr,against bill,17-Oct-2023
BV01392,Receipt,1392,01-Nov-2023,Kutch,4816544.51,Cr,against bill,01-Nov-2023
BV01393,Receipt,1393,23-Dec-2023,Morbi Cluster,3750113.03,Cr,against bill,23-Dec-2023
BV01394,Receipt,1394,19-Nov-2023,Ukai TPS,9766524.06,Cr,against bill,19-Nov-2023
BV01395,Receipt,1395,20-Nov-2023,Ukai TPS,6786569.63,Cr,against bill,20-Nov-2023
BV01396,Receipt,1396,12-Nov-2023,Sikka TPS,7368627.53,Cr,against bill,12-Nov-2023
BV01397,Receipt,1397,18-Nov-2023,Sikka TPS,6678991.9,Cr,against bill,18-Nov-2023
BV01398,Receipt,1398,08-Jan-2024,Kutch,4359815.22,Cr,against bill,08-Jan-2024
BV01399,Receipt,1399,07-Dec-2023,Ankleshwar,4397882.69,Cr,against bill,07-Dec-2023
BV01400,Receipt,1400,09-Jan-2024,Vapi,1299086.27,Cr,against bill,09-Jan-2024
BV01401,Receipt,1401,15-Feb-2024,Vapi,1191624.63,Cr,against bill,15-Feb-2024
BV01402,Receipt,1402,29-Feb-2024,Vapi,848929.19,Cr,against bill,29-Feb-2024
BV01403,Receipt,1403,23-Dec-2023,Ukai TPS,7682215.49,Cr,against bill,23-Dec-2023
BV01404,Receipt,1404,25-Dec-2023,Ukai TPS,6827883.48,Cr,against bill,25-Dec-2023
BV01405,Receipt,1405,25-Dec-2023,Sikka TPS,7637703.66,Cr,against bill,25-Dec-2023
BV01406,Receipt,1406,14-Dec-2023,Sikka TPS,6412367.16,Cr,against bill,14-Dec-2023
BV01407,Receipt,1407,10-Jan-2024,Kutch,4290002.79,Cr,against bill,10-Jan-2024
BV01408,Receipt,1408,14-Mar-2024,Morbi Cluster,4001024.87,Cr,against bill,14-Mar-2024
BV01409,Receipt,1409,07-Feb-2024,Ankleshwar,5024707.35,Cr,against bill,07-Feb-2024
BV01410,Receipt,1410,20-Jan-2024,Vapi,3518947.7,Cr,against bill,20-Jan-2024
BV01411,Receipt,1411,25-Jan-2024,Ukai TPS,6980918.58,Cr,against bill,25-Jan-2024
BV01412,Receipt,1412,14-Jan-2024,Ukai TPS,7443253.53,Cr,against bill,14-Jan-2024
BV01413,Receipt,1413,04-Feb-2024,Sikka TPS,7190442.06,Cr,against bill,04-Feb-2024
BV01414,Receipt,1414,17-Jan-2024,Sikka TPS,6418870.81,Cr,against bill,17-Jan-2024
BV01415,Receipt,1415,02-Mar-2024,Morbi Cluster,4029875.64,Cr,against bill,02-Mar-2024
BV01416,Receipt,1416,22-Mar-2024,Ankleshwar,4136284.5,Cr,against bill,22-Mar-2024
BV01417,Receipt,1417,30-Mar-2024,Vapi,1233498.37,Cr,against bill,30-Mar-2024
BV01418,Receipt,1418,10-May-2024,Vapi,1536499.78,Cr,against bill,10-May-2024
BV01419,Receipt,1419,06-Jun-2024,Vapi,1077936.78,Cr,against bill,06-Jun-2024
BV01420,Receipt,1420,10-Mar-2024,Ukai TPS,7943651.47,Cr,against bill,10-Mar-2024
BV01421,Receipt,1421,11-Feb-2024,Ukai TPS,7355528.43,Cr,against bill,11-Feb-2024
BV01422,Receipt,1422,02-Mar-2024,Sikka TPS,8217016.68,Cr,against bill,02-Mar-2024
BV01423,Receipt,1423,01-Feb-2024,Sikka TPS,6958784.02,Cr,against bill,01-Feb-2024
BV01424,Receipt,1424,24-Mar-2024,Kutch,2110234.5,Cr,against bill,24-Mar-2024
BV01425,Receipt,1425,12-Apr-2024,Kutch,1914647.26,Cr,against bill,12-Apr-2024
BV01426,Receipt,1426,15-Mar-2024,Vapi,3380071.35,Cr,against bill,15-Mar-2024
BV01427,Receipt,1427,07-Mar-2024,Ukai TPS,7415423.88,Cr,against bill,07-Mar-2024
BV01428,Receipt,1428,15-Mar-2024,Ukai TPS,6863397.37,Cr,against bill,15-Mar-2024
BV01429,Receipt,1429,06-Apr-2024,Sikka TPS,7110534.17,Cr,against bill,06-Apr-2024
BV01430,Receipt,1430,14-Mar-2024,Sikka TPS,7508984.52,Cr,against bill,14-Mar-2024
BV01431,Receipt,1431,19-May-2024,Kutch,4350067.95,Cr,against bill,19-May-2024
BV01432,Receipt,1432,16-Jun-2024,Morbi Cluster,4170364.52,Cr,against bill,16-Jun-2024
BV01433,Receipt,1433,24-Apr-2024,Vapi,3884050.21,Cr,against bill,24-Apr-2024
BV01434,Receipt,1434,24-Apr-2024,Ukai TPS,5802328.19,Cr,against bill,24-Apr-2024
BV01435,Receipt,1435,23-Apr-2024,Ukai TPS,7187080.62,Cr,against bill,23-Apr-2024
BV01436,Receipt,1436,01-May-2024,Sikka TPS,7297995.48,Cr,against bill,01-May-2024
BV01437,Receipt,1437,06-Apr-2024,Sikka TPS,6907175.69,Cr,against bill,06-Apr-2024
BV01438,Receipt,1438,15-May-2024,Kutch,4351460.42,Cr,against bill,15-May-2024
BV01439,Receipt,1439,13-Jul-2024,Morbi Cluster,2193277.74,Cr,against bill,13-Jul-2024
BV01440,Receipt,1440,11-Jul-2024,Morbi Cluster,1812787.27,Cr,against bill,11-Jul-2024
BV01441,Receipt,1441,04-Jun-2024,Ankleshwar,4440850.51,Cr,against bill,04-Jun-2024
BV01442,Receipt,1442,27-Jul-2024,Morbi Cluster,1395843.59,Cr,against bill,27-Jul-2024
BV01443,Receipt,1443,25-Aug-2024,Morbi Cluster,1607400.24,Cr,against bill,25-Aug-2024
BV01444,Receipt,1444,14-Aug-2024,Morbi Cluster,1484152.1,Cr,against bill,14-Aug-2024
BV01445,Receipt,1445,23-Jul-2024,Vapi,3760975.82,Cr,against bill,23-Jul-2024
BV01446,Receipt,1446,16-May-2024,Ukai TPS,11126612.74,Cr,against bill,16-May-2024
BV01447,Receipt,1447,01-Jun-2024,Sikka TPS,7534765.38,Cr,against bill,01-Jun-2024
BV01448,Receipt,1448,17-May-2024,Sikka TPS,6777426.3,Cr,against bill,17-May-2024
BV01449,Receipt,1449,18-Jul-2024,Kutch,1987226.3,Cr,against bill,18-Jul-2024
BV01450,Receipt,1450,25-Aug-2024,Vapi,3332987.42,Cr,against bill,25-Aug-2024
BV01451,Receipt,1451,01-Jul-2024,Ukai TPS,12731159.73,Cr,against bill,01-Jul-2024
BV01452,Receipt,1452,03-Jun-2024,Sikka TPS,7536157.89,Cr,against bill,03-Jun-2024
BV01453,Receipt,1453,13-Jun-2024,Sikka TPS,6221389.55,Cr,against bill,13-Jun-2024
BV01454,Receipt,1454,30-Aug-2024,Morbi Cluster,3378397.78,Cr,against bill,30-Aug-2024
BV01455,Receipt,1455,01-Sep-2024,Ankleshwar,3000355.43,Cr,against bill,01-Sep-2024
BV01456,Receipt,1456,28-Aug-2024,Vapi,3542467.09,Cr,against bill,28-Aug-2024
BV01457,Receipt,1457,26-Jul-2024,Ukai TPS,11351387.76,Cr,against bill,26-Jul-2024
BV01458,Receipt,1458,02-Aug-2024,Sikka TPS,7019079.67,Cr,against bill,02-Aug-2024
BV01459,Receipt,1459,30-Jul-2024,Sikka TPS,6745082.64,Cr,against bill,30-Jul-2024
BV01460,Receipt,1460,09-Aug-2024,Kutch,2063913.32,Cr,against bill,09-Aug-2024
BV01461,Receipt,1461,24-Sep-2024,Ankleshwar,3254179.23,Cr,against bill,24-Sep-2024
BV01462,Receipt,1462,14-Aug-2024,Ukai TPS,5556484.63,Cr,against bill,14-Aug-2024
BV01463,Receipt,1463,20-Aug-2024,Ukai TPS,6221065.0,Cr,against bill,20-Aug-2024
BV01464,Receipt,1464,28-Jul-2024,Sikka TPS,8286304.15,Cr,against bill,28-Jul-2024
BV01465,Receipt,1465,11-Aug-2024,Sikka TPS,5898524.26,Cr,against bill,11-Aug-2024
BV01466,Receipt,1466,01-Sep-2024,Kutch,1607547.2,Cr,against bill,01-Sep-2024
BV01467,Receipt,1467,14-Oct-2024,Kutch,1199394.58,Cr,against bill,14-Oct-2024
BV01468,Receipt,1468,15-Oct-2024,Ankleshwar,1508688.41,Cr,against bill,15-Oct-2024
BV01469,Receipt,1469,13-Dec-2024,Ankleshwar,1788476.38,Cr,against bill,13-Dec-2024
BV01470,Receipt,1470,03-Oct-2024,Ukai TPS,5693011.61,Cr,against bill,03-Oct-2024
BV01471,Receipt,1471,02-Oct-2024,Ukai TPS,6154113.75,Cr,against bill,02-Oct-2024
BV01472,Receipt,1472,15-Sep-2024,Sikka TPS,6976589.97,Cr,against bill,15-Sep-2024
BV01473,Receipt,1473,14-Sep-2024,Sikka TPS,7148014.47,Cr,against bill,14-Sep-2024
BV01474,Receipt,1474,16-Dec-2024,Kutch,3271259.31,Cr,against bill,16-Dec-2024
BV01475,Receipt,1475,12-Dec-2024,Morbi Cluster,1156480.4,Cr,against bill,12-Dec-2024
BV01476,Receipt,1476,22-Jan-2025,Morbi Cluster,1114732.87,Cr,against bill,22-Jan-2025
BV01477,Receipt,1477,05-Feb-2025,Morbi Cluster,1442102.88,Cr,against bill,05-Feb-2025
BV01478,Receipt,1478,30-Sep-2024,Ankleshwar,893425.04,Cr,against bill,30-Sep-2024
BV01479,Receipt,1479,26-Nov-2024,Ankleshwar,894918.22,Cr,against bill,26-Nov-2024
BV01480,Receipt,1480,16-Jan-2025,Ankleshwar,1165923.76,Cr,against bill,16-Jan-2025
BV01481,Receipt,1481,11-Oct-2024,Ukai TPS,11640306.35,Cr,against bill,11-Oct-2024
BV01482,Receipt,1482,07-Nov-2024,Sikka TPS,7277671.43,Cr,against bill,07-Nov-2024
BV01483,Receipt,1483,14-Oct-2024,Sikka TPS,7367131.48,Cr,against bill,14-Oct-2024
BV01484,Receipt,1484,12-Jan-2025,Morbi Cluster,1247047.02,Cr,against bill,12-Jan-2025
BV01485,Receipt,1485,17-Feb-2025,Morbi Cluster,1123172.85,Cr,against bill,17-Feb-2025
BV01486,Receipt,1486,13-Mar-2025,Morbi Cluster,937229.47,Cr,against bill,13-Mar-2025
BV01487,Receipt,1487,27-Dec-2024,Vapi,2261230.43,Cr,against bill,27-Dec-2024
BV01488,Receipt,1488,08-Feb-2025,Vapi,1550053.01,Cr,against bill,08-Feb-2025
BV01489,Receipt,1489,25-Nov-2024,Ukai TPS,13134856.78,Cr,against bill,25-Nov-2024
BV01490,Receipt,1490,24-Nov-2024,Sikka TPS,7343831.55,Cr,against bill,24-Nov-2024
BV01491,Receipt,1491,21-Nov-2024,Sikka TPS,7519226.92,Cr,against bill,21-Nov-2024
BV01492,Receipt,1492,08-Jan-2025,Kutch,1003405.93,Cr,against bill,08-Jan-2025
BV01493,Receipt,1493,25-Jan-2025,Kutch,860333.99,Cr,against bill,25-Jan-2025
BV01494,Receipt,1494,11-Mar-2025,Kutch,1306973.65,Cr,against bill,11-Mar-2025
BV01495,Receipt,1495,03-Feb-2025,Morbi Cluster,3465294.83,Cr,against bill,03-Feb-2025
BV01496,Receipt,1496,23-Dec-2024,Ankleshwar,882286.6,Cr,against bill,23-Dec-2024
BV01497,Receipt,1497,09-Feb-2025,Ankleshwar,1090569.32,Cr,against bill,09-Feb-2025
BV01498,Receipt,1498,02-Mar-2025,Ankleshwar,1040404.27,Cr,against bill,02-Mar-2025
BV01499,Receipt,1499,21-Feb-2025,Vapi,3927601.83,Cr,against bill,21-Feb-2025
BV01500,Receipt,1500,09-Dec-2024,Ukai TPS,7646023.4,Cr,against bill,09-Dec-2024
BV01501,Receipt,1501,14-Dec-2024,Sikka TPS,6636049.25,Cr,against bill,14-Dec-2024
BV01502,Receipt,1502,05-Dec-2024,Sikka TPS,7526186.13,Cr,against bill,05-Dec-2024
BV01503,Receipt,1503,05-Feb-2025,Kutch,1976165.67,Cr,against bill,05-Feb-2025
BV01504,Receipt,1504,10-Mar-2025,Morbi Cluster,3406568.48,Cr,against bill,10-Mar-2025
BV01505,Receipt,1505,01-Jan-2025,Ankleshwar,1203768.3,Cr,against bill,01-Jan-2025
BV01506,Receipt,1506,13-Mar-2025,Ankleshwar,1667539.59,Cr,against bill,13-Mar-2025
BV01507,Receipt,1507,15-Feb-2025,Vapi,1127286.71,Cr,against bill,15-Feb-2025
BV01508,Receipt,1508,03-Apr-2025,Vapi,1096598.81,Cr,against bill,03-Apr-2025
BV01509,Receipt,1509,21-Mar-2025,Vapi,1721040.32,Cr,against bill,21-Mar-2025
BV01510,Receipt,1510,10-Jan-2025,Ukai TPS,12938633.91,Cr,against bill,10-Jan-2025
BV01511,Receipt,1511,05-Feb-2025,Sikka TPS,6622640.37,Cr,against bill,05-Feb-2025
BV01512,Receipt,1512,23-Jan-2025,Sikka TPS,4630452.68,Cr,against bill,23-Jan-2025
BV01513,Receipt,1513,25-Mar-2025,Kutch,2924921.82,Cr,against bill,25-Mar-2025
BV01514,Receipt,1514,03-Apr-2025,Morbi Cluster,1226800.5,Cr,against bill,03-Apr-2025
BV01515,Receipt,1515,03-Apr-2025,Morbi Cluster,1033178.39,Cr,against bill,03-Apr-2025
BV01516,Receipt,1516,19-May-2025,Morbi Cluster,1240491.94,Cr,against bill,19-May-2025
BV01517,Receipt,1517,23-Apr-2025,Vapi,4077245.16,Cr,against bill,23-Apr-2025
BV01518,Receipt,1518,27-Feb-2025,Ukai TPS,6058251.07,Cr,against bill,27-Feb-2025
BV01519,Receipt,1519,01-Feb-2025,Ukai TPS,5723863.71,Cr,against bill,01-Feb-2025
BV01520,Receipt,1520,10-Feb-2025,Sikka TPS,5933680.31,Cr,against bill,10-Feb-2025
BV01521,Receipt,1521,09-Mar-2025,Sikka TPS,8310684.18,Cr,against bill,09-Mar-2025
BV01522,Receipt,1522,01-Apr-2025,Kutch,3408213.94,Cr,against bill,01-Apr-2025
BV01523,Receipt,1523,26-Feb-2025,Morbi Cluster,3615263.03,Cr,against bill,26-Feb-2025
BV01524,Receipt,1524,23-Mar-2025,Ankleshwar,2993903.05,Cr,against bill,23-Mar-2025
BV01525,Receipt,1525,13-Apr-2025,Vapi,1771751.44,Cr,against bill,13-Apr-2025
BV01526,Receipt,1526,27-May-2025,Vapi,2406737.39,Cr,against bill,27-May-2025
BV01527,Receipt,1527,24-Mar-2025,Ukai TPS,12250171.41,Cr,against bill,24-Mar-2025
BV01528,Receipt,1528,14-Apr-2025,Sikka TPS,6521277.54,Cr,against bill,14-Apr-2025
BV01529,Receipt,1529,15-Mar-2025,Sikka TPS,7015263.02,Cr,against bill,15-Mar-2025
BV01530,Receipt,1530,01-May-2025,Kutch,2971915.6,Cr,against bill,01-May-2025
BV01531,Receipt,1531,15-May-2025,Morbi Cluster,3831756.5,Cr,against bill,15-May-2025
BV01532,Receipt,1532,17-May-2025,Vapi,1149602.42,Cr,against bill,17-May-2025
BV01533,Receipt,1533,27-May-2025,Vapi,1360672.7,Cr,against bill,27-May-2025
BV01534,Receipt,1534,04-Jul-2025,Vapi,1454449.6,Cr,against bill,04-Jul-2025
BV01535,Receipt,1535,08-May-2025,Ukai TPS,12895565.34,Cr,against bill,08-May-2025
BV01536,Receipt,1536,15-Apr-2025,Sikka TPS,7549488.2,Cr,against bill,15-Apr-2025
BV01537,Receipt,1537,15-Apr-2025,Sikka TPS,6701097.22,Cr,against bill,15-Apr-2025
BV01538,Receipt,1538,24-Jun-2025,Kutch,856212.45,Cr,against bill,24-Jun-2025
BV01539,Receipt,1539,11-Jul-2025,Kutch,835307.81,Cr,against bill,11-Jul-2025
BV01540,Receipt,1540,26-Jul-2025,Kutch,1220722.25,Cr,against bill,26-Jul-2025
BV01541,Receipt,1541,20-May-2025,Morbi Cluster,3835389.2,Cr,against bill,20-May-2025
BV01542,Receipt,1542,21-Jun-2025,Vapi,4282232.34,Cr,against bill,21-Jun-2025
BV01543,Receipt,1543,25-Jun-2025,Morbi Cluster,1078952.38,Cr,against bill,25-Jun-2025
BV01544,Receipt,1544,13-Aug-2025,Morbi Cluster,1039643.61,Cr,against bill,13-Aug-2025
BV01545,Receipt,1545,08-Oct-2025,Morbi Cluster,1471603.75,Cr,against bill,08-Oct-2025
BV01546,Receipt,1546,13-Jun-2025,Ankleshwar,953156.84,Cr,against bill,13-Jun-2025
BV01547,Receipt,1547,31-Jul-2025,Ankleshwar,1051955.92,Cr,against bill,31-Jul-2025
BV01548,Receipt,1548,07-Oct-2025,Ankleshwar,1170378.63,Cr,against bill,07-Oct-2025
BV01549,Receipt,1549,09-Jul-2025,Vapi,1399983.87,Cr,against bill,09-Jul-2025
BV01550,Receipt,1550,04-Aug-2025,Vapi,1471070.56,Cr,against bill,04-Aug-2025
BV01551,Receipt,1551,11-Sep-2025,Vapi,1218650.69,Cr,against bill,11-Sep-2025
BV01552,Receipt,1552,21-May-2025,Ukai TPS,13475225.63,Cr,against bill,21-May-2025
BV01553,Receipt,1553,16-Jun-2025,Kutch,1424845.15,Cr,against bill,16-Jun-2025
BV01554,Receipt,1554,31-Jul-2025,Kutch,1820078.18,Cr,against bill,31-Jul-2025
BV01555,Receipt,1555,06-Sep-2025,Kutch,1966447.66,Cr,against bill,06-Sep-2025
BV01556,Receipt,1556,16-Aug-2025,Vapi,3808511.95,Cr,against bill,16-Aug-2025
BV01557,Receipt,1557,19-Jun-2025,Ukai TPS,8425640.62,Cr,against bill,19-Jun-2025
BV01558,Receipt,1558,12-Aug-2025,Morbi Cluster,4394911.76,Cr,against bill,12-Aug-2025
BV01559,Receipt,1559,06-Aug-2025,Ukai TPS,6718196.41,Cr,against bill,06-Aug-2025
BV01560,Receipt,1560,07-Aug-2025,Ukai TPS,6770458.97,Cr,against bill,07-Aug-2025
BV01561,Receipt,1561,15-Sep-2025,Kutch,926859.35,Cr,against bill,15-Sep-2025
BV01562,Receipt,1562,15-Oct-2025,Kutch,1104937.64,Cr,against bill,15-Oct-2025
BV01563,Receipt,1563,26-Nov-2025,Kutch,1109576.75,Cr,against bill,26-Nov-2025
BV01564,Receipt,1564,11-Sep-2025,Morbi Cluster,2650194.53,Cr,against bill,11-Sep-2025
BV01565,Receipt,1565,02-Oct-2025,Morbi Cluster,2160886.72,Cr,against bill,02-Oct-2025
BV01566,Receipt,1566,09-Aug-2025,Ukai TPS,7518673.63,Cr,against bill,09-Aug-2025
BV01567,Receipt,1567,12-Sep-2025,Ukai TPS,5593482.77,Cr,against bill,12-Sep-2025
BV01568,Receipt,1568,28-Sep-2025,Kutch,2008003.89,Cr,against bill,28-Sep-2025
BV01569,Receipt,1569,02-Nov-2025,Kutch,2279968.65,Cr,against bill,02-Nov-2025
BV01570,Receipt,1570,25-Sep-2025,Morbi Cluster,3935402.65,Cr,against bill,25-Sep-2025
BV01571,Receipt,1571,11-Sep-2025,Ukai TPS,13713617.99,Cr,against bill,11-Sep-2025
BV01572,Receipt,1572,02-Nov-2025,Kutch,1591179.6,Cr,against bill,02-Nov-2025
BV01573,Receipt,1573,18-Dec-2025,Kutch,1714609.02,Cr,against bill,18-Dec-2025
BV01574,Receipt,1574,05-Jan-2026,Kutch,1124731.99,Cr,against bill,05-Jan-2026
BV01575,Receipt,1575,18-Nov-2025,Ankleshwar,1140294.35,Cr,against bill,18-Nov-2025
BV01576,Receipt,1576,06-Jan-2026,Ankleshwar,1264127.82,Cr,against bill,06-Jan-2026
BV01577,Receipt,1577,15-Jan-2026,Ankleshwar,1111861.47,Cr,against bill,15-Jan-2026
BV01578,Receipt,1578,27-Nov-2025,Vapi,4431416.72,Cr,against bill,27-Nov-2025
BV01579,Receipt,1579,30-Oct-2025,Ukai TPS,13084973.09,Cr,against bill,30-Oct-2025
BV01580,Receipt,1580,28-Dec-2025,Kutch,2010455.17,Cr,against bill,28-Dec-2025
BV01581,Receipt,1581,01-Jan-2026,Kutch,2704960.05,Cr,against bill,01-Jan-2026
BV01582,Receipt,1582,23-Nov-2025,Morbi Cluster,1904203.7,Cr,against bill,23-Nov-2025
BV01583,Receipt,1583,09-Jan-2026,Morbi Cluster,2189598.95,Cr,against bill,09-Jan-2026
BV01584,Receipt,1584,11-Dec-2025,Ankleshwar,3564871.53,Cr,against bill,11-Dec-2025
BV01585,Receipt,1585,08-Nov-2025,Vapi,4498193.44,Cr,against bill,08-Nov-2025
BV01586,Receipt,1586,27-Nov-2025,Ukai TPS,12905955.0,Cr,against bill,27-Nov-2025
BV01587,Receipt,1587,16-Jan-2026,Kutch,4433545.89,Cr,against bill,16-Jan-2026
BV01588,Receipt,1588,27-Jan-2026,Morbi Cluster,4351349.98,Cr,against bill,27-Jan-2026
BV01589,Receipt,1589,22-Nov-2025,Ankleshwar,3276253.64,Cr,against bill,22-Nov-2025
BV01590,Receipt,1590,15-Dec-2025,Vapi,4298488.42,Cr,against bill,15-Dec-2025
BV01591,Receipt,1591,27-Dec-2025,Ukai TPS,13988389.94,Cr,against bill,27-Dec-2025
BV01592,Receipt,1592,03-Feb-2026,Kutch,4853463.62,Cr,against bill,03-Feb-2026
BV01593,Receipt,1593,12-Jan-2026,Morbi Cluster,4253480.02,Cr,against bill,12-Jan-2026
BV01594,Receipt,1594,26-Jan-2026,Ankleshwar,3161953.64,Cr,against bill,26-Jan-2026
BV01595,Receipt,1595,23-Jan-2026,Vapi,4846284.84,Cr,against bill,23-Jan-2026
BV01596,Receipt,1596,14-Jan-2026,Ukai TPS,5855817.01,Cr,against bill,14-Jan-2026
BV01597,Receipt,1597,24-Jan-2026,Ukai TPS,6174068.09,Cr,against bill,24-Jan-2026
BV01598,Receipt,1598,13-Feb-2026,Morbi Cluster,4530967.11,Cr,against bill,13-Feb-2026
BV01599,Receipt,1599,21-Feb-2026,Ankleshwar,3596293.64,Cr,against bill,21-Feb-2026
BV01600,Receipt,1600,02-Mar-2026,Vapi,4434258.28,Cr,against bill,02-Mar-2026
BV01601,Receipt,1601,07-Mar-2026,Ukai TPS,6744853.01,Cr,against bill,07-Mar-2026
BV01602,Receipt,1602,09-Feb-2026,Ukai TPS,5697650.44,Cr,against bill,09-Feb-2026
BV01603,Receipt,1603,13-Mar-2026,Kutch,4504639.93,Cr,against bill,13-Mar-2026
BV01604,Receipt,1604,01-May-2026,Morbi Cluster,4676801.15,Cr,against bill,01-May-2026
BV01605,Receipt,1605,02-May-2026,Ankleshwar,3819698.18,Cr,against bill,02-May-2026
BV01606,Receipt,1606,06-Apr-2026,Ukai TPS,6595063.11,Cr,against bill,06-Apr-2026
BV01607,Receipt,1607,21-Mar-2026,Ukai TPS,7051060.79,Cr,against bill,21-Mar-2026
BV01608,Receipt,1608,02-Jun-2026,Morbi Cluster,4456946.52,Cr,against bill,02-Jun-2026
BV01609,Receipt,1609,10-Jun-2026,Ankleshwar,1781830.08,Cr,against bill,10-Jun-2026
BV01610,Receipt,1610,21-Jun-2026,Ankleshwar,1732375.37,Cr,against bill,21-Jun-2026
BV01611,Receipt,1611,14-May-2026,Vapi,1614212.97,Cr,against bill,14-May-2026
BV01612,Receipt,1612,22-May-2026,Vapi,1303986.07,Cr,against bill,22-May-2026
BV01613,Receipt,1613,24-Jun-2026,Vapi,1170809.4,Cr,against bill,24-Jun-2026
BV01614,Receipt,1614,04-May-2026,Ukai TPS,6570720.75,Cr,against bill,04-May-2026
BV01615,Receipt,1615,17-Apr-2026,Ukai TPS,5791305.48,Cr,against bill,17-Apr-2026
BV01616,Receipt,1616,21-Jun-2026,Kutch,4947843.26,Cr,against bill,21-Jun-2026
BV01617,Receipt,1617,25-May-2026,Morbi Cluster,4562543.06,Cr,against bill,25-May-2026
BV01618,Receipt,1618,20-May-2026,Ankleshwar,2966770.8,Cr,against bill,20-May-2026
BV01619,Receipt,1619,16-Jun-2026,Vapi,5070909.17,Cr,against bill,16-Jun-2026
BV01620,Receipt,1620,01-Aug-2026,Morbi Cluster,4741542.07,Cr,against bill,01-Aug-2026
BV01621,Receipt,1621,20-Jul-2026,Ankleshwar,3492384.55,Cr,against bill,20-Jul-2026
BV01622,Receipt,1622,26-May-2026,Ukai TPS,6272248.21,Cr,against bill,26-May-2026
BV01623,Receipt,1623,27-May-2026,Ukai TPS,8184490.1,Cr,against bill,27-May-2026
BV01624,Receipt,1624,15-May-2026,Sikka TPS,7345100.41,Cr,against bill,15-May-2026
BV01625,Receipt,1625,07-May-2026,Sikka TPS,5856422.42,Cr,against bill,07-May-2026
BV01626,Receipt,1626,07-Jul-2026,Kutch,4017353.6,Cr,against bill,07-Jul-2026
BV01627,Receipt,1627,29-Aug-2026,Vapi,1169116.58,Cr,against bill,29-Aug-2026
BV01628,Receipt,1628,21-Sep-2026,Vapi,1457814.43,Cr,against bill,21-Sep-2026
BV01629,Receipt,1629,06-Oct-2026,Vapi,1753337.58,Cr,against bill,06-Oct-2026
BV01630,Receipt,1630,01-Jul-2026,Ukai TPS,14307168.06,Cr,against bill,01-Jul-2026
BV01631,Receipt,1631,15-Jun-2026,Sikka TPS,13864338.55,Cr,against bill,15-Jun-2026
BV01632,Receipt,1632,03-Aug-2026,Kutch,4015682.92,Cr,against bill,03-Aug-2026
BV01633,Receipt,1633,20-Jul-2026,Morbi Cluster,3283977.57,Cr,against bill,20-Jul-2026
BV01634,Receipt,1634,29-Jul-2026,Ankleshwar,2079240.08,Cr,against bill,29-Jul-2026
BV01635,Receipt,1635,02-Oct-2026,Ankleshwar,1909223.72,Cr,against bill,02-Oct-2026
BV01636,Receipt,1636,26-Jul-2026,Ukai TPS,7506909.72,Cr,against bill,26-Jul-2026
BV01637,Receipt,1637,25-Jul-2026,Ukai TPS,6279181.49,Cr,against bill,25-Jul-2026
BV01638,Receipt,1638,02-Jul-2026,Sikka TPS,5792009.49,Cr,against bill,02-Jul-2026
BV01639,Receipt,1639,11-Jul-2026,Sikka TPS,7605999.12,Cr,against bill,11-Jul-2026
BV01640,Receipt,1640,19-Aug-2026,Ukai TPS,5912967.14,Cr,against bill,19-Aug-2026
BV01641,Receipt,1641,20-Aug-2026,Ukai TPS,7841907.38,Cr,against bill,20-Aug-2026
BV01642,Receipt,1642,03-Aug-2026,Sikka TPS,13872745.22,Cr,against bill,03-Aug-2026
BV01643,Payment,1643,12-Apr-2024,V04,850000.0,Dr,advance,12-Apr-2024
BV01644,Payment,1644,09-Apr-2025,V09,620000.0,Dr,advance,09-Apr-2025
BV01645,Payment,1645,15-Apr-2026,V02,740000.0,Dr,advance,15-Apr-2026
BV01646,Payment,1646,06-Nov-2025,V18,410000.0,Dr,advance,06-Nov-2025
BV01647,Receipt,1647,03-Sep-2025,B03,1500000.0,Cr,advance,03-Sep-2025
BV01648,Credit Note,1648,14-Nov-2025,Ukai TPS,207101.0,Dr,adjustment,14-Nov-2025
BV01649,Credit Note,1649,14-Dec-2025,Sikka TPS,309828.0,Dr,adjustment,14-Dec-2025
