msg_id,thread_id,sent_at,from_addr,to_addr,subject,body
M00001,TH00001,2023-04-12,purchase@marudharbiofuels.in,sanwariya@example.in,Requirement rice husk 2023-04,We need 339.0 MT of rice husk. Can you commit by 12-Apr-2023?
M00002,TH00001,2023-04-12,sanwariya@example.in,purchase@marudharbiofuels.in,RE: Requirement rice husk 2023-04,Accepted. 339.0 MT rice husk @ Rs 1900 PMT. Delivery 12-Apr-2023 positive.
M00003,TH00002,2023-04-18,purchase@marudharbiofuels.in,nakoda@example.in,Requirement mustard stalk 2023-04,Please confirm availability of 363.2 MT mustard stalk for delivery by 18-Apr-2023.
M00004,TH00002,2023-04-18,nakoda@example.in,purchase@marudharbiofuels.in,RE: Requirement mustard stalk 2023-04,Accepted. 363.2 MT mustard stalk @ Rs 2258 PMT. Delivery 18-Apr-2023 positive.
M00005,TH00003,2023-04-11,purchase@marudharbiofuels.in,new@example.in,Requirement rice husk 2023-04,"Requirement 184.0 MT rice husk, delivery on or before 11-Apr-2023. Kindly confirm rate."
M00006,TH00003,2023-04-11,new@example.in,purchase@marudharbiofuels.in,RE: Requirement rice husk 2023-04,Accepted. 184.0 MT rice husk @ Rs 1926 PMT. Delivery 11-Apr-2023 positive.
M00007,TH00004,2023-04-22,purchase@marudharbiofuels.in,new@example.in,Requirement rice husk 2023-04,We need 263.6 MT of rice husk. Can you commit by 22-Apr-2023?
M00008,TH00004,2023-04-22,new@example.in,purchase@marudharbiofuels.in,RE: Requirement rice husk 2023-04,Ok for 263.6 MT at Rs 1950 per tonne. Loading will start before 22-Apr-2023.
M00009,TH00005,2023-04-17,purchase@marudharbiofuels.in,khatu@example.in,Requirement mustard stalk 2023-04,"Requirement 160.0 MT mustard stalk, delivery on or before 17-Apr-2023. Kindly confirm rate."
M00010,TH00005,2023-04-17,khatu@example.in,purchase@marudharbiofuels.in,RE: Requirement mustard stalk 2023-04,Ok for 160.0 MT at Rs 2252 per tonne. Loading will start before 17-Apr-2023.
M00011,TH00006,2023-04-22,purchase@marudharbiofuels.in,maa@example.in,Requirement mustard stalk 2023-04,Please confirm availability of 147.3 MT mustard stalk for delivery by 22-Apr-2023.
M00012,TH00006,2023-04-22,maa@example.in,purchase@marudharbiofuels.in,RE: Requirement mustard stalk 2023-04,Accepted. 147.3 MT mustard stalk @ Rs 2273 PMT. Delivery 22-Apr-2023 positive.
M00013,TH00007,2023-04-28,purchase@marudharbiofuels.in,shri@example.in,Requirement rice husk 2023-04,"Requirement 257.9 MT rice husk, delivery on or before 28-Apr-2023. Kindly confirm rate."
M00014,TH00007,2023-04-28,shri@example.in,purchase@marudharbiofuels.in,RE: Requirement rice husk 2023-04,Accepted. 257.9 MT rice husk @ Rs 1963 PMT. Delivery 28-Apr-2023 positive.
M00015,TH00008,2023-04-24,purchase@marudharbiofuels.in,maa@example.in,Requirement mustard stalk 2023-04,"Requirement 159.7 MT mustard stalk, delivery on or before 24-Apr-2023. Kindly confirm rate."
M00016,TH00008,2023-04-24,maa@example.in,purchase@marudharbiofuels.in,RE: Requirement mustard stalk 2023-04,Accepted. 159.7 MT mustard stalk @ Rs 2184 PMT. Delivery 24-Apr-2023 positive.
M00017,TH00009,2023-04-15,purchase@marudharbiofuels.in,khatu@example.in,Requirement rice husk 2023-04,"Requirement 405.0 MT rice husk, delivery on or before 15-Apr-2023. Kindly confirm rate."
M00018,TH00009,2023-04-15,khatu@example.in,purchase@marudharbiofuels.in,RE: Requirement rice husk 2023-04,Accepted. 405.0 MT rice husk @ Rs 1930 PMT. Delivery 15-Apr-2023 positive.
M00019,TH00010,2023-04-11,purchase@marudharbiofuels.in,new@example.in,Requirement rice husk 2023-04,Please confirm availability of 409.6 MT rice husk for delivery by 11-Apr-2023.
M00020,TH00010,2023-04-11,new@example.in,purchase@marudharbiofuels.in,RE: Requirement rice husk 2023-04,Accepted. 409.6 MT rice husk @ Rs 2004 PMT. Delivery 11-Apr-2023 positive.
M00021,TH00011,2023-04-17,purchase@marudharbiofuels.in,jai@example.in,Requirement mustard stalk 2023-04,"Requirement 191.4 MT mustard stalk, delivery on or before 17-Apr-2023. Kindly confirm rate."
M00022,TH00011,2023-04-17,jai@example.in,purchase@marudharbiofuels.in,RE: Requirement mustard stalk 2023-04,Accepted. 191.4 MT mustard stalk @ Rs 2222 PMT. Delivery 17-Apr-2023 positive.
M00023,TH00012,2023-04-24,purchase@marudharbiofuels.in,maa@example.in,Requirement mustard stalk 2023-04,"Requirement 133.3 MT mustard stalk, delivery on or before 24-Apr-2023. Kindly confirm rate."
M00024,TH00012,2023-04-24,maa@example.in,purchase@marudharbiofuels.in,RE: Requirement mustard stalk 2023-04,Ok for 133.3 MT at Rs 2199 per tonne. Loading will start before 24-Apr-2023.
M00025,TH00013,2023-04-15,purchase@marudharbiofuels.in,salasar@example.in,Requirement rice husk 2023-04,We need 256.7 MT of rice husk. Can you commit by 15-Apr-2023?
M00026,TH00013,2023-04-15,salasar@example.in,purchase@marudharbiofuels.in,RE: Requirement rice husk 2023-04,Ok for 256.7 MT at Rs 1913 per tonne. Loading will start before 15-Apr-2023.
M00027,TH00014,2023-04-15,purchase@marudharbiofuels.in,new@example.in,Requirement rice husk 2023-04,"Requirement 399.7 MT rice husk, delivery on or before 15-Apr-2023. Kindly confirm rate."
M00028,TH00014,2023-04-15,new@example.in,purchase@marudharbiofuels.in,RE: Requirement rice husk 2023-04,Accepted. 399.7 MT rice husk @ Rs 1975 PMT. Delivery 15-Apr-2023 positive.
M00029,TH00015,2023-04-14,purchase@marudharbiofuels.in,maa@example.in,Requirement rice husk 2023-04,"Requirement 370.0 MT rice husk, delivery on or before 14-Apr-2023. Kindly confirm rate."
M00030,TH00015,2023-04-14,maa@example.in,purchase@marudharbiofuels.in,RE: Requirement rice husk 2023-04,Ok for 370.0 MT at Rs 1964 per tonne. Loading will start before 14-Apr-2023.
M00031,TH00016,2023-05-12,purchase@marudharbiofuels.in,khatu@example.in,Requirement rice husk 2023-05,Please confirm availability of 313.0 MT rice husk for delivery by 12-May-2023.
M00032,TH00016,2023-05-12,khatu@example.in,purchase@marudharbiofuels.in,RE: Requirement rice husk 2023-05,"Confirmed. We can supply 313.0 MT rice husk at Rs 1997 per MT, delivery by 12-May-2023."
M00033,TH00017,2023-05-19,purchase@marudharbiofuels.in,sanwariya@example.in,Requirement mustard stalk 2023-05,Please confirm availability of 407.7 MT mustard stalk for delivery by 19-May-2023.
M00034,TH00017,2023-05-19,sanwariya@example.in,purchase@marudharbiofuels.in,RE: Requirement mustard stalk 2023-05,Accepted. 407.7 MT mustard stalk @ Rs 2315 PMT. Delivery 19-May-2023 positive.
M00035,TH00018,2023-05-23,purchase@marudharbiofuels.in,sanwariya@example.in,Requirement mustard stalk 2023-05,"Requirement 389.3 MT mustard stalk, delivery on or before 23-May-2023. Kindly confirm rate."
M00036,TH00018,2023-05-23,sanwariya@example.in,purchase@marudharbiofuels.in,RE: Requirement mustard stalk 2023-05,Ok for 389.3 MT at Rs 2325 per tonne. Loading will start before 23-May-2023.
M00037,TH00019,2023-05-27,purchase@marudharbiofuels.in,salasar@example.in,Requirement mustard stalk 2023-05,"Requirement 300.0 MT mustard stalk, delivery on or before 27-May-2023. Kindly confirm rate."
M00038,TH00019,2023-05-27,salasar@example.in,purchase@marudharbiofuels.in,RE: Requirement mustard stalk 2023-05,"Yes sir, 300.0 MT available. Rate Rs 2367/MT. Will dispatch before 27-May-2023."
M00039,TH00020,2023-05-21,purchase@marudharbiofuels.in,shree@example.in,Requirement rice husk 2023-05,"Requirement 184.5 MT rice husk, delivery on or before 21-May-2023. Kindly confirm rate."
M00040,TH00020,2023-05-21,shree@example.in,purchase@marudharbiofuels.in,RE: Requirement rice husk 2023-05,Accepted. 184.5 MT rice husk @ Rs 2066 PMT. Delivery 21-May-2023 positive.
M00041,TH00021,2023-05-14,purchase@marudharbiofuels.in,jai@example.in,Requirement mustard stalk 2023-05,Please confirm availability of 318.3 MT mustard stalk for delivery by 14-May-2023.
M00042,TH00021,2023-05-14,jai@example.in,purchase@marudharbiofuels.in,RE: Requirement mustard stalk 2023-05,"Yes sir, 318.3 MT available. Rate Rs 2311/MT. Will dispatch before 14-May-2023."
M00043,TH00022,2023-05-26,purchase@marudharbiofuels.in,shree@example.in,Requirement rice husk 2023-05,We need 392.5 MT of rice husk. Can you commit by 26-May-2023?
M00044,TH00022,2023-05-26,shree@example.in,purchase@marudharbiofuels.in,RE: Requirement rice husk 2023-05,"Confirmed. We can supply 392.5 MT rice husk at Rs 1992 per MT, delivery by 26-May-2023."
M00045,TH00023,2023-05-14,purchase@marudharbiofuels.in,new@example.in,Requirement rice husk 2023-05,We need 325.0 MT of rice husk. Can you commit by 14-May-2023?
M00046,TH00023,2023-05-14,new@example.in,purchase@marudharbiofuels.in,RE: Requirement rice husk 2023-05,Accepted. 325.0 MT rice husk @ Rs 2031 PMT. Delivery 14-May-2023 positive.
M00047,TH00024,2023-05-12,purchase@marudharbiofuels.in,shree@example.in,Requirement rice husk 2023-05,Please confirm availability of 413.6 MT rice husk for delivery by 12-May-2023.
M00048,TH00024,2023-05-12,shree@example.in,purchase@marudharbiofuels.in,RE: Requirement rice husk 2023-05,"Yes sir, 413.6 MT available. Rate Rs 1973/MT. Will dispatch before 12-May-2023."
M00049,TH00025,2023-05-24,purchase@marudharbiofuels.in,khatu@example.in,Requirement mustard stalk 2023-05,Please confirm availability of 290.3 MT mustard stalk for delivery by 24-May-2023.
M00050,TH00025,2023-05-24,khatu@example.in,purchase@marudharbiofuels.in,RE: Requirement mustard stalk 2023-05,Accepted. 290.3 MT mustard stalk @ Rs 2368 PMT. Delivery 24-May-2023 positive.
M00051,TH00026,2023-05-27,purchase@marudharbiofuels.in,new@example.in,Requirement rice husk 2023-05,We need 250.2 MT of rice husk. Can you commit by 27-May-2023?
M00052,TH00026,2023-05-27,new@example.in,purchase@marudharbiofuels.in,RE: Requirement rice husk 2023-05,Accepted. 250.2 MT rice husk @ Rs 1981 PMT. Delivery 27-May-2023 positive.
M00053,TH00027,2023-05-18,purchase@marudharbiofuels.in,salasar@example.in,Requirement rice husk 2023-05,We need 151.5 MT of rice husk. Can you commit by 18-May-2023?
M00054,TH00027,2023-05-18,salasar@example.in,purchase@marudharbiofuels.in,RE: Requirement rice husk 2023-05,"Yes sir, 151.5 MT available. Rate Rs 1991/MT. Will dispatch before 18-May-2023."
M00055,TH00028,2023-05-10,purchase@marudharbiofuels.in,nakoda@example.in,Requirement rice husk 2023-05,We need 253.8 MT of rice husk. Can you commit by 10-May-2023?
M00056,TH00028,2023-05-10,nakoda@example.in,purchase@marudharbiofuels.in,RE: Requirement rice husk 2023-05,Accepted. 253.8 MT rice husk @ Rs 2060 PMT. Delivery 10-May-2023 positive.
M00057,TH00029,2023-05-25,purchase@marudharbiofuels.in,maa@example.in,Requirement rice husk 2023-05,We need 313.4 MT of rice husk. Can you commit by 25-May-2023?
M00058,TH00029,2023-05-25,maa@example.in,purchase@marudharbiofuels.in,RE: Requirement rice husk 2023-05,"Confirmed. We can supply 313.4 MT rice husk at Rs 2056 per MT, delivery by 25-May-2023."
M00059,TH00030,2023-05-18,purchase@marudharbiofuels.in,maa@example.in,Requirement rice husk 2023-05,"Requirement 395.8 MT rice husk, delivery on or before 18-May-2023. Kindly confirm rate."
M00060,TH00030,2023-05-18,maa@example.in,purchase@marudharbiofuels.in,RE: Requirement rice husk 2023-05,"Confirmed. We can supply 395.8 MT rice husk at Rs 1970 per MT, delivery by 18-May-2023."
M00061,TH00031,2023-05-22,purchase@marudharbiofuels.in,shree@example.in,Requirement rice husk 2023-05,We need 377.2 MT of rice husk. Can you commit by 22-May-2023?
M00062,TH00031,2023-05-22,shree@example.in,purchase@marudharbiofuels.in,RE: Requirement rice husk 2023-05,Accepted. 377.2 MT rice husk @ Rs 2012 PMT. Delivery 22-May-2023 positive.
M00063,TH00032,2023-05-12,purchase@marudharbiofuels.in,salasar@example.in,Requirement rice husk 2023-05,Please confirm availability of 287.5 MT rice husk for delivery by 12-May-2023.
M00064,TH00032,2023-05-12,salasar@example.in,purchase@marudharbiofuels.in,RE: Requirement rice husk 2023-05,"Confirmed. We can supply 287.5 MT rice husk at Rs 1978 per MT, delivery by 12-May-2023."
M00065,TH00033,2023-05-26,purchase@marudharbiofuels.in,maa@example.in,Requirement rice husk 2023-05,"Requirement 368.6 MT rice husk, delivery on or before 26-May-2023. Kindly confirm rate."
M00066,TH00033,2023-05-26,maa@example.in,purchase@marudharbiofuels.in,RE: Requirement rice husk 2023-05,Ok for 368.6 MT at Rs 2045 per tonne. Loading will start before 26-May-2023.
M00067,TH00034,2023-05-24,purchase@marudharbiofuels.in,nakoda@example.in,Requirement rice husk 2023-05,Please confirm availability of 220.8 MT rice husk for delivery by 24-May-2023.
M00068,TH00034,2023-05-24,nakoda@example.in,purchase@marudharbiofuels.in,RE: Requirement rice husk 2023-05,"Confirmed. We can supply 220.8 MT rice husk at Rs 1978 per MT, delivery by 24-May-2023."
M00069,TH00035,2023-05-10,purchase@marudharbiofuels.in,maa@example.in,Requirement mustard stalk 2023-05,"Requirement 178.8 MT mustard stalk, delivery on or before 10-May-2023. Kindly confirm rate."
M00070,TH00035,2023-05-10,maa@example.in,purchase@marudharbiofuels.in,RE: Requirement mustard stalk 2023-05,Ok for 178.8 MT at Rs 2372 per tonne. Loading will start before 10-May-2023.
M00071,TH00036,2023-06-22,purchase@marudharbiofuels.in,maa@example.in,Requirement rice husk 2023-06,We need 180.9 MT of rice husk. Can you commit by 22-Jun-2023?
M00072,TH00036,2023-06-22,maa@example.in,purchase@marudharbiofuels.in,RE: Requirement rice husk 2023-06,Ok for 180.9 MT at Rs 2041 per tonne. Loading will start before 22-Jun-2023.
M00073,TH00037,2023-06-21,purchase@marudharbiofuels.in,salasar@example.in,Requirement mustard stalk 2023-06,We need 383.3 MT of mustard stalk. Can you commit by 21-Jun-2023?
M00074,TH00037,2023-06-21,salasar@example.in,purchase@marudharbiofuels.in,RE: Requirement mustard stalk 2023-06,Ok for 383.3 MT at Rs 2354 per tonne. Loading will start before 21-Jun-2023.
M00075,TH00038,2023-06-16,purchase@marudharbiofuels.in,maa@example.in,Requirement mustard stalk 2023-06,"Requirement 247.7 MT mustard stalk, delivery on or before 16-Jun-2023. Kindly confirm rate."
M00076,TH00038,2023-06-16,maa@example.in,purchase@marudharbiofuels.in,RE: Requirement mustard stalk 2023-06,Ok for 247.7 MT at Rs 2311 per tonne. Loading will start before 16-Jun-2023.
M00077,TH00039,2023-06-10,purchase@marudharbiofuels.in,salasar@example.in,Requirement mustard stalk 2023-06,We need 242.4 MT of mustard stalk. Can you commit by 10-Jun-2023?
M00078,TH00039,2023-06-10,salasar@example.in,purchase@marudharbiofuels.in,RE: Requirement mustard stalk 2023-06,Accepted. 242.4 MT mustard stalk @ Rs 2312 PMT. Delivery 10-Jun-2023 positive.
M00079,TH00040,2023-06-26,purchase@marudharbiofuels.in,shree@example.in,Requirement rice husk 2023-06,"Requirement 226.2 MT rice husk, delivery on or before 26-Jun-2023. Kindly confirm rate."
M00080,TH00040,2023-06-26,shree@example.in,purchase@marudharbiofuels.in,RE: Requirement rice husk 2023-06,Accepted. 226.2 MT rice husk @ Rs 2087 PMT. Delivery 26-Jun-2023 positive.
M00081,TH00041,2023-06-22,purchase@marudharbiofuels.in,maa@example.in,Requirement rice husk 2023-06,Please confirm availability of 401.5 MT rice husk for delivery by 22-Jun-2023.
M00082,TH00041,2023-06-22,maa@example.in,purchase@marudharbiofuels.in,RE: Requirement rice husk 2023-06,Ok for 401.5 MT at Rs 2030 per tonne. Loading will start before 22-Jun-2023.
M00083,TH00042,2023-06-21,purchase@marudharbiofuels.in,maa@example.in,Requirement rice husk 2023-06,"Requirement 263.3 MT rice husk, delivery on or before 21-Jun-2023. Kindly confirm rate."
M00084,TH00042,2023-06-21,maa@example.in,purchase@marudharbiofuels.in,RE: Requirement rice husk 2023-06,Accepted. 263.3 MT rice husk @ Rs 2090 PMT. Delivery 21-Jun-2023 positive.
M00085,TH00043,2023-06-19,purchase@marudharbiofuels.in,salasar@example.in,Requirement rice husk 2023-06,Please confirm availability of 356.4 MT rice husk for delivery by 19-Jun-2023.
M00086,TH00043,2023-06-19,salasar@example.in,purchase@marudharbiofuels.in,RE: Requirement rice husk 2023-06,"Confirmed. We can supply 356.4 MT rice husk at Rs 2052 per MT, delivery by 19-Jun-2023."
M00087,TH00044,2023-06-23,purchase@marudharbiofuels.in,maa@example.in,Requirement mustard stalk 2023-06,We need 251.0 MT of mustard stalk. Can you commit by 23-Jun-2023?
M00088,TH00044,2023-06-23,maa@example.in,purchase@marudharbiofuels.in,RE: Requirement mustard stalk 2023-06,"Confirmed. We can supply 251.0 MT mustard stalk at Rs 2439 per MT, delivery by 23-Jun-2023."
M00089,TH00045,2023-06-19,purchase@marudharbiofuels.in,salasar@example.in,Requirement rice husk 2023-06,Please confirm availability of 306.7 MT rice husk for delivery by 19-Jun-2023.
M00090,TH00045,2023-06-19,salasar@example.in,purchase@marudharbiofuels.in,RE: Requirement rice husk 2023-06,"Yes sir, 306.7 MT available. Rate Rs 2033/MT. Will dispatch before 19-Jun-2023."
M00091,TH00046,2023-06-11,purchase@marudharbiofuels.in,khatu@example.in,Requirement mustard stalk 2023-06,We need 398.0 MT of mustard stalk. Can you commit by 11-Jun-2023?
M00092,TH00046,2023-06-11,khatu@example.in,purchase@marudharbiofuels.in,RE: Requirement mustard stalk 2023-06,Accepted. 398.0 MT mustard stalk @ Rs 2432 PMT. Delivery 11-Jun-2023 positive.
M00093,TH00047,2023-06-15,purchase@marudharbiofuels.in,salasar@example.in,Requirement mustard stalk 2023-06,"Requirement 135.1 MT mustard stalk, delivery on or before 15-Jun-2023. Kindly confirm rate."
M00094,TH00047,2023-06-15,salasar@example.in,purchase@marudharbiofuels.in,RE: Requirement mustard stalk 2023-06,"Confirmed. We can supply 135.1 MT mustard stalk at Rs 2337 per MT, delivery by 15-Jun-2023."
M00095,TH00048,2023-06-11,purchase@marudharbiofuels.in,sanwariya@example.in,Requirement rice husk 2023-06,Please confirm availability of 125.8 MT rice husk for delivery by 11-Jun-2023.
M00096,TH00048,2023-06-11,sanwariya@example.in,purchase@marudharbiofuels.in,RE: Requirement rice husk 2023-06,Accepted. 125.8 MT rice husk @ Rs 2059 PMT. Delivery 11-Jun-2023 positive.
M00097,TH00049,2023-06-19,purchase@marudharbiofuels.in,salasar@example.in,Requirement rice husk 2023-06,Please confirm availability of 251.6 MT rice husk for delivery by 19-Jun-2023.
M00098,TH00049,2023-06-19,salasar@example.in,purchase@marudharbiofuels.in,RE: Requirement rice husk 2023-06,Accepted. 251.6 MT rice husk @ Rs 2081 PMT. Delivery 19-Jun-2023 positive.
M00099,TH00050,2023-06-18,purchase@marudharbiofuels.in,khatu@example.in,Requirement mustard stalk 2023-06,"Requirement 311.8 MT mustard stalk, delivery on or before 18-Jun-2023. Kindly confirm rate."
M00100,TH00050,2023-06-18,khatu@example.in,purchase@marudharbiofuels.in,RE: Requirement mustard stalk 2023-06,"Confirmed. We can supply 311.8 MT mustard stalk at Rs 2361 per MT, delivery by 18-Jun-2023."
M00101,TH00051,2023-06-10,purchase@marudharbiofuels.in,shree@example.in,Requirement rice husk 2023-06,"Requirement 166.5 MT rice husk, delivery on or before 10-Jun-2023. Kindly confirm rate."
M00102,TH00051,2023-06-10,shree@example.in,purchase@marudharbiofuels.in,RE: Requirement rice husk 2023-06,Accepted. 166.5 MT rice husk @ Rs 2023 PMT. Delivery 10-Jun-2023 positive.
M00103,TH00052,2023-06-18,purchase@marudharbiofuels.in,shri@example.in,Requirement rice husk 2023-06,Please confirm availability of 276.6 MT rice husk for delivery by 18-Jun-2023.
M00104,TH00052,2023-06-18,shri@example.in,purchase@marudharbiofuels.in,RE: Requirement rice husk 2023-06,Accepted. 276.6 MT rice husk @ Rs 2047 PMT. Delivery 18-Jun-2023 positive.
M00105,TH00053,2023-06-28,purchase@marudharbiofuels.in,maa@example.in,Requirement rice husk 2023-06,"Requirement 158.5 MT rice husk, delivery on or before 28-Jun-2023. Kindly confirm rate."
M00106,TH00053,2023-06-28,maa@example.in,purchase@marudharbiofuels.in,RE: Requirement rice husk 2023-06,Accepted. 158.5 MT rice husk @ Rs 2030 PMT. Delivery 28-Jun-2023 positive.
M00107,TH00054,2023-06-10,purchase@marudharbiofuels.in,new@example.in,Requirement rice husk 2023-06,Please confirm availability of 168.2 MT rice husk for delivery by 10-Jun-2023.
M00108,TH00054,2023-06-10,new@example.in,purchase@marudharbiofuels.in,RE: Requirement rice husk 2023-06,"Confirmed. We can supply 168.2 MT rice husk at Rs 2128 per MT, delivery by 10-Jun-2023."
M00109,TH00055,2023-06-12,purchase@marudharbiofuels.in,sanwariya@example.in,Requirement rice husk 2023-06,Please confirm availability of 194.1 MT rice husk for delivery by 12-Jun-2023.
M00110,TH00055,2023-06-12,sanwariya@example.in,purchase@marudharbiofuels.in,RE: Requirement rice husk 2023-06,"Confirmed. We can supply 194.1 MT rice husk at Rs 2027 per MT, delivery by 12-Jun-2023."
M00111,TH00056,2023-06-14,purchase@marudharbiofuels.in,sanwariya@example.in,Requirement rice husk 2023-06,"Requirement 129.9 MT rice husk, delivery on or before 14-Jun-2023. Kindly confirm rate."
M00112,TH00056,2023-06-14,sanwariya@example.in,purchase@marudharbiofuels.in,RE: Requirement rice husk 2023-06,"Confirmed. We can supply 129.9 MT rice husk at Rs 2016 per MT, delivery by 14-Jun-2023."
M00113,TH00057,2023-06-26,purchase@marudharbiofuels.in,maa@example.in,Requirement rice husk 2023-06,We need 234.0 MT of rice husk. Can you commit by 26-Jun-2023?
M00114,TH00057,2023-06-26,maa@example.in,purchase@marudharbiofuels.in,RE: Requirement rice husk 2023-06,"Confirmed. We can supply 234.0 MT rice husk at Rs 2111 per MT, delivery by 26-Jun-2023."
M00115,TH00058,2023-07-10,purchase@marudharbiofuels.in,nakoda@example.in,Requirement mustard stalk 2023-07,"Requirement 366.2 MT mustard stalk, delivery on or before 10-Jul-2023. Kindly confirm rate."
M00116,TH00058,2023-07-10,nakoda@example.in,purchase@marudharbiofuels.in,RE: Requirement mustard stalk 2023-07,Ok for 366.2 MT at Rs 2485 per tonne. Loading will start before 10-Jul-2023.
M00117,TH00059,2023-07-12,purchase@marudharbiofuels.in,khatu@example.in,Requirement mustard stalk 2023-07,We need 226.6 MT of mustard stalk. Can you commit by 12-Jul-2023?
M00118,TH00059,2023-07-12,khatu@example.in,purchase@marudharbiofuels.in,RE: Requirement mustard stalk 2023-07,Ok for 226.6 MT at Rs 2513 per tonne. Loading will start before 12-Jul-2023.
M00119,TH00060,2023-07-13,purchase@marudharbiofuels.in,nakoda@example.in,Requirement mustard stalk 2023-07,"Requirement 146.5 MT mustard stalk, delivery on or before 13-Jul-2023. Kindly confirm rate."
M00120,TH00060,2023-07-13,nakoda@example.in,purchase@marudharbiofuels.in,RE: Requirement mustard stalk 2023-07,"Confirmed. We can supply 146.5 MT mustard stalk at Rs 2443 per MT, delivery by 13-Jul-2023."
M00121,TH00061,2023-07-22,purchase@marudharbiofuels.in,salasar@example.in,Requirement rice husk 2023-07,We need 170.9 MT of rice husk. Can you commit by 22-Jul-2023?
M00122,TH00061,2023-07-22,salasar@example.in,purchase@marudharbiofuels.in,RE: Requirement rice husk 2023-07,Accepted. 170.9 MT rice husk @ Rs 2160 PMT. Delivery 22-Jul-2023 positive.
M00123,TH00062,2023-07-24,purchase@marudharbiofuels.in,maa@example.in,Requirement rice husk 2023-07,"Requirement 257.5 MT rice husk, delivery on or before 24-Jul-2023. Kindly confirm rate."
M00124,TH00062,2023-07-24,maa@example.in,purchase@marudharbiofuels.in,RE: Requirement rice husk 2023-07,Ok for 257.5 MT at Rs 2158 per tonne. Loading will start before 24-Jul-2023.
M00125,TH00063,2023-07-25,purchase@marudharbiofuels.in,nakoda@example.in,Requirement mustard stalk 2023-07,Please confirm availability of 398.6 MT mustard stalk for delivery by 25-Jul-2023.
M00126,TH00063,2023-07-25,nakoda@example.in,purchase@marudharbiofuels.in,RE: Requirement mustard stalk 2023-07,"Confirmed. We can supply 398.6 MT mustard stalk at Rs 2473 per MT, delivery by 25-Jul-2023."
M00127,TH00064,2023-07-13,purchase@marudharbiofuels.in,khatu@example.in,Requirement rice husk 2023-07,"Requirement 313.3 MT rice husk, delivery on or before 13-Jul-2023. Kindly confirm rate."
M00128,TH00064,2023-07-13,khatu@example.in,purchase@marudharbiofuels.in,RE: Requirement rice husk 2023-07,"Confirmed. We can supply 313.3 MT rice husk at Rs 2155 per MT, delivery by 13-Jul-2023."
M00129,TH00065,2023-07-10,purchase@marudharbiofuels.in,new@example.in,Requirement rice husk 2023-07,"Requirement 393.6 MT rice husk, delivery on or before 10-Jul-2023. Kindly confirm rate."
M00130,TH00065,2023-07-10,new@example.in,purchase@marudharbiofuels.in,RE: Requirement rice husk 2023-07,Accepted. 393.6 MT rice husk @ Rs 2202 PMT. Delivery 10-Jul-2023 positive.
M00131,TH00066,2023-07-15,purchase@marudharbiofuels.in,salasar@example.in,Requirement rice husk 2023-07,"Requirement 204.2 MT rice husk, delivery on or before 15-Jul-2023. Kindly confirm rate."
M00132,TH00066,2023-07-15,salasar@example.in,purchase@marudharbiofuels.in,RE: Requirement rice husk 2023-07,Ok for 204.2 MT at Rs 2164 per tonne. Loading will start before 15-Jul-2023.
M00133,TH00067,2023-07-21,purchase@marudharbiofuels.in,new@example.in,Requirement rice husk 2023-07,Please confirm availability of 121.9 MT rice husk for delivery by 21-Jul-2023.
M00134,TH00067,2023-07-21,new@example.in,purchase@marudharbiofuels.in,RE: Requirement rice husk 2023-07,Accepted. 121.9 MT rice husk @ Rs 2137 PMT. Delivery 21-Jul-2023 positive.
M00135,TH00068,2023-07-15,purchase@marudharbiofuels.in,maa@example.in,Requirement mustard stalk 2023-07,Please confirm availability of 350.3 MT mustard stalk for delivery by 15-Jul-2023.
M00136,TH00068,2023-07-15,maa@example.in,purchase@marudharbiofuels.in,RE: Requirement mustard stalk 2023-07,"Yes sir, 350.3 MT available. Rate Rs 2458/MT. Will dispatch before 15-Jul-2023."
M00137,TH00069,2023-07-26,purchase@marudharbiofuels.in,nakoda@example.in,Requirement rice husk 2023-07,Please confirm availability of 255.8 MT rice husk for delivery by 26-Jul-2023.
M00138,TH00069,2023-07-26,nakoda@example.in,purchase@marudharbiofuels.in,RE: Requirement rice husk 2023-07,"Confirmed. We can supply 255.8 MT rice husk at Rs 2124 per MT, delivery by 26-Jul-2023."
M00139,TH00070,2023-07-10,purchase@marudharbiofuels.in,nakoda@example.in,Requirement mustard stalk 2023-07,Please confirm availability of 136.5 MT mustard stalk for delivery by 10-Jul-2023.
M00140,TH00070,2023-07-10,nakoda@example.in,purchase@marudharbiofuels.in,RE: Requirement mustard stalk 2023-07,"Confirmed. We can supply 136.5 MT mustard stalk at Rs 2472 per MT, delivery by 10-Jul-2023."
M00141,TH00071,2023-07-15,purchase@marudharbiofuels.in,sanwariya@example.in,Requirement rice husk 2023-07,Please confirm availability of 171.1 MT rice husk for delivery by 15-Jul-2023.
M00142,TH00071,2023-07-15,sanwariya@example.in,purchase@marudharbiofuels.in,RE: Requirement rice husk 2023-07,Accepted. 171.1 MT rice husk @ Rs 2123 PMT. Delivery 15-Jul-2023 positive.
M00143,TH00072,2023-07-16,purchase@marudharbiofuels.in,salasar@example.in,Requirement rice husk 2023-07,We need 146.1 MT of rice husk. Can you commit by 16-Jul-2023?
M00144,TH00072,2023-07-16,salasar@example.in,purchase@marudharbiofuels.in,RE: Requirement rice husk 2023-07,"Confirmed. We can supply 146.1 MT rice husk at Rs 2114 per MT, delivery by 16-Jul-2023."
M00145,TH00073,2023-07-18,purchase@marudharbiofuels.in,khatu@example.in,Requirement rice husk 2023-07,"Requirement 372.2 MT rice husk, delivery on or before 18-Jul-2023. Kindly confirm rate."
M00146,TH00073,2023-07-18,khatu@example.in,purchase@marudharbiofuels.in,RE: Requirement rice husk 2023-07,"Confirmed. We can supply 372.2 MT rice husk at Rs 2165 per MT, delivery by 18-Jul-2023."
M00147,TH00074,2023-07-27,purchase@marudharbiofuels.in,maa@example.in,Requirement mustard stalk 2023-07,"Requirement 339.0 MT mustard stalk, delivery on or before 27-Jul-2023. Kindly confirm rate."
M00148,TH00074,2023-07-27,maa@example.in,purchase@marudharbiofuels.in,RE: Requirement mustard stalk 2023-07,"Yes sir, 339.0 MT available. Rate Rs 2424/MT. Will dispatch before 27-Jul-2023."
M00149,TH00075,2023-07-27,purchase@marudharbiofuels.in,sanwariya@example.in,Requirement rice husk 2023-07,"Requirement 293.2 MT rice husk, delivery on or before 27-Jul-2023. Kindly confirm rate."
M00150,TH00075,2023-07-27,sanwariya@example.in,purchase@marudharbiofuels.in,RE: Requirement rice husk 2023-07,Ok for 293.2 MT at Rs 2111 per tonne. Loading will start before 27-Jul-2023.
M00151,TH00076,2023-08-27,purchase@marudharbiofuels.in,salasar@example.in,Requirement rice husk 2023-08,"Requirement 332.1 MT rice husk, delivery on or before 27-Aug-2023. Kindly confirm rate."
M00152,TH00076,2023-08-27,salasar@example.in,purchase@marudharbiofuels.in,RE: Requirement rice husk 2023-08,Ok for 332.1 MT at Rs 2197 per tonne. Loading will start before 27-Aug-2023.
M00153,TH00077,2023-08-13,purchase@marudharbiofuels.in,maa@example.in,Requirement mustard stalk 2023-08,We need 315.6 MT of mustard stalk. Can you commit by 13-Aug-2023?
M00154,TH00077,2023-08-13,maa@example.in,purchase@marudharbiofuels.in,RE: Requirement mustard stalk 2023-08,"Confirmed. We can supply 315.6 MT mustard stalk at Rs 2521 per MT, delivery by 13-Aug-2023."
M00155,TH00078,2023-08-12,purchase@marudharbiofuels.in,maa@example.in,Requirement mustard stalk 2023-08,"Requirement 334.6 MT mustard stalk, delivery on or before 12-Aug-2023. Kindly confirm rate."
M00156,TH00078,2023-08-12,maa@example.in,purchase@marudharbiofuels.in,RE: Requirement mustard stalk 2023-08,Accepted. 334.6 MT mustard stalk @ Rs 2460 PMT. Delivery 12-Aug-2023 positive.
M00157,TH00079,2023-08-20,purchase@marudharbiofuels.in,new@example.in,Requirement rice husk 2023-08,We need 329.1 MT of rice husk. Can you commit by 20-Aug-2023?
M00158,TH00079,2023-08-20,new@example.in,purchase@marudharbiofuels.in,RE: Requirement rice husk 2023-08,Ok for 329.1 MT at Rs 2187 per tonne. Loading will start before 20-Aug-2023.
M00159,TH00080,2023-08-23,purchase@marudharbiofuels.in,jai@example.in,Requirement mustard stalk 2023-08,"Requirement 288.0 MT mustard stalk, delivery on or before 23-Aug-2023. Kindly confirm rate."
M00160,TH00080,2023-08-23,jai@example.in,purchase@marudharbiofuels.in,RE: Requirement mustard stalk 2023-08,"Yes sir, 288.0 MT available. Rate Rs 2566/MT. Will dispatch before 23-Aug-2023."
M00161,TH00081,2023-08-12,purchase@marudharbiofuels.in,salasar@example.in,Requirement rice husk 2023-08,"Requirement 404.2 MT rice husk, delivery on or before 12-Aug-2023. Kindly confirm rate."
M00162,TH00081,2023-08-12,salasar@example.in,purchase@marudharbiofuels.in,RE: Requirement rice husk 2023-08,Accepted. 404.2 MT rice husk @ Rs 2168 PMT. Delivery 12-Aug-2023 positive.
M00163,TH00082,2023-08-25,purchase@marudharbiofuels.in,sanwariya@example.in,Requirement rice husk 2023-08,"Requirement 373.5 MT rice husk, delivery on or before 25-Aug-2023. Kindly confirm rate."
M00164,TH00082,2023-08-25,sanwariya@example.in,purchase@marudharbiofuels.in,RE: Requirement rice husk 2023-08,Ok for 373.5 MT at Rs 2180 per tonne. Loading will start before 25-Aug-2023.
M00165,TH00083,2023-08-27,purchase@marudharbiofuels.in,salasar@example.in,Requirement rice husk 2023-08,Please confirm availability of 325.9 MT rice husk for delivery by 27-Aug-2023.
M00166,TH00083,2023-08-27,salasar@example.in,purchase@marudharbiofuels.in,RE: Requirement rice husk 2023-08,"Yes sir, 325.9 MT available. Rate Rs 2203/MT. Will dispatch before 27-Aug-2023."
M00167,TH00084,2023-08-16,purchase@marudharbiofuels.in,jai@example.in,Requirement mustard stalk 2023-08,We need 321.5 MT of mustard stalk. Can you commit by 16-Aug-2023?
M00168,TH00084,2023-08-16,jai@example.in,purchase@marudharbiofuels.in,RE: Requirement mustard stalk 2023-08,"Confirmed. We can supply 321.5 MT mustard stalk at Rs 2520 per MT, delivery by 16-Aug-2023."
M00169,TH00085,2023-08-14,purchase@marudharbiofuels.in,jai@example.in,Requirement mustard stalk 2023-08,We need 236.0 MT of mustard stalk. Can you commit by 14-Aug-2023?
M00170,TH00085,2023-08-14,jai@example.in,purchase@marudharbiofuels.in,RE: Requirement mustard stalk 2023-08,Accepted. 236.0 MT mustard stalk @ Rs 2609 PMT. Delivery 14-Aug-2023 positive.
M00171,TH00086,2023-08-20,purchase@marudharbiofuels.in,sanwariya@example.in,Requirement rice husk 2023-08,"Requirement 204.4 MT rice husk, delivery on or before 20-Aug-2023. Kindly confirm rate."
M00172,TH00086,2023-08-20,sanwariya@example.in,purchase@marudharbiofuels.in,RE: Requirement rice husk 2023-08,Ok for 204.4 MT at Rs 2255 per tonne. Loading will start before 20-Aug-2023.
M00173,TH00087,2023-08-24,purchase@marudharbiofuels.in,maa@example.in,Requirement rice husk 2023-08,"Requirement 307.8 MT rice husk, delivery on or before 24-Aug-2023. Kindly confirm rate."
M00174,TH00087,2023-08-24,maa@example.in,purchase@marudharbiofuels.in,RE: Requirement rice husk 2023-08,Ok for 307.8 MT at Rs 2266 per tonne. Loading will start before 24-Aug-2023.
M00175,TH00088,2023-08-24,purchase@marudharbiofuels.in,salasar@example.in,Requirement mustard stalk 2023-08,"Requirement 315.4 MT mustard stalk, delivery on or before 24-Aug-2023. Kindly confirm rate."
M00176,TH00088,2023-08-24,salasar@example.in,purchase@marudharbiofuels.in,RE: Requirement mustard stalk 2023-08,Ok for 315.4 MT at Rs 2604 per tonne. Loading will start before 24-Aug-2023.
M00177,TH00089,2023-08-11,purchase@marudharbiofuels.in,shree@example.in,Requirement rice husk 2023-08,We need 239.8 MT of rice husk. Can you commit by 11-Aug-2023?
M00178,TH00089,2023-08-11,shree@example.in,purchase@marudharbiofuels.in,RE: Requirement rice husk 2023-08,Accepted. 239.8 MT rice husk @ Rs 2189 PMT. Delivery 11-Aug-2023 positive.
M00179,TH00090,2023-08-25,purchase@marudharbiofuels.in,nakoda@example.in,Requirement mustard stalk 2023-08,"Requirement 352.8 MT mustard stalk, delivery on or before 25-Aug-2023. Kindly confirm rate."
M00180,TH00090,2023-08-25,nakoda@example.in,purchase@marudharbiofuels.in,RE: Requirement mustard stalk 2023-08,"Confirmed. We can supply 352.8 MT mustard stalk at Rs 2571 per MT, delivery by 25-Aug-2023."
M00181,TH00091,2023-09-10,purchase@marudharbiofuels.in,salasar@example.in,Requirement rice husk 2023-09,Please confirm availability of 160.3 MT rice husk for delivery by 10-Sep-2023.
M00182,TH00091,2023-09-10,salasar@example.in,purchase@marudharbiofuels.in,RE: Requirement rice husk 2023-09,"Yes sir, 160.3 MT available. Rate Rs 2251/MT. Will dispatch before 10-Sep-2023."
M00183,TH00092,2023-09-13,purchase@marudharbiofuels.in,shree@example.in,Requirement rice husk 2023-09,Please confirm availability of 292.7 MT rice husk for delivery by 13-Sep-2023.
M00184,TH00092,2023-09-13,shree@example.in,purchase@marudharbiofuels.in,RE: Requirement rice husk 2023-09,"Confirmed. We can supply 292.7 MT rice husk at Rs 2228 per MT, delivery by 13-Sep-2023."
M00185,TH00093,2023-09-28,purchase@marudharbiofuels.in,nakoda@example.in,Requirement rice husk 2023-09,"Requirement 225.0 MT rice husk, delivery on or before 28-Sep-2023. Kindly confirm rate."
M00186,TH00093,2023-09-28,nakoda@example.in,purchase@marudharbiofuels.in,RE: Requirement rice husk 2023-09,Ok for 225.0 MT at Rs 2252 per tonne. Loading will start before 28-Sep-2023.
M00187,TH00094,2023-09-16,purchase@marudharbiofuels.in,maa@example.in,Requirement mustard stalk 2023-09,"Requirement 367.2 MT mustard stalk, delivery on or before 16-Sep-2023. Kindly confirm rate."
M00188,TH00094,2023-09-16,maa@example.in,purchase@marudharbiofuels.in,RE: Requirement mustard stalk 2023-09,"Confirmed. We can supply 367.2 MT mustard stalk at Rs 2526 per MT, delivery by 16-Sep-2023."
M00189,TH00095,2023-09-25,purchase@marudharbiofuels.in,nakoda@example.in,Requirement mustard stalk 2023-09,We need 223.8 MT of mustard stalk. Can you commit by 25-Sep-2023?
M00190,TH00095,2023-09-25,nakoda@example.in,purchase@marudharbiofuels.in,RE: Requirement mustard stalk 2023-09,"Yes sir, 223.8 MT available. Rate Rs 2672/MT. Will dispatch before 25-Sep-2023."
M00191,TH00096,2023-09-20,purchase@marudharbiofuels.in,maa@example.in,Requirement rice husk 2023-09,"Requirement 189.2 MT rice husk, delivery on or before 20-Sep-2023. Kindly confirm rate."
M00192,TH00096,2023-09-20,maa@example.in,purchase@marudharbiofuels.in,RE: Requirement rice husk 2023-09,"Yes sir, 189.2 MT available. Rate Rs 2316/MT. Will dispatch before 20-Sep-2023."
M00193,TH00097,2023-09-24,purchase@marudharbiofuels.in,shree@example.in,Requirement rice husk 2023-09,Please confirm availability of 196.7 MT rice husk for delivery by 24-Sep-2023.
M00194,TH00097,2023-09-24,shree@example.in,purchase@marudharbiofuels.in,RE: Requirement rice husk 2023-09,Ok for 196.7 MT at Rs 2285 per tonne. Loading will start before 24-Sep-2023.
M00195,TH00098,2023-09-15,purchase@marudharbiofuels.in,salasar@example.in,Requirement rice husk 2023-09,We need 267.5 MT of rice husk. Can you commit by 15-Sep-2023?
M00196,TH00098,2023-09-15,salasar@example.in,purchase@marudharbiofuels.in,RE: Requirement rice husk 2023-09,"Yes sir, 267.5 MT available. Rate Rs 2321/MT. Will dispatch before 15-Sep-2023."
M00197,TH00099,2023-09-10,purchase@marudharbiofuels.in,salasar@example.in,Requirement rice husk 2023-09,Please confirm availability of 354.3 MT rice husk for delivery by 10-Sep-2023.
M00198,TH00099,2023-09-10,salasar@example.in,purchase@marudharbiofuels.in,RE: Requirement rice husk 2023-09,Ok for 354.3 MT at Rs 2307 per tonne. Loading will start before 10-Sep-2023.
M00199,TH00100,2023-09-28,purchase@marudharbiofuels.in,maa@example.in,Requirement mustard stalk 2023-09,Please confirm availability of 392.1 MT mustard stalk for delivery by 28-Sep-2023.
M00200,TH00100,2023-09-28,maa@example.in,purchase@marudharbiofuels.in,RE: Requirement mustard stalk 2023-09,Accepted. 392.1 MT mustard stalk @ Rs 2649 PMT. Delivery 28-Sep-2023 positive.
M00201,TH00101,2023-09-22,purchase@marudharbiofuels.in,sanwariya@example.in,Requirement rice husk 2023-09,"Requirement 381.5 MT rice husk, delivery on or before 22-Sep-2023. Kindly confirm rate."
M00202,TH00101,2023-09-22,sanwariya@example.in,purchase@marudharbiofuels.in,RE: Requirement rice husk 2023-09,Accepted. 381.5 MT rice husk @ Rs 2246 PMT. Delivery 22-Sep-2023 positive.
M00203,TH00102,2023-09-14,purchase@marudharbiofuels.in,new@example.in,Requirement rice husk 2023-09,Please confirm availability of 136.9 MT rice husk for delivery by 14-Sep-2023.
M00204,TH00102,2023-09-14,new@example.in,purchase@marudharbiofuels.in,RE: Requirement rice husk 2023-09,Accepted. 136.9 MT rice husk @ Rs 2239 PMT. Delivery 14-Sep-2023 positive.
M00205,TH00103,2023-09-13,purchase@marudharbiofuels.in,shree@example.in,Requirement rice husk 2023-09,"Requirement 190.3 MT rice husk, delivery on or before 13-Sep-2023. Kindly confirm rate."
M00206,TH00103,2023-09-13,shree@example.in,purchase@marudharbiofuels.in,RE: Requirement rice husk 2023-09,Ok for 190.3 MT at Rs 2296 per tonne. Loading will start before 13-Sep-2023.
M00207,TH00104,2023-09-21,purchase@marudharbiofuels.in,maa@example.in,Requirement mustard stalk 2023-09,"Requirement 320.4 MT mustard stalk, delivery on or before 21-Sep-2023. Kindly confirm rate."
M00208,TH00104,2023-09-21,maa@example.in,purchase@marudharbiofuels.in,RE: Requirement mustard stalk 2023-09,Ok for 320.4 MT at Rs 2628 per tonne. Loading will start before 21-Sep-2023.
M00209,TH00105,2023-09-14,purchase@marudharbiofuels.in,maa@example.in,Requirement rice husk 2023-09,We need 296.6 MT of rice husk. Can you commit by 14-Sep-2023?
M00210,TH00105,2023-09-14,maa@example.in,purchase@marudharbiofuels.in,RE: Requirement rice husk 2023-09,"Confirmed. We can supply 296.6 MT rice husk at Rs 2199 per MT, delivery by 14-Sep-2023."
M00211,TH00106,2023-10-12,purchase@marudharbiofuels.in,new@example.in,Requirement rice husk 2023-10,Please confirm availability of 190.8 MT rice husk for delivery by 12-Oct-2023.
M00212,TH00106,2023-10-12,new@example.in,purchase@marudharbiofuels.in,RE: Requirement rice husk 2023-10,Accepted. 190.8 MT rice husk @ Rs 2305 PMT. Delivery 12-Oct-2023 positive.
M00213,TH00107,2023-10-19,purchase@marudharbiofuels.in,new@example.in,Requirement mustard stalk 2023-10,"Requirement 135.6 MT mustard stalk, delivery on or before 19-Oct-2023. Kindly confirm rate."
M00214,TH00107,2023-10-19,new@example.in,purchase@marudharbiofuels.in,RE: Requirement mustard stalk 2023-10,Accepted. 135.6 MT mustard stalk @ Rs 2612 PMT. Delivery 19-Oct-2023 positive.
M00215,TH00108,2023-10-26,purchase@marudharbiofuels.in,salasar@example.in,Requirement mustard stalk 2023-10,We need 406.8 MT of mustard stalk. Can you commit by 26-Oct-2023?
M00216,TH00108,2023-10-26,salasar@example.in,purchase@marudharbiofuels.in,RE: Requirement mustard stalk 2023-10,Accepted. 406.8 MT mustard stalk @ Rs 2536 PMT. Delivery 26-Oct-2023 positive.
M00217,TH00109,2023-10-21,purchase@marudharbiofuels.in,sanwariya@example.in,Requirement rice husk 2023-10,Please confirm availability of 127.9 MT rice husk for delivery by 21-Oct-2023.
M00218,TH00109,2023-10-21,sanwariya@example.in,purchase@marudharbiofuels.in,RE: Requirement rice husk 2023-10,"Confirmed. We can supply 127.9 MT rice husk at Rs 2339 per MT, delivery by 21-Oct-2023."
M00219,TH00110,2023-10-17,purchase@marudharbiofuels.in,maa@example.in,Requirement rice husk 2023-10,We need 174.0 MT of rice husk. Can you commit by 17-Oct-2023?
M00220,TH00110,2023-10-17,maa@example.in,purchase@marudharbiofuels.in,RE: Requirement rice husk 2023-10,"Yes sir, 174.0 MT available. Rate Rs 2211/MT. Will dispatch before 17-Oct-2023."
M00221,TH00111,2023-10-20,purchase@marudharbiofuels.in,maa@example.in,Requirement rice husk 2023-10,"Requirement 281.1 MT rice husk, delivery on or before 20-Oct-2023. Kindly confirm rate."
M00222,TH00111,2023-10-20,maa@example.in,purchase@marudharbiofuels.in,RE: Requirement rice husk 2023-10,"Confirmed. We can supply 281.1 MT rice husk at Rs 2273 per MT, delivery by 20-Oct-2023."
M00223,TH00112,2023-10-23,purchase@marudharbiofuels.in,new@example.in,Requirement rice husk 2023-10,Please confirm availability of 359.6 MT rice husk for delivery by 23-Oct-2023.
M00224,TH00112,2023-10-23,new@example.in,purchase@marudharbiofuels.in,RE: Requirement rice husk 2023-10,Accepted. 359.6 MT rice husk @ Rs 2250 PMT. Delivery 23-Oct-2023 positive.
M00225,TH00113,2023-10-27,purchase@marudharbiofuels.in,maa@example.in,Requirement rice husk 2023-10,We need 148.9 MT of rice husk. Can you commit by 27-Oct-2023?
M00226,TH00113,2023-10-27,maa@example.in,purchase@marudharbiofuels.in,RE: Requirement rice husk 2023-10,"Yes sir, 148.9 MT available. Rate Rs 2289/MT. Will dispatch before 27-Oct-2023."
M00227,TH00114,2023-10-19,purchase@marudharbiofuels.in,salasar@example.in,Requirement rice husk 2023-10,Please confirm availability of 231.7 MT rice husk for delivery by 19-Oct-2023.
M00228,TH00114,2023-10-19,salasar@example.in,purchase@marudharbiofuels.in,RE: Requirement rice husk 2023-10,Accepted. 231.7 MT rice husk @ Rs 2324 PMT. Delivery 19-Oct-2023 positive.
M00229,TH00115,2023-10-17,purchase@marudharbiofuels.in,jai@example.in,Requirement mustard stalk 2023-10,Please confirm availability of 331.8 MT mustard stalk for delivery by 17-Oct-2023.
M00230,TH00115,2023-10-17,jai@example.in,purchase@marudharbiofuels.in,RE: Requirement mustard stalk 2023-10,Accepted. 331.8 MT mustard stalk @ Rs 2625 PMT. Delivery 17-Oct-2023 positive.
M00231,TH00116,2023-10-13,purchase@marudharbiofuels.in,salasar@example.in,Requirement rice husk 2023-10,"Requirement 198.0 MT rice husk, delivery on or before 13-Oct-2023. Kindly confirm rate."
M00232,TH00116,2023-10-13,salasar@example.in,purchase@marudharbiofuels.in,RE: Requirement rice husk 2023-10,"Confirmed. We can supply 198.0 MT rice husk at Rs 2235 per MT, delivery by 13-Oct-2023."
M00233,TH00117,2023-10-14,purchase@marudharbiofuels.in,maa@example.in,Requirement mustard stalk 2023-10,Please confirm availability of 178.8 MT mustard stalk for delivery by 14-Oct-2023.
M00234,TH00117,2023-10-14,maa@example.in,purchase@marudharbiofuels.in,RE: Requirement mustard stalk 2023-10,Ok for 178.8 MT at Rs 2554 per tonne. Loading will start before 14-Oct-2023.
M00235,TH00118,2023-10-18,purchase@marudharbiofuels.in,maa@example.in,Requirement rice husk 2023-10,"Requirement 321.5 MT rice husk, delivery on or before 18-Oct-2023. Kindly confirm rate."
M00236,TH00118,2023-10-18,maa@example.in,purchase@marudharbiofuels.in,RE: Requirement rice husk 2023-10,Accepted. 321.5 MT rice husk @ Rs 2251 PMT. Delivery 18-Oct-2023 positive.
M00237,TH00119,2023-10-10,purchase@marudharbiofuels.in,new@example.in,Requirement rice husk 2023-10,"Requirement 334.1 MT rice husk, delivery on or before 10-Oct-2023. Kindly confirm rate."
M00238,TH00119,2023-10-10,new@example.in,purchase@marudharbiofuels.in,RE: Requirement rice husk 2023-10,Ok for 334.1 MT at Rs 2250 per tonne. Loading will start before 10-Oct-2023.
M00239,TH00120,2023-10-27,purchase@marudharbiofuels.in,maa@example.in,Requirement rice husk 2023-10,We need 241.6 MT of rice husk. Can you commit by 27-Oct-2023?
M00240,TH00120,2023-10-27,maa@example.in,purchase@marudharbiofuels.in,RE: Requirement rice husk 2023-10,Accepted. 241.6 MT rice husk @ Rs 2241 PMT. Delivery 27-Oct-2023 positive.
M00241,TH00121,2023-10-10,purchase@marudharbiofuels.in,new@example.in,Requirement rice husk 2023-10,"Requirement 241.5 MT rice husk, delivery on or before 10-Oct-2023. Kindly confirm rate."
M00242,TH00121,2023-10-10,new@example.in,purchase@marudharbiofuels.in,RE: Requirement rice husk 2023-10,Accepted. 241.5 MT rice husk @ Rs 2261 PMT. Delivery 10-Oct-2023 positive.
M00243,TH00122,2023-10-23,purchase@marudharbiofuels.in,khatu@example.in,Requirement rice husk 2023-10,We need 405.4 MT of rice husk. Can you commit by 23-Oct-2023?
M00244,TH00122,2023-10-23,khatu@example.in,purchase@marudharbiofuels.in,RE: Requirement rice husk 2023-10,"Yes sir, 405.4 MT available. Rate Rs 2259/MT. Will dispatch before 23-Oct-2023."
M00245,TH00123,2023-10-10,purchase@marudharbiofuels.in,jai@example.in,Requirement mustard stalk 2023-10,We need 274.9 MT of mustard stalk. Can you commit by 10-Oct-2023?
M00246,TH00123,2023-10-10,jai@example.in,purchase@marudharbiofuels.in,RE: Requirement mustard stalk 2023-10,"Yes sir, 274.9 MT available. Rate Rs 2585/MT. Will dispatch before 10-Oct-2023."
M00247,TH00124,2023-10-15,purchase@marudharbiofuels.in,khatu@example.in,Requirement rice husk 2023-10,Please confirm availability of 319.2 MT rice husk for delivery by 15-Oct-2023.
M00248,TH00124,2023-10-15,khatu@example.in,purchase@marudharbiofuels.in,RE: Requirement rice husk 2023-10,"Yes sir, 319.2 MT available. Rate Rs 2297/MT. Will dispatch before 15-Oct-2023."
M00249,TH00125,2023-10-26,purchase@marudharbiofuels.in,maa@example.in,Requirement mustard stalk 2023-10,"Requirement 239.4 MT mustard stalk, delivery on or before 26-Oct-2023. Kindly confirm rate."
M00250,TH00125,2023-10-26,maa@example.in,purchase@marudharbiofuels.in,RE: Requirement mustard stalk 2023-10,Ok for 239.4 MT at Rs 2635 per tonne. Loading will start before 26-Oct-2023.
M00251,TH00126,2023-10-26,purchase@marudharbiofuels.in,shree@example.in,Requirement rice husk 2023-10,We need 262.2 MT of rice husk. Can you commit by 26-Oct-2023?
M00252,TH00126,2023-10-26,shree@example.in,purchase@marudharbiofuels.in,RE: Requirement rice husk 2023-10,"Confirmed. We can supply 262.2 MT rice husk at Rs 2215 per MT, delivery by 26-Oct-2023."
M00253,TH00127,2023-11-25,purchase@marudharbiofuels.in,salasar@example.in,Requirement rice husk 2023-11,Please confirm availability of 123.9 MT rice husk for delivery by 25-Nov-2023.
M00254,TH00127,2023-11-25,salasar@example.in,purchase@marudharbiofuels.in,RE: Requirement rice husk 2023-11,Ok for 123.9 MT at Rs 2132 per tonne. Loading will start before 25-Nov-2023.
M00255,TH00128,2023-11-13,purchase@marudharbiofuels.in,salasar@example.in,Requirement rice husk 2023-11,Please confirm availability of 339.9 MT rice husk for delivery by 13-Nov-2023.
M00256,TH00128,2023-11-13,salasar@example.in,purchase@marudharbiofuels.in,RE: Requirement rice husk 2023-11,Accepted. 339.9 MT rice husk @ Rs 2121 PMT. Delivery 13-Nov-2023 positive.
M00257,TH00129,2023-11-22,purchase@marudharbiofuels.in,salasar@example.in,Requirement rice husk 2023-11,We need 369.4 MT of rice husk. Can you commit by 22-Nov-2023?
M00258,TH00129,2023-11-22,salasar@example.in,purchase@marudharbiofuels.in,RE: Requirement rice husk 2023-11,"Yes sir, 369.4 MT available. Rate Rs 2161/MT. Will dispatch before 22-Nov-2023."
M00259,TH00130,2023-11-22,purchase@marudharbiofuels.in,salasar@example.in,Requirement rice husk 2023-11,"Requirement 387.1 MT rice husk, delivery on or before 22-Nov-2023. Kindly confirm rate."
M00260,TH00130,2023-11-22,salasar@example.in,purchase@marudharbiofuels.in,RE: Requirement rice husk 2023-11,Ok for 387.1 MT at Rs 2109 per tonne. Loading will start before 22-Nov-2023.
M00261,TH00131,2023-11-28,purchase@marudharbiofuels.in,maa@example.in,Requirement rice husk 2023-11,We need 183.2 MT of rice husk. Can you commit by 28-Nov-2023?
M00262,TH00131,2023-11-28,maa@example.in,purchase@marudharbiofuels.in,RE: Requirement rice husk 2023-11,Ok for 183.2 MT at Rs 2155 per tonne. Loading will start before 28-Nov-2023.
M00263,TH00132,2023-11-26,purchase@marudharbiofuels.in,khatu@example.in,Requirement mustard stalk 2023-11,We need 226.7 MT of mustard stalk. Can you commit by 26-Nov-2023?
M00264,TH00132,2023-11-26,khatu@example.in,purchase@marudharbiofuels.in,RE: Requirement mustard stalk 2023-11,"Yes sir, 226.7 MT available. Rate Rs 2398/MT. Will dispatch before 26-Nov-2023."
M00265,TH00133,2023-11-12,purchase@marudharbiofuels.in,maa@example.in,Requirement rice husk 2023-11,Please confirm availability of 134.5 MT rice husk for delivery by 12-Nov-2023.
M00266,TH00133,2023-11-12,maa@example.in,purchase@marudharbiofuels.in,RE: Requirement rice husk 2023-11,Accepted. 134.5 MT rice husk @ Rs 2078 PMT. Delivery 12-Nov-2023 positive.
M00267,TH00134,2023-11-15,purchase@marudharbiofuels.in,sanwariya@example.in,Requirement rice husk 2023-11,We need 363.6 MT of rice husk. Can you commit by 15-Nov-2023?
M00268,TH00134,2023-11-15,sanwariya@example.in,purchase@marudharbiofuels.in,RE: Requirement rice husk 2023-11,Ok for 363.6 MT at Rs 2186 per tonne. Loading will start before 15-Nov-2023.
M00269,TH00135,2023-11-21,purchase@marudharbiofuels.in,maa@example.in,Requirement rice husk 2023-11,We need 307.7 MT of rice husk. Can you commit by 21-Nov-2023?
M00270,TH00135,2023-11-21,maa@example.in,purchase@marudharbiofuels.in,RE: Requirement rice husk 2023-11,Ok for 307.7 MT at Rs 2177 per tonne. Loading will start before 21-Nov-2023.
M00271,TH00136,2023-11-22,purchase@marudharbiofuels.in,salasar@example.in,Requirement rice husk 2023-11,"Requirement 350.6 MT rice husk, delivery on or before 22-Nov-2023. Kindly confirm rate."
M00272,TH00136,2023-11-22,salasar@example.in,purchase@marudharbiofuels.in,RE: Requirement rice husk 2023-11,Ok for 350.6 MT at Rs 2122 per tonne. Loading will start before 22-Nov-2023.
M00273,TH00137,2023-11-25,purchase@marudharbiofuels.in,maa@example.in,Requirement rice husk 2023-11,We need 217.2 MT of rice husk. Can you commit by 25-Nov-2023?
M00274,TH00137,2023-11-25,maa@example.in,purchase@marudharbiofuels.in,RE: Requirement rice husk 2023-11,"Confirmed. We can supply 217.2 MT rice husk at Rs 2070 per MT, delivery by 25-Nov-2023."
M00275,TH00138,2023-11-16,purchase@marudharbiofuels.in,nakoda@example.in,Requirement mustard stalk 2023-11,"Requirement 416.2 MT mustard stalk, delivery on or before 16-Nov-2023. Kindly confirm rate."
M00276,TH00138,2023-11-16,nakoda@example.in,purchase@marudharbiofuels.in,RE: Requirement mustard stalk 2023-11,Ok for 416.2 MT at Rs 2384 per tonne. Loading will start before 16-Nov-2023.
M00277,TH00139,2023-11-20,purchase@marudharbiofuels.in,khatu@example.in,Requirement rice husk 2023-11,We need 305.7 MT of rice husk. Can you commit by 20-Nov-2023?
M00278,TH00139,2023-11-20,khatu@example.in,purchase@marudharbiofuels.in,RE: Requirement rice husk 2023-11,Ok for 305.7 MT at Rs 2136 per tonne. Loading will start before 20-Nov-2023.
M00279,TH00140,2023-11-12,purchase@marudharbiofuels.in,maa@example.in,Requirement rice husk 2023-11,Please confirm availability of 312.7 MT rice husk for delivery by 12-Nov-2023.
M00280,TH00140,2023-11-12,maa@example.in,purchase@marudharbiofuels.in,RE: Requirement rice husk 2023-11,"Yes sir, 312.7 MT available. Rate Rs 2139/MT. Will dispatch before 12-Nov-2023."
M00281,TH00141,2023-11-23,purchase@marudharbiofuels.in,om@example.in,Requirement rice husk 2023-11,"Requirement 214.2 MT rice husk, delivery on or before 23-Nov-2023. Kindly confirm rate."
M00282,TH00141,2023-11-23,om@example.in,purchase@marudharbiofuels.in,RE: Requirement rice husk 2023-11,Accepted. 214.2 MT rice husk @ Rs 2184 PMT. Delivery 23-Nov-2023 positive.
M00283,TH00142,2023-11-14,purchase@marudharbiofuels.in,jai@example.in,Requirement mustard stalk 2023-11,"Requirement 350.2 MT mustard stalk, delivery on or before 14-Nov-2023. Kindly confirm rate."
M00284,TH00142,2023-11-14,jai@example.in,purchase@marudharbiofuels.in,RE: Requirement mustard stalk 2023-11,Accepted. 350.2 MT mustard stalk @ Rs 2394 PMT. Delivery 14-Nov-2023 positive.
M00285,TH00143,2023-11-23,purchase@marudharbiofuels.in,khatu@example.in,Requirement mustard stalk 2023-11,"Requirement 346.0 MT mustard stalk, delivery on or before 23-Nov-2023. Kindly confirm rate."
M00286,TH00143,2023-11-23,khatu@example.in,purchase@marudharbiofuels.in,RE: Requirement mustard stalk 2023-11,"Yes sir, 346.0 MT available. Rate Rs 2433/MT. Will dispatch before 23-Nov-2023."
M00287,TH00144,2023-12-11,purchase@marudharbiofuels.in,shree@example.in,Requirement rice husk 2023-12,"Requirement 198.2 MT rice husk, delivery on or before 11-Dec-2023. Kindly confirm rate."
M00288,TH00144,2023-12-11,shree@example.in,purchase@marudharbiofuels.in,RE: Requirement rice husk 2023-12,"Yes sir, 198.2 MT available. Rate Rs 2101/MT. Will dispatch before 11-Dec-2023."
M00289,TH00145,2023-12-16,purchase@marudharbiofuels.in,maa@example.in,Requirement rice husk 2023-12,Please confirm availability of 204.2 MT rice husk for delivery by 16-Dec-2023.
M00290,TH00145,2023-12-16,maa@example.in,purchase@marudharbiofuels.in,RE: Requirement rice husk 2023-12,Ok for 204.2 MT at Rs 2093 per tonne. Loading will start before 16-Dec-2023.
M00291,TH00146,2023-12-20,purchase@marudharbiofuels.in,jai@example.in,Requirement mustard stalk 2023-12,We need 401.4 MT of mustard stalk. Can you commit by 20-Dec-2023?
M00292,TH00146,2023-12-20,jai@example.in,purchase@marudharbiofuels.in,RE: Requirement mustard stalk 2023-12,"Yes sir, 401.4 MT available. Rate Rs 2406/MT. Will dispatch before 20-Dec-2023."
M00293,TH00147,2023-12-10,purchase@marudharbiofuels.in,salasar@example.in,Requirement rice husk 2023-12,"Requirement 137.5 MT rice husk, delivery on or before 10-Dec-2023. Kindly confirm rate."
M00294,TH00147,2023-12-10,salasar@example.in,purchase@marudharbiofuels.in,RE: Requirement rice husk 2023-12,"Confirmed. We can supply 137.5 MT rice husk at Rs 2080 per MT, delivery by 10-Dec-2023."
M00295,TH00148,2023-12-26,purchase@marudharbiofuels.in,khatu@example.in,Requirement rice husk 2023-12,Please confirm availability of 201.7 MT rice husk for delivery by 26-Dec-2023.
M00296,TH00148,2023-12-26,khatu@example.in,purchase@marudharbiofuels.in,RE: Requirement rice husk 2023-12,"Yes sir, 201.7 MT available. Rate Rs 2101/MT. Will dispatch before 26-Dec-2023."
M00297,TH00149,2023-12-12,purchase@marudharbiofuels.in,shree@example.in,Requirement rice husk 2023-12,Please confirm availability of 258.0 MT rice husk for delivery by 12-Dec-2023.
M00298,TH00149,2023-12-12,shree@example.in,purchase@marudharbiofuels.in,RE: Requirement rice husk 2023-12,"Confirmed. We can supply 258.0 MT rice husk at Rs 1986 per MT, delivery by 12-Dec-2023."
M00299,TH00150,2023-12-18,purchase@marudharbiofuels.in,salasar@example.in,Requirement rice husk 2023-12,"Requirement 177.2 MT rice husk, delivery on or before 18-Dec-2023. Kindly confirm rate."
M00300,TH00150,2023-12-18,salasar@example.in,purchase@marudharbiofuels.in,RE: Requirement rice husk 2023-12,Ok for 177.2 MT at Rs 2058 per tonne. Loading will start before 18-Dec-2023.
M00301,TH00151,2023-12-17,purchase@marudharbiofuels.in,maa@example.in,Requirement mustard stalk 2023-12,Please confirm availability of 251.3 MT mustard stalk for delivery by 17-Dec-2023.
M00302,TH00151,2023-12-17,maa@example.in,purchase@marudharbiofuels.in,RE: Requirement mustard stalk 2023-12,"Yes sir, 251.3 MT available. Rate Rs 2319/MT. Will dispatch before 17-Dec-2023."
M00303,TH00152,2023-12-13,purchase@marudharbiofuels.in,sanwariya@example.in,Requirement rice husk 2023-12,Please confirm availability of 284.3 MT rice husk for delivery by 13-Dec-2023.
M00304,TH00152,2023-12-13,sanwariya@example.in,purchase@marudharbiofuels.in,RE: Requirement rice husk 2023-12,"Confirmed. We can supply 284.3 MT rice husk at Rs 1988 per MT, delivery by 13-Dec-2023."
M00305,TH00153,2023-12-10,purchase@marudharbiofuels.in,sanwariya@example.in,Requirement mustard stalk 2023-12,Please confirm availability of 212.9 MT mustard stalk for delivery by 10-Dec-2023.
M00306,TH00153,2023-12-10,sanwariya@example.in,purchase@marudharbiofuels.in,RE: Requirement mustard stalk 2023-12,"Yes sir, 212.9 MT available. Rate Rs 2423/MT. Will dispatch before 10-Dec-2023."
M00307,TH00154,2023-12-28,purchase@marudharbiofuels.in,nakoda@example.in,Requirement mustard stalk 2023-12,We need 337.6 MT of mustard stalk. Can you commit by 28-Dec-2023?
M00308,TH00154,2023-12-28,nakoda@example.in,purchase@marudharbiofuels.in,RE: Requirement mustard stalk 2023-12,"Confirmed. We can supply 337.6 MT mustard stalk at Rs 2300 per MT, delivery by 28-Dec-2023."
M00309,TH00155,2023-12-11,purchase@marudharbiofuels.in,maa@example.in,Requirement rice husk 2023-12,We need 210.5 MT of rice husk. Can you commit by 11-Dec-2023?
M00310,TH00155,2023-12-11,maa@example.in,purchase@marudharbiofuels.in,RE: Requirement rice husk 2023-12,Accepted. 210.5 MT rice husk @ Rs 2078 PMT. Delivery 11-Dec-2023 positive.
M00311,TH00156,2023-12-21,purchase@marudharbiofuels.in,khatu@example.in,Requirement rice husk 2023-12,We need 183.3 MT of rice husk. Can you commit by 21-Dec-2023?
M00312,TH00156,2023-12-21,khatu@example.in,purchase@marudharbiofuels.in,RE: Requirement rice husk 2023-12,Ok for 183.3 MT at Rs 2084 per tonne. Loading will start before 21-Dec-2023.
M00313,TH00157,2023-12-10,purchase@marudharbiofuels.in,salasar@example.in,Requirement rice husk 2023-12,Please confirm availability of 360.2 MT rice husk for delivery by 10-Dec-2023.
M00314,TH00157,2023-12-10,salasar@example.in,purchase@marudharbiofuels.in,RE: Requirement rice husk 2023-12,"Confirmed. We can supply 360.2 MT rice husk at Rs 1988 per MT, delivery by 10-Dec-2023."
M00315,TH00158,2023-12-16,purchase@marudharbiofuels.in,new@example.in,Requirement rice husk 2023-12,Please confirm availability of 139.3 MT rice husk for delivery by 16-Dec-2023.
M00316,TH00158,2023-12-16,new@example.in,purchase@marudharbiofuels.in,RE: Requirement rice husk 2023-12,Ok for 139.3 MT at Rs 2053 per tonne. Loading will start before 16-Dec-2023.
M00317,TH00159,2024-01-11,purchase@marudharbiofuels.in,maa@example.in,Requirement mustard stalk 2024-01,Please confirm availability of 278.8 MT mustard stalk for delivery by 11-Jan-2024.
M00318,TH00159,2024-01-11,maa@example.in,purchase@marudharbiofuels.in,RE: Requirement mustard stalk 2024-01,"Yes sir, 278.8 MT available. Rate Rs 2342/MT. Will dispatch before 11-Jan-2024."
M00319,TH00160,2024-01-13,purchase@marudharbiofuels.in,new@example.in,Requirement mustard stalk 2024-01,We need 387.4 MT of mustard stalk. Can you commit by 13-Jan-2024?
M00320,TH00160,2024-01-13,new@example.in,purchase@marudharbiofuels.in,RE: Requirement mustard stalk 2024-01,Accepted. 387.4 MT mustard stalk @ Rs 2359 PMT. Delivery 13-Jan-2024 positive.
M00321,TH00161,2024-01-10,purchase@marudharbiofuels.in,maa@example.in,Requirement rice husk 2024-01,"Requirement 242.6 MT rice husk, delivery on or before 10-Jan-2024. Kindly confirm rate."
M00322,TH00161,2024-01-10,maa@example.in,purchase@marudharbiofuels.in,RE: Requirement rice husk 2024-01,"Yes sir, 242.6 MT available. Rate Rs 2054/MT. Will dispatch before 10-Jan-2024."
M00323,TH00162,2024-01-27,purchase@marudharbiofuels.in,salasar@example.in,Requirement rice husk 2024-01,Please confirm availability of 357.6 MT rice husk for delivery by 27-Jan-2024.
M00324,TH00162,2024-01-27,salasar@example.in,purchase@marudharbiofuels.in,RE: Requirement rice husk 2024-01,Accepted. 357.6 MT rice husk @ Rs 2075 PMT. Delivery 27-Jan-2024 positive.
M00325,TH00163,2024-01-12,purchase@marudharbiofuels.in,khatu@example.in,Requirement mustard stalk 2024-01,"Requirement 391.1 MT mustard stalk, delivery on or before 12-Jan-2024. Kindly confirm rate."
M00326,TH00163,2024-01-12,khatu@example.in,purchase@marudharbiofuels.in,RE: Requirement mustard stalk 2024-01,Ok for 391.1 MT at Rs 2385 per tonne. Loading will start before 12-Jan-2024.
M00327,TH00164,2024-01-20,purchase@marudharbiofuels.in,new@example.in,Requirement rice husk 2024-01,We need 372.9 MT of rice husk. Can you commit by 20-Jan-2024?
M00328,TH00164,2024-01-20,new@example.in,purchase@marudharbiofuels.in,RE: Requirement rice husk 2024-01,"Yes sir, 372.9 MT available. Rate Rs 1977/MT. Will dispatch before 20-Jan-2024."
M00329,TH00165,2024-01-10,purchase@marudharbiofuels.in,new@example.in,Requirement rice husk 2024-01,Please confirm availability of 229.5 MT rice husk for delivery by 10-Jan-2024.
M00330,TH00165,2024-01-10,new@example.in,purchase@marudharbiofuels.in,RE: Requirement rice husk 2024-01,"Yes sir, 229.5 MT available. Rate Rs 2029/MT. Will dispatch before 10-Jan-2024."
M00331,TH00166,2024-01-12,purchase@marudharbiofuels.in,jai@example.in,Requirement mustard stalk 2024-01,Please confirm availability of 377.2 MT mustard stalk for delivery by 12-Jan-2024.
M00332,TH00166,2024-01-12,jai@example.in,purchase@marudharbiofuels.in,RE: Requirement mustard stalk 2024-01,Accepted. 377.2 MT mustard stalk @ Rs 2391 PMT. Delivery 12-Jan-2024 positive.
M00333,TH00167,2024-01-27,purchase@marudharbiofuels.in,new@example.in,Requirement rice husk 2024-01,We need 231.7 MT of rice husk. Can you commit by 27-Jan-2024?
M00334,TH00167,2024-01-27,new@example.in,purchase@marudharbiofuels.in,RE: Requirement rice husk 2024-01,Ok for 231.7 MT at Rs 2025 per tonne. Loading will start before 27-Jan-2024.
M00335,TH00168,2024-01-11,purchase@marudharbiofuels.in,shri@example.in,Requirement rice husk 2024-01,"Requirement 128.3 MT rice husk, delivery on or before 11-Jan-2024. Kindly confirm rate."
M00336,TH00168,2024-01-11,shri@example.in,purchase@marudharbiofuels.in,RE: Requirement rice husk 2024-01,"Confirmed. We can supply 128.3 MT rice husk at Rs 1985 per MT, delivery by 11-Jan-2024."
M00337,TH00169,2024-01-13,purchase@marudharbiofuels.in,new@example.in,Requirement rice husk 2024-01,Please confirm availability of 376.4 MT rice husk for delivery by 13-Jan-2024.
M00338,TH00169,2024-01-13,new@example.in,purchase@marudharbiofuels.in,RE: Requirement rice husk 2024-01,Accepted. 376.4 MT rice husk @ Rs 2008 PMT. Delivery 13-Jan-2024 positive.
M00339,TH00170,2024-01-25,purchase@marudharbiofuels.in,salasar@example.in,Requirement rice husk 2024-01,We need 331.2 MT of rice husk. Can you commit by 25-Jan-2024?
M00340,TH00170,2024-01-25,salasar@example.in,purchase@marudharbiofuels.in,RE: Requirement rice husk 2024-01,"Yes sir, 331.2 MT available. Rate Rs 2032/MT. Will dispatch before 25-Jan-2024."
M00341,TH00171,2024-01-13,purchase@marudharbiofuels.in,maa@example.in,Requirement mustard stalk 2024-01,Please confirm availability of 185.1 MT mustard stalk for delivery by 13-Jan-2024.
M00342,TH00171,2024-01-13,maa@example.in,purchase@marudharbiofuels.in,RE: Requirement mustard stalk 2024-01,"Confirmed. We can supply 185.1 MT mustard stalk at Rs 2396 per MT, delivery by 13-Jan-2024."
M00343,TH00172,2024-01-21,purchase@marudharbiofuels.in,sanwariya@example.in,Requirement rice husk 2024-01,We need 383.6 MT of rice husk. Can you commit by 21-Jan-2024?
M00344,TH00172,2024-01-21,sanwariya@example.in,purchase@marudharbiofuels.in,RE: Requirement rice husk 2024-01,Ok for 383.6 MT at Rs 2050 per tonne. Loading will start before 21-Jan-2024.
M00345,TH00173,2024-01-10,purchase@marudharbiofuels.in,maa@example.in,Requirement mustard stalk 2024-01,We need 145.5 MT of mustard stalk. Can you commit by 10-Jan-2024?
M00346,TH00173,2024-01-10,maa@example.in,purchase@marudharbiofuels.in,RE: Requirement mustard stalk 2024-01,"Confirmed. We can supply 145.5 MT mustard stalk at Rs 2355 per MT, delivery by 10-Jan-2024."
M00347,TH00174,2024-01-18,purchase@marudharbiofuels.in,nakoda@example.in,Requirement mustard stalk 2024-01,Please confirm availability of 289.5 MT mustard stalk for delivery by 18-Jan-2024.
M00348,TH00174,2024-01-18,nakoda@example.in,purchase@marudharbiofuels.in,RE: Requirement mustard stalk 2024-01,Accepted. 289.5 MT mustard stalk @ Rs 2282 PMT. Delivery 18-Jan-2024 positive.
M00349,TH00175,2024-01-16,purchase@marudharbiofuels.in,new@example.in,Requirement rice husk 2024-01,We need 273.7 MT of rice husk. Can you commit by 16-Jan-2024?
M00350,TH00175,2024-01-16,new@example.in,purchase@marudharbiofuels.in,RE: Requirement rice husk 2024-01,Accepted. 273.7 MT rice husk @ Rs 2071 PMT. Delivery 16-Jan-2024 positive.
M00351,TH00176,2024-01-16,purchase@marudharbiofuels.in,salasar@example.in,Requirement rice husk 2024-01,Please confirm availability of 249.6 MT rice husk for delivery by 16-Jan-2024.
M00352,TH00176,2024-01-16,salasar@example.in,purchase@marudharbiofuels.in,RE: Requirement rice husk 2024-01,Accepted. 249.6 MT rice husk @ Rs 2009 PMT. Delivery 16-Jan-2024 positive.
M00353,TH00177,2024-02-22,purchase@marudharbiofuels.in,shree@example.in,Requirement rice husk 2024-02,We need 161.4 MT of rice husk. Can you commit by 22-Feb-2024?
M00354,TH00177,2024-02-22,shree@example.in,purchase@marudharbiofuels.in,RE: Requirement rice husk 2024-02,Accepted. 161.4 MT rice husk @ Rs 2057 PMT. Delivery 22-Feb-2024 positive.
M00355,TH00178,2024-02-15,purchase@marudharbiofuels.in,new@example.in,Requirement rice husk 2024-02,We need 313.0 MT of rice husk. Can you commit by 15-Feb-2024?
M00356,TH00178,2024-02-15,new@example.in,purchase@marudharbiofuels.in,RE: Requirement rice husk 2024-02,"Confirmed. We can supply 313.0 MT rice husk at Rs 2020 per MT, delivery by 15-Feb-2024."
M00357,TH00179,2024-02-16,purchase@marudharbiofuels.in,om@example.in,Requirement rice husk 2024-02,We need 238.7 MT of rice husk. Can you commit by 16-Feb-2024?
M00358,TH00179,2024-02-16,om@example.in,purchase@marudharbiofuels.in,RE: Requirement rice husk 2024-02,"Yes sir, 238.7 MT available. Rate Rs 2002/MT. Will dispatch before 16-Feb-2024."
M00359,TH00180,2024-02-14,purchase@marudharbiofuels.in,maa@example.in,Requirement mustard stalk 2024-02,Please confirm availability of 208.3 MT mustard stalk for delivery by 14-Feb-2024.
M00360,TH00180,2024-02-14,maa@example.in,purchase@marudharbiofuels.in,RE: Requirement mustard stalk 2024-02,Ok for 208.3 MT at Rs 2375 per tonne. Loading will start before 14-Feb-2024.
M00361,TH00181,2024-02-12,purchase@marudharbiofuels.in,khatu@example.in,Requirement mustard stalk 2024-02,Please confirm availability of 395.2 MT mustard stalk for delivery by 12-Feb-2024.
M00362,TH00181,2024-02-12,khatu@example.in,purchase@marudharbiofuels.in,RE: Requirement mustard stalk 2024-02,"Yes sir, 395.2 MT available. Rate Rs 2336/MT. Will dispatch before 12-Feb-2024."
M00363,TH00182,2024-02-19,purchase@marudharbiofuels.in,khatu@example.in,Requirement rice husk 2024-02,Please confirm availability of 274.6 MT rice husk for delivery by 19-Feb-2024.
M00364,TH00182,2024-02-19,khatu@example.in,purchase@marudharbiofuels.in,RE: Requirement rice husk 2024-02,"Yes sir, 274.6 MT available. Rate Rs 2068/MT. Will dispatch before 19-Feb-2024."
M00365,TH00183,2024-02-18,purchase@marudharbiofuels.in,maa@example.in,Requirement rice husk 2024-02,Please confirm availability of 168.4 MT rice husk for delivery by 18-Feb-2024.
M00366,TH00183,2024-02-18,maa@example.in,purchase@marudharbiofuels.in,RE: Requirement rice husk 2024-02,Accepted. 168.4 MT rice husk @ Rs 2092 PMT. Delivery 18-Feb-2024 positive.
M00367,TH00184,2024-02-14,purchase@marudharbiofuels.in,khatu@example.in,Requirement mustard stalk 2024-02,We need 245.0 MT of mustard stalk. Can you commit by 14-Feb-2024?
M00368,TH00184,2024-02-14,khatu@example.in,purchase@marudharbiofuels.in,RE: Requirement mustard stalk 2024-02,"Yes sir, 245.0 MT available. Rate Rs 2347/MT. Will dispatch before 14-Feb-2024."
M00369,TH00185,2024-02-28,purchase@marudharbiofuels.in,nakoda@example.in,Requirement mustard stalk 2024-02,"Requirement 125.6 MT mustard stalk, delivery on or before 28-Feb-2024. Kindly confirm rate."
M00370,TH00185,2024-02-28,nakoda@example.in,purchase@marudharbiofuels.in,RE: Requirement mustard stalk 2024-02,"Yes sir, 125.6 MT available. Rate Rs 2400/MT. Will dispatch before 28-Feb-2024."
M00371,TH00186,2024-02-13,purchase@marudharbiofuels.in,shree@example.in,Requirement rice husk 2024-02,We need 275.7 MT of rice husk. Can you commit by 13-Feb-2024?
M00372,TH00186,2024-02-13,shree@example.in,purchase@marudharbiofuels.in,RE: Requirement rice husk 2024-02,Ok for 275.7 MT at Rs 2067 per tonne. Loading will start before 13-Feb-2024.
M00373,TH00187,2024-02-19,purchase@marudharbiofuels.in,new@example.in,Requirement rice husk 2024-02,We need 297.0 MT of rice husk. Can you commit by 19-Feb-2024?
M00374,TH00187,2024-02-19,new@example.in,purchase@marudharbiofuels.in,RE: Requirement rice husk 2024-02,"Yes sir, 297.0 MT available. Rate Rs 2099/MT. Will dispatch before 19-Feb-2024."
M00375,TH00188,2024-02-17,purchase@marudharbiofuels.in,khatu@example.in,Requirement mustard stalk 2024-02,Please confirm availability of 197.1 MT mustard stalk for delivery by 17-Feb-2024.
M00376,TH00188,2024-02-17,khatu@example.in,purchase@marudharbiofuels.in,RE: Requirement mustard stalk 2024-02,"Yes sir, 197.1 MT available. Rate Rs 2409/MT. Will dispatch before 17-Feb-2024."
M00377,TH00189,2024-02-22,purchase@marudharbiofuels.in,shree@example.in,Requirement rice husk 2024-02,"Requirement 340.0 MT rice husk, delivery on or before 22-Feb-2024. Kindly confirm rate."
M00378,TH00189,2024-02-22,shree@example.in,purchase@marudharbiofuels.in,RE: Requirement rice husk 2024-02,Ok for 340.0 MT at Rs 2038 per tonne. Loading will start before 22-Feb-2024.
M00379,TH00190,2024-02-20,purchase@marudharbiofuels.in,khatu@example.in,Requirement mustard stalk 2024-02,We need 227.1 MT of mustard stalk. Can you commit by 20-Feb-2024?
M00380,TH00190,2024-02-20,khatu@example.in,purchase@marudharbiofuels.in,RE: Requirement mustard stalk 2024-02,Accepted. 227.1 MT mustard stalk @ Rs 2404 PMT. Delivery 20-Feb-2024 positive.
M00381,TH00191,2024-02-24,purchase@marudharbiofuels.in,jai@example.in,Requirement mustard stalk 2024-02,Please confirm availability of 213.2 MT mustard stalk for delivery by 24-Feb-2024.
M00382,TH00191,2024-02-24,jai@example.in,purchase@marudharbiofuels.in,RE: Requirement mustard stalk 2024-02,"Confirmed. We can supply 213.2 MT mustard stalk at Rs 2338 per MT, delivery by 24-Feb-2024."
M00383,TH00192,2024-02-10,purchase@marudharbiofuels.in,new@example.in,Requirement rice husk 2024-02,"Requirement 226.6 MT rice husk, delivery on or before 10-Feb-2024. Kindly confirm rate."
M00384,TH00192,2024-02-10,new@example.in,purchase@marudharbiofuels.in,RE: Requirement rice husk 2024-02,Accepted. 226.6 MT rice husk @ Rs 2045 PMT. Delivery 10-Feb-2024 positive.
M00385,TH00193,2024-02-24,purchase@marudharbiofuels.in,jai@example.in,Requirement mustard stalk 2024-02,"Requirement 311.6 MT mustard stalk, delivery on or before 24-Feb-2024. Kindly confirm rate."
M00386,TH00193,2024-02-24,jai@example.in,purchase@marudharbiofuels.in,RE: Requirement mustard stalk 2024-02,"Yes sir, 311.6 MT available. Rate Rs 2335/MT. Will dispatch before 24-Feb-2024."
M00387,TH00194,2024-02-17,purchase@marudharbiofuels.in,maa@example.in,Requirement mustard stalk 2024-02,Please confirm availability of 199.0 MT mustard stalk for delivery by 17-Feb-2024.
M00388,TH00194,2024-02-17,maa@example.in,purchase@marudharbiofuels.in,RE: Requirement mustard stalk 2024-02,Ok for 199.0 MT at Rs 2287 per tonne. Loading will start before 17-Feb-2024.
M00389,TH00195,2024-02-21,purchase@marudharbiofuels.in,shri@example.in,Requirement rice husk 2024-02,We need 197.1 MT of rice husk. Can you commit by 21-Feb-2024?
M00390,TH00195,2024-02-21,shri@example.in,purchase@marudharbiofuels.in,RE: Requirement rice husk 2024-02,Ok for 197.1 MT at Rs 2093 per tonne. Loading will start before 21-Feb-2024.
M00391,TH00196,2024-02-24,purchase@marudharbiofuels.in,khatu@example.in,Requirement mustard stalk 2024-02,"Requirement 309.8 MT mustard stalk, delivery on or before 24-Feb-2024. Kindly confirm rate."
M00392,TH00196,2024-02-24,khatu@example.in,purchase@marudharbiofuels.in,RE: Requirement mustard stalk 2024-02,Accepted. 309.8 MT mustard stalk @ Rs 2396 PMT. Delivery 24-Feb-2024 positive.
M00393,TH00197,2024-02-10,purchase@marudharbiofuels.in,salasar@example.in,Requirement rice husk 2024-02,"Requirement 284.3 MT rice husk, delivery on or before 10-Feb-2024. Kindly confirm rate."
M00394,TH00197,2024-02-10,salasar@example.in,purchase@marudharbiofuels.in,RE: Requirement rice husk 2024-02,Ok for 284.3 MT at Rs 2068 per tonne. Loading will start before 10-Feb-2024.
M00395,TH00198,2024-03-20,purchase@marudharbiofuels.in,sanwariya@example.in,Requirement rice husk 2024-03,We need 375.4 MT of rice husk. Can you commit by 20-Mar-2024?
M00396,TH00198,2024-03-20,sanwariya@example.in,purchase@marudharbiofuels.in,RE: Requirement rice husk 2024-03,"Yes sir, 375.4 MT available. Rate Rs 2002/MT. Will dispatch before 20-Mar-2024."
M00397,TH00199,2024-03-25,purchase@marudharbiofuels.in,jai@example.in,Requirement mustard stalk 2024-03,Please confirm availability of 186.7 MT mustard stalk for delivery by 25-Mar-2024.
M00398,TH00199,2024-03-25,jai@example.in,purchase@marudharbiofuels.in,RE: Requirement mustard stalk 2024-03,"Confirmed. We can supply 186.7 MT mustard stalk at Rs 2227 per MT, delivery by 25-Mar-2024."
M00399,TH00200,2024-03-26,purchase@marudharbiofuels.in,new@example.in,Requirement rice husk 2024-03,"Requirement 277.1 MT rice husk, delivery on or before 26-Mar-2024. Kindly confirm rate."
M00400,TH00200,2024-03-26,new@example.in,purchase@marudharbiofuels.in,RE: Requirement rice husk 2024-03,Accepted. 277.1 MT rice husk @ Rs 2014 PMT. Delivery 26-Mar-2024 positive.
M00401,TH00201,2024-03-13,purchase@marudharbiofuels.in,khatu@example.in,Requirement mustard stalk 2024-03,We need 214.2 MT of mustard stalk. Can you commit by 13-Mar-2024?
M00402,TH00201,2024-03-13,khatu@example.in,purchase@marudharbiofuels.in,RE: Requirement mustard stalk 2024-03,"Confirmed. We can supply 214.2 MT mustard stalk at Rs 2314 per MT, delivery by 13-Mar-2024."
M00403,TH00202,2024-03-19,purchase@marudharbiofuels.in,salasar@example.in,Requirement rice husk 2024-03,We need 193.3 MT of rice husk. Can you commit by 19-Mar-2024?
M00404,TH00202,2024-03-19,salasar@example.in,purchase@marudharbiofuels.in,RE: Requirement rice husk 2024-03,"Confirmed. We can supply 193.3 MT rice husk at Rs 1943 per MT, delivery by 19-Mar-2024."
M00405,TH00203,2024-03-13,purchase@marudharbiofuels.in,salasar@example.in,Requirement rice husk 2024-03,"Requirement 321.7 MT rice husk, delivery on or before 13-Mar-2024. Kindly confirm rate."
M00406,TH00203,2024-03-13,salasar@example.in,purchase@marudharbiofuels.in,RE: Requirement rice husk 2024-03,Accepted. 321.7 MT rice husk @ Rs 1911 PMT. Delivery 13-Mar-2024 positive.
M00407,TH00204,2024-03-17,purchase@marudharbiofuels.in,khatu@example.in,Requirement rice husk 2024-03,Please confirm availability of 324.8 MT rice husk for delivery by 17-Mar-2024.
M00408,TH00204,2024-03-17,khatu@example.in,purchase@marudharbiofuels.in,RE: Requirement rice husk 2024-03,"Yes sir, 324.8 MT available. Rate Rs 1961/MT. Will dispatch before 17-Mar-2024."
M00409,TH00205,2024-03-28,purchase@marudharbiofuels.in,khatu@example.in,Requirement mustard stalk 2024-03,We need 388.8 MT of mustard stalk. Can you commit by 28-Mar-2024?
M00410,TH00205,2024-03-28,khatu@example.in,purchase@marudharbiofuels.in,RE: Requirement mustard stalk 2024-03,"Yes sir, 388.8 MT available. Rate Rs 2250/MT. Will dispatch before 28-Mar-2024."
M00411,TH00206,2024-03-10,purchase@marudharbiofuels.in,new@example.in,Requirement rice husk 2024-03,"Requirement 394.7 MT rice husk, delivery on or before 10-Mar-2024. Kindly confirm rate."
M00412,TH00206,2024-03-10,new@example.in,purchase@marudharbiofuels.in,RE: Requirement rice husk 2024-03,"Yes sir, 394.7 MT available. Rate Rs 1957/MT. Will dispatch before 10-Mar-2024."
M00413,TH00207,2024-03-11,purchase@marudharbiofuels.in,shree@example.in,Requirement rice husk 2024-03,We need 401.5 MT of rice husk. Can you commit by 11-Mar-2024?
M00414,TH00207,2024-03-11,shree@example.in,purchase@marudharbiofuels.in,RE: Requirement rice husk 2024-03,"Yes sir, 401.5 MT available. Rate Rs 2011/MT. Will dispatch before 11-Mar-2024."
M00415,TH00208,2024-03-17,purchase@marudharbiofuels.in,shree@example.in,Requirement rice husk 2024-03,"Requirement 214.8 MT rice husk, delivery on or before 17-Mar-2024. Kindly confirm rate."
M00416,TH00208,2024-03-17,shree@example.in,purchase@marudharbiofuels.in,RE: Requirement rice husk 2024-03,"Confirmed. We can supply 214.8 MT rice husk at Rs 1954 per MT, delivery by 17-Mar-2024."
M00417,TH00209,2024-03-15,purchase@marudharbiofuels.in,jai@example.in,Requirement mustard stalk 2024-03,"Requirement 284.9 MT mustard stalk, delivery on or before 15-Mar-2024. Kindly confirm rate."
M00418,TH00209,2024-03-15,jai@example.in,purchase@marudharbiofuels.in,RE: Requirement mustard stalk 2024-03,"Yes sir, 284.9 MT available. Rate Rs 2210/MT. Will dispatch before 15-Mar-2024."
M00419,TH00210,2024-03-13,purchase@marudharbiofuels.in,sanwariya@example.in,Requirement rice husk 2024-03,We need 354.8 MT of rice husk. Can you commit by 13-Mar-2024?
M00420,TH00210,2024-03-13,sanwariya@example.in,purchase@marudharbiofuels.in,RE: Requirement rice husk 2024-03,"Confirmed. We can supply 354.8 MT rice husk at Rs 1960 per MT, delivery by 13-Mar-2024."
M00421,TH00211,2024-03-17,purchase@marudharbiofuels.in,nakoda@example.in,Requirement rice husk 2024-03,Please confirm availability of 140.6 MT rice husk for delivery by 17-Mar-2024.
M00422,TH00211,2024-03-17,nakoda@example.in,purchase@marudharbiofuels.in,RE: Requirement rice husk 2024-03,"Confirmed. We can supply 140.6 MT rice husk at Rs 1930 per MT, delivery by 17-Mar-2024."
M00423,TH00212,2024-03-19,purchase@marudharbiofuels.in,maa@example.in,Requirement rice husk 2024-03,Please confirm availability of 389.7 MT rice husk for delivery by 19-Mar-2024.
M00424,TH00212,2024-03-19,maa@example.in,purchase@marudharbiofuels.in,RE: Requirement rice husk 2024-03,"Yes sir, 389.7 MT available. Rate Rs 1945/MT. Will dispatch before 19-Mar-2024."
M00425,TH00213,2024-03-27,purchase@marudharbiofuels.in,new@example.in,Requirement rice husk 2024-03,Please confirm availability of 346.2 MT rice husk for delivery by 27-Mar-2024.
M00426,TH00213,2024-03-27,new@example.in,purchase@marudharbiofuels.in,RE: Requirement rice husk 2024-03,Ok for 346.2 MT at Rs 1948 per tonne. Loading will start before 27-Mar-2024.
M00427,TH00214,2024-04-13,purchase@marudharbiofuels.in,maa@example.in,Requirement rice husk 2024-04,We need 381.9 MT of rice husk. Can you commit by 13-Apr-2024?
M00428,TH00214,2024-04-13,maa@example.in,purchase@marudharbiofuels.in,RE: Requirement rice husk 2024-04,"Yes sir, 381.9 MT available. Rate Rs 2106/MT. Will dispatch before 13-Apr-2024."
M00429,TH00215,2024-04-25,purchase@marudharbiofuels.in,sanwariya@example.in,Requirement rice husk 2024-04,We need 368.7 MT of rice husk. Can you commit by 25-Apr-2024?
M00430,TH00215,2024-04-25,sanwariya@example.in,purchase@marudharbiofuels.in,RE: Requirement rice husk 2024-04,Accepted. 368.7 MT rice husk @ Rs 2097 PMT. Delivery 25-Apr-2024 positive.
M00431,TH00216,2024-04-15,purchase@marudharbiofuels.in,maa@example.in,Requirement rice husk 2024-04,"Requirement 416.5 MT rice husk, delivery on or before 15-Apr-2024. Kindly confirm rate."
M00432,TH00216,2024-04-15,maa@example.in,purchase@marudharbiofuels.in,RE: Requirement rice husk 2024-04,"Yes sir, 416.5 MT available. Rate Rs 2080/MT. Will dispatch before 15-Apr-2024."
M00433,TH00217,2024-04-27,purchase@marudharbiofuels.in,jai@example.in,Requirement mustard stalk 2024-04,We need 282.3 MT of mustard stalk. Can you commit by 27-Apr-2024?
M00434,TH00217,2024-04-27,jai@example.in,purchase@marudharbiofuels.in,RE: Requirement mustard stalk 2024-04,Ok for 282.3 MT at Rs 2302 per tonne. Loading will start before 27-Apr-2024.
M00435,TH00218,2024-04-20,purchase@marudharbiofuels.in,new@example.in,Requirement rice husk 2024-04,We need 397.9 MT of rice husk. Can you commit by 20-Apr-2024?
M00436,TH00218,2024-04-20,new@example.in,purchase@marudharbiofuels.in,RE: Requirement rice husk 2024-04,Accepted. 397.9 MT rice husk @ Rs 2111 PMT. Delivery 20-Apr-2024 positive.
M00437,TH00219,2024-04-12,purchase@marudharbiofuels.in,khatu@example.in,Requirement rice husk 2024-04,"Requirement 391.8 MT rice husk, delivery on or before 12-Apr-2024. Kindly confirm rate."
M00438,TH00219,2024-04-12,khatu@example.in,purchase@marudharbiofuels.in,RE: Requirement rice husk 2024-04,"Confirmed. We can supply 391.8 MT rice husk at Rs 2063 per MT, delivery by 12-Apr-2024."
M00439,TH00220,2024-04-18,purchase@marudharbiofuels.in,new@example.in,Requirement rice husk 2024-04,We need 342.2 MT of rice husk. Can you commit by 18-Apr-2024?
M00440,TH00220,2024-04-18,new@example.in,purchase@marudharbiofuels.in,RE: Requirement rice husk 2024-04,Ok for 342.2 MT at Rs 2043 per tonne. Loading will start before 18-Apr-2024.
M00441,TH00221,2024-04-11,purchase@marudharbiofuels.in,khatu@example.in,Requirement rice husk 2024-04,Please confirm availability of 126.2 MT rice husk for delivery by 11-Apr-2024.
M00442,TH00221,2024-04-11,khatu@example.in,purchase@marudharbiofuels.in,RE: Requirement rice husk 2024-04,"Confirmed. We can supply 126.2 MT rice husk at Rs 2047 per MT, delivery by 11-Apr-2024."
M00443,TH00222,2024-04-10,purchase@marudharbiofuels.in,khatu@example.in,Requirement mustard stalk 2024-04,"Requirement 295.4 MT mustard stalk, delivery on or before 10-Apr-2024. Kindly confirm rate."
M00444,TH00222,2024-04-10,khatu@example.in,purchase@marudharbiofuels.in,RE: Requirement mustard stalk 2024-04,Accepted. 295.4 MT mustard stalk @ Rs 2354 PMT. Delivery 10-Apr-2024 positive.
M00445,TH00223,2024-04-19,purchase@marudharbiofuels.in,maa@example.in,Requirement mustard stalk 2024-04,"Requirement 308.8 MT mustard stalk, delivery on or before 19-Apr-2024. Kindly confirm rate."
M00446,TH00223,2024-04-19,maa@example.in,purchase@marudharbiofuels.in,RE: Requirement mustard stalk 2024-04,"Yes sir, 308.8 MT available. Rate Rs 2421/MT. Will dispatch before 19-Apr-2024."
M00447,TH00224,2024-04-19,purchase@marudharbiofuels.in,salasar@example.in,Requirement rice husk 2024-04,"Requirement 363.1 MT rice husk, delivery on or before 19-Apr-2024. Kindly confirm rate."
M00448,TH00224,2024-04-19,salasar@example.in,purchase@marudharbiofuels.in,RE: Requirement rice husk 2024-04,Ok for 363.1 MT at Rs 2018 per tonne. Loading will start before 19-Apr-2024.
M00449,TH00225,2024-04-14,purchase@marudharbiofuels.in,shree@example.in,Requirement rice husk 2024-04,"Requirement 271.7 MT rice husk, delivery on or before 14-Apr-2024. Kindly confirm rate."
M00450,TH00225,2024-04-14,shree@example.in,purchase@marudharbiofuels.in,RE: Requirement rice husk 2024-04,Ok for 271.7 MT at Rs 2104 per tonne. Loading will start before 14-Apr-2024.
M00451,TH00226,2024-04-18,purchase@marudharbiofuels.in,new@example.in,Requirement rice husk 2024-04,Please confirm availability of 147.9 MT rice husk for delivery by 18-Apr-2024.
M00452,TH00226,2024-04-18,new@example.in,purchase@marudharbiofuels.in,RE: Requirement rice husk 2024-04,"Confirmed. We can supply 147.9 MT rice husk at Rs 2022 per MT, delivery by 18-Apr-2024."
M00453,TH00227,2024-04-20,purchase@marudharbiofuels.in,new@example.in,Requirement rice husk 2024-04,We need 343.7 MT of rice husk. Can you commit by 20-Apr-2024?
M00454,TH00227,2024-04-20,new@example.in,purchase@marudharbiofuels.in,RE: Requirement rice husk 2024-04,"Yes sir, 343.7 MT available. Rate Rs 2039/MT. Will dispatch before 20-Apr-2024."
M00455,TH00228,2024-04-26,purchase@marudharbiofuels.in,sanwariya@example.in,Requirement mustard stalk 2024-04,Please confirm availability of 301.5 MT mustard stalk for delivery by 26-Apr-2024.
M00456,TH00228,2024-04-26,sanwariya@example.in,purchase@marudharbiofuels.in,RE: Requirement mustard stalk 2024-04,Ok for 301.5 MT at Rs 2355 per tonne. Loading will start before 26-Apr-2024.
M00457,TH00229,2024-04-16,purchase@marudharbiofuels.in,maa@example.in,Requirement mustard stalk 2024-04,"Requirement 270.1 MT mustard stalk, delivery on or before 16-Apr-2024. Kindly confirm rate."
M00458,TH00229,2024-04-16,maa@example.in,purchase@marudharbiofuels.in,RE: Requirement mustard stalk 2024-04,Accepted. 270.1 MT mustard stalk @ Rs 2323 PMT. Delivery 16-Apr-2024 positive.
M00459,TH00230,2024-04-17,purchase@marudharbiofuels.in,khatu@example.in,Requirement rice husk 2024-04,"Requirement 274.8 MT rice husk, delivery on or before 17-Apr-2024. Kindly confirm rate."
M00460,TH00230,2024-04-17,khatu@example.in,purchase@marudharbiofuels.in,RE: Requirement rice husk 2024-04,Ok for 274.8 MT at Rs 2062 per tonne. Loading will start before 17-Apr-2024.
M00461,TH00231,2024-04-24,purchase@marudharbiofuels.in,salasar@example.in,Requirement rice husk 2024-04,"Requirement 187.1 MT rice husk, delivery on or before 24-Apr-2024. Kindly confirm rate."
M00462,TH00231,2024-04-24,salasar@example.in,purchase@marudharbiofuels.in,RE: Requirement rice husk 2024-04,"Yes sir, 187.1 MT available. Rate Rs 2008/MT. Will dispatch before 24-Apr-2024."
M00463,TH00232,2024-04-14,purchase@marudharbiofuels.in,sanwariya@example.in,Requirement rice husk 2024-04,We need 370.6 MT of rice husk. Can you commit by 14-Apr-2024?
M00464,TH00232,2024-04-14,sanwariya@example.in,purchase@marudharbiofuels.in,RE: Requirement rice husk 2024-04,Ok for 370.6 MT at Rs 2092 per tonne. Loading will start before 14-Apr-2024.
M00465,TH00233,2024-04-18,purchase@marudharbiofuels.in,sanwariya@example.in,Requirement rice husk 2024-04,"Requirement 171.3 MT rice husk, delivery on or before 18-Apr-2024. Kindly confirm rate."
M00466,TH00233,2024-04-18,sanwariya@example.in,purchase@marudharbiofuels.in,RE: Requirement rice husk 2024-04,"Confirmed. We can supply 171.3 MT rice husk at Rs 2096 per MT, delivery by 18-Apr-2024."
M00467,TH00234,2024-04-27,purchase@marudharbiofuels.in,maa@example.in,Requirement rice husk 2024-04,Please confirm availability of 187.2 MT rice husk for delivery by 27-Apr-2024.
M00468,TH00234,2024-04-27,maa@example.in,purchase@marudharbiofuels.in,RE: Requirement rice husk 2024-04,Ok for 187.2 MT at Rs 1998 per tonne. Loading will start before 27-Apr-2024.
M00469,TH00235,2024-04-22,purchase@marudharbiofuels.in,maa@example.in,Requirement mustard stalk 2024-04,Please confirm availability of 347.9 MT mustard stalk for delivery by 22-Apr-2024.
M00470,TH00235,2024-04-22,maa@example.in,purchase@marudharbiofuels.in,RE: Requirement mustard stalk 2024-04,"Yes sir, 347.9 MT available. Rate Rs 2321/MT. Will dispatch before 22-Apr-2024."
M00471,TH00236,2024-05-22,purchase@marudharbiofuels.in,jai@example.in,Requirement mustard stalk 2024-05,We need 138.7 MT of mustard stalk. Can you commit by 22-May-2024?
M00472,TH00236,2024-05-22,jai@example.in,purchase@marudharbiofuels.in,RE: Requirement mustard stalk 2024-05,"Yes sir, 138.7 MT available. Rate Rs 2388/MT. Will dispatch before 22-May-2024."
M00473,TH00237,2024-05-27,purchase@marudharbiofuels.in,maa@example.in,Requirement rice husk 2024-05,"Requirement 270.1 MT rice husk, delivery on or before 27-May-2024. Kindly confirm rate."
M00474,TH00237,2024-05-27,maa@example.in,purchase@marudharbiofuels.in,RE: Requirement rice husk 2024-05,Accepted. 270.1 MT rice husk @ Rs 2087 PMT. Delivery 27-May-2024 positive.
M00475,TH00238,2024-05-25,purchase@marudharbiofuels.in,nakoda@example.in,Requirement mustard stalk 2024-05,Please confirm availability of 247.1 MT mustard stalk for delivery by 25-May-2024.
M00476,TH00238,2024-05-25,nakoda@example.in,purchase@marudharbiofuels.in,RE: Requirement mustard stalk 2024-05,"Confirmed. We can supply 247.1 MT mustard stalk at Rs 2451 per MT, delivery by 25-May-2024."
M00477,TH00239,2024-05-26,purchase@marudharbiofuels.in,khatu@example.in,Requirement mustard stalk 2024-05,We need 174.7 MT of mustard stalk. Can you commit by 26-May-2024?
M00478,TH00239,2024-05-26,khatu@example.in,purchase@marudharbiofuels.in,RE: Requirement mustard stalk 2024-05,"Yes sir, 174.7 MT available. Rate Rs 2393/MT. Will dispatch before 26-May-2024."
M00479,TH00240,2024-05-16,purchase@marudharbiofuels.in,khatu@example.in,Requirement rice husk 2024-05,We need 126.2 MT of rice husk. Can you commit by 16-May-2024?
M00480,TH00240,2024-05-16,khatu@example.in,purchase@marudharbiofuels.in,RE: Requirement rice husk 2024-05,"Yes sir, 126.2 MT available. Rate Rs 2118/MT. Will dispatch before 16-May-2024."
M00481,TH00241,2024-05-16,purchase@marudharbiofuels.in,maa@example.in,Requirement mustard stalk 2024-05,Please confirm availability of 358.5 MT mustard stalk for delivery by 16-May-2024.
M00482,TH00241,2024-05-16,maa@example.in,purchase@marudharbiofuels.in,RE: Requirement mustard stalk 2024-05,"Confirmed. We can supply 358.5 MT mustard stalk at Rs 2388 per MT, delivery by 16-May-2024."
M00483,TH00242,2024-05-27,purchase@marudharbiofuels.in,salasar@example.in,Requirement mustard stalk 2024-05,We need 141.5 MT of mustard stalk. Can you commit by 27-May-2024?
M00484,TH00242,2024-05-27,salasar@example.in,purchase@marudharbiofuels.in,RE: Requirement mustard stalk 2024-05,Ok for 141.5 MT at Rs 2463 per tonne. Loading will start before 27-May-2024.
M00485,TH00243,2024-05-23,purchase@marudharbiofuels.in,new@example.in,Requirement rice husk 2024-05,"Requirement 375.5 MT rice husk, delivery on or before 23-May-2024. Kindly confirm rate."
M00486,TH00243,2024-05-23,new@example.in,purchase@marudharbiofuels.in,RE: Requirement rice husk 2024-05,Accepted. 375.5 MT rice husk @ Rs 2172 PMT. Delivery 23-May-2024 positive.
M00487,TH00244,2024-05-14,purchase@marudharbiofuels.in,khatu@example.in,Requirement mustard stalk 2024-05,"Requirement 198.2 MT mustard stalk, delivery on or before 14-May-2024. Kindly confirm rate."
M00488,TH00244,2024-05-14,khatu@example.in,purchase@marudharbiofuels.in,RE: Requirement mustard stalk 2024-05,"Yes sir, 198.2 MT available. Rate Rs 2470/MT. Will dispatch before 14-May-2024."
M00489,TH00245,2024-05-23,purchase@marudharbiofuels.in,salasar@example.in,Requirement rice husk 2024-05,We need 175.8 MT of rice husk. Can you commit by 23-May-2024?
M00490,TH00245,2024-05-23,salasar@example.in,purchase@marudharbiofuels.in,RE: Requirement rice husk 2024-05,"Confirmed. We can supply 175.8 MT rice husk at Rs 2061 per MT, delivery by 23-May-2024."
M00491,TH00246,2024-05-11,purchase@marudharbiofuels.in,khatu@example.in,Requirement mustard stalk 2024-05,We need 378.6 MT of mustard stalk. Can you commit by 11-May-2024?
M00492,TH00246,2024-05-11,khatu@example.in,purchase@marudharbiofuels.in,RE: Requirement mustard stalk 2024-05,"Confirmed. We can supply 378.6 MT mustard stalk at Rs 2443 per MT, delivery by 11-May-2024."
M00493,TH00247,2024-05-15,purchase@marudharbiofuels.in,sanwariya@example.in,Requirement rice husk 2024-05,Please confirm availability of 347.0 MT rice husk for delivery by 15-May-2024.
M00494,TH00247,2024-05-15,sanwariya@example.in,purchase@marudharbiofuels.in,RE: Requirement rice husk 2024-05,"Yes sir, 347.0 MT available. Rate Rs 2105/MT. Will dispatch before 15-May-2024."
M00495,TH00248,2024-05-26,purchase@marudharbiofuels.in,jai@example.in,Requirement mustard stalk 2024-05,"Requirement 137.1 MT mustard stalk, delivery on or before 26-May-2024. Kindly confirm rate."
M00496,TH00248,2024-05-26,jai@example.in,purchase@marudharbiofuels.in,RE: Requirement mustard stalk 2024-05,"Confirmed. We can supply 137.1 MT mustard stalk at Rs 2445 per MT, delivery by 26-May-2024."
M00497,TH00249,2024-05-12,purchase@marudharbiofuels.in,khatu@example.in,Requirement mustard stalk 2024-05,Please confirm availability of 127.5 MT mustard stalk for delivery by 12-May-2024.
M00498,TH00249,2024-05-12,khatu@example.in,purchase@marudharbiofuels.in,RE: Requirement mustard stalk 2024-05,"Yes sir, 127.5 MT available. Rate Rs 2367/MT. Will dispatch before 12-May-2024."
M00499,TH00250,2024-05-27,purchase@marudharbiofuels.in,shree@example.in,Requirement rice husk 2024-05,"Requirement 190.6 MT rice husk, delivery on or before 27-May-2024. Kindly confirm rate."
M00500,TH00250,2024-05-27,shree@example.in,purchase@marudharbiofuels.in,RE: Requirement rice husk 2024-05,Ok for 190.6 MT at Rs 2174 per tonne. Loading will start before 27-May-2024.
M00501,TH00251,2024-05-12,purchase@marudharbiofuels.in,shree@example.in,Requirement rice husk 2024-05,We need 201.6 MT of rice husk. Can you commit by 12-May-2024?
M00502,TH00251,2024-05-12,shree@example.in,purchase@marudharbiofuels.in,RE: Requirement rice husk 2024-05,"Confirmed. We can supply 201.6 MT rice husk at Rs 2152 per MT, delivery by 12-May-2024."
M00503,TH00252,2024-06-14,purchase@marudharbiofuels.in,maa@example.in,Requirement mustard stalk 2024-06,Please confirm availability of 370.6 MT mustard stalk for delivery by 14-Jun-2024.
M00504,TH00252,2024-06-14,maa@example.in,purchase@marudharbiofuels.in,RE: Requirement mustard stalk 2024-06,Ok for 370.6 MT at Rs 2509 per tonne. Loading will start before 14-Jun-2024.
M00505,TH00253,2024-06-15,purchase@marudharbiofuels.in,maa@example.in,Requirement mustard stalk 2024-06,We need 120.9 MT of mustard stalk. Can you commit by 15-Jun-2024?
M00506,TH00253,2024-06-15,maa@example.in,purchase@marudharbiofuels.in,RE: Requirement mustard stalk 2024-06,"Confirmed. We can supply 120.9 MT mustard stalk at Rs 2558 per MT, delivery by 15-Jun-2024."
M00507,TH00254,2024-06-10,purchase@marudharbiofuels.in,shree@example.in,Requirement rice husk 2024-06,We need 397.5 MT of rice husk. Can you commit by 10-Jun-2024?
M00508,TH00254,2024-06-10,shree@example.in,purchase@marudharbiofuels.in,RE: Requirement rice husk 2024-06,Accepted. 397.5 MT rice husk @ Rs 2140 PMT. Delivery 10-Jun-2024 positive.
M00509,TH00255,2024-06-27,purchase@marudharbiofuels.in,khatu@example.in,Requirement rice husk 2024-06,"Requirement 212.0 MT rice husk, delivery on or before 27-Jun-2024. Kindly confirm rate."
M00510,TH00255,2024-06-27,khatu@example.in,purchase@marudharbiofuels.in,RE: Requirement rice husk 2024-06,Accepted. 212.0 MT rice husk @ Rs 2153 PMT. Delivery 27-Jun-2024 positive.
M00511,TH00256,2024-06-14,purchase@marudharbiofuels.in,jai@example.in,Requirement mustard stalk 2024-06,"Requirement 189.2 MT mustard stalk, delivery on or before 14-Jun-2024. Kindly confirm rate."
M00512,TH00256,2024-06-14,jai@example.in,purchase@marudharbiofuels.in,RE: Requirement mustard stalk 2024-06,"Yes sir, 189.2 MT available. Rate Rs 2556/MT. Will dispatch before 14-Jun-2024."
M00513,TH00257,2024-06-13,purchase@marudharbiofuels.in,shree@example.in,Requirement rice husk 2024-06,Please confirm availability of 297.9 MT rice husk for delivery by 13-Jun-2024.
M00514,TH00257,2024-06-13,shree@example.in,purchase@marudharbiofuels.in,RE: Requirement rice husk 2024-06,Ok for 297.9 MT at Rs 2144 per tonne. Loading will start before 13-Jun-2024.
M00515,TH00258,2024-06-16,purchase@marudharbiofuels.in,sanwariya@example.in,Requirement rice husk 2024-06,We need 213.9 MT of rice husk. Can you commit by 16-Jun-2024?
M00516,TH00258,2024-06-16,sanwariya@example.in,purchase@marudharbiofuels.in,RE: Requirement rice husk 2024-06,"Yes sir, 213.9 MT available. Rate Rs 2202/MT. Will dispatch before 16-Jun-2024."
M00517,TH00259,2024-06-22,purchase@marudharbiofuels.in,shree@example.in,Requirement rice husk 2024-06,Please confirm availability of 161.9 MT rice husk for delivery by 22-Jun-2024.
M00518,TH00259,2024-06-22,shree@example.in,purchase@marudharbiofuels.in,RE: Requirement rice husk 2024-06,"Yes sir, 161.9 MT available. Rate Rs 2207/MT. Will dispatch before 22-Jun-2024."
M00519,TH00260,2024-06-23,purchase@marudharbiofuels.in,maa@example.in,Requirement mustard stalk 2024-06,Please confirm availability of 218.0 MT mustard stalk for delivery by 23-Jun-2024.
M00520,TH00260,2024-06-23,maa@example.in,purchase@marudharbiofuels.in,RE: Requirement mustard stalk 2024-06,Ok for 218.0 MT at Rs 2472 per tonne. Loading will start before 23-Jun-2024.
M00521,TH00261,2024-06-26,purchase@marudharbiofuels.in,new@example.in,Requirement rice husk 2024-06,We need 282.1 MT of rice husk. Can you commit by 26-Jun-2024?
M00522,TH00261,2024-06-26,new@example.in,purchase@marudharbiofuels.in,RE: Requirement rice husk 2024-06,"Yes sir, 282.1 MT available. Rate Rs 2176/MT. Will dispatch before 26-Jun-2024."
M00523,TH00262,2024-06-11,purchase@marudharbiofuels.in,salasar@example.in,Requirement mustard stalk 2024-06,We need 218.2 MT of mustard stalk. Can you commit by 11-Jun-2024?
M00524,TH00262,2024-06-11,salasar@example.in,purchase@marudharbiofuels.in,RE: Requirement mustard stalk 2024-06,"Yes sir, 218.2 MT available. Rate Rs 2469/MT. Will dispatch before 11-Jun-2024."
M00525,TH00263,2024-06-23,purchase@marudharbiofuels.in,new@example.in,Requirement rice husk 2024-06,We need 337.5 MT of rice husk. Can you commit by 23-Jun-2024?
M00526,TH00263,2024-06-23,new@example.in,purchase@marudharbiofuels.in,RE: Requirement rice husk 2024-06,Ok for 337.5 MT at Rs 2137 per tonne. Loading will start before 23-Jun-2024.
M00527,TH00264,2024-06-24,purchase@marudharbiofuels.in,khatu@example.in,Requirement mustard stalk 2024-06,We need 292.6 MT of mustard stalk. Can you commit by 24-Jun-2024?
M00528,TH00264,2024-06-24,khatu@example.in,purchase@marudharbiofuels.in,RE: Requirement mustard stalk 2024-06,"Confirmed. We can supply 292.6 MT mustard stalk at Rs 2448 per MT, delivery by 24-Jun-2024."
M00529,TH00265,2024-06-24,purchase@marudharbiofuels.in,shree@example.in,Requirement rice husk 2024-06,"Requirement 127.8 MT rice husk, delivery on or before 24-Jun-2024. Kindly confirm rate."
M00530,TH00265,2024-06-24,shree@example.in,purchase@marudharbiofuels.in,RE: Requirement rice husk 2024-06,"Confirmed. We can supply 127.8 MT rice husk at Rs 2195 per MT, delivery by 24-Jun-2024."
M00531,TH00266,2024-06-25,purchase@marudharbiofuels.in,shree@example.in,Requirement rice husk 2024-06,We need 237.5 MT of rice husk. Can you commit by 25-Jun-2024?
M00532,TH00266,2024-06-25,shree@example.in,purchase@marudharbiofuels.in,RE: Requirement rice husk 2024-06,Accepted. 237.5 MT rice husk @ Rs 2191 PMT. Delivery 25-Jun-2024 positive.
M00533,TH00267,2024-07-22,purchase@marudharbiofuels.in,salasar@example.in,Requirement rice husk 2024-07,Please confirm availability of 128.4 MT rice husk for delivery by 22-Jul-2024.
M00534,TH00267,2024-07-22,salasar@example.in,purchase@marudharbiofuels.in,RE: Requirement rice husk 2024-07,"Confirmed. We can supply 128.4 MT rice husk at Rs 2285 per MT, delivery by 22-Jul-2024."
M00535,TH00268,2024-07-24,purchase@marudharbiofuels.in,khatu@example.in,Requirement mustard stalk 2024-07,We need 392.4 MT of mustard stalk. Can you commit by 24-Jul-2024?
M00536,TH00268,2024-07-24,khatu@example.in,purchase@marudharbiofuels.in,RE: Requirement mustard stalk 2024-07,Accepted. 392.4 MT mustard stalk @ Rs 2580 PMT. Delivery 24-Jul-2024 positive.
M00537,TH00269,2024-07-18,purchase@marudharbiofuels.in,maa@example.in,Requirement mustard stalk 2024-07,Please confirm availability of 149.6 MT mustard stalk for delivery by 18-Jul-2024.
M00538,TH00269,2024-07-18,maa@example.in,purchase@marudharbiofuels.in,RE: Requirement mustard stalk 2024-07,"Yes sir, 149.6 MT available. Rate Rs 2653/MT. Will dispatch before 18-Jul-2024."
M00539,TH00270,2024-07-17,purchase@marudharbiofuels.in,nakoda@example.in,Requirement mustard stalk 2024-07,"Requirement 406.2 MT mustard stalk, delivery on or before 17-Jul-2024. Kindly confirm rate."
M00540,TH00270,2024-07-17,nakoda@example.in,purchase@marudharbiofuels.in,RE: Requirement mustard stalk 2024-07,Ok for 406.2 MT at Rs 2565 per tonne. Loading will start before 17-Jul-2024.
M00541,TH00271,2024-07-16,purchase@marudharbiofuels.in,maa@example.in,Requirement rice husk 2024-07,Please confirm availability of 226.8 MT rice husk for delivery by 16-Jul-2024.
M00542,TH00271,2024-07-16,maa@example.in,purchase@marudharbiofuels.in,RE: Requirement rice husk 2024-07,"Yes sir, 226.8 MT available. Rate Rs 2232/MT. Will dispatch before 16-Jul-2024."
M00543,TH00272,2024-07-21,purchase@marudharbiofuels.in,new@example.in,Requirement mustard stalk 2024-07,Please confirm availability of 247.7 MT mustard stalk for delivery by 21-Jul-2024.
M00544,TH00272,2024-07-21,new@example.in,purchase@marudharbiofuels.in,RE: Requirement mustard stalk 2024-07,"Confirmed. We can supply 247.7 MT mustard stalk at Rs 2578 per MT, delivery by 21-Jul-2024."
M00545,TH00273,2024-07-10,purchase@marudharbiofuels.in,salasar@example.in,Requirement rice husk 2024-07,Please confirm availability of 285.9 MT rice husk for delivery by 10-Jul-2024.
M00546,TH00273,2024-07-10,salasar@example.in,purchase@marudharbiofuels.in,RE: Requirement rice husk 2024-07,Ok for 285.9 MT at Rs 2242 per tonne. Loading will start before 10-Jul-2024.
M00547,TH00274,2024-07-19,purchase@marudharbiofuels.in,khatu@example.in,Requirement rice husk 2024-07,Please confirm availability of 150.8 MT rice husk for delivery by 19-Jul-2024.
M00548,TH00274,2024-07-19,khatu@example.in,purchase@marudharbiofuels.in,RE: Requirement rice husk 2024-07,"Confirmed. We can supply 150.8 MT rice husk at Rs 2205 per MT, delivery by 19-Jul-2024."
M00549,TH00275,2024-07-15,purchase@marudharbiofuels.in,maa@example.in,Requirement rice husk 2024-07,We need 211.3 MT of rice husk. Can you commit by 15-Jul-2024?
M00550,TH00275,2024-07-15,maa@example.in,purchase@marudharbiofuels.in,RE: Requirement rice husk 2024-07,Ok for 211.3 MT at Rs 2330 per tonne. Loading will start before 15-Jul-2024.
M00551,TH00276,2024-07-20,purchase@marudharbiofuels.in,sanwariya@example.in,Requirement rice husk 2024-07,"Requirement 196.0 MT rice husk, delivery on or before 20-Jul-2024. Kindly confirm rate."
M00552,TH00276,2024-07-20,sanwariya@example.in,purchase@marudharbiofuels.in,RE: Requirement rice husk 2024-07,"Yes sir, 196.0 MT available. Rate Rs 2326/MT. Will dispatch before 20-Jul-2024."
M00553,TH00277,2024-07-11,purchase@marudharbiofuels.in,shree@example.in,Requirement rice husk 2024-07,"Requirement 308.9 MT rice husk, delivery on or before 11-Jul-2024. Kindly confirm rate."
M00554,TH00277,2024-07-11,shree@example.in,purchase@marudharbiofuels.in,RE: Requirement rice husk 2024-07,"Confirmed. We can supply 308.9 MT rice husk at Rs 2225 per MT, delivery by 11-Jul-2024."
M00555,TH00278,2024-07-15,purchase@marudharbiofuels.in,new@example.in,Requirement rice husk 2024-07,"Requirement 146.4 MT rice husk, delivery on or before 15-Jul-2024. Kindly confirm rate."
M00556,TH00278,2024-07-15,new@example.in,purchase@marudharbiofuels.in,RE: Requirement rice husk 2024-07,"Yes sir, 146.4 MT available. Rate Rs 2294/MT. Will dispatch before 15-Jul-2024."
M00557,TH00279,2024-07-11,purchase@marudharbiofuels.in,shree@example.in,Requirement rice husk 2024-07,"Requirement 404.5 MT rice husk, delivery on or before 11-Jul-2024. Kindly confirm rate."
M00558,TH00279,2024-07-11,shree@example.in,purchase@marudharbiofuels.in,RE: Requirement rice husk 2024-07,"Yes sir, 404.5 MT available. Rate Rs 2282/MT. Will dispatch before 11-Jul-2024."
M00559,TH00280,2024-07-23,purchase@marudharbiofuels.in,sanwariya@example.in,Requirement rice husk 2024-07,"Requirement 193.6 MT rice husk, delivery on or before 23-Jul-2024. Kindly confirm rate."
M00560,TH00280,2024-07-23,sanwariya@example.in,purchase@marudharbiofuels.in,RE: Requirement rice husk 2024-07,"Yes sir, 193.6 MT available. Rate Rs 2333/MT. Will dispatch before 23-Jul-2024."
M00561,TH00281,2024-07-22,purchase@marudharbiofuels.in,khatu@example.in,Requirement mustard stalk 2024-07,Please confirm availability of 409.0 MT mustard stalk for delivery by 22-Jul-2024.
M00562,TH00281,2024-07-22,khatu@example.in,purchase@marudharbiofuels.in,RE: Requirement mustard stalk 2024-07,"Yes sir, 409.0 MT available. Rate Rs 2580/MT. Will dispatch before 22-Jul-2024."
M00563,TH00282,2024-07-14,purchase@marudharbiofuels.in,nakoda@example.in,Requirement mustard stalk 2024-07,Please confirm availability of 385.2 MT mustard stalk for delivery by 14-Jul-2024.
M00564,TH00282,2024-07-14,nakoda@example.in,purchase@marudharbiofuels.in,RE: Requirement mustard stalk 2024-07,"Yes sir, 385.2 MT available. Rate Rs 2617/MT. Will dispatch before 14-Jul-2024."
M00565,TH00283,2024-07-26,purchase@marudharbiofuels.in,maa@example.in,Requirement mustard stalk 2024-07,Please confirm availability of 402.6 MT mustard stalk for delivery by 26-Jul-2024.
M00566,TH00283,2024-07-26,maa@example.in,purchase@marudharbiofuels.in,RE: Requirement mustard stalk 2024-07,"Yes sir, 402.6 MT available. Rate Rs 2616/MT. Will dispatch before 26-Jul-2024."
M00567,TH00284,2024-07-11,purchase@marudharbiofuels.in,salasar@example.in,Requirement rice husk 2024-07,"Requirement 323.8 MT rice husk, delivery on or before 11-Jul-2024. Kindly confirm rate."
M00568,TH00284,2024-07-11,salasar@example.in,purchase@marudharbiofuels.in,RE: Requirement rice husk 2024-07,Accepted. 323.8 MT rice husk @ Rs 2249 PMT. Delivery 11-Jul-2024 positive.
M00569,TH00285,2024-07-24,purchase@marudharbiofuels.in,khatu@example.in,Requirement rice husk 2024-07,"Requirement 255.0 MT rice husk, delivery on or before 24-Jul-2024. Kindly confirm rate."
M00570,TH00285,2024-07-24,khatu@example.in,purchase@marudharbiofuels.in,RE: Requirement rice husk 2024-07,Ok for 255.0 MT at Rs 2321 per tonne. Loading will start before 24-Jul-2024.
M00571,TH00286,2024-07-15,purchase@marudharbiofuels.in,jai@example.in,Requirement mustard stalk 2024-07,We need 378.8 MT of mustard stalk. Can you commit by 15-Jul-2024?
M00572,TH00286,2024-07-15,jai@example.in,purchase@marudharbiofuels.in,RE: Requirement mustard stalk 2024-07,Ok for 378.8 MT at Rs 2618 per tonne. Loading will start before 15-Jul-2024.
M00573,TH00287,2024-07-14,purchase@marudharbiofuels.in,jai@example.in,Requirement mustard stalk 2024-07,We need 198.5 MT of mustard stalk. Can you commit by 14-Jul-2024?
M00574,TH00287,2024-07-14,jai@example.in,purchase@marudharbiofuels.in,RE: Requirement mustard stalk 2024-07,Ok for 198.5 MT at Rs 2636 per tonne. Loading will start before 14-Jul-2024.
M00575,TH00288,2024-07-24,purchase@marudharbiofuels.in,new@example.in,Requirement rice husk 2024-07,Please confirm availability of 287.0 MT rice husk for delivery by 24-Jul-2024.
M00576,TH00288,2024-07-24,new@example.in,purchase@marudharbiofuels.in,RE: Requirement rice husk 2024-07,"Yes sir, 287.0 MT available. Rate Rs 2286/MT. Will dispatch before 24-Jul-2024."
M00577,TH00289,2024-08-14,purchase@marudharbiofuels.in,om@example.in,Requirement rice husk 2024-08,"Requirement 287.6 MT rice husk, delivery on or before 14-Aug-2024. Kindly confirm rate."
M00578,TH00289,2024-08-14,om@example.in,purchase@marudharbiofuels.in,RE: Requirement rice husk 2024-08,Accepted. 287.6 MT rice husk @ Rs 2358 PMT. Delivery 14-Aug-2024 positive.
M00579,TH00290,2024-08-21,purchase@marudharbiofuels.in,nakoda@example.in,Requirement mustard stalk 2024-08,Please confirm availability of 341.2 MT mustard stalk for delivery by 21-Aug-2024.
M00580,TH00290,2024-08-21,nakoda@example.in,purchase@marudharbiofuels.in,RE: Requirement mustard stalk 2024-08,Accepted. 341.2 MT mustard stalk @ Rs 2725 PMT. Delivery 21-Aug-2024 positive.
M00581,TH00291,2024-08-20,purchase@marudharbiofuels.in,nakoda@example.in,Requirement mustard stalk 2024-08,Please confirm availability of 299.1 MT mustard stalk for delivery by 20-Aug-2024.
M00582,TH00291,2024-08-20,nakoda@example.in,purchase@marudharbiofuels.in,RE: Requirement mustard stalk 2024-08,Ok for 299.1 MT at Rs 2691 per tonne. Loading will start before 20-Aug-2024.
M00583,TH00292,2024-08-15,purchase@marudharbiofuels.in,maa@example.in,Requirement rice husk 2024-08,Please confirm availability of 337.9 MT rice husk for delivery by 15-Aug-2024.
M00584,TH00292,2024-08-15,maa@example.in,purchase@marudharbiofuels.in,RE: Requirement rice husk 2024-08,Ok for 337.9 MT at Rs 2264 per tonne. Loading will start before 15-Aug-2024.
M00585,TH00293,2024-08-25,purchase@marudharbiofuels.in,maa@example.in,Requirement mustard stalk 2024-08,"Requirement 235.1 MT mustard stalk, delivery on or before 25-Aug-2024. Kindly confirm rate."
M00586,TH00293,2024-08-25,maa@example.in,purchase@marudharbiofuels.in,RE: Requirement mustard stalk 2024-08,Accepted. 235.1 MT mustard stalk @ Rs 2646 PMT. Delivery 25-Aug-2024 positive.
M00587,TH00294,2024-08-22,purchase@marudharbiofuels.in,salasar@example.in,Requirement rice husk 2024-08,"Requirement 418.6 MT rice husk, delivery on or before 22-Aug-2024. Kindly confirm rate."
M00588,TH00294,2024-08-22,salasar@example.in,purchase@marudharbiofuels.in,RE: Requirement rice husk 2024-08,"Yes sir, 418.6 MT available. Rate Rs 2267/MT. Will dispatch before 22-Aug-2024."
M00589,TH00295,2024-08-23,purchase@marudharbiofuels.in,maa@example.in,Requirement rice husk 2024-08,We need 126.4 MT of rice husk. Can you commit by 23-Aug-2024?
M00590,TH00295,2024-08-23,maa@example.in,purchase@marudharbiofuels.in,RE: Requirement rice husk 2024-08,"Confirmed. We can supply 126.4 MT rice husk at Rs 2369 per MT, delivery by 23-Aug-2024."
M00591,TH00296,2024-08-25,purchase@marudharbiofuels.in,new@example.in,Requirement rice husk 2024-08,Please confirm availability of 399.2 MT rice husk for delivery by 25-Aug-2024.
M00592,TH00296,2024-08-25,new@example.in,purchase@marudharbiofuels.in,RE: Requirement rice husk 2024-08,Accepted. 399.2 MT rice husk @ Rs 2292 PMT. Delivery 25-Aug-2024 positive.
M00593,TH00297,2024-08-14,purchase@marudharbiofuels.in,new@example.in,Requirement mustard stalk 2024-08,Please confirm availability of 198.5 MT mustard stalk for delivery by 14-Aug-2024.
M00594,TH00297,2024-08-14,new@example.in,purchase@marudharbiofuels.in,RE: Requirement mustard stalk 2024-08,"Yes sir, 198.5 MT available. Rate Rs 2738/MT. Will dispatch before 14-Aug-2024."
M00595,TH00298,2024-08-21,purchase@marudharbiofuels.in,new@example.in,Requirement rice husk 2024-08,We need 408.1 MT of rice husk. Can you commit by 21-Aug-2024?
M00596,TH00298,2024-08-21,new@example.in,purchase@marudharbiofuels.in,RE: Requirement rice husk 2024-08,Accepted. 408.1 MT rice husk @ Rs 2356 PMT. Delivery 21-Aug-2024 positive.
M00597,TH00299,2024-08-25,purchase@marudharbiofuels.in,sanwariya@example.in,Requirement rice husk 2024-08,Please confirm availability of 143.2 MT rice husk for delivery by 25-Aug-2024.
M00598,TH00299,2024-08-25,sanwariya@example.in,purchase@marudharbiofuels.in,RE: Requirement rice husk 2024-08,Ok for 143.2 MT at Rs 2258 per tonne. Loading will start before 25-Aug-2024.
M00599,TH00300,2024-08-17,purchase@marudharbiofuels.in,salasar@example.in,Requirement mustard stalk 2024-08,Please confirm availability of 331.5 MT mustard stalk for delivery by 17-Aug-2024.
M00600,TH00300,2024-08-17,salasar@example.in,purchase@marudharbiofuels.in,RE: Requirement mustard stalk 2024-08,"Confirmed. We can supply 331.5 MT mustard stalk at Rs 2714 per MT, delivery by 17-Aug-2024."
M00601,TH00301,2024-08-16,purchase@marudharbiofuels.in,new@example.in,Requirement rice husk 2024-08,"Requirement 247.9 MT rice husk, delivery on or before 16-Aug-2024. Kindly confirm rate."
M00602,TH00301,2024-08-16,new@example.in,purchase@marudharbiofuels.in,RE: Requirement rice husk 2024-08,"Yes sir, 247.9 MT available. Rate Rs 2349/MT. Will dispatch before 16-Aug-2024."
M00603,TH00302,2024-08-13,purchase@marudharbiofuels.in,nakoda@example.in,Requirement mustard stalk 2024-08,We need 243.9 MT of mustard stalk. Can you commit by 13-Aug-2024?
M00604,TH00302,2024-08-13,nakoda@example.in,purchase@marudharbiofuels.in,RE: Requirement mustard stalk 2024-08,Ok for 243.9 MT at Rs 2614 per tonne. Loading will start before 13-Aug-2024.
M00605,TH00303,2024-08-19,purchase@marudharbiofuels.in,salasar@example.in,Requirement rice husk 2024-08,"Requirement 331.3 MT rice husk, delivery on or before 19-Aug-2024. Kindly confirm rate."
M00606,TH00303,2024-08-19,salasar@example.in,purchase@marudharbiofuels.in,RE: Requirement rice husk 2024-08,"Yes sir, 331.3 MT available. Rate Rs 2277/MT. Will dispatch before 19-Aug-2024."
M00607,TH00304,2024-08-18,purchase@marudharbiofuels.in,maa@example.in,Requirement rice husk 2024-08,Please confirm availability of 236.3 MT rice husk for delivery by 18-Aug-2024.
M00608,TH00304,2024-08-18,maa@example.in,purchase@marudharbiofuels.in,RE: Requirement rice husk 2024-08,Ok for 236.3 MT at Rs 2285 per tonne. Loading will start before 18-Aug-2024.
M00609,TH00305,2024-08-16,purchase@marudharbiofuels.in,maa@example.in,Requirement rice husk 2024-08,"Requirement 257.7 MT rice husk, delivery on or before 16-Aug-2024. Kindly confirm rate."
M00610,TH00305,2024-08-16,maa@example.in,purchase@marudharbiofuels.in,RE: Requirement rice husk 2024-08,Ok for 257.7 MT at Rs 2347 per tonne. Loading will start before 16-Aug-2024.
M00611,TH00306,2024-08-11,purchase@marudharbiofuels.in,khatu@example.in,Requirement rice husk 2024-08,Please confirm availability of 120.7 MT rice husk for delivery by 11-Aug-2024.
M00612,TH00306,2024-08-11,khatu@example.in,purchase@marudharbiofuels.in,RE: Requirement rice husk 2024-08,"Yes sir, 120.7 MT available. Rate Rs 2274/MT. Will dispatch before 11-Aug-2024."
M00613,TH00307,2024-09-19,purchase@marudharbiofuels.in,maa@example.in,Requirement rice husk 2024-09,"Requirement 175.8 MT rice husk, delivery on or before 19-Sep-2024. Kindly confirm rate."
M00614,TH00307,2024-09-19,maa@example.in,purchase@marudharbiofuels.in,RE: Requirement rice husk 2024-09,"Yes sir, 175.8 MT available. Rate Rs 2427/MT. Will dispatch before 19-Sep-2024."
M00615,TH00308,2024-09-12,purchase@marudharbiofuels.in,khatu@example.in,Requirement rice husk 2024-09,"Requirement 175.0 MT rice husk, delivery on or before 12-Sep-2024. Kindly confirm rate."
M00616,TH00308,2024-09-12,khatu@example.in,purchase@marudharbiofuels.in,RE: Requirement rice husk 2024-09,"Confirmed. We can supply 175.0 MT rice husk at Rs 2411 per MT, delivery by 12-Sep-2024."
M00617,TH00309,2024-09-12,purchase@marudharbiofuels.in,new@example.in,Requirement rice husk 2024-09,"Requirement 176.0 MT rice husk, delivery on or before 12-Sep-2024. Kindly confirm rate."
M00618,TH00309,2024-09-12,new@example.in,purchase@marudharbiofuels.in,RE: Requirement rice husk 2024-09,Ok for 176.0 MT at Rs 2395 per tonne. Loading will start before 12-Sep-2024.
M00619,TH00310,2024-09-24,purchase@marudharbiofuels.in,salasar@example.in,Requirement rice husk 2024-09,Please confirm availability of 302.9 MT rice husk for delivery by 24-Sep-2024.
M00620,TH00310,2024-09-24,salasar@example.in,purchase@marudharbiofuels.in,RE: Requirement rice husk 2024-09,"Yes sir, 302.9 MT available. Rate Rs 2380/MT. Will dispatch before 24-Sep-2024."
M00621,TH00311,2024-09-27,purchase@marudharbiofuels.in,maa@example.in,Requirement mustard stalk 2024-09,We need 232.3 MT of mustard stalk. Can you commit by 27-Sep-2024?
M00622,TH00311,2024-09-27,maa@example.in,purchase@marudharbiofuels.in,RE: Requirement mustard stalk 2024-09,Accepted. 232.3 MT mustard stalk @ Rs 2717 PMT. Delivery 27-Sep-2024 positive.
M00623,TH00312,2024-09-22,purchase@marudharbiofuels.in,khatu@example.in,Requirement mustard stalk 2024-09,Please confirm availability of 135.8 MT mustard stalk for delivery by 22-Sep-2024.
M00624,TH00312,2024-09-22,khatu@example.in,purchase@marudharbiofuels.in,RE: Requirement mustard stalk 2024-09,Ok for 135.8 MT at Rs 2771 per tonne. Loading will start before 22-Sep-2024.
M00625,TH00313,2024-09-22,purchase@marudharbiofuels.in,salasar@example.in,Requirement rice husk 2024-09,Please confirm availability of 279.9 MT rice husk for delivery by 22-Sep-2024.
M00626,TH00313,2024-09-22,salasar@example.in,purchase@marudharbiofuels.in,RE: Requirement rice husk 2024-09,Ok for 279.9 MT at Rs 2443 per tonne. Loading will start before 22-Sep-2024.
M00627,TH00314,2024-09-23,purchase@marudharbiofuels.in,shree@example.in,Requirement rice husk 2024-09,Please confirm availability of 400.0 MT rice husk for delivery by 23-Sep-2024.
M00628,TH00314,2024-09-23,shree@example.in,purchase@marudharbiofuels.in,RE: Requirement rice husk 2024-09,"Yes sir, 400.0 MT available. Rate Rs 2330/MT. Will dispatch before 23-Sep-2024."
M00629,TH00315,2024-09-12,purchase@marudharbiofuels.in,shree@example.in,Requirement rice husk 2024-09,Please confirm availability of 315.4 MT rice husk for delivery by 12-Sep-2024.
M00630,TH00315,2024-09-12,shree@example.in,purchase@marudharbiofuels.in,RE: Requirement rice husk 2024-09,Ok for 315.4 MT at Rs 2345 per tonne. Loading will start before 12-Sep-2024.
M00631,TH00316,2024-09-22,purchase@marudharbiofuels.in,sanwariya@example.in,Requirement rice husk 2024-09,We need 400.3 MT of rice husk. Can you commit by 22-Sep-2024?
M00632,TH00316,2024-09-22,sanwariya@example.in,purchase@marudharbiofuels.in,RE: Requirement rice husk 2024-09,"Yes sir, 400.3 MT available. Rate Rs 2372/MT. Will dispatch before 22-Sep-2024."
M00633,TH00317,2024-09-20,purchase@marudharbiofuels.in,salasar@example.in,Requirement rice husk 2024-09,"Requirement 354.9 MT rice husk, delivery on or before 20-Sep-2024. Kindly confirm rate."
M00634,TH00317,2024-09-20,salasar@example.in,purchase@marudharbiofuels.in,RE: Requirement rice husk 2024-09,"Confirmed. We can supply 354.9 MT rice husk at Rs 2425 per MT, delivery by 20-Sep-2024."
M00635,TH00318,2024-09-10,purchase@marudharbiofuels.in,new@example.in,Requirement rice husk 2024-09,We need 287.3 MT of rice husk. Can you commit by 10-Sep-2024?
M00636,TH00318,2024-09-10,new@example.in,purchase@marudharbiofuels.in,RE: Requirement rice husk 2024-09,Ok for 287.3 MT at Rs 2440 per tonne. Loading will start before 10-Sep-2024.
M00637,TH00319,2024-09-14,purchase@marudharbiofuels.in,shri@example.in,Requirement rice husk 2024-09,Please confirm availability of 222.8 MT rice husk for delivery by 14-Sep-2024.
M00638,TH00319,2024-09-14,shri@example.in,purchase@marudharbiofuels.in,RE: Requirement rice husk 2024-09,"Confirmed. We can supply 222.8 MT rice husk at Rs 2456 per MT, delivery by 14-Sep-2024."
M00639,TH00320,2024-09-24,purchase@marudharbiofuels.in,shree@example.in,Requirement rice husk 2024-09,Please confirm availability of 408.5 MT rice husk for delivery by 24-Sep-2024.
M00640,TH00320,2024-09-24,shree@example.in,purchase@marudharbiofuels.in,RE: Requirement rice husk 2024-09,Ok for 408.5 MT at Rs 2370 per tonne. Loading will start before 24-Sep-2024.
M00641,TH00321,2024-09-28,purchase@marudharbiofuels.in,maa@example.in,Requirement rice husk 2024-09,"Requirement 342.6 MT rice husk, delivery on or before 28-Sep-2024. Kindly confirm rate."
M00642,TH00321,2024-09-28,maa@example.in,purchase@marudharbiofuels.in,RE: Requirement rice husk 2024-09,"Yes sir, 342.6 MT available. Rate Rs 2342/MT. Will dispatch before 28-Sep-2024."
M00643,TH00322,2024-09-10,purchase@marudharbiofuels.in,new@example.in,Requirement rice husk 2024-09,Please confirm availability of 402.3 MT rice husk for delivery by 10-Sep-2024.
M00644,TH00322,2024-09-10,new@example.in,purchase@marudharbiofuels.in,RE: Requirement rice husk 2024-09,Accepted. 402.3 MT rice husk @ Rs 2332 PMT. Delivery 10-Sep-2024 positive.
M00645,TH00323,2024-09-13,purchase@marudharbiofuels.in,shree@example.in,Requirement rice husk 2024-09,Please confirm availability of 177.1 MT rice husk for delivery by 13-Sep-2024.
M00646,TH00323,2024-09-13,shree@example.in,purchase@marudharbiofuels.in,RE: Requirement rice husk 2024-09,Accepted. 177.1 MT rice husk @ Rs 2369 PMT. Delivery 13-Sep-2024 positive.
M00647,TH00324,2024-10-21,purchase@marudharbiofuels.in,jai@example.in,Requirement mustard stalk 2024-10,Please confirm availability of 391.1 MT mustard stalk for delivery by 21-Oct-2024.
M00648,TH00324,2024-10-21,jai@example.in,purchase@marudharbiofuels.in,RE: Requirement mustard stalk 2024-10,"Confirmed. We can supply 391.1 MT mustard stalk at Rs 2801 per MT, delivery by 21-Oct-2024."
M00649,TH00325,2024-10-18,purchase@marudharbiofuels.in,sanwariya@example.in,Requirement rice husk 2024-10,Please confirm availability of 320.4 MT rice husk for delivery by 18-Oct-2024.
M00650,TH00325,2024-10-18,sanwariya@example.in,purchase@marudharbiofuels.in,RE: Requirement rice husk 2024-10,Ok for 320.4 MT at Rs 2330 per tonne. Loading will start before 18-Oct-2024.
M00651,TH00326,2024-10-23,purchase@marudharbiofuels.in,nakoda@example.in,Requirement mustard stalk 2024-10,Please confirm availability of 157.7 MT mustard stalk for delivery by 23-Oct-2024.
M00652,TH00326,2024-10-23,nakoda@example.in,purchase@marudharbiofuels.in,RE: Requirement mustard stalk 2024-10,"Confirmed. We can supply 157.7 MT mustard stalk at Rs 2832 per MT, delivery by 23-Oct-2024."
M00653,TH00327,2024-10-19,purchase@marudharbiofuels.in,nakoda@example.in,Requirement rice husk 2024-10,We need 263.4 MT of rice husk. Can you commit by 19-Oct-2024?
M00654,TH00327,2024-10-19,nakoda@example.in,purchase@marudharbiofuels.in,RE: Requirement rice husk 2024-10,"Yes sir, 263.4 MT available. Rate Rs 2400/MT. Will dispatch before 19-Oct-2024."
M00655,TH00328,2024-10-19,purchase@marudharbiofuels.in,new@example.in,Requirement rice husk 2024-10,We need 296.4 MT of rice husk. Can you commit by 19-Oct-2024?
M00656,TH00328,2024-10-19,new@example.in,purchase@marudharbiofuels.in,RE: Requirement rice husk 2024-10,Ok for 296.4 MT at Rs 2415 per tonne. Loading will start before 19-Oct-2024.
M00657,TH00329,2024-10-20,purchase@marudharbiofuels.in,jai@example.in,Requirement mustard stalk 2024-10,Please confirm availability of 190.2 MT mustard stalk for delivery by 20-Oct-2024.
M00658,TH00329,2024-10-20,jai@example.in,purchase@marudharbiofuels.in,RE: Requirement mustard stalk 2024-10,Ok for 190.2 MT at Rs 2778 per tonne. Loading will start before 20-Oct-2024.
M00659,TH00330,2024-10-22,purchase@marudharbiofuels.in,jai@example.in,Requirement mustard stalk 2024-10,Please confirm availability of 166.0 MT mustard stalk for delivery by 22-Oct-2024.
M00660,TH00330,2024-10-22,jai@example.in,purchase@marudharbiofuels.in,RE: Requirement mustard stalk 2024-10,"Confirmed. We can supply 166.0 MT mustard stalk at Rs 2792 per MT, delivery by 22-Oct-2024."
M00661,TH00331,2024-10-25,purchase@marudharbiofuels.in,sanwariya@example.in,Requirement rice husk 2024-10,Please confirm availability of 325.4 MT rice husk for delivery by 25-Oct-2024.
M00662,TH00331,2024-10-25,sanwariya@example.in,purchase@marudharbiofuels.in,RE: Requirement rice husk 2024-10,"Yes sir, 325.4 MT available. Rate Rs 2427/MT. Will dispatch before 25-Oct-2024."
M00663,TH00332,2024-10-25,purchase@marudharbiofuels.in,salasar@example.in,Requirement rice husk 2024-10,We need 274.3 MT of rice husk. Can you commit by 25-Oct-2024?
M00664,TH00332,2024-10-25,salasar@example.in,purchase@marudharbiofuels.in,RE: Requirement rice husk 2024-10,Accepted. 274.3 MT rice husk @ Rs 2370 PMT. Delivery 25-Oct-2024 positive.
M00665,TH00333,2024-10-22,purchase@marudharbiofuels.in,om@example.in,Requirement rice husk 2024-10,"Requirement 126.4 MT rice husk, delivery on or before 22-Oct-2024. Kindly confirm rate."
M00666,TH00333,2024-10-22,om@example.in,purchase@marudharbiofuels.in,RE: Requirement rice husk 2024-10,Accepted. 126.4 MT rice husk @ Rs 2419 PMT. Delivery 22-Oct-2024 positive.
M00667,TH00334,2024-10-23,purchase@marudharbiofuels.in,new@example.in,Requirement mustard stalk 2024-10,We need 126.3 MT of mustard stalk. Can you commit by 23-Oct-2024?
M00668,TH00334,2024-10-23,new@example.in,purchase@marudharbiofuels.in,RE: Requirement mustard stalk 2024-10,"Confirmed. We can supply 126.3 MT mustard stalk at Rs 2814 per MT, delivery by 23-Oct-2024."
M00669,TH00335,2024-10-13,purchase@marudharbiofuels.in,shree@example.in,Requirement rice husk 2024-10,Please confirm availability of 276.4 MT rice husk for delivery by 13-Oct-2024.
M00670,TH00335,2024-10-13,shree@example.in,purchase@marudharbiofuels.in,RE: Requirement rice husk 2024-10,"Yes sir, 276.4 MT available. Rate Rs 2448/MT. Will dispatch before 13-Oct-2024."
M00671,TH00336,2024-10-28,purchase@marudharbiofuels.in,shri@example.in,Requirement rice husk 2024-10,We need 402.6 MT of rice husk. Can you commit by 28-Oct-2024?
M00672,TH00336,2024-10-28,shri@example.in,purchase@marudharbiofuels.in,RE: Requirement rice husk 2024-10,"Yes sir, 402.6 MT available. Rate Rs 2388/MT. Will dispatch before 28-Oct-2024."
M00673,TH00337,2024-10-27,purchase@marudharbiofuels.in,shree@example.in,Requirement rice husk 2024-10,We need 174.2 MT of rice husk. Can you commit by 27-Oct-2024?
M00674,TH00337,2024-10-27,shree@example.in,purchase@marudharbiofuels.in,RE: Requirement rice husk 2024-10,Accepted. 174.2 MT rice husk @ Rs 2406 PMT. Delivery 27-Oct-2024 positive.
M00675,TH00338,2024-10-11,purchase@marudharbiofuels.in,jai@example.in,Requirement mustard stalk 2024-10,"Requirement 130.5 MT mustard stalk, delivery on or before 11-Oct-2024. Kindly confirm rate."
M00676,TH00338,2024-10-11,jai@example.in,purchase@marudharbiofuels.in,RE: Requirement mustard stalk 2024-10,"Yes sir, 130.5 MT available. Rate Rs 2788/MT. Will dispatch before 11-Oct-2024."
M00677,TH00339,2024-10-19,purchase@marudharbiofuels.in,jai@example.in,Requirement mustard stalk 2024-10,We need 415.3 MT of mustard stalk. Can you commit by 19-Oct-2024?
M00678,TH00339,2024-10-19,jai@example.in,purchase@marudharbiofuels.in,RE: Requirement mustard stalk 2024-10,"Yes sir, 415.3 MT available. Rate Rs 2713/MT. Will dispatch before 19-Oct-2024."
M00679,TH00340,2024-10-28,purchase@marudharbiofuels.in,sanwariya@example.in,Requirement rice husk 2024-10,We need 335.0 MT of rice husk. Can you commit by 28-Oct-2024?
M00680,TH00340,2024-10-28,sanwariya@example.in,purchase@marudharbiofuels.in,RE: Requirement rice husk 2024-10,Ok for 335.0 MT at Rs 2452 per tonne. Loading will start before 28-Oct-2024.
M00681,TH00341,2024-10-21,purchase@marudharbiofuels.in,shree@example.in,Requirement rice husk 2024-10,"Requirement 121.9 MT rice husk, delivery on or before 21-Oct-2024. Kindly confirm rate."
M00682,TH00341,2024-10-21,shree@example.in,purchase@marudharbiofuels.in,RE: Requirement rice husk 2024-10,Ok for 121.9 MT at Rs 2329 per tonne. Loading will start before 21-Oct-2024.
M00683,TH00342,2024-10-10,purchase@marudharbiofuels.in,khatu@example.in,Requirement mustard stalk 2024-10,Please confirm availability of 132.1 MT mustard stalk for delivery by 10-Oct-2024.
M00684,TH00342,2024-10-10,khatu@example.in,purchase@marudharbiofuels.in,RE: Requirement mustard stalk 2024-10,Accepted. 132.1 MT mustard stalk @ Rs 2767 PMT. Delivery 10-Oct-2024 positive.
M00685,TH00343,2024-10-11,purchase@marudharbiofuels.in,khatu@example.in,Requirement rice husk 2024-10,"Requirement 396.8 MT rice husk, delivery on or before 11-Oct-2024. Kindly confirm rate."
M00686,TH00343,2024-10-11,khatu@example.in,purchase@marudharbiofuels.in,RE: Requirement rice husk 2024-10,Ok for 396.8 MT at Rs 2375 per tonne. Loading will start before 11-Oct-2024.
M00687,TH00344,2024-10-13,purchase@marudharbiofuels.in,new@example.in,Requirement rice husk 2024-10,We need 250.5 MT of rice husk. Can you commit by 13-Oct-2024?
M00688,TH00344,2024-10-13,new@example.in,purchase@marudharbiofuels.in,RE: Requirement rice husk 2024-10,"Yes sir, 250.5 MT available. Rate Rs 2410/MT. Will dispatch before 13-Oct-2024."
M00689,TH00345,2024-10-27,purchase@marudharbiofuels.in,salasar@example.in,Requirement rice husk 2024-10,We need 419.1 MT of rice husk. Can you commit by 27-Oct-2024?
M00690,TH00345,2024-10-27,salasar@example.in,purchase@marudharbiofuels.in,RE: Requirement rice husk 2024-10,Ok for 419.1 MT at Rs 2358 per tonne. Loading will start before 27-Oct-2024.
M00691,TH00346,2024-11-16,purchase@marudharbiofuels.in,khatu@example.in,Requirement mustard stalk 2024-11,Please confirm availability of 260.6 MT mustard stalk for delivery by 16-Nov-2024.
M00692,TH00346,2024-11-16,khatu@example.in,purchase@marudharbiofuels.in,RE: Requirement mustard stalk 2024-11,Accepted. 260.6 MT mustard stalk @ Rs 2610 PMT. Delivery 16-Nov-2024 positive.
M00693,TH00347,2024-11-11,purchase@marudharbiofuels.in,new@example.in,Requirement rice husk 2024-11,Please confirm availability of 125.3 MT rice husk for delivery by 11-Nov-2024.
M00694,TH00347,2024-11-11,new@example.in,purchase@marudharbiofuels.in,RE: Requirement rice husk 2024-11,Accepted. 125.3 MT rice husk @ Rs 2189 PMT. Delivery 11-Nov-2024 positive.
M00695,TH00348,2024-11-22,purchase@marudharbiofuels.in,nakoda@example.in,Requirement rice husk 2024-11,Please confirm availability of 379.4 MT rice husk for delivery by 22-Nov-2024.
M00696,TH00348,2024-11-22,nakoda@example.in,purchase@marudharbiofuels.in,RE: Requirement rice husk 2024-11,Ok for 379.4 MT at Rs 2228 per tonne. Loading will start before 22-Nov-2024.
M00697,TH00349,2024-11-25,purchase@marudharbiofuels.in,khatu@example.in,Requirement mustard stalk 2024-11,Please confirm availability of 403.7 MT mustard stalk for delivery by 25-Nov-2024.
M00698,TH00349,2024-11-25,khatu@example.in,purchase@marudharbiofuels.in,RE: Requirement mustard stalk 2024-11,Ok for 403.7 MT at Rs 2577 per tonne. Loading will start before 25-Nov-2024.
M00699,TH00350,2024-11-18,purchase@marudharbiofuels.in,salasar@example.in,Requirement mustard stalk 2024-11,We need 222.7 MT of mustard stalk. Can you commit by 18-Nov-2024?
M00700,TH00350,2024-11-18,salasar@example.in,purchase@marudharbiofuels.in,RE: Requirement mustard stalk 2024-11,Ok for 222.7 MT at Rs 2580 per tonne. Loading will start before 18-Nov-2024.
M00701,TH00351,2024-11-17,purchase@marudharbiofuels.in,new@example.in,Requirement rice husk 2024-11,Please confirm availability of 220.9 MT rice husk for delivery by 17-Nov-2024.
M00702,TH00351,2024-11-17,new@example.in,purchase@marudharbiofuels.in,RE: Requirement rice husk 2024-11,Accepted. 220.9 MT rice husk @ Rs 2277 PMT. Delivery 17-Nov-2024 positive.
M00703,TH00352,2024-11-14,purchase@marudharbiofuels.in,jai@example.in,Requirement mustard stalk 2024-11,We need 400.9 MT of mustard stalk. Can you commit by 14-Nov-2024?
M00704,TH00352,2024-11-14,jai@example.in,purchase@marudharbiofuels.in,RE: Requirement mustard stalk 2024-11,Accepted. 400.9 MT mustard stalk @ Rs 2584 PMT. Delivery 14-Nov-2024 positive.
M00705,TH00353,2024-11-26,purchase@marudharbiofuels.in,salasar@example.in,Requirement rice husk 2024-11,Please confirm availability of 175.5 MT rice husk for delivery by 26-Nov-2024.
M00706,TH00353,2024-11-26,salasar@example.in,purchase@marudharbiofuels.in,RE: Requirement rice husk 2024-11,Accepted. 175.5 MT rice husk @ Rs 2257 PMT. Delivery 26-Nov-2024 positive.
M00707,TH00354,2024-11-24,purchase@marudharbiofuels.in,nakoda@example.in,Requirement mustard stalk 2024-11,Please confirm availability of 374.6 MT mustard stalk for delivery by 24-Nov-2024.
M00708,TH00354,2024-11-24,nakoda@example.in,purchase@marudharbiofuels.in,RE: Requirement mustard stalk 2024-11,"Yes sir, 374.6 MT available. Rate Rs 2527/MT. Will dispatch before 24-Nov-2024."
M00709,TH00355,2024-11-12,purchase@marudharbiofuels.in,maa@example.in,Requirement rice husk 2024-11,We need 319.1 MT of rice husk. Can you commit by 12-Nov-2024?
M00710,TH00355,2024-11-12,maa@example.in,purchase@marudharbiofuels.in,RE: Requirement rice husk 2024-11,Ok for 319.1 MT at Rs 2252 per tonne. Loading will start before 12-Nov-2024.
M00711,TH00356,2024-11-28,purchase@marudharbiofuels.in,maa@example.in,Requirement rice husk 2024-11,"Requirement 330.3 MT rice husk, delivery on or before 28-Nov-2024. Kindly confirm rate."
M00712,TH00356,2024-11-28,maa@example.in,purchase@marudharbiofuels.in,RE: Requirement rice husk 2024-11,Ok for 330.3 MT at Rs 2203 per tonne. Loading will start before 28-Nov-2024.
M00713,TH00357,2024-11-28,purchase@marudharbiofuels.in,khatu@example.in,Requirement rice husk 2024-11,"Requirement 256.0 MT rice husk, delivery on or before 28-Nov-2024. Kindly confirm rate."
M00714,TH00357,2024-11-28,khatu@example.in,purchase@marudharbiofuels.in,RE: Requirement rice husk 2024-11,Accepted. 256.0 MT rice husk @ Rs 2276 PMT. Delivery 28-Nov-2024 positive.
M00715,TH00358,2024-11-28,purchase@marudharbiofuels.in,new@example.in,Requirement rice husk 2024-11,We need 143.0 MT of rice husk. Can you commit by 28-Nov-2024?
M00716,TH00358,2024-11-28,new@example.in,purchase@marudharbiofuels.in,RE: Requirement rice husk 2024-11,"Yes sir, 143.0 MT available. Rate Rs 2305/MT. Will dispatch before 28-Nov-2024."
M00717,TH00359,2024-11-10,purchase@marudharbiofuels.in,sanwariya@example.in,Requirement rice husk 2024-11,Please confirm availability of 200.6 MT rice husk for delivery by 10-Nov-2024.
M00718,TH00359,2024-11-10,sanwariya@example.in,purchase@marudharbiofuels.in,RE: Requirement rice husk 2024-11,Accepted. 200.6 MT rice husk @ Rs 2278 PMT. Delivery 10-Nov-2024 positive.
M00719,TH00360,2024-11-24,purchase@marudharbiofuels.in,khatu@example.in,Requirement mustard stalk 2024-11,Please confirm availability of 332.8 MT mustard stalk for delivery by 24-Nov-2024.
M00720,TH00360,2024-11-24,khatu@example.in,purchase@marudharbiofuels.in,RE: Requirement mustard stalk 2024-11,"Yes sir, 332.8 MT available. Rate Rs 2541/MT. Will dispatch before 24-Nov-2024."
M00721,TH00361,2024-11-20,purchase@marudharbiofuels.in,salasar@example.in,Requirement rice husk 2024-11,"Requirement 190.0 MT rice husk, delivery on or before 20-Nov-2024. Kindly confirm rate."
M00722,TH00361,2024-11-20,salasar@example.in,purchase@marudharbiofuels.in,RE: Requirement rice husk 2024-11,"Yes sir, 190.0 MT available. Rate Rs 2310/MT. Will dispatch before 20-Nov-2024."
M00723,TH00362,2024-12-21,purchase@marudharbiofuels.in,khatu@example.in,Requirement mustard stalk 2024-12,"Requirement 306.1 MT mustard stalk, delivery on or before 21-Dec-2024. Kindly confirm rate."
M00724,TH00362,2024-12-21,khatu@example.in,purchase@marudharbiofuels.in,RE: Requirement mustard stalk 2024-12,Ok for 306.1 MT at Rs 2429 per tonne. Loading will start before 21-Dec-2024.
M00725,TH00363,2024-12-22,purchase@marudharbiofuels.in,salasar@example.in,Requirement rice husk 2024-12,"Requirement 263.4 MT rice husk, delivery on or before 22-Dec-2024. Kindly confirm rate."
M00726,TH00363,2024-12-22,salasar@example.in,purchase@marudharbiofuels.in,RE: Requirement rice husk 2024-12,Ok for 263.4 MT at Rs 2144 per tonne. Loading will start before 22-Dec-2024.
M00727,TH00364,2024-12-28,purchase@marudharbiofuels.in,shri@example.in,Requirement rice husk 2024-12,"Requirement 369.8 MT rice husk, delivery on or before 28-Dec-2024. Kindly confirm rate."
M00728,TH00364,2024-12-28,shri@example.in,purchase@marudharbiofuels.in,RE: Requirement rice husk 2024-12,"Yes sir, 369.8 MT available. Rate Rs 2144/MT. Will dispatch before 28-Dec-2024."
M00729,TH00365,2024-12-22,purchase@marudharbiofuels.in,shree@example.in,Requirement rice husk 2024-12,Please confirm availability of 340.3 MT rice husk for delivery by 22-Dec-2024.
M00730,TH00365,2024-12-22,shree@example.in,purchase@marudharbiofuels.in,RE: Requirement rice husk 2024-12,"Confirmed. We can supply 340.3 MT rice husk at Rs 2197 per MT, delivery by 22-Dec-2024."
M00731,TH00366,2024-12-25,purchase@marudharbiofuels.in,om@example.in,Requirement rice husk 2024-12,Please confirm availability of 306.1 MT rice husk for delivery by 25-Dec-2024.
M00732,TH00366,2024-12-25,om@example.in,purchase@marudharbiofuels.in,RE: Requirement rice husk 2024-12,"Confirmed. We can supply 306.1 MT rice husk at Rs 2211 per MT, delivery by 25-Dec-2024."
M00733,TH00367,2024-12-11,purchase@marudharbiofuels.in,khatu@example.in,Requirement rice husk 2024-12,"Requirement 381.5 MT rice husk, delivery on or before 11-Dec-2024. Kindly confirm rate."
M00734,TH00367,2024-12-11,khatu@example.in,purchase@marudharbiofuels.in,RE: Requirement rice husk 2024-12,"Yes sir, 381.5 MT available. Rate Rs 2107/MT. Will dispatch before 11-Dec-2024."
M00735,TH00368,2024-12-20,purchase@marudharbiofuels.in,shree@example.in,Requirement rice husk 2024-12,We need 212.4 MT of rice husk. Can you commit by 20-Dec-2024?
M00736,TH00368,2024-12-20,shree@example.in,purchase@marudharbiofuels.in,RE: Requirement rice husk 2024-12,"Yes sir, 212.4 MT available. Rate Rs 2223/MT. Will dispatch before 20-Dec-2024."
M00737,TH00369,2024-12-27,purchase@marudharbiofuels.in,sanwariya@example.in,Requirement mustard stalk 2024-12,Please confirm availability of 321.7 MT mustard stalk for delivery by 27-Dec-2024.
M00738,TH00369,2024-12-27,sanwariya@example.in,purchase@marudharbiofuels.in,RE: Requirement mustard stalk 2024-12,"Confirmed. We can supply 321.7 MT mustard stalk at Rs 2463 per MT, delivery by 27-Dec-2024."
M00739,TH00370,2024-12-18,purchase@marudharbiofuels.in,khatu@example.in,Requirement rice husk 2024-12,"Requirement 237.9 MT rice husk, delivery on or before 18-Dec-2024. Kindly confirm rate."
M00740,TH00370,2024-12-18,khatu@example.in,purchase@marudharbiofuels.in,RE: Requirement rice husk 2024-12,Accepted. 237.9 MT rice husk @ Rs 2133 PMT. Delivery 18-Dec-2024 positive.
M00741,TH00371,2024-12-16,purchase@marudharbiofuels.in,sanwariya@example.in,Requirement mustard stalk 2024-12,We need 271.4 MT of mustard stalk. Can you commit by 16-Dec-2024?
M00742,TH00371,2024-12-16,sanwariya@example.in,purchase@marudharbiofuels.in,RE: Requirement mustard stalk 2024-12,"Yes sir, 271.4 MT available. Rate Rs 2470/MT. Will dispatch before 16-Dec-2024."
M00743,TH00372,2024-12-10,purchase@marudharbiofuels.in,new@example.in,Requirement rice husk 2024-12,"Requirement 326.4 MT rice husk, delivery on or before 10-Dec-2024. Kindly confirm rate."
M00744,TH00372,2024-12-10,new@example.in,purchase@marudharbiofuels.in,RE: Requirement rice husk 2024-12,"Yes sir, 326.4 MT available. Rate Rs 2154/MT. Will dispatch before 10-Dec-2024."
M00745,TH00373,2024-12-27,purchase@marudharbiofuels.in,khatu@example.in,Requirement rice husk 2024-12,Please confirm availability of 232.2 MT rice husk for delivery by 27-Dec-2024.
M00746,TH00373,2024-12-27,khatu@example.in,purchase@marudharbiofuels.in,RE: Requirement rice husk 2024-12,"Confirmed. We can supply 232.2 MT rice husk at Rs 2135 per MT, delivery by 27-Dec-2024."
M00747,TH00374,2024-12-19,purchase@marudharbiofuels.in,nakoda@example.in,Requirement rice husk 2024-12,We need 309.0 MT of rice husk. Can you commit by 19-Dec-2024?
M00748,TH00374,2024-12-19,nakoda@example.in,purchase@marudharbiofuels.in,RE: Requirement rice husk 2024-12,Accepted. 309.0 MT rice husk @ Rs 2098 PMT. Delivery 19-Dec-2024 positive.
M00749,TH00375,2024-12-25,purchase@marudharbiofuels.in,khatu@example.in,Requirement mustard stalk 2024-12,We need 146.5 MT of mustard stalk. Can you commit by 25-Dec-2024?
M00750,TH00375,2024-12-25,khatu@example.in,purchase@marudharbiofuels.in,RE: Requirement mustard stalk 2024-12,Accepted. 146.5 MT mustard stalk @ Rs 2458 PMT. Delivery 25-Dec-2024 positive.
M00751,TH00376,2024-12-13,purchase@marudharbiofuels.in,khatu@example.in,Requirement mustard stalk 2024-12,Please confirm availability of 352.5 MT mustard stalk for delivery by 13-Dec-2024.
M00752,TH00376,2024-12-13,khatu@example.in,purchase@marudharbiofuels.in,RE: Requirement mustard stalk 2024-12,Accepted. 352.5 MT mustard stalk @ Rs 2473 PMT. Delivery 13-Dec-2024 positive.
M00753,TH00377,2024-12-13,purchase@marudharbiofuels.in,sanwariya@example.in,Requirement rice husk 2024-12,We need 199.9 MT of rice husk. Can you commit by 13-Dec-2024?
M00754,TH00377,2024-12-13,sanwariya@example.in,purchase@marudharbiofuels.in,RE: Requirement rice husk 2024-12,"Yes sir, 199.9 MT available. Rate Rs 2131/MT. Will dispatch before 13-Dec-2024."
M00755,TH00378,2025-01-28,purchase@marudharbiofuels.in,khatu@example.in,Requirement mustard stalk 2025-01,We need 223.3 MT of mustard stalk. Can you commit by 28-Jan-2025?
M00756,TH00378,2025-01-28,khatu@example.in,purchase@marudharbiofuels.in,RE: Requirement mustard stalk 2025-01,"Confirmed. We can supply 223.3 MT mustard stalk at Rs 2476 per MT, delivery by 28-Jan-2025."
M00757,TH00379,2025-01-16,purchase@marudharbiofuels.in,maa@example.in,Requirement rice husk 2025-01,We need 217.3 MT of rice husk. Can you commit by 16-Jan-2025?
M00758,TH00379,2025-01-16,maa@example.in,purchase@marudharbiofuels.in,RE: Requirement rice husk 2025-01,Ok for 217.3 MT at Rs 2144 per tonne. Loading will start before 16-Jan-2025.
M00759,TH00380,2025-01-18,purchase@marudharbiofuels.in,sanwariya@example.in,Requirement rice husk 2025-01,Please confirm availability of 234.0 MT rice husk for delivery by 18-Jan-2025.
M00760,TH00380,2025-01-18,sanwariya@example.in,purchase@marudharbiofuels.in,RE: Requirement rice husk 2025-01,Ok for 234.0 MT at Rs 2175 per tonne. Loading will start before 18-Jan-2025.
M00761,TH00381,2025-01-14,purchase@marudharbiofuels.in,salasar@example.in,Requirement rice husk 2025-01,"Requirement 206.1 MT rice husk, delivery on or before 14-Jan-2025. Kindly confirm rate."
M00762,TH00381,2025-01-14,salasar@example.in,purchase@marudharbiofuels.in,RE: Requirement rice husk 2025-01,"Yes sir, 206.1 MT available. Rate Rs 2121/MT. Will dispatch before 14-Jan-2025."
M00763,TH00382,2025-01-22,purchase@marudharbiofuels.in,khatu@example.in,Requirement rice husk 2025-01,We need 347.4 MT of rice husk. Can you commit by 22-Jan-2025?
M00764,TH00382,2025-01-22,khatu@example.in,purchase@marudharbiofuels.in,RE: Requirement rice husk 2025-01,"Yes sir, 347.4 MT available. Rate Rs 2127/MT. Will dispatch before 22-Jan-2025."
M00765,TH00383,2025-01-20,purchase@marudharbiofuels.in,maa@example.in,Requirement rice husk 2025-01,"Requirement 222.6 MT rice husk, delivery on or before 20-Jan-2025. Kindly confirm rate."
M00766,TH00383,2025-01-20,maa@example.in,purchase@marudharbiofuels.in,RE: Requirement rice husk 2025-01,"Yes sir, 222.6 MT available. Rate Rs 2090/MT. Will dispatch before 20-Jan-2025."
M00767,TH00384,2025-01-27,purchase@marudharbiofuels.in,maa@example.in,Requirement rice husk 2025-01,"Requirement 169.1 MT rice husk, delivery on or before 27-Jan-2025. Kindly confirm rate."
M00768,TH00384,2025-01-27,maa@example.in,purchase@marudharbiofuels.in,RE: Requirement rice husk 2025-01,"Confirmed. We can supply 169.1 MT rice husk at Rs 2159 per MT, delivery by 27-Jan-2025."
M00769,TH00385,2025-01-28,purchase@marudharbiofuels.in,sanwariya@example.in,Requirement rice husk 2025-01,"Requirement 403.5 MT rice husk, delivery on or before 28-Jan-2025. Kindly confirm rate."
M00770,TH00385,2025-01-28,sanwariya@example.in,purchase@marudharbiofuels.in,RE: Requirement rice husk 2025-01,Ok for 403.5 MT at Rs 2155 per tonne. Loading will start before 28-Jan-2025.
M00771,TH00386,2025-01-15,purchase@marudharbiofuels.in,new@example.in,Requirement mustard stalk 2025-01,Please confirm availability of 123.2 MT mustard stalk for delivery by 15-Jan-2025.
M00772,TH00386,2025-01-15,new@example.in,purchase@marudharbiofuels.in,RE: Requirement mustard stalk 2025-01,Ok for 123.2 MT at Rs 2448 per tonne. Loading will start before 15-Jan-2025.
M00773,TH00387,2025-01-18,purchase@marudharbiofuels.in,sanwariya@example.in,Requirement rice husk 2025-01,"Requirement 350.5 MT rice husk, delivery on or before 18-Jan-2025. Kindly confirm rate."
M00774,TH00387,2025-01-18,sanwariya@example.in,purchase@marudharbiofuels.in,RE: Requirement rice husk 2025-01,Accepted. 350.5 MT rice husk @ Rs 2105 PMT. Delivery 18-Jan-2025 positive.
M00775,TH00388,2025-01-15,purchase@marudharbiofuels.in,khatu@example.in,Requirement rice husk 2025-01,"Requirement 151.5 MT rice husk, delivery on or before 15-Jan-2025. Kindly confirm rate."
M00776,TH00388,2025-01-15,khatu@example.in,purchase@marudharbiofuels.in,RE: Requirement rice husk 2025-01,"Confirmed. We can supply 151.5 MT rice husk at Rs 2117 per MT, delivery by 15-Jan-2025."
M00777,TH00389,2025-01-18,purchase@marudharbiofuels.in,maa@example.in,Requirement mustard stalk 2025-01,Please confirm availability of 232.9 MT mustard stalk for delivery by 18-Jan-2025.
M00778,TH00389,2025-01-18,maa@example.in,purchase@marudharbiofuels.in,RE: Requirement mustard stalk 2025-01,Ok for 232.9 MT at Rs 2526 per tonne. Loading will start before 18-Jan-2025.
M00779,TH00390,2025-01-15,purchase@marudharbiofuels.in,nakoda@example.in,Requirement mustard stalk 2025-01,"Requirement 304.7 MT mustard stalk, delivery on or before 15-Jan-2025. Kindly confirm rate."
M00780,TH00390,2025-01-15,nakoda@example.in,purchase@marudharbiofuels.in,RE: Requirement mustard stalk 2025-01,Ok for 304.7 MT at Rs 2510 per tonne. Loading will start before 15-Jan-2025.
M00781,TH00391,2025-01-18,purchase@marudharbiofuels.in,maa@example.in,Requirement rice husk 2025-01,We need 300.5 MT of rice husk. Can you commit by 18-Jan-2025?
M00782,TH00391,2025-01-18,maa@example.in,purchase@marudharbiofuels.in,RE: Requirement rice husk 2025-01,Ok for 300.5 MT at Rs 2168 per tonne. Loading will start before 18-Jan-2025.
M00783,TH00392,2025-01-22,purchase@marudharbiofuels.in,sanwariya@example.in,Requirement rice husk 2025-01,"Requirement 241.7 MT rice husk, delivery on or before 22-Jan-2025. Kindly confirm rate."
M00784,TH00392,2025-01-22,sanwariya@example.in,purchase@marudharbiofuels.in,RE: Requirement rice husk 2025-01,Accepted. 241.7 MT rice husk @ Rs 2187 PMT. Delivery 22-Jan-2025 positive.
M00785,TH00393,2025-01-18,purchase@marudharbiofuels.in,khatu@example.in,Requirement rice husk 2025-01,We need 356.8 MT of rice husk. Can you commit by 18-Jan-2025?
M00786,TH00393,2025-01-18,khatu@example.in,purchase@marudharbiofuels.in,RE: Requirement rice husk 2025-01,Ok for 356.8 MT at Rs 2098 per tonne. Loading will start before 18-Jan-2025.
M00787,TH00394,2025-02-20,purchase@marudharbiofuels.in,shree@example.in,Requirement rice husk 2025-02,Please confirm availability of 394.0 MT rice husk for delivery by 20-Feb-2025.
M00788,TH00394,2025-02-20,shree@example.in,purchase@marudharbiofuels.in,RE: Requirement rice husk 2025-02,"Yes sir, 394.0 MT available. Rate Rs 2100/MT. Will dispatch before 20-Feb-2025."
M00789,TH00395,2025-02-13,purchase@marudharbiofuels.in,salasar@example.in,Requirement rice husk 2025-02,Please confirm availability of 363.2 MT rice husk for delivery by 13-Feb-2025.
M00790,TH00395,2025-02-13,salasar@example.in,purchase@marudharbiofuels.in,RE: Requirement rice husk 2025-02,"Yes sir, 363.2 MT available. Rate Rs 2212/MT. Will dispatch before 13-Feb-2025."
M00791,TH00396,2025-02-26,purchase@marudharbiofuels.in,shree@example.in,Requirement rice husk 2025-02,"Requirement 352.9 MT rice husk, delivery on or before 26-Feb-2025. Kindly confirm rate."
M00792,TH00396,2025-02-26,shree@example.in,purchase@marudharbiofuels.in,RE: Requirement rice husk 2025-02,Ok for 352.9 MT at Rs 2202 per tonne. Loading will start before 26-Feb-2025.
M00793,TH00397,2025-02-11,purchase@marudharbiofuels.in,salasar@example.in,Requirement rice husk 2025-02,We need 244.2 MT of rice husk. Can you commit by 11-Feb-2025?
M00794,TH00397,2025-02-11,salasar@example.in,purchase@marudharbiofuels.in,RE: Requirement rice husk 2025-02,Ok for 244.2 MT at Rs 2182 per tonne. Loading will start before 11-Feb-2025.
M00795,TH00398,2025-02-27,purchase@marudharbiofuels.in,salasar@example.in,Requirement rice husk 2025-02,We need 242.8 MT of rice husk. Can you commit by 27-Feb-2025?
M00796,TH00398,2025-02-27,salasar@example.in,purchase@marudharbiofuels.in,RE: Requirement rice husk 2025-02,"Confirmed. We can supply 242.8 MT rice husk at Rs 2107 per MT, delivery by 27-Feb-2025."
M00797,TH00399,2025-02-21,purchase@marudharbiofuels.in,jai@example.in,Requirement mustard stalk 2025-02,Please confirm availability of 287.0 MT mustard stalk for delivery by 21-Feb-2025.
M00798,TH00399,2025-02-21,jai@example.in,purchase@marudharbiofuels.in,RE: Requirement mustard stalk 2025-02,"Confirmed. We can supply 287.0 MT mustard stalk at Rs 2538 per MT, delivery by 21-Feb-2025."
M00799,TH00400,2025-02-11,purchase@marudharbiofuels.in,khatu@example.in,Requirement mustard stalk 2025-02,Please confirm availability of 240.2 MT mustard stalk for delivery by 11-Feb-2025.
M00800,TH00400,2025-02-11,khatu@example.in,purchase@marudharbiofuels.in,RE: Requirement mustard stalk 2025-02,"Confirmed. We can supply 240.2 MT mustard stalk at Rs 2554 per MT, delivery by 11-Feb-2025."
M00801,TH00401,2025-02-13,purchase@marudharbiofuels.in,salasar@example.in,Requirement rice husk 2025-02,"Requirement 336.3 MT rice husk, delivery on or before 13-Feb-2025. Kindly confirm rate."
M00802,TH00401,2025-02-13,salasar@example.in,purchase@marudharbiofuels.in,RE: Requirement rice husk 2025-02,"Yes sir, 336.3 MT available. Rate Rs 2146/MT. Will dispatch before 13-Feb-2025."
M00803,TH00402,2025-02-19,purchase@marudharbiofuels.in,nakoda@example.in,Requirement rice husk 2025-02,Please confirm availability of 312.9 MT rice husk for delivery by 19-Feb-2025.
M00804,TH00402,2025-02-19,nakoda@example.in,purchase@marudharbiofuels.in,RE: Requirement rice husk 2025-02,Accepted. 312.9 MT rice husk @ Rs 2210 PMT. Delivery 19-Feb-2025 positive.
M00805,TH00403,2025-02-19,purchase@marudharbiofuels.in,salasar@example.in,Requirement rice husk 2025-02,Please confirm availability of 128.7 MT rice husk for delivery by 19-Feb-2025.
M00806,TH00403,2025-02-19,salasar@example.in,purchase@marudharbiofuels.in,RE: Requirement rice husk 2025-02,"Confirmed. We can supply 128.7 MT rice husk at Rs 2121 per MT, delivery by 19-Feb-2025."
M00807,TH00404,2025-02-22,purchase@marudharbiofuels.in,khatu@example.in,Requirement mustard stalk 2025-02,We need 297.6 MT of mustard stalk. Can you commit by 22-Feb-2025?
M00808,TH00404,2025-02-22,khatu@example.in,purchase@marudharbiofuels.in,RE: Requirement mustard stalk 2025-02,Ok for 297.6 MT at Rs 2416 per tonne. Loading will start before 22-Feb-2025.
M00809,TH00405,2025-02-20,purchase@marudharbiofuels.in,sanwariya@example.in,Requirement rice husk 2025-02,Please confirm availability of 369.2 MT rice husk for delivery by 20-Feb-2025.
M00810,TH00405,2025-02-20,sanwariya@example.in,purchase@marudharbiofuels.in,RE: Requirement rice husk 2025-02,"Confirmed. We can supply 369.2 MT rice husk at Rs 2163 per MT, delivery by 20-Feb-2025."
M00811,TH00406,2025-02-14,purchase@marudharbiofuels.in,khatu@example.in,Requirement rice husk 2025-02,We need 318.1 MT of rice husk. Can you commit by 14-Feb-2025?
M00812,TH00406,2025-02-14,khatu@example.in,purchase@marudharbiofuels.in,RE: Requirement rice husk 2025-02,Accepted. 318.1 MT rice husk @ Rs 2113 PMT. Delivery 14-Feb-2025 positive.
M00813,TH00407,2025-02-27,purchase@marudharbiofuels.in,shree@example.in,Requirement rice husk 2025-02,"Requirement 387.3 MT rice husk, delivery on or before 27-Feb-2025. Kindly confirm rate."
M00814,TH00407,2025-02-27,shree@example.in,purchase@marudharbiofuels.in,RE: Requirement rice husk 2025-02,Accepted. 387.3 MT rice husk @ Rs 2156 PMT. Delivery 27-Feb-2025 positive.
M00815,TH00408,2025-02-22,purchase@marudharbiofuels.in,jai@example.in,Requirement mustard stalk 2025-02,Please confirm availability of 411.0 MT mustard stalk for delivery by 22-Feb-2025.
M00816,TH00408,2025-02-22,jai@example.in,purchase@marudharbiofuels.in,RE: Requirement mustard stalk 2025-02,Accepted. 411.0 MT mustard stalk @ Rs 2462 PMT. Delivery 22-Feb-2025 positive.
M00817,TH00409,2025-02-25,purchase@marudharbiofuels.in,maa@example.in,Requirement rice husk 2025-02,"Requirement 126.9 MT rice husk, delivery on or before 25-Feb-2025. Kindly confirm rate."
M00818,TH00409,2025-02-25,maa@example.in,purchase@marudharbiofuels.in,RE: Requirement rice husk 2025-02,"Yes sir, 126.9 MT available. Rate Rs 2141/MT. Will dispatch before 25-Feb-2025."
M00819,TH00410,2025-02-26,purchase@marudharbiofuels.in,salasar@example.in,Requirement rice husk 2025-02,We need 258.0 MT of rice husk. Can you commit by 26-Feb-2025?
M00820,TH00410,2025-02-26,salasar@example.in,purchase@marudharbiofuels.in,RE: Requirement rice husk 2025-02,"Confirmed. We can supply 258.0 MT rice husk at Rs 2168 per MT, delivery by 26-Feb-2025."
M00821,TH00411,2025-02-17,purchase@marudharbiofuels.in,khatu@example.in,Requirement mustard stalk 2025-02,Please confirm availability of 251.8 MT mustard stalk for delivery by 17-Feb-2025.
M00822,TH00411,2025-02-17,khatu@example.in,purchase@marudharbiofuels.in,RE: Requirement mustard stalk 2025-02,"Yes sir, 251.8 MT available. Rate Rs 2520/MT. Will dispatch before 17-Feb-2025."
M00823,TH00412,2025-02-12,purchase@marudharbiofuels.in,new@example.in,Requirement mustard stalk 2025-02,Please confirm availability of 261.7 MT mustard stalk for delivery by 12-Feb-2025.
M00824,TH00412,2025-02-12,new@example.in,purchase@marudharbiofuels.in,RE: Requirement mustard stalk 2025-02,"Confirmed. We can supply 261.7 MT mustard stalk at Rs 2460 per MT, delivery by 12-Feb-2025."
M00825,TH00413,2025-02-18,purchase@marudharbiofuels.in,khatu@example.in,Requirement mustard stalk 2025-02,We need 393.5 MT of mustard stalk. Can you commit by 18-Feb-2025?
M00826,TH00413,2025-02-18,khatu@example.in,purchase@marudharbiofuels.in,RE: Requirement mustard stalk 2025-02,Ok for 393.5 MT at Rs 2436 per tonne. Loading will start before 18-Feb-2025.
M00827,TH00414,2025-02-15,purchase@marudharbiofuels.in,new@example.in,Requirement rice husk 2025-02,We need 177.5 MT of rice husk. Can you commit by 15-Feb-2025?
M00828,TH00414,2025-02-15,new@example.in,purchase@marudharbiofuels.in,RE: Requirement rice husk 2025-02,Ok for 177.5 MT at Rs 2130 per tonne. Loading will start before 15-Feb-2025.
M00829,TH00415,2025-02-10,purchase@marudharbiofuels.in,maa@example.in,Requirement mustard stalk 2025-02,We need 224.0 MT of mustard stalk. Can you commit by 10-Feb-2025?
M00830,TH00415,2025-02-10,maa@example.in,purchase@marudharbiofuels.in,RE: Requirement mustard stalk 2025-02,"Yes sir, 224.0 MT available. Rate Rs 2534/MT. Will dispatch before 10-Feb-2025."
M00831,TH00416,2025-03-23,purchase@marudharbiofuels.in,new@example.in,Requirement rice husk 2025-03,"Requirement 162.5 MT rice husk, delivery on or before 23-Mar-2025. Kindly confirm rate."
M00832,TH00416,2025-03-23,new@example.in,purchase@marudharbiofuels.in,RE: Requirement rice husk 2025-03,"Confirmed. We can supply 162.5 MT rice husk at Rs 2135 per MT, delivery by 23-Mar-2025."
M00833,TH00417,2025-03-26,purchase@marudharbiofuels.in,jai@example.in,Requirement mustard stalk 2025-03,Please confirm availability of 284.1 MT mustard stalk for delivery by 26-Mar-2025.
M00834,TH00417,2025-03-26,jai@example.in,purchase@marudharbiofuels.in,RE: Requirement mustard stalk 2025-03,Accepted. 284.1 MT mustard stalk @ Rs 2376 PMT. Delivery 26-Mar-2025 positive.
M00835,TH00418,2025-03-22,purchase@marudharbiofuels.in,maa@example.in,Requirement mustard stalk 2025-03,Please confirm availability of 210.5 MT mustard stalk for delivery by 22-Mar-2025.
M00836,TH00418,2025-03-22,maa@example.in,purchase@marudharbiofuels.in,RE: Requirement mustard stalk 2025-03,"Yes sir, 210.5 MT available. Rate Rs 2407/MT. Will dispatch before 22-Mar-2025."
M00837,TH00419,2025-03-12,purchase@marudharbiofuels.in,nakoda@example.in,Requirement rice husk 2025-03,Please confirm availability of 148.6 MT rice husk for delivery by 12-Mar-2025.
M00838,TH00419,2025-03-12,nakoda@example.in,purchase@marudharbiofuels.in,RE: Requirement rice husk 2025-03,"Confirmed. We can supply 148.6 MT rice husk at Rs 2123 per MT, delivery by 12-Mar-2025."
M00839,TH00420,2025-03-18,purchase@marudharbiofuels.in,nakoda@example.in,Requirement rice husk 2025-03,Please confirm availability of 269.7 MT rice husk for delivery by 18-Mar-2025.
M00840,TH00420,2025-03-18,nakoda@example.in,purchase@marudharbiofuels.in,RE: Requirement rice husk 2025-03,"Yes sir, 269.7 MT available. Rate Rs 2131/MT. Will dispatch before 18-Mar-2025."
M00841,TH00421,2025-03-13,purchase@marudharbiofuels.in,jai@example.in,Requirement mustard stalk 2025-03,Please confirm availability of 407.3 MT mustard stalk for delivery by 13-Mar-2025.
M00842,TH00421,2025-03-13,jai@example.in,purchase@marudharbiofuels.in,RE: Requirement mustard stalk 2025-03,Accepted. 407.3 MT mustard stalk @ Rs 2400 PMT. Delivery 13-Mar-2025 positive.
M00843,TH00422,2025-03-25,purchase@marudharbiofuels.in,khatu@example.in,Requirement rice husk 2025-03,Please confirm availability of 243.9 MT rice husk for delivery by 25-Mar-2025.
M00844,TH00422,2025-03-25,khatu@example.in,purchase@marudharbiofuels.in,RE: Requirement rice husk 2025-03,Accepted. 243.9 MT rice husk @ Rs 2019 PMT. Delivery 25-Mar-2025 positive.
M00845,TH00423,2025-03-23,purchase@marudharbiofuels.in,jai@example.in,Requirement mustard stalk 2025-03,We need 129.2 MT of mustard stalk. Can you commit by 23-Mar-2025?
M00846,TH00423,2025-03-23,jai@example.in,purchase@marudharbiofuels.in,RE: Requirement mustard stalk 2025-03,Ok for 129.2 MT at Rs 2449 per tonne. Loading will start before 23-Mar-2025.
M00847,TH00424,2025-03-16,purchase@marudharbiofuels.in,new@example.in,Requirement rice husk 2025-03,Please confirm availability of 154.0 MT rice husk for delivery by 16-Mar-2025.
M00848,TH00424,2025-03-16,new@example.in,purchase@marudharbiofuels.in,RE: Requirement rice husk 2025-03,Accepted. 154.0 MT rice husk @ Rs 2033 PMT. Delivery 16-Mar-2025 positive.
M00849,TH00425,2025-03-23,purchase@marudharbiofuels.in,khatu@example.in,Requirement rice husk 2025-03,We need 318.5 MT of rice husk. Can you commit by 23-Mar-2025?
M00850,TH00425,2025-03-23,khatu@example.in,purchase@marudharbiofuels.in,RE: Requirement rice husk 2025-03,Accepted. 318.5 MT rice husk @ Rs 2120 PMT. Delivery 23-Mar-2025 positive.
M00851,TH00426,2025-03-27,purchase@marudharbiofuels.in,khatu@example.in,Requirement rice husk 2025-03,"Requirement 291.5 MT rice husk, delivery on or before 27-Mar-2025. Kindly confirm rate."
M00852,TH00426,2025-03-27,khatu@example.in,purchase@marudharbiofuels.in,RE: Requirement rice husk 2025-03,Accepted. 291.5 MT rice husk @ Rs 2077 PMT. Delivery 27-Mar-2025 positive.
M00853,TH00427,2025-03-25,purchase@marudharbiofuels.in,salasar@example.in,Requirement mustard stalk 2025-03,Please confirm availability of 156.3 MT mustard stalk for delivery by 25-Mar-2025.
M00854,TH00427,2025-03-25,salasar@example.in,purchase@marudharbiofuels.in,RE: Requirement mustard stalk 2025-03,Accepted. 156.3 MT mustard stalk @ Rs 2403 PMT. Delivery 25-Mar-2025 positive.
M00855,TH00428,2025-03-21,purchase@marudharbiofuels.in,shree@example.in,Requirement rice husk 2025-03,We need 381.2 MT of rice husk. Can you commit by 21-Mar-2025?
M00856,TH00428,2025-03-21,shree@example.in,purchase@marudharbiofuels.in,RE: Requirement rice husk 2025-03,"Confirmed. We can supply 381.2 MT rice husk at Rs 2088 per MT, delivery by 21-Mar-2025."
M00857,TH00429,2025-03-11,purchase@marudharbiofuels.in,new@example.in,Requirement rice husk 2025-03,"Requirement 138.1 MT rice husk, delivery on or before 11-Mar-2025. Kindly confirm rate."
M00858,TH00429,2025-03-11,new@example.in,purchase@marudharbiofuels.in,RE: Requirement rice husk 2025-03,Accepted. 138.1 MT rice husk @ Rs 2115 PMT. Delivery 11-Mar-2025 positive.
M00859,TH00430,2025-03-11,purchase@marudharbiofuels.in,maa@example.in,Requirement rice husk 2025-03,"Requirement 242.7 MT rice husk, delivery on or before 11-Mar-2025. Kindly confirm rate."
M00860,TH00430,2025-03-11,maa@example.in,purchase@marudharbiofuels.in,RE: Requirement rice husk 2025-03,Ok for 242.7 MT at Rs 2046 per tonne. Loading will start before 11-Mar-2025.
M00861,TH00431,2025-03-27,purchase@marudharbiofuels.in,new@example.in,Requirement rice husk 2025-03,"Requirement 308.2 MT rice husk, delivery on or before 27-Mar-2025. Kindly confirm rate."
M00862,TH00431,2025-03-27,new@example.in,purchase@marudharbiofuels.in,RE: Requirement rice husk 2025-03,"Yes sir, 308.2 MT available. Rate Rs 2025/MT. Will dispatch before 27-Mar-2025."
M00863,TH00432,2025-03-10,purchase@marudharbiofuels.in,salasar@example.in,Requirement mustard stalk 2025-03,"Requirement 209.0 MT mustard stalk, delivery on or before 10-Mar-2025. Kindly confirm rate."
M00864,TH00432,2025-03-10,salasar@example.in,purchase@marudharbiofuels.in,RE: Requirement mustard stalk 2025-03,Accepted. 209.0 MT mustard stalk @ Rs 2460 PMT. Delivery 10-Mar-2025 positive.
M00865,TH00433,2025-04-16,purchase@marudharbiofuels.in,shri@example.in,Requirement rice husk 2025-04,We need 308.7 MT of rice husk. Can you commit by 16-Apr-2025?
M00866,TH00433,2025-04-16,shri@example.in,purchase@marudharbiofuels.in,RE: Requirement rice husk 2025-04,Ok for 308.7 MT at Rs 2144 per tonne. Loading will start before 16-Apr-2025.
M00867,TH00434,2025-04-16,purchase@marudharbiofuels.in,salasar@example.in,Requirement rice husk 2025-04,We need 268.5 MT of rice husk. Can you commit by 16-Apr-2025?
M00868,TH00434,2025-04-16,salasar@example.in,purchase@marudharbiofuels.in,RE: Requirement rice husk 2025-04,Ok for 268.5 MT at Rs 2192 per tonne. Loading will start before 16-Apr-2025.
M00869,TH00435,2025-04-14,purchase@marudharbiofuels.in,nakoda@example.in,Requirement mustard stalk 2025-04,"Requirement 283.0 MT mustard stalk, delivery on or before 14-Apr-2025. Kindly confirm rate."
M00870,TH00435,2025-04-14,nakoda@example.in,purchase@marudharbiofuels.in,RE: Requirement mustard stalk 2025-04,Ok for 283.0 MT at Rs 2575 per tonne. Loading will start before 14-Apr-2025.
M00871,TH00436,2025-04-11,purchase@marudharbiofuels.in,shri@example.in,Requirement rice husk 2025-04,"Requirement 121.0 MT rice husk, delivery on or before 11-Apr-2025. Kindly confirm rate."
M00872,TH00436,2025-04-11,shri@example.in,purchase@marudharbiofuels.in,RE: Requirement rice husk 2025-04,"Confirmed. We can supply 121.0 MT rice husk at Rs 2166 per MT, delivery by 11-Apr-2025."
M00873,TH00437,2025-04-25,purchase@marudharbiofuels.in,maa@example.in,Requirement rice husk 2025-04,Please confirm availability of 368.4 MT rice husk for delivery by 25-Apr-2025.
M00874,TH00437,2025-04-25,maa@example.in,purchase@marudharbiofuels.in,RE: Requirement rice husk 2025-04,Ok for 368.4 MT at Rs 2208 per tonne. Loading will start before 25-Apr-2025.
M00875,TH00438,2025-04-23,purchase@marudharbiofuels.in,salasar@example.in,Requirement rice husk 2025-04,We need 242.1 MT of rice husk. Can you commit by 23-Apr-2025?
M00876,TH00438,2025-04-23,salasar@example.in,purchase@marudharbiofuels.in,RE: Requirement rice husk 2025-04,"Yes sir, 242.1 MT available. Rate Rs 2118/MT. Will dispatch before 23-Apr-2025."
M00877,TH00439,2025-04-23,purchase@marudharbiofuels.in,sanwariya@example.in,Requirement rice husk 2025-04,Please confirm availability of 123.0 MT rice husk for delivery by 23-Apr-2025.
M00878,TH00439,2025-04-23,sanwariya@example.in,purchase@marudharbiofuels.in,RE: Requirement rice husk 2025-04,"Confirmed. We can supply 123.0 MT rice husk at Rs 2145 per MT, delivery by 23-Apr-2025."
M00879,TH00440,2025-04-17,purchase@marudharbiofuels.in,new@example.in,Requirement rice husk 2025-04,We need 373.0 MT of rice husk. Can you commit by 17-Apr-2025?
M00880,TH00440,2025-04-17,new@example.in,purchase@marudharbiofuels.in,RE: Requirement rice husk 2025-04,"Yes sir, 373.0 MT available. Rate Rs 2218/MT. Will dispatch before 17-Apr-2025."
M00881,TH00441,2025-04-14,purchase@marudharbiofuels.in,khatu@example.in,Requirement rice husk 2025-04,We need 376.6 MT of rice husk. Can you commit by 14-Apr-2025?
M00882,TH00441,2025-04-14,khatu@example.in,purchase@marudharbiofuels.in,RE: Requirement rice husk 2025-04,"Confirmed. We can supply 376.6 MT rice husk at Rs 2127 per MT, delivery by 14-Apr-2025."
M00883,TH00442,2025-04-17,purchase@marudharbiofuels.in,sanwariya@example.in,Requirement mustard stalk 2025-04,"Requirement 368.6 MT mustard stalk, delivery on or before 17-Apr-2025. Kindly confirm rate."
M00884,TH00442,2025-04-17,sanwariya@example.in,purchase@marudharbiofuels.in,RE: Requirement mustard stalk 2025-04,Ok for 368.6 MT at Rs 2468 per tonne. Loading will start before 17-Apr-2025.
M00885,TH00443,2025-04-10,purchase@marudharbiofuels.in,new@example.in,Requirement rice husk 2025-04,We need 320.0 MT of rice husk. Can you commit by 10-Apr-2025?
M00886,TH00443,2025-04-10,new@example.in,purchase@marudharbiofuels.in,RE: Requirement rice husk 2025-04,"Yes sir, 320.0 MT available. Rate Rs 2130/MT. Will dispatch before 10-Apr-2025."
M00887,TH00444,2025-04-28,purchase@marudharbiofuels.in,khatu@example.in,Requirement rice husk 2025-04,"Requirement 159.3 MT rice husk, delivery on or before 28-Apr-2025. Kindly confirm rate."
M00888,TH00444,2025-04-28,khatu@example.in,purchase@marudharbiofuels.in,RE: Requirement rice husk 2025-04,Ok for 159.3 MT at Rs 2193 per tonne. Loading will start before 28-Apr-2025.
M00889,TH00445,2025-04-10,purchase@marudharbiofuels.in,shree@example.in,Requirement rice husk 2025-04,Please confirm availability of 407.0 MT rice husk for delivery by 10-Apr-2025.
M00890,TH00445,2025-04-10,shree@example.in,purchase@marudharbiofuels.in,RE: Requirement rice husk 2025-04,Ok for 407.0 MT at Rs 2207 per tonne. Loading will start before 10-Apr-2025.
M00891,TH00446,2025-04-19,purchase@marudharbiofuels.in,maa@example.in,Requirement rice husk 2025-04,We need 221.6 MT of rice husk. Can you commit by 19-Apr-2025?
M00892,TH00446,2025-04-19,maa@example.in,purchase@marudharbiofuels.in,RE: Requirement rice husk 2025-04,"Confirmed. We can supply 221.6 MT rice husk at Rs 2150 per MT, delivery by 19-Apr-2025."
M00893,TH00447,2025-04-24,purchase@marudharbiofuels.in,maa@example.in,Requirement mustard stalk 2025-04,"Requirement 352.9 MT mustard stalk, delivery on or before 24-Apr-2025. Kindly confirm rate."
M00894,TH00447,2025-04-24,maa@example.in,purchase@marudharbiofuels.in,RE: Requirement mustard stalk 2025-04,"Confirmed. We can supply 352.9 MT mustard stalk at Rs 2466 per MT, delivery by 24-Apr-2025."
M00895,TH00448,2025-04-14,purchase@marudharbiofuels.in,maa@example.in,Requirement rice husk 2025-04,We need 264.2 MT of rice husk. Can you commit by 14-Apr-2025?
M00896,TH00448,2025-04-14,maa@example.in,purchase@marudharbiofuels.in,RE: Requirement rice husk 2025-04,"Confirmed. We can supply 264.2 MT rice husk at Rs 2176 per MT, delivery by 14-Apr-2025."
M00897,TH00449,2025-05-11,purchase@marudharbiofuels.in,shree@example.in,Requirement rice husk 2025-05,"Requirement 274.5 MT rice husk, delivery on or before 11-May-2025. Kindly confirm rate."
M00898,TH00449,2025-05-11,shree@example.in,purchase@marudharbiofuels.in,RE: Requirement rice husk 2025-05,"Confirmed. We can supply 274.5 MT rice husk at Rs 2289 per MT, delivery by 11-May-2025."
M00899,TH00450,2025-05-25,purchase@marudharbiofuels.in,new@example.in,Requirement rice husk 2025-05,We need 404.8 MT of rice husk. Can you commit by 25-May-2025?
M00900,TH00450,2025-05-25,new@example.in,purchase@marudharbiofuels.in,RE: Requirement rice husk 2025-05,"Confirmed. We can supply 404.8 MT rice husk at Rs 2241 per MT, delivery by 25-May-2025."
M00901,TH00451,2025-05-22,purchase@marudharbiofuels.in,shree@example.in,Requirement rice husk 2025-05,"Requirement 275.4 MT rice husk, delivery on or before 22-May-2025. Kindly confirm rate."
M00902,TH00451,2025-05-22,shree@example.in,purchase@marudharbiofuels.in,RE: Requirement rice husk 2025-05,"Yes sir, 275.4 MT available. Rate Rs 2223/MT. Will dispatch before 22-May-2025."
M00903,TH00452,2025-05-23,purchase@marudharbiofuels.in,maa@example.in,Requirement rice husk 2025-05,We need 285.7 MT of rice husk. Can you commit by 23-May-2025?
M00904,TH00452,2025-05-23,maa@example.in,purchase@marudharbiofuels.in,RE: Requirement rice husk 2025-05,"Confirmed. We can supply 285.7 MT rice husk at Rs 2221 per MT, delivery by 23-May-2025."
M00905,TH00453,2025-05-15,purchase@marudharbiofuels.in,khatu@example.in,Requirement rice husk 2025-05,Please confirm availability of 291.2 MT rice husk for delivery by 15-May-2025.
M00906,TH00453,2025-05-15,khatu@example.in,purchase@marudharbiofuels.in,RE: Requirement rice husk 2025-05,Ok for 291.2 MT at Rs 2267 per tonne. Loading will start before 15-May-2025.
M00907,TH00454,2025-05-28,purchase@marudharbiofuels.in,new@example.in,Requirement rice husk 2025-05,"Requirement 145.6 MT rice husk, delivery on or before 28-May-2025. Kindly confirm rate."
M00908,TH00454,2025-05-28,new@example.in,purchase@marudharbiofuels.in,RE: Requirement rice husk 2025-05,"Confirmed. We can supply 145.6 MT rice husk at Rs 2273 per MT, delivery by 28-May-2025."
M00909,TH00455,2025-05-10,purchase@marudharbiofuels.in,shree@example.in,Requirement rice husk 2025-05,Please confirm availability of 354.9 MT rice husk for delivery by 10-May-2025.
M00910,TH00455,2025-05-10,shree@example.in,purchase@marudharbiofuels.in,RE: Requirement rice husk 2025-05,Ok for 354.9 MT at Rs 2301 per tonne. Loading will start before 10-May-2025.
M00911,TH00456,2025-05-18,purchase@marudharbiofuels.in,sanwariya@example.in,Requirement mustard stalk 2025-05,Please confirm availability of 370.4 MT mustard stalk for delivery by 18-May-2025.
M00912,TH00456,2025-05-18,sanwariya@example.in,purchase@marudharbiofuels.in,RE: Requirement mustard stalk 2025-05,Ok for 370.4 MT at Rs 2507 per tonne. Loading will start before 18-May-2025.
M00913,TH00457,2025-05-27,purchase@marudharbiofuels.in,new@example.in,Requirement rice husk 2025-05,"Requirement 370.5 MT rice husk, delivery on or before 27-May-2025. Kindly confirm rate."
M00914,TH00457,2025-05-27,new@example.in,purchase@marudharbiofuels.in,RE: Requirement rice husk 2025-05,"Confirmed. We can supply 370.5 MT rice husk at Rs 2269 per MT, delivery by 27-May-2025."
M00915,TH00458,2025-05-12,purchase@marudharbiofuels.in,maa@example.in,Requirement rice husk 2025-05,"Requirement 144.9 MT rice husk, delivery on or before 12-May-2025. Kindly confirm rate."
M00916,TH00458,2025-05-12,maa@example.in,purchase@marudharbiofuels.in,RE: Requirement rice husk 2025-05,"Yes sir, 144.9 MT available. Rate Rs 2181/MT. Will dispatch before 12-May-2025."
M00917,TH00459,2025-05-22,purchase@marudharbiofuels.in,new@example.in,Requirement rice husk 2025-05,We need 204.6 MT of rice husk. Can you commit by 22-May-2025?
M00918,TH00459,2025-05-22,new@example.in,purchase@marudharbiofuels.in,RE: Requirement rice husk 2025-05,Accepted. 204.6 MT rice husk @ Rs 2211 PMT. Delivery 22-May-2025 positive.
M00919,TH00460,2025-05-16,purchase@marudharbiofuels.in,new@example.in,Requirement rice husk 2025-05,Please confirm availability of 281.3 MT rice husk for delivery by 16-May-2025.
M00920,TH00460,2025-05-16,new@example.in,purchase@marudharbiofuels.in,RE: Requirement rice husk 2025-05,Accepted. 281.3 MT rice husk @ Rs 2212 PMT. Delivery 16-May-2025 positive.
M00921,TH00461,2025-05-13,purchase@marudharbiofuels.in,khatu@example.in,Requirement rice husk 2025-05,Please confirm availability of 406.7 MT rice husk for delivery by 13-May-2025.
M00922,TH00461,2025-05-13,khatu@example.in,purchase@marudharbiofuels.in,RE: Requirement rice husk 2025-05,Accepted. 406.7 MT rice husk @ Rs 2191 PMT. Delivery 13-May-2025 positive.
M00923,TH00462,2025-05-13,purchase@marudharbiofuels.in,sanwariya@example.in,Requirement rice husk 2025-05,"Requirement 413.1 MT rice husk, delivery on or before 13-May-2025. Kindly confirm rate."
M00924,TH00462,2025-05-13,sanwariya@example.in,purchase@marudharbiofuels.in,RE: Requirement rice husk 2025-05,"Confirmed. We can supply 413.1 MT rice husk at Rs 2207 per MT, delivery by 13-May-2025."
M00925,TH00463,2025-05-15,purchase@marudharbiofuels.in,maa@example.in,Requirement rice husk 2025-05,We need 268.8 MT of rice husk. Can you commit by 15-May-2025?
M00926,TH00463,2025-05-15,maa@example.in,purchase@marudharbiofuels.in,RE: Requirement rice husk 2025-05,Accepted. 268.8 MT rice husk @ Rs 2250 PMT. Delivery 15-May-2025 positive.
M00927,TH00464,2025-05-25,purchase@marudharbiofuels.in,sanwariya@example.in,Requirement rice husk 2025-05,"Requirement 349.3 MT rice husk, delivery on or before 25-May-2025. Kindly confirm rate."
M00928,TH00464,2025-05-25,sanwariya@example.in,purchase@marudharbiofuels.in,RE: Requirement rice husk 2025-05,Ok for 349.3 MT at Rs 2223 per tonne. Loading will start before 25-May-2025.
M00929,TH00465,2025-05-21,purchase@marudharbiofuels.in,salasar@example.in,Requirement rice husk 2025-05,Please confirm availability of 400.4 MT rice husk for delivery by 21-May-2025.
M00930,TH00465,2025-05-21,salasar@example.in,purchase@marudharbiofuels.in,RE: Requirement rice husk 2025-05,Ok for 400.4 MT at Rs 2226 per tonne. Loading will start before 21-May-2025.
M00931,TH00466,2025-05-24,purchase@marudharbiofuels.in,salasar@example.in,Requirement rice husk 2025-05,We need 324.6 MT of rice husk. Can you commit by 24-May-2025?
M00932,TH00466,2025-05-24,salasar@example.in,purchase@marudharbiofuels.in,RE: Requirement rice husk 2025-05,"Confirmed. We can supply 324.6 MT rice husk at Rs 2307 per MT, delivery by 24-May-2025."
M00933,TH00467,2025-05-20,purchase@marudharbiofuels.in,jai@example.in,Requirement mustard stalk 2025-05,"Requirement 251.8 MT mustard stalk, delivery on or before 20-May-2025. Kindly confirm rate."
M00934,TH00467,2025-05-20,jai@example.in,purchase@marudharbiofuels.in,RE: Requirement mustard stalk 2025-05,"Confirmed. We can supply 251.8 MT mustard stalk at Rs 2512 per MT, delivery by 20-May-2025."
M00935,TH00468,2025-05-16,purchase@marudharbiofuels.in,nakoda@example.in,Requirement mustard stalk 2025-05,We need 320.4 MT of mustard stalk. Can you commit by 16-May-2025?
M00936,TH00468,2025-05-16,nakoda@example.in,purchase@marudharbiofuels.in,RE: Requirement mustard stalk 2025-05,Accepted. 320.4 MT mustard stalk @ Rs 2531 PMT. Delivery 16-May-2025 positive.
M00937,TH00469,2025-05-20,purchase@marudharbiofuels.in,sanwariya@example.in,Requirement rice husk 2025-05,We need 197.2 MT of rice husk. Can you commit by 20-May-2025?
M00938,TH00469,2025-05-20,sanwariya@example.in,purchase@marudharbiofuels.in,RE: Requirement rice husk 2025-05,"Confirmed. We can supply 197.2 MT rice husk at Rs 2223 per MT, delivery by 20-May-2025."
M00939,TH00470,2025-06-20,purchase@marudharbiofuels.in,maa@example.in,Requirement rice husk 2025-06,Please confirm availability of 248.3 MT rice husk for delivery by 20-Jun-2025.
M00940,TH00470,2025-06-20,maa@example.in,purchase@marudharbiofuels.in,RE: Requirement rice husk 2025-06,Ok for 248.3 MT at Rs 2294 per tonne. Loading will start before 20-Jun-2025.
M00941,TH00471,2025-06-21,purchase@marudharbiofuels.in,shree@example.in,Requirement rice husk 2025-06,We need 272.0 MT of rice husk. Can you commit by 21-Jun-2025?
M00942,TH00471,2025-06-21,shree@example.in,purchase@marudharbiofuels.in,RE: Requirement rice husk 2025-06,"Yes sir, 272.0 MT available. Rate Rs 2338/MT. Will dispatch before 21-Jun-2025."
M00943,TH00472,2025-06-26,purchase@marudharbiofuels.in,sanwariya@example.in,Requirement rice husk 2025-06,We need 280.6 MT of rice husk. Can you commit by 26-Jun-2025?
M00944,TH00472,2025-06-26,sanwariya@example.in,purchase@marudharbiofuels.in,RE: Requirement rice husk 2025-06,Accepted. 280.6 MT rice husk @ Rs 2356 PMT. Delivery 26-Jun-2025 positive.
M00945,TH00473,2025-06-18,purchase@marudharbiofuels.in,sanwariya@example.in,Requirement mustard stalk 2025-06,We need 203.9 MT of mustard stalk. Can you commit by 18-Jun-2025?
M00946,TH00473,2025-06-18,sanwariya@example.in,purchase@marudharbiofuels.in,RE: Requirement mustard stalk 2025-06,"Yes sir, 203.9 MT available. Rate Rs 2716/MT. Will dispatch before 18-Jun-2025."
M00947,TH00474,2025-06-20,purchase@marudharbiofuels.in,jai@example.in,Requirement mustard stalk 2025-06,We need 367.7 MT of mustard stalk. Can you commit by 20-Jun-2025?
M00948,TH00474,2025-06-20,jai@example.in,purchase@marudharbiofuels.in,RE: Requirement mustard stalk 2025-06,"Confirmed. We can supply 367.7 MT mustard stalk at Rs 2727 per MT, delivery by 20-Jun-2025."
M00949,TH00475,2025-06-10,purchase@marudharbiofuels.in,maa@example.in,Requirement rice husk 2025-06,Please confirm availability of 399.9 MT rice husk for delivery by 10-Jun-2025.
M00950,TH00475,2025-06-10,maa@example.in,purchase@marudharbiofuels.in,RE: Requirement rice husk 2025-06,"Confirmed. We can supply 399.9 MT rice husk at Rs 2333 per MT, delivery by 10-Jun-2025."
M00951,TH00476,2025-06-21,purchase@marudharbiofuels.in,shree@example.in,Requirement rice husk 2025-06,"Requirement 208.7 MT rice husk, delivery on or before 21-Jun-2025. Kindly confirm rate."
M00952,TH00476,2025-06-21,shree@example.in,purchase@marudharbiofuels.in,RE: Requirement rice husk 2025-06,Ok for 208.7 MT at Rs 2372 per tonne. Loading will start before 21-Jun-2025.
M00953,TH00477,2025-06-20,purchase@marudharbiofuels.in,khatu@example.in,Requirement rice husk 2025-06,Please confirm availability of 342.3 MT rice husk for delivery by 20-Jun-2025.
M00954,TH00477,2025-06-20,khatu@example.in,purchase@marudharbiofuels.in,RE: Requirement rice husk 2025-06,Ok for 342.3 MT at Rs 2249 per tonne. Loading will start before 20-Jun-2025.
M00955,TH00478,2025-06-25,purchase@marudharbiofuels.in,new@example.in,Requirement rice husk 2025-06,We need 264.3 MT of rice husk. Can you commit by 25-Jun-2025?
M00956,TH00478,2025-06-25,new@example.in,purchase@marudharbiofuels.in,RE: Requirement rice husk 2025-06,Ok for 264.3 MT at Rs 2326 per tonne. Loading will start before 25-Jun-2025.
M00957,TH00479,2025-06-16,purchase@marudharbiofuels.in,maa@example.in,Requirement rice husk 2025-06,Please confirm availability of 406.2 MT rice husk for delivery by 16-Jun-2025.
M00958,TH00479,2025-06-16,maa@example.in,purchase@marudharbiofuels.in,RE: Requirement rice husk 2025-06,Accepted. 406.2 MT rice husk @ Rs 2318 PMT. Delivery 16-Jun-2025 positive.
M00959,TH00480,2025-06-28,purchase@marudharbiofuels.in,jai@example.in,Requirement mustard stalk 2025-06,We need 234.1 MT of mustard stalk. Can you commit by 28-Jun-2025?
M00960,TH00480,2025-06-28,jai@example.in,purchase@marudharbiofuels.in,RE: Requirement mustard stalk 2025-06,Ok for 234.1 MT at Rs 2702 per tonne. Loading will start before 28-Jun-2025.
M00961,TH00481,2025-06-27,purchase@marudharbiofuels.in,salasar@example.in,Requirement rice husk 2025-06,"Requirement 370.9 MT rice husk, delivery on or before 27-Jun-2025. Kindly confirm rate."
M00962,TH00481,2025-06-27,salasar@example.in,purchase@marudharbiofuels.in,RE: Requirement rice husk 2025-06,Ok for 370.9 MT at Rs 2380 per tonne. Loading will start before 27-Jun-2025.
M00963,TH00482,2025-06-21,purchase@marudharbiofuels.in,salasar@example.in,Requirement rice husk 2025-06,We need 150.3 MT of rice husk. Can you commit by 21-Jun-2025?
M00964,TH00482,2025-06-21,salasar@example.in,purchase@marudharbiofuels.in,RE: Requirement rice husk 2025-06,Accepted. 150.3 MT rice husk @ Rs 2378 PMT. Delivery 21-Jun-2025 positive.
M00965,TH00483,2025-06-14,purchase@marudharbiofuels.in,khatu@example.in,Requirement rice husk 2025-06,We need 325.2 MT of rice husk. Can you commit by 14-Jun-2025?
M00966,TH00483,2025-06-14,khatu@example.in,purchase@marudharbiofuels.in,RE: Requirement rice husk 2025-06,Accepted. 325.2 MT rice husk @ Rs 2244 PMT. Delivery 14-Jun-2025 positive.
M00967,TH00484,2025-06-22,purchase@marudharbiofuels.in,shree@example.in,Requirement rice husk 2025-06,Please confirm availability of 294.8 MT rice husk for delivery by 22-Jun-2025.
M00968,TH00484,2025-06-22,shree@example.in,purchase@marudharbiofuels.in,RE: Requirement rice husk 2025-06,"Confirmed. We can supply 294.8 MT rice husk at Rs 2363 per MT, delivery by 22-Jun-2025."
M00969,TH00485,2025-06-14,purchase@marudharbiofuels.in,sanwariya@example.in,Requirement rice husk 2025-06,Please confirm availability of 258.2 MT rice husk for delivery by 14-Jun-2025.
M00970,TH00485,2025-06-14,sanwariya@example.in,purchase@marudharbiofuels.in,RE: Requirement rice husk 2025-06,Ok for 258.2 MT at Rs 2342 per tonne. Loading will start before 14-Jun-2025.
M00971,TH00486,2025-06-27,purchase@marudharbiofuels.in,sanwariya@example.in,Requirement rice husk 2025-06,Please confirm availability of 191.0 MT rice husk for delivery by 27-Jun-2025.
M00972,TH00486,2025-06-27,sanwariya@example.in,purchase@marudharbiofuels.in,RE: Requirement rice husk 2025-06,Ok for 191.0 MT at Rs 2374 per tonne. Loading will start before 27-Jun-2025.
M00973,TH00487,2025-07-12,purchase@marudharbiofuels.in,maa@example.in,Requirement mustard stalk 2025-07,"Requirement 383.1 MT mustard stalk, delivery on or before 12-Jul-2025. Kindly confirm rate."
M00974,TH00487,2025-07-12,maa@example.in,purchase@marudharbiofuels.in,RE: Requirement mustard stalk 2025-07,"Confirmed. We can supply 383.1 MT mustard stalk at Rs 2725 per MT, delivery by 12-Jul-2025."
M00975,TH00488,2025-07-21,purchase@marudharbiofuels.in,shri@example.in,Requirement rice husk 2025-07,Please confirm availability of 400.4 MT rice husk for delivery by 21-Jul-2025.
M00976,TH00488,2025-07-21,shri@example.in,purchase@marudharbiofuels.in,RE: Requirement rice husk 2025-07,Accepted. 400.4 MT rice husk @ Rs 2375 PMT. Delivery 21-Jul-2025 positive.
M00977,TH00489,2025-07-13,purchase@marudharbiofuels.in,maa@example.in,Requirement rice husk 2025-07,We need 187.3 MT of rice husk. Can you commit by 13-Jul-2025?
M00978,TH00489,2025-07-13,maa@example.in,purchase@marudharbiofuels.in,RE: Requirement rice husk 2025-07,Accepted. 187.3 MT rice husk @ Rs 2333 PMT. Delivery 13-Jul-2025 positive.
M00979,TH00490,2025-07-24,purchase@marudharbiofuels.in,maa@example.in,Requirement rice husk 2025-07,Please confirm availability of 411.8 MT rice husk for delivery by 24-Jul-2025.
M00980,TH00490,2025-07-24,maa@example.in,purchase@marudharbiofuels.in,RE: Requirement rice husk 2025-07,"Yes sir, 411.8 MT available. Rate Rs 2400/MT. Will dispatch before 24-Jul-2025."
M00981,TH00491,2025-07-11,purchase@marudharbiofuels.in,nakoda@example.in,Requirement mustard stalk 2025-07,"Requirement 120.5 MT mustard stalk, delivery on or before 11-Jul-2025. Kindly confirm rate."
M00982,TH00491,2025-07-11,nakoda@example.in,purchase@marudharbiofuels.in,RE: Requirement mustard stalk 2025-07,"Yes sir, 120.5 MT available. Rate Rs 2782/MT. Will dispatch before 11-Jul-2025."
M00983,TH00492,2025-07-14,purchase@marudharbiofuels.in,salasar@example.in,Requirement rice husk 2025-07,"Requirement 386.4 MT rice husk, delivery on or before 14-Jul-2025. Kindly confirm rate."
M00984,TH00492,2025-07-14,salasar@example.in,purchase@marudharbiofuels.in,RE: Requirement rice husk 2025-07,"Yes sir, 386.4 MT available. Rate Rs 2356/MT. Will dispatch before 14-Jul-2025."
M00985,TH00493,2025-07-20,purchase@marudharbiofuels.in,sanwariya@example.in,Requirement mustard stalk 2025-07,"Requirement 417.6 MT mustard stalk, delivery on or before 20-Jul-2025. Kindly confirm rate."
M00986,TH00493,2025-07-20,sanwariya@example.in,purchase@marudharbiofuels.in,RE: Requirement mustard stalk 2025-07,Ok for 417.6 MT at Rs 2726 per tonne. Loading will start before 20-Jul-2025.
M00987,TH00494,2025-07-20,purchase@marudharbiofuels.in,new@example.in,Requirement rice husk 2025-07,Please confirm availability of 250.5 MT rice husk for delivery by 20-Jul-2025.
M00988,TH00494,2025-07-20,new@example.in,purchase@marudharbiofuels.in,RE: Requirement rice husk 2025-07,"Yes sir, 250.5 MT available. Rate Rs 2423/MT. Will dispatch before 20-Jul-2025."
M00989,TH00495,2025-07-24,purchase@marudharbiofuels.in,shri@example.in,Requirement rice husk 2025-07,We need 205.8 MT of rice husk. Can you commit by 24-Jul-2025?
M00990,TH00495,2025-07-24,shri@example.in,purchase@marudharbiofuels.in,RE: Requirement rice husk 2025-07,"Confirmed. We can supply 205.8 MT rice husk at Rs 2457 per MT, delivery by 24-Jul-2025."
M00991,TH00496,2025-07-18,purchase@marudharbiofuels.in,sanwariya@example.in,Requirement rice husk 2025-07,Please confirm availability of 138.2 MT rice husk for delivery by 18-Jul-2025.
M00992,TH00496,2025-07-18,sanwariya@example.in,purchase@marudharbiofuels.in,RE: Requirement rice husk 2025-07,Accepted. 138.2 MT rice husk @ Rs 2462 PMT. Delivery 18-Jul-2025 positive.
M00993,TH00497,2025-07-20,purchase@marudharbiofuels.in,khatu@example.in,Requirement mustard stalk 2025-07,"Requirement 367.1 MT mustard stalk, delivery on or before 20-Jul-2025. Kindly confirm rate."
M00994,TH00497,2025-07-20,khatu@example.in,purchase@marudharbiofuels.in,RE: Requirement mustard stalk 2025-07,Ok for 367.1 MT at Rs 2756 per tonne. Loading will start before 20-Jul-2025.
M00995,TH00498,2025-07-20,purchase@marudharbiofuels.in,khatu@example.in,Requirement mustard stalk 2025-07,"Requirement 148.7 MT mustard stalk, delivery on or before 20-Jul-2025. Kindly confirm rate."
M00996,TH00498,2025-07-20,khatu@example.in,purchase@marudharbiofuels.in,RE: Requirement mustard stalk 2025-07,"Confirmed. We can supply 148.7 MT mustard stalk at Rs 2780 per MT, delivery by 20-Jul-2025."
M00997,TH00499,2025-07-21,purchase@marudharbiofuels.in,jai@example.in,Requirement mustard stalk 2025-07,"Requirement 278.7 MT mustard stalk, delivery on or before 21-Jul-2025. Kindly confirm rate."
M00998,TH00499,2025-07-21,jai@example.in,purchase@marudharbiofuels.in,RE: Requirement mustard stalk 2025-07,Accepted. 278.7 MT mustard stalk @ Rs 2769 PMT. Delivery 21-Jul-2025 positive.
M00999,TH00500,2025-07-20,purchase@marudharbiofuels.in,khatu@example.in,Requirement mustard stalk 2025-07,Please confirm availability of 256.4 MT mustard stalk for delivery by 20-Jul-2025.
M01000,TH00500,2025-07-20,khatu@example.in,purchase@marudharbiofuels.in,RE: Requirement mustard stalk 2025-07,Ok for 256.4 MT at Rs 2796 per tonne. Loading will start before 20-Jul-2025.
M01001,TH00501,2025-07-26,purchase@marudharbiofuels.in,new@example.in,Requirement rice husk 2025-07,"Requirement 152.6 MT rice husk, delivery on or before 26-Jul-2025. Kindly confirm rate."
M01002,TH00501,2025-07-26,new@example.in,purchase@marudharbiofuels.in,RE: Requirement rice husk 2025-07,Ok for 152.6 MT at Rs 2354 per tonne. Loading will start before 26-Jul-2025.
M01003,TH00502,2025-07-22,purchase@marudharbiofuels.in,new@example.in,Requirement rice husk 2025-07,"Requirement 144.8 MT rice husk, delivery on or before 22-Jul-2025. Kindly confirm rate."
M01004,TH00502,2025-07-22,new@example.in,purchase@marudharbiofuels.in,RE: Requirement rice husk 2025-07,"Yes sir, 144.8 MT available. Rate Rs 2365/MT. Will dispatch before 22-Jul-2025."
M01005,TH00503,2025-07-22,purchase@marudharbiofuels.in,sanwariya@example.in,Requirement rice husk 2025-07,We need 408.7 MT of rice husk. Can you commit by 22-Jul-2025?
M01006,TH00503,2025-07-22,sanwariya@example.in,purchase@marudharbiofuels.in,RE: Requirement rice husk 2025-07,Ok for 408.7 MT at Rs 2413 per tonne. Loading will start before 22-Jul-2025.
M01007,TH00504,2025-08-22,purchase@marudharbiofuels.in,salasar@example.in,Requirement rice husk 2025-08,We need 277.0 MT of rice husk. Can you commit by 22-Aug-2025?
M01008,TH00504,2025-08-22,salasar@example.in,purchase@marudharbiofuels.in,RE: Requirement rice husk 2025-08,Ok for 277.0 MT at Rs 2515 per tonne. Loading will start before 22-Aug-2025.
M01009,TH00505,2025-08-18,purchase@marudharbiofuels.in,salasar@example.in,Requirement rice husk 2025-08,We need 265.1 MT of rice husk. Can you commit by 18-Aug-2025?
M01010,TH00505,2025-08-18,salasar@example.in,purchase@marudharbiofuels.in,RE: Requirement rice husk 2025-08,Ok for 265.1 MT at Rs 2492 per tonne. Loading will start before 18-Aug-2025.
M01011,TH00506,2025-08-14,purchase@marudharbiofuels.in,salasar@example.in,Requirement mustard stalk 2025-08,Please confirm availability of 253.5 MT mustard stalk for delivery by 14-Aug-2025.
M01012,TH00506,2025-08-14,salasar@example.in,purchase@marudharbiofuels.in,RE: Requirement mustard stalk 2025-08,Accepted. 253.5 MT mustard stalk @ Rs 2884 PMT. Delivery 14-Aug-2025 positive.
M01013,TH00507,2025-08-23,purchase@marudharbiofuels.in,jai@example.in,Requirement mustard stalk 2025-08,"Requirement 296.3 MT mustard stalk, delivery on or before 23-Aug-2025. Kindly confirm rate."
M01014,TH00507,2025-08-23,jai@example.in,purchase@marudharbiofuels.in,RE: Requirement mustard stalk 2025-08,"Confirmed. We can supply 296.3 MT mustard stalk at Rs 2780 per MT, delivery by 23-Aug-2025."
M01015,TH00508,2025-08-18,purchase@marudharbiofuels.in,maa@example.in,Requirement rice husk 2025-08,Please confirm availability of 157.3 MT rice husk for delivery by 18-Aug-2025.
M01016,TH00508,2025-08-18,maa@example.in,purchase@marudharbiofuels.in,RE: Requirement rice husk 2025-08,Accepted. 157.3 MT rice husk @ Rs 2464 PMT. Delivery 18-Aug-2025 positive.
M01017,TH00509,2025-08-17,purchase@marudharbiofuels.in,khatu@example.in,Requirement mustard stalk 2025-08,"Requirement 156.2 MT mustard stalk, delivery on or before 17-Aug-2025. Kindly confirm rate."
M01018,TH00509,2025-08-17,khatu@example.in,purchase@marudharbiofuels.in,RE: Requirement mustard stalk 2025-08,"Yes sir, 156.2 MT available. Rate Rs 2784/MT. Will dispatch before 17-Aug-2025."
M01019,TH00510,2025-08-27,purchase@marudharbiofuels.in,nakoda@example.in,Requirement mustard stalk 2025-08,"Requirement 411.7 MT mustard stalk, delivery on or before 27-Aug-2025. Kindly confirm rate."
M01020,TH00510,2025-08-27,nakoda@example.in,purchase@marudharbiofuels.in,RE: Requirement mustard stalk 2025-08,"Confirmed. We can supply 411.7 MT mustard stalk at Rs 2827 per MT, delivery by 27-Aug-2025."
M01021,TH00511,2025-08-28,purchase@marudharbiofuels.in,maa@example.in,Requirement rice husk 2025-08,"Requirement 382.2 MT rice husk, delivery on or before 28-Aug-2025. Kindly confirm rate."
M01022,TH00511,2025-08-28,maa@example.in,purchase@marudharbiofuels.in,RE: Requirement rice husk 2025-08,Accepted. 382.2 MT rice husk @ Rs 2477 PMT. Delivery 28-Aug-2025 positive.
M01023,TH00512,2025-08-27,purchase@marudharbiofuels.in,jai@example.in,Requirement mustard stalk 2025-08,We need 384.9 MT of mustard stalk. Can you commit by 27-Aug-2025?
M01024,TH00512,2025-08-27,jai@example.in,purchase@marudharbiofuels.in,RE: Requirement mustard stalk 2025-08,Ok for 384.9 MT at Rs 2851 per tonne. Loading will start before 27-Aug-2025.
M01025,TH00513,2025-08-10,purchase@marudharbiofuels.in,maa@example.in,Requirement rice husk 2025-08,We need 354.2 MT of rice husk. Can you commit by 10-Aug-2025?
M01026,TH00513,2025-08-10,maa@example.in,purchase@marudharbiofuels.in,RE: Requirement rice husk 2025-08,Ok for 354.2 MT at Rs 2534 per tonne. Loading will start before 10-Aug-2025.
M01027,TH00514,2025-08-13,purchase@marudharbiofuels.in,salasar@example.in,Requirement rice husk 2025-08,We need 193.9 MT of rice husk. Can you commit by 13-Aug-2025?
M01028,TH00514,2025-08-13,salasar@example.in,purchase@marudharbiofuels.in,RE: Requirement rice husk 2025-08,Accepted. 193.9 MT rice husk @ Rs 2480 PMT. Delivery 13-Aug-2025 positive.
M01029,TH00515,2025-08-19,purchase@marudharbiofuels.in,salasar@example.in,Requirement rice husk 2025-08,"Requirement 220.9 MT rice husk, delivery on or before 19-Aug-2025. Kindly confirm rate."
M01030,TH00515,2025-08-19,salasar@example.in,purchase@marudharbiofuels.in,RE: Requirement rice husk 2025-08,"Yes sir, 220.9 MT available. Rate Rs 2535/MT. Will dispatch before 19-Aug-2025."
M01031,TH00516,2025-08-24,purchase@marudharbiofuels.in,sanwariya@example.in,Requirement rice husk 2025-08,Please confirm availability of 319.2 MT rice husk for delivery by 24-Aug-2025.
M01032,TH00516,2025-08-24,sanwariya@example.in,purchase@marudharbiofuels.in,RE: Requirement rice husk 2025-08,Accepted. 319.2 MT rice husk @ Rs 2448 PMT. Delivery 24-Aug-2025 positive.
M01033,TH00517,2025-08-19,purchase@marudharbiofuels.in,salasar@example.in,Requirement rice husk 2025-08,Please confirm availability of 199.4 MT rice husk for delivery by 19-Aug-2025.
M01034,TH00517,2025-08-19,salasar@example.in,purchase@marudharbiofuels.in,RE: Requirement rice husk 2025-08,"Yes sir, 199.4 MT available. Rate Rs 2411/MT. Will dispatch before 19-Aug-2025."
M01035,TH00518,2025-08-21,purchase@marudharbiofuels.in,jai@example.in,Requirement mustard stalk 2025-08,We need 243.8 MT of mustard stalk. Can you commit by 21-Aug-2025?
M01036,TH00518,2025-08-21,jai@example.in,purchase@marudharbiofuels.in,RE: Requirement mustard stalk 2025-08,"Yes sir, 243.8 MT available. Rate Rs 2890/MT. Will dispatch before 21-Aug-2025."
M01037,TH00519,2025-08-19,purchase@marudharbiofuels.in,new@example.in,Requirement rice husk 2025-08,Please confirm availability of 407.8 MT rice husk for delivery by 19-Aug-2025.
M01038,TH00519,2025-08-19,new@example.in,purchase@marudharbiofuels.in,RE: Requirement rice husk 2025-08,Accepted. 407.8 MT rice husk @ Rs 2487 PMT. Delivery 19-Aug-2025 positive.
M01039,TH00520,2025-08-13,purchase@marudharbiofuels.in,khatu@example.in,Requirement rice husk 2025-08,"Requirement 170.8 MT rice husk, delivery on or before 13-Aug-2025. Kindly confirm rate."
M01040,TH00520,2025-08-13,khatu@example.in,purchase@marudharbiofuels.in,RE: Requirement rice husk 2025-08,Ok for 170.8 MT at Rs 2500 per tonne. Loading will start before 13-Aug-2025.
M01041,TH00521,2025-08-21,purchase@marudharbiofuels.in,salasar@example.in,Requirement rice husk 2025-08,"Requirement 162.7 MT rice husk, delivery on or before 21-Aug-2025. Kindly confirm rate."
M01042,TH00521,2025-08-21,salasar@example.in,purchase@marudharbiofuels.in,RE: Requirement rice husk 2025-08,Ok for 162.7 MT at Rs 2534 per tonne. Loading will start before 21-Aug-2025.
M01043,TH00522,2025-08-13,purchase@marudharbiofuels.in,new@example.in,Requirement rice husk 2025-08,Please confirm availability of 262.5 MT rice husk for delivery by 13-Aug-2025.
M01044,TH00522,2025-08-13,new@example.in,purchase@marudharbiofuels.in,RE: Requirement rice husk 2025-08,"Yes sir, 262.5 MT available. Rate Rs 2437/MT. Will dispatch before 13-Aug-2025."
M01045,TH00523,2025-08-16,purchase@marudharbiofuels.in,nakoda@example.in,Requirement mustard stalk 2025-08,"Requirement 229.5 MT mustard stalk, delivery on or before 16-Aug-2025. Kindly confirm rate."
M01046,TH00523,2025-08-16,nakoda@example.in,purchase@marudharbiofuels.in,RE: Requirement mustard stalk 2025-08,Accepted. 229.5 MT mustard stalk @ Rs 2855 PMT. Delivery 16-Aug-2025 positive.
M01047,TH00524,2025-08-24,purchase@marudharbiofuels.in,salasar@example.in,Requirement rice husk 2025-08,Please confirm availability of 374.7 MT rice husk for delivery by 24-Aug-2025.
M01048,TH00524,2025-08-24,salasar@example.in,purchase@marudharbiofuels.in,RE: Requirement rice husk 2025-08,Accepted. 374.7 MT rice husk @ Rs 2423 PMT. Delivery 24-Aug-2025 positive.
M01049,TH00525,2025-08-20,purchase@marudharbiofuels.in,sanwariya@example.in,Requirement mustard stalk 2025-08,Please confirm availability of 132.1 MT mustard stalk for delivery by 20-Aug-2025.
M01050,TH00525,2025-08-20,sanwariya@example.in,purchase@marudharbiofuels.in,RE: Requirement mustard stalk 2025-08,"Confirmed. We can supply 132.1 MT mustard stalk at Rs 2832 per MT, delivery by 20-Aug-2025."
M01051,TH00526,2025-09-28,purchase@marudharbiofuels.in,maa@example.in,Requirement mustard stalk 2025-09,"Requirement 419.3 MT mustard stalk, delivery on or before 28-Sep-2025. Kindly confirm rate."
M01052,TH00526,2025-09-28,maa@example.in,purchase@marudharbiofuels.in,RE: Requirement mustard stalk 2025-09,Ok for 419.3 MT at Rs 2845 per tonne. Loading will start before 28-Sep-2025.
M01053,TH00527,2025-09-24,purchase@marudharbiofuels.in,jai@example.in,Requirement mustard stalk 2025-09,Please confirm availability of 314.0 MT mustard stalk for delivery by 24-Sep-2025.
M01054,TH00527,2025-09-24,jai@example.in,purchase@marudharbiofuels.in,RE: Requirement mustard stalk 2025-09,Ok for 314.0 MT at Rs 2969 per tonne. Loading will start before 24-Sep-2025.
M01055,TH00528,2025-09-18,purchase@marudharbiofuels.in,jai@example.in,Requirement mustard stalk 2025-09,"Requirement 205.9 MT mustard stalk, delivery on or before 18-Sep-2025. Kindly confirm rate."
M01056,TH00528,2025-09-18,jai@example.in,purchase@marudharbiofuels.in,RE: Requirement mustard stalk 2025-09,"Confirmed. We can supply 205.9 MT mustard stalk at Rs 2870 per MT, delivery by 18-Sep-2025."
M01057,TH00529,2025-09-10,purchase@marudharbiofuels.in,sanwariya@example.in,Requirement rice husk 2025-09,We need 144.5 MT of rice husk. Can you commit by 10-Sep-2025?
M01058,TH00529,2025-09-10,sanwariya@example.in,purchase@marudharbiofuels.in,RE: Requirement rice husk 2025-09,"Confirmed. We can supply 144.5 MT rice husk at Rs 2496 per MT, delivery by 10-Sep-2025."
M01059,TH00530,2025-09-15,purchase@marudharbiofuels.in,salasar@example.in,Requirement rice husk 2025-09,Please confirm availability of 299.2 MT rice husk for delivery by 15-Sep-2025.
M01060,TH00530,2025-09-15,salasar@example.in,purchase@marudharbiofuels.in,RE: Requirement rice husk 2025-09,"Confirmed. We can supply 299.2 MT rice husk at Rs 2478 per MT, delivery by 15-Sep-2025."
M01061,TH00531,2025-09-15,purchase@marudharbiofuels.in,maa@example.in,Requirement rice husk 2025-09,"Requirement 376.4 MT rice husk, delivery on or before 15-Sep-2025. Kindly confirm rate."
M01062,TH00531,2025-09-15,maa@example.in,purchase@marudharbiofuels.in,RE: Requirement rice husk 2025-09,"Yes sir, 376.4 MT available. Rate Rs 2512/MT. Will dispatch before 15-Sep-2025."
M01063,TH00532,2025-09-13,purchase@marudharbiofuels.in,shree@example.in,Requirement rice husk 2025-09,We need 334.3 MT of rice husk. Can you commit by 13-Sep-2025?
M01064,TH00532,2025-09-13,shree@example.in,purchase@marudharbiofuels.in,RE: Requirement rice husk 2025-09,"Confirmed. We can supply 334.3 MT rice husk at Rs 2551 per MT, delivery by 13-Sep-2025."
M01065,TH00533,2025-09-10,purchase@marudharbiofuels.in,maa@example.in,Requirement rice husk 2025-09,Please confirm availability of 326.3 MT rice husk for delivery by 10-Sep-2025.
M01066,TH00533,2025-09-10,maa@example.in,purchase@marudharbiofuels.in,RE: Requirement rice husk 2025-09,Ok for 326.3 MT at Rs 2468 per tonne. Loading will start before 10-Sep-2025.
M01067,TH00534,2025-09-18,purchase@marudharbiofuels.in,shree@example.in,Requirement rice husk 2025-09,We need 406.2 MT of rice husk. Can you commit by 18-Sep-2025?
M01068,TH00534,2025-09-18,shree@example.in,purchase@marudharbiofuels.in,RE: Requirement rice husk 2025-09,Ok for 406.2 MT at Rs 2565 per tonne. Loading will start before 18-Sep-2025.
M01069,TH00535,2025-09-14,purchase@marudharbiofuels.in,maa@example.in,Requirement mustard stalk 2025-09,"Requirement 388.5 MT mustard stalk, delivery on or before 14-Sep-2025. Kindly confirm rate."
M01070,TH00535,2025-09-14,maa@example.in,purchase@marudharbiofuels.in,RE: Requirement mustard stalk 2025-09,"Yes sir, 388.5 MT available. Rate Rs 2901/MT. Will dispatch before 14-Sep-2025."
M01071,TH00536,2025-09-23,purchase@marudharbiofuels.in,sanwariya@example.in,Requirement rice husk 2025-09,"Requirement 379.5 MT rice husk, delivery on or before 23-Sep-2025. Kindly confirm rate."
M01072,TH00536,2025-09-23,sanwariya@example.in,purchase@marudharbiofuels.in,RE: Requirement rice husk 2025-09,"Yes sir, 379.5 MT available. Rate Rs 2552/MT. Will dispatch before 23-Sep-2025."
M01073,TH00537,2025-09-28,purchase@marudharbiofuels.in,salasar@example.in,Requirement mustard stalk 2025-09,Please confirm availability of 124.0 MT mustard stalk for delivery by 28-Sep-2025.
M01074,TH00537,2025-09-28,salasar@example.in,purchase@marudharbiofuels.in,RE: Requirement mustard stalk 2025-09,Accepted. 124.0 MT mustard stalk @ Rs 2904 PMT. Delivery 28-Sep-2025 positive.
M01075,TH00538,2025-09-19,purchase@marudharbiofuels.in,maa@example.in,Requirement rice husk 2025-09,We need 313.7 MT of rice husk. Can you commit by 19-Sep-2025?
M01076,TH00538,2025-09-19,maa@example.in,purchase@marudharbiofuels.in,RE: Requirement rice husk 2025-09,Ok for 313.7 MT at Rs 2490 per tonne. Loading will start before 19-Sep-2025.
M01077,TH00539,2025-09-22,purchase@marudharbiofuels.in,sanwariya@example.in,Requirement rice husk 2025-09,Please confirm availability of 409.8 MT rice husk for delivery by 22-Sep-2025.
M01078,TH00539,2025-09-22,sanwariya@example.in,purchase@marudharbiofuels.in,RE: Requirement rice husk 2025-09,"Confirmed. We can supply 409.8 MT rice husk at Rs 2500 per MT, delivery by 22-Sep-2025."
M01079,TH00540,2025-09-11,purchase@marudharbiofuels.in,shree@example.in,Requirement rice husk 2025-09,We need 152.8 MT of rice husk. Can you commit by 11-Sep-2025?
M01080,TH00540,2025-09-11,shree@example.in,purchase@marudharbiofuels.in,RE: Requirement rice husk 2025-09,Ok for 152.8 MT at Rs 2587 per tonne. Loading will start before 11-Sep-2025.
M01081,TH00541,2025-09-12,purchase@marudharbiofuels.in,khatu@example.in,Requirement rice husk 2025-09,We need 324.5 MT of rice husk. Can you commit by 12-Sep-2025?
M01082,TH00541,2025-09-12,khatu@example.in,purchase@marudharbiofuels.in,RE: Requirement rice husk 2025-09,Ok for 324.5 MT at Rs 2487 per tonne. Loading will start before 12-Sep-2025.
M01083,TH00542,2025-09-18,purchase@marudharbiofuels.in,shree@example.in,Requirement rice husk 2025-09,Please confirm availability of 236.9 MT rice husk for delivery by 18-Sep-2025.
M01084,TH00542,2025-09-18,shree@example.in,purchase@marudharbiofuels.in,RE: Requirement rice husk 2025-09,"Yes sir, 236.9 MT available. Rate Rs 2500/MT. Will dispatch before 18-Sep-2025."
M01085,TH00543,2025-09-11,purchase@marudharbiofuels.in,nakoda@example.in,Requirement mustard stalk 2025-09,"Requirement 208.6 MT mustard stalk, delivery on or before 11-Sep-2025. Kindly confirm rate."
M01086,TH00543,2025-09-11,nakoda@example.in,purchase@marudharbiofuels.in,RE: Requirement mustard stalk 2025-09,"Yes sir, 208.6 MT available. Rate Rs 2912/MT. Will dispatch before 11-Sep-2025."
M01087,TH00544,2025-09-26,purchase@marudharbiofuels.in,jai@example.in,Requirement mustard stalk 2025-09,We need 257.6 MT of mustard stalk. Can you commit by 26-Sep-2025?
M01088,TH00544,2025-09-26,jai@example.in,purchase@marudharbiofuels.in,RE: Requirement mustard stalk 2025-09,Ok for 257.6 MT at Rs 2863 per tonne. Loading will start before 26-Sep-2025.
M01089,TH00545,2025-10-17,purchase@marudharbiofuels.in,khatu@example.in,Requirement rice husk 2025-10,Please confirm availability of 338.7 MT rice husk for delivery by 17-Oct-2025.
M01090,TH00545,2025-10-17,khatu@example.in,purchase@marudharbiofuels.in,RE: Requirement rice husk 2025-10,"Yes sir, 338.7 MT available. Rate Rs 2524/MT. Will dispatch before 17-Oct-2025."
M01091,TH00546,2025-10-23,purchase@marudharbiofuels.in,maa@example.in,Requirement rice husk 2025-10,We need 343.6 MT of rice husk. Can you commit by 23-Oct-2025?
M01092,TH00546,2025-10-23,maa@example.in,purchase@marudharbiofuels.in,RE: Requirement rice husk 2025-10,"Yes sir, 343.6 MT available. Rate Rs 2482/MT. Will dispatch before 23-Oct-2025."
M01093,TH00547,2025-10-22,purchase@marudharbiofuels.in,shree@example.in,Requirement rice husk 2025-10,"Requirement 183.8 MT rice husk, delivery on or before 22-Oct-2025. Kindly confirm rate."
M01094,TH00547,2025-10-22,shree@example.in,purchase@marudharbiofuels.in,RE: Requirement rice husk 2025-10,"Yes sir, 183.8 MT available. Rate Rs 2551/MT. Will dispatch before 22-Oct-2025."
M01095,TH00548,2025-10-10,purchase@marudharbiofuels.in,sanwariya@example.in,Requirement rice husk 2025-10,Please confirm availability of 353.4 MT rice husk for delivery by 10-Oct-2025.
M01096,TH00548,2025-10-10,sanwariya@example.in,purchase@marudharbiofuels.in,RE: Requirement rice husk 2025-10,Ok for 353.4 MT at Rs 2554 per tonne. Loading will start before 10-Oct-2025.
M01097,TH00549,2025-10-27,purchase@marudharbiofuels.in,jai@example.in,Requirement mustard stalk 2025-10,"Requirement 279.5 MT mustard stalk, delivery on or before 27-Oct-2025. Kindly confirm rate."
M01098,TH00549,2025-10-27,jai@example.in,purchase@marudharbiofuels.in,RE: Requirement mustard stalk 2025-10,Ok for 279.5 MT at Rs 3005 per tonne. Loading will start before 27-Oct-2025.
M01099,TH00550,2025-10-25,purchase@marudharbiofuels.in,maa@example.in,Requirement mustard stalk 2025-10,We need 174.3 MT of mustard stalk. Can you commit by 25-Oct-2025?
M01100,TH00550,2025-10-25,maa@example.in,purchase@marudharbiofuels.in,RE: Requirement mustard stalk 2025-10,Accepted. 174.3 MT mustard stalk @ Rs 2889 PMT. Delivery 25-Oct-2025 positive.
M01101,TH00551,2025-10-10,purchase@marudharbiofuels.in,sanwariya@example.in,Requirement mustard stalk 2025-10,"Requirement 264.8 MT mustard stalk, delivery on or before 10-Oct-2025. Kindly confirm rate."
M01102,TH00551,2025-10-10,sanwariya@example.in,purchase@marudharbiofuels.in,RE: Requirement mustard stalk 2025-10,"Yes sir, 264.8 MT available. Rate Rs 2867/MT. Will dispatch before 10-Oct-2025."
M01103,TH00552,2025-10-13,purchase@marudharbiofuels.in,sanwariya@example.in,Requirement rice husk 2025-10,Please confirm availability of 337.2 MT rice husk for delivery by 13-Oct-2025.
M01104,TH00552,2025-10-13,sanwariya@example.in,purchase@marudharbiofuels.in,RE: Requirement rice husk 2025-10,Ok for 337.2 MT at Rs 2532 per tonne. Loading will start before 13-Oct-2025.
M01105,TH00553,2025-10-22,purchase@marudharbiofuels.in,jai@example.in,Requirement mustard stalk 2025-10,Please confirm availability of 259.2 MT mustard stalk for delivery by 22-Oct-2025.
M01106,TH00553,2025-10-22,jai@example.in,purchase@marudharbiofuels.in,RE: Requirement mustard stalk 2025-10,"Yes sir, 259.2 MT available. Rate Rs 2966/MT. Will dispatch before 22-Oct-2025."
M01107,TH00554,2025-10-14,purchase@marudharbiofuels.in,khatu@example.in,Requirement rice husk 2025-10,"Requirement 398.0 MT rice husk, delivery on or before 14-Oct-2025. Kindly confirm rate."
M01108,TH00554,2025-10-14,khatu@example.in,purchase@marudharbiofuels.in,RE: Requirement rice husk 2025-10,Accepted. 398.0 MT rice husk @ Rs 2605 PMT. Delivery 14-Oct-2025 positive.
M01109,TH00555,2025-10-25,purchase@marudharbiofuels.in,sanwariya@example.in,Requirement rice husk 2025-10,We need 386.2 MT of rice husk. Can you commit by 25-Oct-2025?
M01110,TH00555,2025-10-25,sanwariya@example.in,purchase@marudharbiofuels.in,RE: Requirement rice husk 2025-10,Accepted. 386.2 MT rice husk @ Rs 2492 PMT. Delivery 25-Oct-2025 positive.
M01111,TH00556,2025-10-14,purchase@marudharbiofuels.in,sanwariya@example.in,Requirement rice husk 2025-10,"Requirement 155.2 MT rice husk, delivery on or before 14-Oct-2025. Kindly confirm rate."
M01112,TH00556,2025-10-14,sanwariya@example.in,purchase@marudharbiofuels.in,RE: Requirement rice husk 2025-10,Ok for 155.2 MT at Rs 2564 per tonne. Loading will start before 14-Oct-2025.
M01113,TH00557,2025-10-11,purchase@marudharbiofuels.in,maa@example.in,Requirement mustard stalk 2025-10,"Requirement 282.1 MT mustard stalk, delivery on or before 11-Oct-2025. Kindly confirm rate."
M01114,TH00557,2025-10-11,maa@example.in,purchase@marudharbiofuels.in,RE: Requirement mustard stalk 2025-10,"Yes sir, 282.1 MT available. Rate Rs 2887/MT. Will dispatch before 11-Oct-2025."
M01115,TH00558,2025-10-19,purchase@marudharbiofuels.in,shree@example.in,Requirement rice husk 2025-10,Please confirm availability of 128.6 MT rice husk for delivery by 19-Oct-2025.
M01116,TH00558,2025-10-19,shree@example.in,purchase@marudharbiofuels.in,RE: Requirement rice husk 2025-10,"Yes sir, 128.6 MT available. Rate Rs 2548/MT. Will dispatch before 19-Oct-2025."
M01117,TH00559,2025-10-25,purchase@marudharbiofuels.in,sanwariya@example.in,Requirement rice husk 2025-10,"Requirement 373.7 MT rice husk, delivery on or before 25-Oct-2025. Kindly confirm rate."
M01118,TH00559,2025-10-25,sanwariya@example.in,purchase@marudharbiofuels.in,RE: Requirement rice husk 2025-10,Accepted. 373.7 MT rice husk @ Rs 2596 PMT. Delivery 25-Oct-2025 positive.
M01119,TH00560,2025-10-13,purchase@marudharbiofuels.in,salasar@example.in,Requirement rice husk 2025-10,"Requirement 159.2 MT rice husk, delivery on or before 13-Oct-2025. Kindly confirm rate."
M01120,TH00560,2025-10-13,salasar@example.in,purchase@marudharbiofuels.in,RE: Requirement rice husk 2025-10,"Yes sir, 159.2 MT available. Rate Rs 2589/MT. Will dispatch before 13-Oct-2025."
M01121,TH00561,2025-10-19,purchase@marudharbiofuels.in,sanwariya@example.in,Requirement rice husk 2025-10,Please confirm availability of 389.0 MT rice husk for delivery by 19-Oct-2025.
M01122,TH00561,2025-10-19,sanwariya@example.in,purchase@marudharbiofuels.in,RE: Requirement rice husk 2025-10,"Yes sir, 389.0 MT available. Rate Rs 2610/MT. Will dispatch before 19-Oct-2025."
M01123,TH00562,2025-11-17,purchase@marudharbiofuels.in,salasar@example.in,Requirement rice husk 2025-11,"Requirement 312.8 MT rice husk, delivery on or before 17-Nov-2025. Kindly confirm rate."
M01124,TH00562,2025-11-17,salasar@example.in,purchase@marudharbiofuels.in,RE: Requirement rice husk 2025-11,"Yes sir, 312.8 MT available. Rate Rs 2441/MT. Will dispatch before 17-Nov-2025."
M01125,TH00563,2025-11-24,purchase@marudharbiofuels.in,sanwariya@example.in,Requirement rice husk 2025-11,Please confirm availability of 208.7 MT rice husk for delivery by 24-Nov-2025.
M01126,TH00563,2025-11-24,sanwariya@example.in,purchase@marudharbiofuels.in,RE: Requirement rice husk 2025-11,"Yes sir, 208.7 MT available. Rate Rs 2422/MT. Will dispatch before 24-Nov-2025."
M01127,TH00564,2025-11-20,purchase@marudharbiofuels.in,maa@example.in,Requirement mustard stalk 2025-11,"Requirement 281.0 MT mustard stalk, delivery on or before 20-Nov-2025. Kindly confirm rate."
M01128,TH00564,2025-11-20,maa@example.in,purchase@marudharbiofuels.in,RE: Requirement mustard stalk 2025-11,Accepted. 281.0 MT mustard stalk @ Rs 2809 PMT. Delivery 20-Nov-2025 positive.
M01129,TH00565,2025-11-21,purchase@marudharbiofuels.in,salasar@example.in,Requirement rice husk 2025-11,We need 354.1 MT of rice husk. Can you commit by 21-Nov-2025?
M01130,TH00565,2025-11-21,salasar@example.in,purchase@marudharbiofuels.in,RE: Requirement rice husk 2025-11,"Confirmed. We can supply 354.1 MT rice husk at Rs 2346 per MT, delivery by 21-Nov-2025."
M01131,TH00566,2025-11-19,purchase@marudharbiofuels.in,new@example.in,Requirement rice husk 2025-11,We need 292.4 MT of rice husk. Can you commit by 19-Nov-2025?
M01132,TH00566,2025-11-19,new@example.in,purchase@marudharbiofuels.in,RE: Requirement rice husk 2025-11,"Yes sir, 292.4 MT available. Rate Rs 2355/MT. Will dispatch before 19-Nov-2025."
M01133,TH00567,2025-11-20,purchase@marudharbiofuels.in,shree@example.in,Requirement rice husk 2025-11,We need 175.3 MT of rice husk. Can you commit by 20-Nov-2025?
M01134,TH00567,2025-11-20,shree@example.in,purchase@marudharbiofuels.in,RE: Requirement rice husk 2025-11,Ok for 175.3 MT at Rs 2320 per tonne. Loading will start before 20-Nov-2025.
M01135,TH00568,2025-11-10,purchase@marudharbiofuels.in,sanwariya@example.in,Requirement rice husk 2025-11,Please confirm availability of 323.4 MT rice husk for delivery by 10-Nov-2025.
M01136,TH00568,2025-11-10,sanwariya@example.in,purchase@marudharbiofuels.in,RE: Requirement rice husk 2025-11,Accepted. 323.4 MT rice husk @ Rs 2433 PMT. Delivery 10-Nov-2025 positive.
M01137,TH00569,2025-11-28,purchase@marudharbiofuels.in,new@example.in,Requirement rice husk 2025-11,We need 410.6 MT of rice husk. Can you commit by 28-Nov-2025?
M01138,TH00569,2025-11-28,new@example.in,purchase@marudharbiofuels.in,RE: Requirement rice husk 2025-11,"Yes sir, 410.6 MT available. Rate Rs 2382/MT. Will dispatch before 28-Nov-2025."
M01139,TH00570,2025-11-20,purchase@marudharbiofuels.in,khatu@example.in,Requirement rice husk 2025-11,We need 184.1 MT of rice husk. Can you commit by 20-Nov-2025?
M01140,TH00570,2025-11-20,khatu@example.in,purchase@marudharbiofuels.in,RE: Requirement rice husk 2025-11,"Confirmed. We can supply 184.1 MT rice husk at Rs 2308 per MT, delivery by 20-Nov-2025."
M01141,TH00571,2025-11-14,purchase@marudharbiofuels.in,sanwariya@example.in,Requirement rice husk 2025-11,"Requirement 347.6 MT rice husk, delivery on or before 14-Nov-2025. Kindly confirm rate."
M01142,TH00571,2025-11-14,sanwariya@example.in,purchase@marudharbiofuels.in,RE: Requirement rice husk 2025-11,Accepted. 347.6 MT rice husk @ Rs 2436 PMT. Delivery 14-Nov-2025 positive.
M01143,TH00572,2025-11-24,purchase@marudharbiofuels.in,khatu@example.in,Requirement mustard stalk 2025-11,Please confirm availability of 384.6 MT mustard stalk for delivery by 24-Nov-2025.
M01144,TH00572,2025-11-24,khatu@example.in,purchase@marudharbiofuels.in,RE: Requirement mustard stalk 2025-11,"Yes sir, 384.6 MT available. Rate Rs 2808/MT. Will dispatch before 24-Nov-2025."
M01145,TH00573,2025-11-20,purchase@marudharbiofuels.in,new@example.in,Requirement rice husk 2025-11,"Requirement 400.0 MT rice husk, delivery on or before 20-Nov-2025. Kindly confirm rate."
M01146,TH00573,2025-11-20,new@example.in,purchase@marudharbiofuels.in,RE: Requirement rice husk 2025-11,"Yes sir, 400.0 MT available. Rate Rs 2354/MT. Will dispatch before 20-Nov-2025."
M01147,TH00574,2025-11-12,purchase@marudharbiofuels.in,shree@example.in,Requirement rice husk 2025-11,Please confirm availability of 141.0 MT rice husk for delivery by 12-Nov-2025.
M01148,TH00574,2025-11-12,shree@example.in,purchase@marudharbiofuels.in,RE: Requirement rice husk 2025-11,Accepted. 141.0 MT rice husk @ Rs 2393 PMT. Delivery 12-Nov-2025 positive.
M01149,TH00575,2025-11-26,purchase@marudharbiofuels.in,new@example.in,Requirement rice husk 2025-11,Please confirm availability of 335.5 MT rice husk for delivery by 26-Nov-2025.
M01150,TH00575,2025-11-26,new@example.in,purchase@marudharbiofuels.in,RE: Requirement rice husk 2025-11,"Yes sir, 335.5 MT available. Rate Rs 2440/MT. Will dispatch before 26-Nov-2025."
M01151,TH00576,2025-11-26,purchase@marudharbiofuels.in,maa@example.in,Requirement rice husk 2025-11,"Requirement 238.6 MT rice husk, delivery on or before 26-Nov-2025. Kindly confirm rate."
M01152,TH00576,2025-11-26,maa@example.in,purchase@marudharbiofuels.in,RE: Requirement rice husk 2025-11,"Confirmed. We can supply 238.6 MT rice husk at Rs 2416 per MT, delivery by 26-Nov-2025."
M01153,TH00577,2025-11-17,purchase@marudharbiofuels.in,maa@example.in,Requirement rice husk 2025-11,"Requirement 416.8 MT rice husk, delivery on or before 17-Nov-2025. Kindly confirm rate."
M01154,TH00577,2025-11-17,maa@example.in,purchase@marudharbiofuels.in,RE: Requirement rice husk 2025-11,"Yes sir, 416.8 MT available. Rate Rs 2419/MT. Will dispatch before 17-Nov-2025."
M01155,TH00578,2025-11-27,purchase@marudharbiofuels.in,jai@example.in,Requirement mustard stalk 2025-11,"Requirement 279.8 MT mustard stalk, delivery on or before 27-Nov-2025. Kindly confirm rate."
M01156,TH00578,2025-11-27,jai@example.in,purchase@marudharbiofuels.in,RE: Requirement mustard stalk 2025-11,"Yes sir, 279.8 MT available. Rate Rs 2769/MT. Will dispatch before 27-Nov-2025."
M01157,TH00579,2025-11-22,purchase@marudharbiofuels.in,salasar@example.in,Requirement rice husk 2025-11,Please confirm availability of 217.5 MT rice husk for delivery by 22-Nov-2025.
M01158,TH00579,2025-11-22,salasar@example.in,purchase@marudharbiofuels.in,RE: Requirement rice husk 2025-11,Accepted. 217.5 MT rice husk @ Rs 2441 PMT. Delivery 22-Nov-2025 positive.
M01159,TH00580,2025-11-23,purchase@marudharbiofuels.in,salasar@example.in,Requirement rice husk 2025-11,We need 169.1 MT of rice husk. Can you commit by 23-Nov-2025?
M01160,TH00580,2025-11-23,salasar@example.in,purchase@marudharbiofuels.in,RE: Requirement rice husk 2025-11,Ok for 169.1 MT at Rs 2415 per tonne. Loading will start before 23-Nov-2025.
M01161,TH00581,2025-11-12,purchase@marudharbiofuels.in,khatu@example.in,Requirement rice husk 2025-11,"Requirement 349.3 MT rice husk, delivery on or before 12-Nov-2025. Kindly confirm rate."
M01162,TH00581,2025-11-12,khatu@example.in,purchase@marudharbiofuels.in,RE: Requirement rice husk 2025-11,"Confirmed. We can supply 349.3 MT rice husk at Rs 2391 per MT, delivery by 12-Nov-2025."
M01163,TH00582,2025-11-24,purchase@marudharbiofuels.in,maa@example.in,Requirement mustard stalk 2025-11,Please confirm availability of 145.3 MT mustard stalk for delivery by 24-Nov-2025.
M01164,TH00582,2025-11-24,maa@example.in,purchase@marudharbiofuels.in,RE: Requirement mustard stalk 2025-11,Ok for 145.3 MT at Rs 2759 per tonne. Loading will start before 24-Nov-2025.
M01165,TH00583,2025-12-10,purchase@marudharbiofuels.in,maa@example.in,Requirement rice husk 2025-12,Please confirm availability of 232.5 MT rice husk for delivery by 10-Dec-2025.
M01166,TH00583,2025-12-10,maa@example.in,purchase@marudharbiofuels.in,RE: Requirement rice husk 2025-12,"Confirmed. We can supply 232.5 MT rice husk at Rs 2276 per MT, delivery by 10-Dec-2025."
M01167,TH00584,2025-12-20,purchase@marudharbiofuels.in,sanwariya@example.in,Requirement rice husk 2025-12,"Requirement 210.3 MT rice husk, delivery on or before 20-Dec-2025. Kindly confirm rate."
M01168,TH00584,2025-12-20,sanwariya@example.in,purchase@marudharbiofuels.in,RE: Requirement rice husk 2025-12,Accepted. 210.3 MT rice husk @ Rs 2272 PMT. Delivery 20-Dec-2025 positive.
M01169,TH00585,2025-12-25,purchase@marudharbiofuels.in,shri@example.in,Requirement rice husk 2025-12,We need 313.9 MT of rice husk. Can you commit by 25-Dec-2025?
M01170,TH00585,2025-12-25,shri@example.in,purchase@marudharbiofuels.in,RE: Requirement rice husk 2025-12,"Yes sir, 313.9 MT available. Rate Rs 2247/MT. Will dispatch before 25-Dec-2025."
M01171,TH00586,2025-12-20,purchase@marudharbiofuels.in,khatu@example.in,Requirement mustard stalk 2025-12,"Requirement 284.8 MT mustard stalk, delivery on or before 20-Dec-2025. Kindly confirm rate."
M01172,TH00586,2025-12-20,khatu@example.in,purchase@marudharbiofuels.in,RE: Requirement mustard stalk 2025-12,"Yes sir, 284.8 MT available. Rate Rs 2704/MT. Will dispatch before 20-Dec-2025."
M01173,TH00587,2025-12-19,purchase@marudharbiofuels.in,salasar@example.in,Requirement rice husk 2025-12,Please confirm availability of 324.3 MT rice husk for delivery by 19-Dec-2025.
M01174,TH00587,2025-12-19,salasar@example.in,purchase@marudharbiofuels.in,RE: Requirement rice husk 2025-12,Ok for 324.3 MT at Rs 2261 per tonne. Loading will start before 19-Dec-2025.
M01175,TH00588,2025-12-22,purchase@marudharbiofuels.in,maa@example.in,Requirement rice husk 2025-12,Please confirm availability of 301.3 MT rice husk for delivery by 22-Dec-2025.
M01176,TH00588,2025-12-22,maa@example.in,purchase@marudharbiofuels.in,RE: Requirement rice husk 2025-12,Ok for 301.3 MT at Rs 2286 per tonne. Loading will start before 22-Dec-2025.
M01177,TH00589,2025-12-21,purchase@marudharbiofuels.in,sanwariya@example.in,Requirement rice husk 2025-12,Please confirm availability of 202.3 MT rice husk for delivery by 21-Dec-2025.
M01178,TH00589,2025-12-21,sanwariya@example.in,purchase@marudharbiofuels.in,RE: Requirement rice husk 2025-12,Accepted. 202.3 MT rice husk @ Rs 2232 PMT. Delivery 21-Dec-2025 positive.
M01179,TH00590,2025-12-27,purchase@marudharbiofuels.in,shree@example.in,Requirement rice husk 2025-12,"Requirement 405.6 MT rice husk, delivery on or before 27-Dec-2025. Kindly confirm rate."
M01180,TH00590,2025-12-27,shree@example.in,purchase@marudharbiofuels.in,RE: Requirement rice husk 2025-12,Ok for 405.6 MT at Rs 2293 per tonne. Loading will start before 27-Dec-2025.
M01181,TH00591,2025-12-19,purchase@marudharbiofuels.in,shree@example.in,Requirement rice husk 2025-12,Please confirm availability of 273.5 MT rice husk for delivery by 19-Dec-2025.
M01182,TH00591,2025-12-19,shree@example.in,purchase@marudharbiofuels.in,RE: Requirement rice husk 2025-12,Accepted. 273.5 MT rice husk @ Rs 2283 PMT. Delivery 19-Dec-2025 positive.
M01183,TH00592,2025-12-12,purchase@marudharbiofuels.in,sanwariya@example.in,Requirement rice husk 2025-12,"Requirement 251.5 MT rice husk, delivery on or before 12-Dec-2025. Kindly confirm rate."
M01184,TH00592,2025-12-12,sanwariya@example.in,purchase@marudharbiofuels.in,RE: Requirement rice husk 2025-12,Accepted. 251.5 MT rice husk @ Rs 2357 PMT. Delivery 12-Dec-2025 positive.
M01185,TH00593,2025-12-16,purchase@marudharbiofuels.in,salasar@example.in,Requirement rice husk 2025-12,We need 411.9 MT of rice husk. Can you commit by 16-Dec-2025?
M01186,TH00593,2025-12-16,salasar@example.in,purchase@marudharbiofuels.in,RE: Requirement rice husk 2025-12,Accepted. 411.9 MT rice husk @ Rs 2238 PMT. Delivery 16-Dec-2025 positive.
M01187,TH00594,2025-12-21,purchase@marudharbiofuels.in,sanwariya@example.in,Requirement rice husk 2025-12,Please confirm availability of 220.7 MT rice husk for delivery by 21-Dec-2025.
M01188,TH00594,2025-12-21,sanwariya@example.in,purchase@marudharbiofuels.in,RE: Requirement rice husk 2025-12,"Yes sir, 220.7 MT available. Rate Rs 2308/MT. Will dispatch before 21-Dec-2025."
M01189,TH00595,2025-12-18,purchase@marudharbiofuels.in,nakoda@example.in,Requirement rice husk 2025-12,We need 307.6 MT of rice husk. Can you commit by 18-Dec-2025?
M01190,TH00595,2025-12-18,nakoda@example.in,purchase@marudharbiofuels.in,RE: Requirement rice husk 2025-12,Accepted. 307.6 MT rice husk @ Rs 2304 PMT. Delivery 18-Dec-2025 positive.
M01191,TH00596,2025-12-11,purchase@marudharbiofuels.in,sanwariya@example.in,Requirement rice husk 2025-12,"Requirement 320.6 MT rice husk, delivery on or before 11-Dec-2025. Kindly confirm rate."
M01192,TH00596,2025-12-11,sanwariya@example.in,purchase@marudharbiofuels.in,RE: Requirement rice husk 2025-12,"Yes sir, 320.6 MT available. Rate Rs 2229/MT. Will dispatch before 11-Dec-2025."
M01193,TH00597,2025-12-28,purchase@marudharbiofuels.in,sanwariya@example.in,Requirement rice husk 2025-12,Please confirm availability of 333.8 MT rice husk for delivery by 28-Dec-2025.
M01194,TH00597,2025-12-28,sanwariya@example.in,purchase@marudharbiofuels.in,RE: Requirement rice husk 2025-12,"Confirmed. We can supply 333.8 MT rice husk at Rs 2311 per MT, delivery by 28-Dec-2025."
M01195,TH00598,2025-12-12,purchase@marudharbiofuels.in,shree@example.in,Requirement rice husk 2025-12,"Requirement 218.9 MT rice husk, delivery on or before 12-Dec-2025. Kindly confirm rate."
M01196,TH00598,2025-12-12,shree@example.in,purchase@marudharbiofuels.in,RE: Requirement rice husk 2025-12,Ok for 218.9 MT at Rs 2260 per tonne. Loading will start before 12-Dec-2025.
M01197,TH00599,2025-12-11,purchase@marudharbiofuels.in,new@example.in,Requirement rice husk 2025-12,Please confirm availability of 256.9 MT rice husk for delivery by 11-Dec-2025.
M01198,TH00599,2025-12-11,new@example.in,purchase@marudharbiofuels.in,RE: Requirement rice husk 2025-12,Accepted. 256.9 MT rice husk @ Rs 2284 PMT. Delivery 11-Dec-2025 positive.
M01199,TH00600,2025-12-26,purchase@marudharbiofuels.in,om@example.in,Requirement rice husk 2025-12,Please confirm availability of 163.5 MT rice husk for delivery by 26-Dec-2025.
M01200,TH00600,2025-12-26,om@example.in,purchase@marudharbiofuels.in,RE: Requirement rice husk 2025-12,Ok for 163.5 MT at Rs 2326 per tonne. Loading will start before 26-Dec-2025.
M01201,TH00601,2026-01-18,purchase@marudharbiofuels.in,maa@example.in,Requirement mustard stalk 2026-01,"Requirement 193.8 MT mustard stalk, delivery on or before 18-Jan-2026. Kindly confirm rate."
M01202,TH00601,2026-01-18,maa@example.in,purchase@marudharbiofuels.in,RE: Requirement mustard stalk 2026-01,Accepted. 193.8 MT mustard stalk @ Rs 2619 PMT. Delivery 18-Jan-2026 positive.
M01203,TH00602,2026-01-26,purchase@marudharbiofuels.in,salasar@example.in,Requirement rice husk 2026-01,Please confirm availability of 318.4 MT rice husk for delivery by 26-Jan-2026.
M01204,TH00602,2026-01-26,salasar@example.in,purchase@marudharbiofuels.in,RE: Requirement rice husk 2026-01,Ok for 318.4 MT at Rs 2282 per tonne. Loading will start before 26-Jan-2026.
M01205,TH00603,2026-01-19,purchase@marudharbiofuels.in,khatu@example.in,Requirement rice husk 2026-01,We need 320.8 MT of rice husk. Can you commit by 19-Jan-2026?
M01206,TH00603,2026-01-19,khatu@example.in,purchase@marudharbiofuels.in,RE: Requirement rice husk 2026-01,"Confirmed. We can supply 320.8 MT rice husk at Rs 2304 per MT, delivery by 19-Jan-2026."
M01207,TH00604,2026-01-12,purchase@marudharbiofuels.in,new@example.in,Requirement rice husk 2026-01,Please confirm availability of 166.8 MT rice husk for delivery by 12-Jan-2026.
M01208,TH00604,2026-01-12,new@example.in,purchase@marudharbiofuels.in,RE: Requirement rice husk 2026-01,"Yes sir, 166.8 MT available. Rate Rs 2252/MT. Will dispatch before 12-Jan-2026."
M01209,TH00605,2026-01-23,purchase@marudharbiofuels.in,new@example.in,Requirement rice husk 2026-01,"Requirement 378.1 MT rice husk, delivery on or before 23-Jan-2026. Kindly confirm rate."
M01210,TH00605,2026-01-23,new@example.in,purchase@marudharbiofuels.in,RE: Requirement rice husk 2026-01,Accepted. 378.1 MT rice husk @ Rs 2206 PMT. Delivery 23-Jan-2026 positive.
M01211,TH00606,2026-01-14,purchase@marudharbiofuels.in,om@example.in,Requirement rice husk 2026-01,We need 200.8 MT of rice husk. Can you commit by 14-Jan-2026?
M01212,TH00606,2026-01-14,om@example.in,purchase@marudharbiofuels.in,RE: Requirement rice husk 2026-01,Ok for 200.8 MT at Rs 2267 per tonne. Loading will start before 14-Jan-2026.
M01213,TH00607,2026-01-27,purchase@marudharbiofuels.in,khatu@example.in,Requirement rice husk 2026-01,"Requirement 158.8 MT rice husk, delivery on or before 27-Jan-2026. Kindly confirm rate."
M01214,TH00607,2026-01-27,khatu@example.in,purchase@marudharbiofuels.in,RE: Requirement rice husk 2026-01,"Yes sir, 158.8 MT available. Rate Rs 2232/MT. Will dispatch before 27-Jan-2026."
M01215,TH00608,2026-01-23,purchase@marudharbiofuels.in,khatu@example.in,Requirement rice husk 2026-01,"Requirement 164.2 MT rice husk, delivery on or before 23-Jan-2026. Kindly confirm rate."
M01216,TH00608,2026-01-23,khatu@example.in,purchase@marudharbiofuels.in,RE: Requirement rice husk 2026-01,"Yes sir, 164.2 MT available. Rate Rs 2306/MT. Will dispatch before 23-Jan-2026."
M01217,TH00609,2026-01-21,purchase@marudharbiofuels.in,nakoda@example.in,Requirement mustard stalk 2026-01,We need 392.5 MT of mustard stalk. Can you commit by 21-Jan-2026?
M01218,TH00609,2026-01-21,nakoda@example.in,purchase@marudharbiofuels.in,RE: Requirement mustard stalk 2026-01,"Yes sir, 392.5 MT available. Rate Rs 2615/MT. Will dispatch before 21-Jan-2026."
M01219,TH00610,2026-01-25,purchase@marudharbiofuels.in,jai@example.in,Requirement mustard stalk 2026-01,We need 319.6 MT of mustard stalk. Can you commit by 25-Jan-2026?
M01220,TH00610,2026-01-25,jai@example.in,purchase@marudharbiofuels.in,RE: Requirement mustard stalk 2026-01,Ok for 319.6 MT at Rs 2618 per tonne. Loading will start before 25-Jan-2026.
M01221,TH00611,2026-01-13,purchase@marudharbiofuels.in,khatu@example.in,Requirement rice husk 2026-01,We need 406.9 MT of rice husk. Can you commit by 13-Jan-2026?
M01222,TH00611,2026-01-13,khatu@example.in,purchase@marudharbiofuels.in,RE: Requirement rice husk 2026-01,Accepted. 406.9 MT rice husk @ Rs 2245 PMT. Delivery 13-Jan-2026 positive.
M01223,TH00612,2026-01-24,purchase@marudharbiofuels.in,sanwariya@example.in,Requirement rice husk 2026-01,We need 160.5 MT of rice husk. Can you commit by 24-Jan-2026?
M01224,TH00612,2026-01-24,sanwariya@example.in,purchase@marudharbiofuels.in,RE: Requirement rice husk 2026-01,Ok for 160.5 MT at Rs 2223 per tonne. Loading will start before 24-Jan-2026.
M01225,TH00613,2026-01-27,purchase@marudharbiofuels.in,sanwariya@example.in,Requirement rice husk 2026-01,We need 275.8 MT of rice husk. Can you commit by 27-Jan-2026?
M01226,TH00613,2026-01-27,sanwariya@example.in,purchase@marudharbiofuels.in,RE: Requirement rice husk 2026-01,"Confirmed. We can supply 275.8 MT rice husk at Rs 2261 per MT, delivery by 27-Jan-2026."
M01227,TH00614,2026-01-12,purchase@marudharbiofuels.in,sanwariya@example.in,Requirement mustard stalk 2026-01,We need 163.5 MT of mustard stalk. Can you commit by 12-Jan-2026?
M01228,TH00614,2026-01-12,sanwariya@example.in,purchase@marudharbiofuels.in,RE: Requirement mustard stalk 2026-01,"Confirmed. We can supply 163.5 MT mustard stalk at Rs 2563 per MT, delivery by 12-Jan-2026."
M01229,TH00615,2026-01-14,purchase@marudharbiofuels.in,nakoda@example.in,Requirement mustard stalk 2026-01,Please confirm availability of 307.3 MT mustard stalk for delivery by 14-Jan-2026.
M01230,TH00615,2026-01-14,nakoda@example.in,purchase@marudharbiofuels.in,RE: Requirement mustard stalk 2026-01,Ok for 307.3 MT at Rs 2599 per tonne. Loading will start before 14-Jan-2026.
M01231,TH00616,2026-01-28,purchase@marudharbiofuels.in,salasar@example.in,Requirement mustard stalk 2026-01,Please confirm availability of 307.5 MT mustard stalk for delivery by 28-Jan-2026.
M01232,TH00616,2026-01-28,salasar@example.in,purchase@marudharbiofuels.in,RE: Requirement mustard stalk 2026-01,Accepted. 307.5 MT mustard stalk @ Rs 2639 PMT. Delivery 28-Jan-2026 positive.
M01233,TH00617,2026-01-24,purchase@marudharbiofuels.in,shri@example.in,Requirement rice husk 2026-01,Please confirm availability of 228.0 MT rice husk for delivery by 24-Jan-2026.
M01234,TH00617,2026-01-24,shri@example.in,purchase@marudharbiofuels.in,RE: Requirement rice husk 2026-01,"Confirmed. We can supply 228.0 MT rice husk at Rs 2226 per MT, delivery by 24-Jan-2026."
M01235,TH00618,2026-01-16,purchase@marudharbiofuels.in,jai@example.in,Requirement mustard stalk 2026-01,We need 382.7 MT of mustard stalk. Can you commit by 16-Jan-2026?
M01236,TH00618,2026-01-16,jai@example.in,purchase@marudharbiofuels.in,RE: Requirement mustard stalk 2026-01,"Confirmed. We can supply 382.7 MT mustard stalk at Rs 2617 per MT, delivery by 16-Jan-2026."
M01237,TH00619,2026-01-25,purchase@marudharbiofuels.in,sanwariya@example.in,Requirement rice husk 2026-01,"Requirement 255.3 MT rice husk, delivery on or before 25-Jan-2026. Kindly confirm rate."
M01238,TH00619,2026-01-25,sanwariya@example.in,purchase@marudharbiofuels.in,RE: Requirement rice husk 2026-01,Ok for 255.3 MT at Rs 2221 per tonne. Loading will start before 25-Jan-2026.
M01239,TH00620,2026-01-26,purchase@marudharbiofuels.in,salasar@example.in,Requirement rice husk 2026-01,We need 259.8 MT of rice husk. Can you commit by 26-Jan-2026?
M01240,TH00620,2026-01-26,salasar@example.in,purchase@marudharbiofuels.in,RE: Requirement rice husk 2026-01,Accepted. 259.8 MT rice husk @ Rs 2302 PMT. Delivery 26-Jan-2026 positive.
M01241,TH00621,2026-02-23,purchase@marudharbiofuels.in,shree@example.in,Requirement rice husk 2026-02,"Requirement 311.2 MT rice husk, delivery on or before 23-Feb-2026. Kindly confirm rate."
M01242,TH00621,2026-02-23,shree@example.in,purchase@marudharbiofuels.in,RE: Requirement rice husk 2026-02,Accepted. 311.2 MT rice husk @ Rs 2277 PMT. Delivery 23-Feb-2026 positive.
M01243,TH00622,2026-02-19,purchase@marudharbiofuels.in,salasar@example.in,Requirement rice husk 2026-02,We need 287.6 MT of rice husk. Can you commit by 19-Feb-2026?
M01244,TH00622,2026-02-19,salasar@example.in,purchase@marudharbiofuels.in,RE: Requirement rice husk 2026-02,Accepted. 287.6 MT rice husk @ Rs 2286 PMT. Delivery 19-Feb-2026 positive.
M01245,TH00623,2026-02-10,purchase@marudharbiofuels.in,salasar@example.in,Requirement rice husk 2026-02,"Requirement 191.3 MT rice husk, delivery on or before 10-Feb-2026. Kindly confirm rate."
M01246,TH00623,2026-02-10,salasar@example.in,purchase@marudharbiofuels.in,RE: Requirement rice husk 2026-02,Accepted. 191.3 MT rice husk @ Rs 2260 PMT. Delivery 10-Feb-2026 positive.
M01247,TH00624,2026-02-26,purchase@marudharbiofuels.in,maa@example.in,Requirement mustard stalk 2026-02,We need 257.2 MT of mustard stalk. Can you commit by 26-Feb-2026?
M01248,TH00624,2026-02-26,maa@example.in,purchase@marudharbiofuels.in,RE: Requirement mustard stalk 2026-02,"Confirmed. We can supply 257.2 MT mustard stalk at Rs 2598 per MT, delivery by 26-Feb-2026."
M01249,TH00625,2026-02-24,purchase@marudharbiofuels.in,shree@example.in,Requirement rice husk 2026-02,"Requirement 186.9 MT rice husk, delivery on or before 24-Feb-2026. Kindly confirm rate."
M01250,TH00625,2026-02-24,shree@example.in,purchase@marudharbiofuels.in,RE: Requirement rice husk 2026-02,Ok for 186.9 MT at Rs 2229 per tonne. Loading will start before 24-Feb-2026.
M01251,TH00626,2026-02-21,purchase@marudharbiofuels.in,maa@example.in,Requirement rice husk 2026-02,Please confirm availability of 357.3 MT rice husk for delivery by 21-Feb-2026.
M01252,TH00626,2026-02-21,maa@example.in,purchase@marudharbiofuels.in,RE: Requirement rice husk 2026-02,"Yes sir, 357.3 MT available. Rate Rs 2279/MT. Will dispatch before 21-Feb-2026."
M01253,TH00627,2026-02-13,purchase@marudharbiofuels.in,shree@example.in,Requirement rice husk 2026-02,Please confirm availability of 374.5 MT rice husk for delivery by 13-Feb-2026.
M01254,TH00627,2026-02-13,shree@example.in,purchase@marudharbiofuels.in,RE: Requirement rice husk 2026-02,Ok for 374.5 MT at Rs 2334 per tonne. Loading will start before 13-Feb-2026.
M01255,TH00628,2026-02-16,purchase@marudharbiofuels.in,maa@example.in,Requirement mustard stalk 2026-02,"Requirement 240.0 MT mustard stalk, delivery on or before 16-Feb-2026. Kindly confirm rate."
M01256,TH00628,2026-02-16,maa@example.in,purchase@marudharbiofuels.in,RE: Requirement mustard stalk 2026-02,Accepted. 240.0 MT mustard stalk @ Rs 2564 PMT. Delivery 16-Feb-2026 positive.
M01257,TH00629,2026-02-14,purchase@marudharbiofuels.in,jai@example.in,Requirement mustard stalk 2026-02,"Requirement 359.8 MT mustard stalk, delivery on or before 14-Feb-2026. Kindly confirm rate."
M01258,TH00629,2026-02-14,jai@example.in,purchase@marudharbiofuels.in,RE: Requirement mustard stalk 2026-02,Ok for 359.8 MT at Rs 2578 per tonne. Loading will start before 14-Feb-2026.
M01259,TH00630,2026-02-18,purchase@marudharbiofuels.in,khatu@example.in,Requirement mustard stalk 2026-02,We need 301.7 MT of mustard stalk. Can you commit by 18-Feb-2026?
M01260,TH00630,2026-02-18,khatu@example.in,purchase@marudharbiofuels.in,RE: Requirement mustard stalk 2026-02,"Yes sir, 301.7 MT available. Rate Rs 2580/MT. Will dispatch before 18-Feb-2026."
M01261,TH00631,2026-02-22,purchase@marudharbiofuels.in,sanwariya@example.in,Requirement mustard stalk 2026-02,Please confirm availability of 290.9 MT mustard stalk for delivery by 22-Feb-2026.
M01262,TH00631,2026-02-22,sanwariya@example.in,purchase@marudharbiofuels.in,RE: Requirement mustard stalk 2026-02,Accepted. 290.9 MT mustard stalk @ Rs 2639 PMT. Delivery 22-Feb-2026 positive.
M01263,TH00632,2026-02-26,purchase@marudharbiofuels.in,shree@example.in,Requirement rice husk 2026-02,"Requirement 193.1 MT rice husk, delivery on or before 26-Feb-2026. Kindly confirm rate."
M01264,TH00632,2026-02-26,shree@example.in,purchase@marudharbiofuels.in,RE: Requirement rice husk 2026-02,Accepted. 193.1 MT rice husk @ Rs 2319 PMT. Delivery 26-Feb-2026 positive.
M01265,TH00633,2026-02-20,purchase@marudharbiofuels.in,shree@example.in,Requirement rice husk 2026-02,"Requirement 263.7 MT rice husk, delivery on or before 20-Feb-2026. Kindly confirm rate."
M01266,TH00633,2026-02-20,shree@example.in,purchase@marudharbiofuels.in,RE: Requirement rice husk 2026-02,Accepted. 263.7 MT rice husk @ Rs 2281 PMT. Delivery 20-Feb-2026 positive.
M01267,TH00634,2026-02-11,purchase@marudharbiofuels.in,khatu@example.in,Requirement mustard stalk 2026-02,Please confirm availability of 200.3 MT mustard stalk for delivery by 11-Feb-2026.
M01268,TH00634,2026-02-11,khatu@example.in,purchase@marudharbiofuels.in,RE: Requirement mustard stalk 2026-02,Ok for 200.3 MT at Rs 2694 per tonne. Loading will start before 11-Feb-2026.
M01269,TH00635,2026-02-23,purchase@marudharbiofuels.in,maa@example.in,Requirement mustard stalk 2026-02,Please confirm availability of 373.2 MT mustard stalk for delivery by 23-Feb-2026.
M01270,TH00635,2026-02-23,maa@example.in,purchase@marudharbiofuels.in,RE: Requirement mustard stalk 2026-02,Accepted. 373.2 MT mustard stalk @ Rs 2653 PMT. Delivery 23-Feb-2026 positive.
M01271,TH00636,2026-02-15,purchase@marudharbiofuels.in,maa@example.in,Requirement rice husk 2026-02,"Requirement 162.2 MT rice husk, delivery on or before 15-Feb-2026. Kindly confirm rate."
M01272,TH00636,2026-02-15,maa@example.in,purchase@marudharbiofuels.in,RE: Requirement rice husk 2026-02,"Confirmed. We can supply 162.2 MT rice husk at Rs 2252 per MT, delivery by 15-Feb-2026."
M01273,TH00637,2026-02-22,purchase@marudharbiofuels.in,khatu@example.in,Requirement rice husk 2026-02,"Requirement 231.9 MT rice husk, delivery on or before 22-Feb-2026. Kindly confirm rate."
M01274,TH00637,2026-02-22,khatu@example.in,purchase@marudharbiofuels.in,RE: Requirement rice husk 2026-02,Ok for 231.9 MT at Rs 2276 per tonne. Loading will start before 22-Feb-2026.
M01275,TH00638,2026-02-20,purchase@marudharbiofuels.in,jai@example.in,Requirement mustard stalk 2026-02,Please confirm availability of 275.4 MT mustard stalk for delivery by 20-Feb-2026.
M01276,TH00638,2026-02-20,jai@example.in,purchase@marudharbiofuels.in,RE: Requirement mustard stalk 2026-02,"Confirmed. We can supply 275.4 MT mustard stalk at Rs 2696 per MT, delivery by 20-Feb-2026."
M01277,TH00639,2026-02-13,purchase@marudharbiofuels.in,om@example.in,Requirement rice husk 2026-02,We need 129.8 MT of rice husk. Can you commit by 13-Feb-2026?
M01278,TH00639,2026-02-13,om@example.in,purchase@marudharbiofuels.in,RE: Requirement rice husk 2026-02,Ok for 129.8 MT at Rs 2235 per tonne. Loading will start before 13-Feb-2026.
M01279,TH00640,2026-02-18,purchase@marudharbiofuels.in,shri@example.in,Requirement rice husk 2026-02,Please confirm availability of 347.1 MT rice husk for delivery by 18-Feb-2026.
M01280,TH00640,2026-02-18,shri@example.in,purchase@marudharbiofuels.in,RE: Requirement rice husk 2026-02,Accepted. 347.1 MT rice husk @ Rs 2353 PMT. Delivery 18-Feb-2026 positive.
M01281,TH00641,2026-02-15,purchase@marudharbiofuels.in,sanwariya@example.in,Requirement rice husk 2026-02,Please confirm availability of 384.2 MT rice husk for delivery by 15-Feb-2026.
M01282,TH00641,2026-02-15,sanwariya@example.in,purchase@marudharbiofuels.in,RE: Requirement rice husk 2026-02,"Yes sir, 384.2 MT available. Rate Rs 2264/MT. Will dispatch before 15-Feb-2026."
M01283,TH00642,2026-02-13,purchase@marudharbiofuels.in,new@example.in,Requirement rice husk 2026-02,Please confirm availability of 415.6 MT rice husk for delivery by 13-Feb-2026.
M01284,TH00642,2026-02-13,new@example.in,purchase@marudharbiofuels.in,RE: Requirement rice husk 2026-02,Accepted. 415.6 MT rice husk @ Rs 2245 PMT. Delivery 13-Feb-2026 positive.
M01285,TH00643,2026-03-27,purchase@marudharbiofuels.in,new@example.in,Requirement rice husk 2026-03,"Requirement 312.2 MT rice husk, delivery on or before 27-Mar-2026. Kindly confirm rate."
M01286,TH00643,2026-03-27,new@example.in,purchase@marudharbiofuels.in,RE: Requirement rice husk 2026-03,Ok for 312.2 MT at Rs 2250 per tonne. Loading will start before 27-Mar-2026.
M01287,TH00644,2026-03-16,purchase@marudharbiofuels.in,salasar@example.in,Requirement mustard stalk 2026-03,"Requirement 288.3 MT mustard stalk, delivery on or before 16-Mar-2026. Kindly confirm rate."
M01288,TH00644,2026-03-16,salasar@example.in,purchase@marudharbiofuels.in,RE: Requirement mustard stalk 2026-03,Accepted. 288.3 MT mustard stalk @ Rs 2588 PMT. Delivery 16-Mar-2026 positive.
M01289,TH00645,2026-03-15,purchase@marudharbiofuels.in,khatu@example.in,Requirement rice husk 2026-03,Please confirm availability of 279.9 MT rice husk for delivery by 15-Mar-2026.
M01290,TH00645,2026-03-15,khatu@example.in,purchase@marudharbiofuels.in,RE: Requirement rice husk 2026-03,"Yes sir, 279.9 MT available. Rate Rs 2150/MT. Will dispatch before 15-Mar-2026."
M01291,TH00646,2026-03-24,purchase@marudharbiofuels.in,om@example.in,Requirement rice husk 2026-03,We need 388.4 MT of rice husk. Can you commit by 24-Mar-2026?
M01292,TH00646,2026-03-24,om@example.in,purchase@marudharbiofuels.in,RE: Requirement rice husk 2026-03,Ok for 388.4 MT at Rs 2211 per tonne. Loading will start before 24-Mar-2026.
M01293,TH00647,2026-03-21,purchase@marudharbiofuels.in,new@example.in,Requirement mustard stalk 2026-03,"Requirement 310.3 MT mustard stalk, delivery on or before 21-Mar-2026. Kindly confirm rate."
M01294,TH00647,2026-03-21,new@example.in,purchase@marudharbiofuels.in,RE: Requirement mustard stalk 2026-03,Ok for 310.3 MT at Rs 2469 per tonne. Loading will start before 21-Mar-2026.
M01295,TH00648,2026-03-13,purchase@marudharbiofuels.in,khatu@example.in,Requirement rice husk 2026-03,"Requirement 308.9 MT rice husk, delivery on or before 13-Mar-2026. Kindly confirm rate."
M01296,TH00648,2026-03-13,khatu@example.in,purchase@marudharbiofuels.in,RE: Requirement rice husk 2026-03,Accepted. 308.9 MT rice husk @ Rs 2151 PMT. Delivery 13-Mar-2026 positive.
M01297,TH00649,2026-03-14,purchase@marudharbiofuels.in,sanwariya@example.in,Requirement rice husk 2026-03,We need 363.5 MT of rice husk. Can you commit by 14-Mar-2026?
M01298,TH00649,2026-03-14,sanwariya@example.in,purchase@marudharbiofuels.in,RE: Requirement rice husk 2026-03,Ok for 363.5 MT at Rs 2149 per tonne. Loading will start before 14-Mar-2026.
M01299,TH00650,2026-03-26,purchase@marudharbiofuels.in,salasar@example.in,Requirement rice husk 2026-03,Please confirm availability of 198.0 MT rice husk for delivery by 26-Mar-2026.
M01300,TH00650,2026-03-26,salasar@example.in,purchase@marudharbiofuels.in,RE: Requirement rice husk 2026-03,Ok for 198.0 MT at Rs 2234 per tonne. Loading will start before 26-Mar-2026.
M01301,TH00651,2026-03-21,purchase@marudharbiofuels.in,maa@example.in,Requirement mustard stalk 2026-03,Please confirm availability of 341.7 MT mustard stalk for delivery by 21-Mar-2026.
M01302,TH00651,2026-03-21,maa@example.in,purchase@marudharbiofuels.in,RE: Requirement mustard stalk 2026-03,Ok for 341.7 MT at Rs 2520 per tonne. Loading will start before 21-Mar-2026.
M01303,TH00652,2026-03-17,purchase@marudharbiofuels.in,new@example.in,Requirement rice husk 2026-03,Please confirm availability of 239.8 MT rice husk for delivery by 17-Mar-2026.
M01304,TH00652,2026-03-17,new@example.in,purchase@marudharbiofuels.in,RE: Requirement rice husk 2026-03,Ok for 239.8 MT at Rs 2238 per tonne. Loading will start before 17-Mar-2026.
M01305,TH00653,2026-03-28,purchase@marudharbiofuels.in,salasar@example.in,Requirement mustard stalk 2026-03,We need 130.1 MT of mustard stalk. Can you commit by 28-Mar-2026?
M01306,TH00653,2026-03-28,salasar@example.in,purchase@marudharbiofuels.in,RE: Requirement mustard stalk 2026-03,Accepted. 130.1 MT mustard stalk @ Rs 2554 PMT. Delivery 28-Mar-2026 positive.
M01307,TH00654,2026-03-22,purchase@marudharbiofuels.in,sanwariya@example.in,Requirement mustard stalk 2026-03,"Requirement 300.7 MT mustard stalk, delivery on or before 22-Mar-2026. Kindly confirm rate."
M01308,TH00654,2026-03-22,sanwariya@example.in,purchase@marudharbiofuels.in,RE: Requirement mustard stalk 2026-03,"Confirmed. We can supply 300.7 MT mustard stalk at Rs 2488 per MT, delivery by 22-Mar-2026."
M01309,TH00655,2026-03-16,purchase@marudharbiofuels.in,salasar@example.in,Requirement rice husk 2026-03,"Requirement 122.8 MT rice husk, delivery on or before 16-Mar-2026. Kindly confirm rate."
M01310,TH00655,2026-03-16,salasar@example.in,purchase@marudharbiofuels.in,RE: Requirement rice husk 2026-03,Accepted. 122.8 MT rice husk @ Rs 2243 PMT. Delivery 16-Mar-2026 positive.
M01311,TH00656,2026-03-10,purchase@marudharbiofuels.in,new@example.in,Requirement rice husk 2026-03,"Requirement 244.1 MT rice husk, delivery on or before 10-Mar-2026. Kindly confirm rate."
M01312,TH00656,2026-03-10,new@example.in,purchase@marudharbiofuels.in,RE: Requirement rice husk 2026-03,"Confirmed. We can supply 244.1 MT rice husk at Rs 2136 per MT, delivery by 10-Mar-2026."
M01313,TH00657,2026-03-23,purchase@marudharbiofuels.in,khatu@example.in,Requirement mustard stalk 2026-03,Please confirm availability of 224.5 MT mustard stalk for delivery by 23-Mar-2026.
M01314,TH00657,2026-03-23,khatu@example.in,purchase@marudharbiofuels.in,RE: Requirement mustard stalk 2026-03,"Confirmed. We can supply 224.5 MT mustard stalk at Rs 2542 per MT, delivery by 23-Mar-2026."
M01315,TH00658,2026-03-23,purchase@marudharbiofuels.in,maa@example.in,Requirement mustard stalk 2026-03,We need 149.4 MT of mustard stalk. Can you commit by 23-Mar-2026?
M01316,TH00658,2026-03-23,maa@example.in,purchase@marudharbiofuels.in,RE: Requirement mustard stalk 2026-03,Ok for 149.4 MT at Rs 2476 per tonne. Loading will start before 23-Mar-2026.
M01317,TH00659,2026-03-18,purchase@marudharbiofuels.in,salasar@example.in,Requirement rice husk 2026-03,"Requirement 274.1 MT rice husk, delivery on or before 18-Mar-2026. Kindly confirm rate."
M01318,TH00659,2026-03-18,salasar@example.in,purchase@marudharbiofuels.in,RE: Requirement rice husk 2026-03,Accepted. 274.1 MT rice husk @ Rs 2205 PMT. Delivery 18-Mar-2026 positive.
M01319,TH00660,2026-03-18,purchase@marudharbiofuels.in,khatu@example.in,Requirement rice husk 2026-03,"Requirement 304.6 MT rice husk, delivery on or before 18-Mar-2026. Kindly confirm rate."
M01320,TH00660,2026-03-18,khatu@example.in,purchase@marudharbiofuels.in,RE: Requirement rice husk 2026-03,Accepted. 304.6 MT rice husk @ Rs 2170 PMT. Delivery 18-Mar-2026 positive.
M01321,TH00661,2026-03-17,purchase@marudharbiofuels.in,khatu@example.in,Requirement rice husk 2026-03,"Requirement 179.6 MT rice husk, delivery on or before 17-Mar-2026. Kindly confirm rate."
M01322,TH00661,2026-03-17,khatu@example.in,purchase@marudharbiofuels.in,RE: Requirement rice husk 2026-03,Accepted. 179.6 MT rice husk @ Rs 2152 PMT. Delivery 17-Mar-2026 positive.
M01323,TH00662,2026-04-22,purchase@marudharbiofuels.in,salasar@example.in,Requirement rice husk 2026-04,We need 310.5 MT of rice husk. Can you commit by 22-Apr-2026?
M01324,TH00662,2026-04-22,salasar@example.in,purchase@marudharbiofuels.in,RE: Requirement rice husk 2026-04,"Yes sir, 310.5 MT available. Rate Rs 2231/MT. Will dispatch before 22-Apr-2026."
M01325,TH00663,2026-04-10,purchase@marudharbiofuels.in,new@example.in,Requirement rice husk 2026-04,Please confirm availability of 185.4 MT rice husk for delivery by 10-Apr-2026.
M01326,TH00663,2026-04-10,new@example.in,purchase@marudharbiofuels.in,RE: Requirement rice husk 2026-04,Ok for 185.4 MT at Rs 2285 per tonne. Loading will start before 10-Apr-2026.
M01327,TH00664,2026-04-21,purchase@marudharbiofuels.in,maa@example.in,Requirement rice husk 2026-04,Please confirm availability of 417.9 MT rice husk for delivery by 21-Apr-2026.
M01328,TH00664,2026-04-21,maa@example.in,purchase@marudharbiofuels.in,RE: Requirement rice husk 2026-04,Accepted. 417.9 MT rice husk @ Rs 2327 PMT. Delivery 21-Apr-2026 positive.
M01329,TH00665,2026-04-27,purchase@marudharbiofuels.in,maa@example.in,Requirement mustard stalk 2026-04,Please confirm availability of 236.7 MT mustard stalk for delivery by 27-Apr-2026.
M01330,TH00665,2026-04-27,maa@example.in,purchase@marudharbiofuels.in,RE: Requirement mustard stalk 2026-04,"Confirmed. We can supply 236.7 MT mustard stalk at Rs 2693 per MT, delivery by 27-Apr-2026."
M01331,TH00666,2026-04-22,purchase@marudharbiofuels.in,sanwariya@example.in,Requirement rice husk 2026-04,"Requirement 308.6 MT rice husk, delivery on or before 22-Apr-2026. Kindly confirm rate."
M01332,TH00666,2026-04-22,sanwariya@example.in,purchase@marudharbiofuels.in,RE: Requirement rice husk 2026-04,Accepted. 308.6 MT rice husk @ Rs 2281 PMT. Delivery 22-Apr-2026 positive.
M01333,TH00667,2026-04-12,purchase@marudharbiofuels.in,salasar@example.in,Requirement rice husk 2026-04,"Requirement 369.6 MT rice husk, delivery on or before 12-Apr-2026. Kindly confirm rate."
M01334,TH00667,2026-04-12,salasar@example.in,purchase@marudharbiofuels.in,RE: Requirement rice husk 2026-04,Accepted. 369.6 MT rice husk @ Rs 2296 PMT. Delivery 12-Apr-2026 positive.
M01335,TH00668,2026-04-15,purchase@marudharbiofuels.in,new@example.in,Requirement rice husk 2026-04,We need 148.8 MT of rice husk. Can you commit by 15-Apr-2026?
M01336,TH00668,2026-04-15,new@example.in,purchase@marudharbiofuels.in,RE: Requirement rice husk 2026-04,Accepted. 148.8 MT rice husk @ Rs 2347 PMT. Delivery 15-Apr-2026 positive.
M01337,TH00669,2026-04-26,purchase@marudharbiofuels.in,new@example.in,Requirement rice husk 2026-04,We need 178.2 MT of rice husk. Can you commit by 26-Apr-2026?
M01338,TH00669,2026-04-26,new@example.in,purchase@marudharbiofuels.in,RE: Requirement rice husk 2026-04,Ok for 178.2 MT at Rs 2274 per tonne. Loading will start before 26-Apr-2026.
M01339,TH00670,2026-04-26,purchase@marudharbiofuels.in,maa@example.in,Requirement mustard stalk 2026-04,"Requirement 293.8 MT mustard stalk, delivery on or before 26-Apr-2026. Kindly confirm rate."
M01340,TH00670,2026-04-26,maa@example.in,purchase@marudharbiofuels.in,RE: Requirement mustard stalk 2026-04,Accepted. 293.8 MT mustard stalk @ Rs 2667 PMT. Delivery 26-Apr-2026 positive.
M01341,TH00671,2026-04-26,purchase@marudharbiofuels.in,maa@example.in,Requirement rice husk 2026-04,"Requirement 361.5 MT rice husk, delivery on or before 26-Apr-2026. Kindly confirm rate."
M01342,TH00671,2026-04-26,maa@example.in,purchase@marudharbiofuels.in,RE: Requirement rice husk 2026-04,"Confirmed. We can supply 361.5 MT rice husk at Rs 2320 per MT, delivery by 26-Apr-2026."
M01343,TH00672,2026-04-26,purchase@marudharbiofuels.in,khatu@example.in,Requirement rice husk 2026-04,Please confirm availability of 382.9 MT rice husk for delivery by 26-Apr-2026.
M01344,TH00672,2026-04-26,khatu@example.in,purchase@marudharbiofuels.in,RE: Requirement rice husk 2026-04,"Confirmed. We can supply 382.9 MT rice husk at Rs 2285 per MT, delivery by 26-Apr-2026."
M01345,TH00673,2026-04-12,purchase@marudharbiofuels.in,khatu@example.in,Requirement rice husk 2026-04,We need 134.5 MT of rice husk. Can you commit by 12-Apr-2026?
M01346,TH00673,2026-04-12,khatu@example.in,purchase@marudharbiofuels.in,RE: Requirement rice husk 2026-04,Accepted. 134.5 MT rice husk @ Rs 2263 PMT. Delivery 12-Apr-2026 positive.
M01347,TH00674,2026-04-17,purchase@marudharbiofuels.in,maa@example.in,Requirement rice husk 2026-04,We need 407.7 MT of rice husk. Can you commit by 17-Apr-2026?
M01348,TH00674,2026-04-17,maa@example.in,purchase@marudharbiofuels.in,RE: Requirement rice husk 2026-04,Accepted. 407.7 MT rice husk @ Rs 2311 PMT. Delivery 17-Apr-2026 positive.
M01349,TH00675,2026-04-28,purchase@marudharbiofuels.in,jai@example.in,Requirement mustard stalk 2026-04,Please confirm availability of 305.4 MT mustard stalk for delivery by 28-Apr-2026.
M01350,TH00675,2026-04-28,jai@example.in,purchase@marudharbiofuels.in,RE: Requirement mustard stalk 2026-04,Ok for 305.4 MT at Rs 2656 per tonne. Loading will start before 28-Apr-2026.
M01351,TH00676,2026-04-21,purchase@marudharbiofuels.in,jai@example.in,Requirement mustard stalk 2026-04,We need 152.1 MT of mustard stalk. Can you commit by 21-Apr-2026?
M01352,TH00676,2026-04-21,jai@example.in,purchase@marudharbiofuels.in,RE: Requirement mustard stalk 2026-04,"Yes sir, 152.1 MT available. Rate Rs 2683/MT. Will dispatch before 21-Apr-2026."
M01353,TH00677,2026-04-28,purchase@marudharbiofuels.in,salasar@example.in,Requirement rice husk 2026-04,We need 126.6 MT of rice husk. Can you commit by 28-Apr-2026?
M01354,TH00677,2026-04-28,salasar@example.in,purchase@marudharbiofuels.in,RE: Requirement rice husk 2026-04,"Yes sir, 126.6 MT available. Rate Rs 2227/MT. Will dispatch before 28-Apr-2026."
M01355,TH00678,2026-04-24,purchase@marudharbiofuels.in,new@example.in,Requirement rice husk 2026-04,We need 149.9 MT of rice husk. Can you commit by 24-Apr-2026?
M01356,TH00678,2026-04-24,new@example.in,purchase@marudharbiofuels.in,RE: Requirement rice husk 2026-04,Ok for 149.9 MT at Rs 2335 per tonne. Loading will start before 24-Apr-2026.
M01357,TH00679,2026-04-15,purchase@marudharbiofuels.in,new@example.in,Requirement rice husk 2026-04,We need 323.0 MT of rice husk. Can you commit by 15-Apr-2026?
M01358,TH00679,2026-04-15,new@example.in,purchase@marudharbiofuels.in,RE: Requirement rice husk 2026-04,"Yes sir, 323.0 MT available. Rate Rs 2300/MT. Will dispatch before 15-Apr-2026."
M01359,TH00680,2026-04-19,purchase@marudharbiofuels.in,khatu@example.in,Requirement rice husk 2026-04,We need 356.1 MT of rice husk. Can you commit by 19-Apr-2026?
M01360,TH00680,2026-04-19,khatu@example.in,purchase@marudharbiofuels.in,RE: Requirement rice husk 2026-04,Ok for 356.1 MT at Rs 2292 per tonne. Loading will start before 19-Apr-2026.
M01361,TH00681,2026-04-17,purchase@marudharbiofuels.in,new@example.in,Requirement rice husk 2026-04,Please confirm availability of 239.1 MT rice husk for delivery by 17-Apr-2026.
M01362,TH00681,2026-04-17,new@example.in,purchase@marudharbiofuels.in,RE: Requirement rice husk 2026-04,"Confirmed. We can supply 239.1 MT rice husk at Rs 2227 per MT, delivery by 17-Apr-2026."
M01363,TH00682,2026-05-22,purchase@marudharbiofuels.in,maa@example.in,Requirement rice husk 2026-05,We need 354.0 MT of rice husk. Can you commit by 22-May-2026?
M01364,TH00682,2026-05-22,maa@example.in,purchase@marudharbiofuels.in,RE: Requirement rice husk 2026-05,Ok for 354.0 MT at Rs 2376 per tonne. Loading will start before 22-May-2026.
M01365,TH00683,2026-05-28,purchase@marudharbiofuels.in,shri@example.in,Requirement rice husk 2026-05,We need 210.9 MT of rice husk. Can you commit by 28-May-2026?
M01366,TH00683,2026-05-28,shri@example.in,purchase@marudharbiofuels.in,RE: Requirement rice husk 2026-05,"Confirmed. We can supply 210.9 MT rice husk at Rs 2305 per MT, delivery by 28-May-2026."
M01367,TH00684,2026-05-19,purchase@marudharbiofuels.in,khatu@example.in,Requirement rice husk 2026-05,We need 231.0 MT of rice husk. Can you commit by 19-May-2026?
M01368,TH00684,2026-05-19,khatu@example.in,purchase@marudharbiofuels.in,RE: Requirement rice husk 2026-05,Accepted. 231.0 MT rice husk @ Rs 2386 PMT. Delivery 19-May-2026 positive.
M01369,TH00685,2026-05-15,purchase@marudharbiofuels.in,maa@example.in,Requirement rice husk 2026-05,"Requirement 315.8 MT rice husk, delivery on or before 15-May-2026. Kindly confirm rate."
M01370,TH00685,2026-05-15,maa@example.in,purchase@marudharbiofuels.in,RE: Requirement rice husk 2026-05,"Yes sir, 315.8 MT available. Rate Rs 2296/MT. Will dispatch before 15-May-2026."
M01371,TH00686,2026-05-12,purchase@marudharbiofuels.in,nakoda@example.in,Requirement mustard stalk 2026-05,"Requirement 366.0 MT mustard stalk, delivery on or before 12-May-2026. Kindly confirm rate."
M01372,TH00686,2026-05-12,nakoda@example.in,purchase@marudharbiofuels.in,RE: Requirement mustard stalk 2026-05,"Yes sir, 366.0 MT available. Rate Rs 2680/MT. Will dispatch before 12-May-2026."
M01373,TH00687,2026-05-25,purchase@marudharbiofuels.in,salasar@example.in,Requirement rice husk 2026-05,"Requirement 160.0 MT rice husk, delivery on or before 25-May-2026. Kindly confirm rate."
M01374,TH00687,2026-05-25,salasar@example.in,purchase@marudharbiofuels.in,RE: Requirement rice husk 2026-05,"Confirmed. We can supply 160.0 MT rice husk at Rs 2344 per MT, delivery by 25-May-2026."
M01375,TH00688,2026-05-19,purchase@marudharbiofuels.in,shree@example.in,Requirement rice husk 2026-05,Please confirm availability of 194.2 MT rice husk for delivery by 19-May-2026.
M01376,TH00688,2026-05-19,shree@example.in,purchase@marudharbiofuels.in,RE: Requirement rice husk 2026-05,Accepted. 194.2 MT rice husk @ Rs 2357 PMT. Delivery 19-May-2026 positive.
M01377,TH00689,2026-05-10,purchase@marudharbiofuels.in,jai@example.in,Requirement mustard stalk 2026-05,"Requirement 389.4 MT mustard stalk, delivery on or before 10-May-2026. Kindly confirm rate."
M01378,TH00689,2026-05-10,jai@example.in,purchase@marudharbiofuels.in,RE: Requirement mustard stalk 2026-05,"Confirmed. We can supply 389.4 MT mustard stalk at Rs 2711 per MT, delivery by 10-May-2026."
M01379,TH00690,2026-05-17,purchase@marudharbiofuels.in,khatu@example.in,Requirement mustard stalk 2026-05,We need 353.0 MT of mustard stalk. Can you commit by 17-May-2026?
M01380,TH00690,2026-05-17,khatu@example.in,purchase@marudharbiofuels.in,RE: Requirement mustard stalk 2026-05,Ok for 353.0 MT at Rs 2776 per tonne. Loading will start before 17-May-2026.
M01381,TH00691,2026-05-11,purchase@marudharbiofuels.in,khatu@example.in,Requirement mustard stalk 2026-05,We need 209.0 MT of mustard stalk. Can you commit by 11-May-2026?
M01382,TH00691,2026-05-11,khatu@example.in,purchase@marudharbiofuels.in,RE: Requirement mustard stalk 2026-05,Ok for 209.0 MT at Rs 2748 per tonne. Loading will start before 11-May-2026.
M01383,TH00692,2026-05-25,purchase@marudharbiofuels.in,om@example.in,Requirement rice husk 2026-05,Please confirm availability of 379.3 MT rice husk for delivery by 25-May-2026.
M01384,TH00692,2026-05-25,om@example.in,purchase@marudharbiofuels.in,RE: Requirement rice husk 2026-05,Ok for 379.3 MT at Rs 2312 per tonne. Loading will start before 25-May-2026.
M01385,TH00693,2026-05-10,purchase@marudharbiofuels.in,shree@example.in,Requirement rice husk 2026-05,"Requirement 214.3 MT rice husk, delivery on or before 10-May-2026. Kindly confirm rate."
M01386,TH00693,2026-05-10,shree@example.in,purchase@marudharbiofuels.in,RE: Requirement rice husk 2026-05,"Yes sir, 214.3 MT available. Rate Rs 2381/MT. Will dispatch before 10-May-2026."
M01387,TH00694,2026-05-26,purchase@marudharbiofuels.in,shree@example.in,Requirement rice husk 2026-05,"Requirement 345.6 MT rice husk, delivery on or before 26-May-2026. Kindly confirm rate."
M01388,TH00694,2026-05-26,shree@example.in,purchase@marudharbiofuels.in,RE: Requirement rice husk 2026-05,Accepted. 345.6 MT rice husk @ Rs 2366 PMT. Delivery 26-May-2026 positive.
M01389,TH00695,2026-05-22,purchase@marudharbiofuels.in,khatu@example.in,Requirement rice husk 2026-05,Please confirm availability of 220.8 MT rice husk for delivery by 22-May-2026.
M01390,TH00695,2026-05-22,khatu@example.in,purchase@marudharbiofuels.in,RE: Requirement rice husk 2026-05,"Confirmed. We can supply 220.8 MT rice husk at Rs 2424 per MT, delivery by 22-May-2026."
M01391,TH00696,2026-05-11,purchase@marudharbiofuels.in,maa@example.in,Requirement mustard stalk 2026-05,"Requirement 124.2 MT mustard stalk, delivery on or before 11-May-2026. Kindly confirm rate."
M01392,TH00696,2026-05-11,maa@example.in,purchase@marudharbiofuels.in,RE: Requirement mustard stalk 2026-05,Accepted. 124.2 MT mustard stalk @ Rs 2712 PMT. Delivery 11-May-2026 positive.
M01393,TH00697,2026-05-19,purchase@marudharbiofuels.in,nakoda@example.in,Requirement mustard stalk 2026-05,Please confirm availability of 342.5 MT mustard stalk for delivery by 19-May-2026.
M01394,TH00697,2026-05-19,nakoda@example.in,purchase@marudharbiofuels.in,RE: Requirement mustard stalk 2026-05,Accepted. 342.5 MT mustard stalk @ Rs 2743 PMT. Delivery 19-May-2026 positive.
M01395,TH00698,2026-06-20,purchase@marudharbiofuels.in,maa@example.in,Requirement mustard stalk 2026-06,Please confirm availability of 280.8 MT mustard stalk for delivery by 20-Jun-2026.
M01396,TH00698,2026-06-20,maa@example.in,purchase@marudharbiofuels.in,RE: Requirement mustard stalk 2026-06,Accepted. 280.8 MT mustard stalk @ Rs 2796 PMT. Delivery 20-Jun-2026 positive.
M01397,TH00699,2026-06-20,purchase@marudharbiofuels.in,salasar@example.in,Requirement rice husk 2026-06,Please confirm availability of 171.1 MT rice husk for delivery by 20-Jun-2026.
M01398,TH00699,2026-06-20,salasar@example.in,purchase@marudharbiofuels.in,RE: Requirement rice husk 2026-06,Ok for 171.1 MT at Rs 2434 per tonne. Loading will start before 20-Jun-2026.
M01399,TH00700,2026-06-28,purchase@marudharbiofuels.in,jai@example.in,Requirement mustard stalk 2026-06,We need 259.5 MT of mustard stalk. Can you commit by 28-Jun-2026?
M01400,TH00700,2026-06-28,jai@example.in,purchase@marudharbiofuels.in,RE: Requirement mustard stalk 2026-06,Accepted. 259.5 MT mustard stalk @ Rs 2776 PMT. Delivery 28-Jun-2026 positive.
M01401,TH00701,2026-06-19,purchase@marudharbiofuels.in,new@example.in,Requirement rice husk 2026-06,"Requirement 218.9 MT rice husk, delivery on or before 19-Jun-2026. Kindly confirm rate."
M01402,TH00701,2026-06-19,new@example.in,purchase@marudharbiofuels.in,RE: Requirement rice husk 2026-06,"Yes sir, 218.9 MT available. Rate Rs 2500/MT. Will dispatch before 19-Jun-2026."
M01403,TH00702,2026-06-27,purchase@marudharbiofuels.in,salasar@example.in,Requirement rice husk 2026-06,We need 325.8 MT of rice husk. Can you commit by 27-Jun-2026?
M01404,TH00702,2026-06-27,salasar@example.in,purchase@marudharbiofuels.in,RE: Requirement rice husk 2026-06,"Confirmed. We can supply 325.8 MT rice husk at Rs 2422 per MT, delivery by 27-Jun-2026."
M01405,TH00703,2026-06-28,purchase@marudharbiofuels.in,sanwariya@example.in,Requirement rice husk 2026-06,"Requirement 343.7 MT rice husk, delivery on or before 28-Jun-2026. Kindly confirm rate."
M01406,TH00703,2026-06-28,sanwariya@example.in,purchase@marudharbiofuels.in,RE: Requirement rice husk 2026-06,Ok for 343.7 MT at Rs 2409 per tonne. Loading will start before 28-Jun-2026.
M01407,TH00704,2026-06-20,purchase@marudharbiofuels.in,shree@example.in,Requirement rice husk 2026-06,We need 197.0 MT of rice husk. Can you commit by 20-Jun-2026?
M01408,TH00704,2026-06-20,shree@example.in,purchase@marudharbiofuels.in,RE: Requirement rice husk 2026-06,"Confirmed. We can supply 197.0 MT rice husk at Rs 2379 per MT, delivery by 20-Jun-2026."
M01409,TH00705,2026-06-24,purchase@marudharbiofuels.in,new@example.in,Requirement rice husk 2026-06,We need 140.0 MT of rice husk. Can you commit by 24-Jun-2026?
M01410,TH00705,2026-06-24,new@example.in,purchase@marudharbiofuels.in,RE: Requirement rice husk 2026-06,Ok for 140.0 MT at Rs 2401 per tonne. Loading will start before 24-Jun-2026.
M01411,TH00706,2026-06-23,purchase@marudharbiofuels.in,khatu@example.in,Requirement mustard stalk 2026-06,We need 340.8 MT of mustard stalk. Can you commit by 23-Jun-2026?
M01412,TH00706,2026-06-23,khatu@example.in,purchase@marudharbiofuels.in,RE: Requirement mustard stalk 2026-06,"Confirmed. We can supply 340.8 MT mustard stalk at Rs 2733 per MT, delivery by 23-Jun-2026."
M01413,TH00707,2026-06-18,purchase@marudharbiofuels.in,khatu@example.in,Requirement rice husk 2026-06,"Requirement 353.5 MT rice husk, delivery on or before 18-Jun-2026. Kindly confirm rate."
M01414,TH00707,2026-06-18,khatu@example.in,purchase@marudharbiofuels.in,RE: Requirement rice husk 2026-06,Ok for 353.5 MT at Rs 2412 per tonne. Loading will start before 18-Jun-2026.
M01415,TH00708,2026-06-12,purchase@marudharbiofuels.in,salasar@example.in,Requirement rice husk 2026-06,We need 401.0 MT of rice husk. Can you commit by 12-Jun-2026?
M01416,TH00708,2026-06-12,salasar@example.in,purchase@marudharbiofuels.in,RE: Requirement rice husk 2026-06,Accepted. 401.0 MT rice husk @ Rs 2364 PMT. Delivery 12-Jun-2026 positive.
M01417,TH00709,2026-06-10,purchase@marudharbiofuels.in,jai@example.in,Requirement mustard stalk 2026-06,We need 419.5 MT of mustard stalk. Can you commit by 10-Jun-2026?
M01418,TH00709,2026-06-10,jai@example.in,purchase@marudharbiofuels.in,RE: Requirement mustard stalk 2026-06,Accepted. 419.5 MT mustard stalk @ Rs 2810 PMT. Delivery 10-Jun-2026 positive.
M01419,TH00710,2026-06-10,purchase@marudharbiofuels.in,salasar@example.in,Requirement rice husk 2026-06,Please confirm availability of 355.3 MT rice husk for delivery by 10-Jun-2026.
M01420,TH00710,2026-06-10,salasar@example.in,purchase@marudharbiofuels.in,RE: Requirement rice husk 2026-06,"Yes sir, 355.3 MT available. Rate Rs 2450/MT. Will dispatch before 10-Jun-2026."
M01421,TH00711,2026-06-18,purchase@marudharbiofuels.in,sanwariya@example.in,Requirement rice husk 2026-06,Please confirm availability of 266.9 MT rice husk for delivery by 18-Jun-2026.
M01422,TH00711,2026-06-18,sanwariya@example.in,purchase@marudharbiofuels.in,RE: Requirement rice husk 2026-06,"Yes sir, 266.9 MT available. Rate Rs 2422/MT. Will dispatch before 18-Jun-2026."
M01423,TH00712,2026-06-16,purchase@marudharbiofuels.in,shree@example.in,Requirement rice husk 2026-06,Please confirm availability of 203.2 MT rice husk for delivery by 16-Jun-2026.
M01424,TH00712,2026-06-16,shree@example.in,purchase@marudharbiofuels.in,RE: Requirement rice husk 2026-06,"Yes sir, 203.2 MT available. Rate Rs 2435/MT. Will dispatch before 16-Jun-2026."
M01425,TH00713,2026-06-20,purchase@marudharbiofuels.in,new@example.in,Requirement rice husk 2026-06,"Requirement 121.8 MT rice husk, delivery on or before 20-Jun-2026. Kindly confirm rate."
M01426,TH00713,2026-06-20,new@example.in,purchase@marudharbiofuels.in,RE: Requirement rice husk 2026-06,"Confirmed. We can supply 121.8 MT rice husk at Rs 2403 per MT, delivery by 20-Jun-2026."
M01427,TH00714,2026-06-16,purchase@marudharbiofuels.in,new@example.in,Requirement mustard stalk 2026-06,Please confirm availability of 274.0 MT mustard stalk for delivery by 16-Jun-2026.
M01428,TH00714,2026-06-16,new@example.in,purchase@marudharbiofuels.in,RE: Requirement mustard stalk 2026-06,"Yes sir, 274.0 MT available. Rate Rs 2738/MT. Will dispatch before 16-Jun-2026."
M01429,TH00715,2026-07-24,purchase@marudharbiofuels.in,jai@example.in,Requirement mustard stalk 2026-07,We need 259.1 MT of mustard stalk. Can you commit by 24-Jul-2026?
M01430,TH00715,2026-07-24,jai@example.in,purchase@marudharbiofuels.in,RE: Requirement mustard stalk 2026-07,"Yes sir, 259.1 MT available. Rate Rs 2962/MT. Will dispatch before 24-Jul-2026."
M01431,TH00716,2026-07-18,purchase@marudharbiofuels.in,khatu@example.in,Requirement rice husk 2026-07,"Requirement 284.4 MT rice husk, delivery on or before 18-Jul-2026. Kindly confirm rate."
M01432,TH00716,2026-07-18,khatu@example.in,purchase@marudharbiofuels.in,RE: Requirement rice husk 2026-07,Ok for 284.4 MT at Rs 2506 per tonne. Loading will start before 18-Jul-2026.
M01433,TH00717,2026-07-22,purchase@marudharbiofuels.in,sanwariya@example.in,Requirement rice husk 2026-07,We need 300.9 MT of rice husk. Can you commit by 22-Jul-2026?
M01434,TH00717,2026-07-22,sanwariya@example.in,purchase@marudharbiofuels.in,RE: Requirement rice husk 2026-07,"Confirmed. We can supply 300.9 MT rice husk at Rs 2570 per MT, delivery by 22-Jul-2026."
M01435,TH00718,2026-07-15,purchase@marudharbiofuels.in,new@example.in,Requirement rice husk 2026-07,"Requirement 403.4 MT rice husk, delivery on or before 15-Jul-2026. Kindly confirm rate."
M01436,TH00718,2026-07-15,new@example.in,purchase@marudharbiofuels.in,RE: Requirement rice husk 2026-07,Accepted. 403.4 MT rice husk @ Rs 2455 PMT. Delivery 15-Jul-2026 positive.
M01437,TH00719,2026-07-17,purchase@marudharbiofuels.in,maa@example.in,Requirement rice husk 2026-07,"Requirement 200.8 MT rice husk, delivery on or before 17-Jul-2026. Kindly confirm rate."
M01438,TH00719,2026-07-17,maa@example.in,purchase@marudharbiofuels.in,RE: Requirement rice husk 2026-07,Accepted. 200.8 MT rice husk @ Rs 2574 PMT. Delivery 17-Jul-2026 positive.
M01439,TH00720,2026-07-20,purchase@marudharbiofuels.in,salasar@example.in,Requirement rice husk 2026-07,We need 367.0 MT of rice husk. Can you commit by 20-Jul-2026?
M01440,TH00720,2026-07-20,salasar@example.in,purchase@marudharbiofuels.in,RE: Requirement rice husk 2026-07,"Confirmed. We can supply 367.0 MT rice husk at Rs 2560 per MT, delivery by 20-Jul-2026."
M01441,TH00721,2026-07-24,purchase@marudharbiofuels.in,sanwariya@example.in,Requirement rice husk 2026-07,Please confirm availability of 176.7 MT rice husk for delivery by 24-Jul-2026.
M01442,TH00721,2026-07-24,sanwariya@example.in,purchase@marudharbiofuels.in,RE: Requirement rice husk 2026-07,"Confirmed. We can supply 176.7 MT rice husk at Rs 2484 per MT, delivery by 24-Jul-2026."
M01443,TH00722,2026-07-11,purchase@marudharbiofuels.in,nakoda@example.in,Requirement mustard stalk 2026-07,Please confirm availability of 337.6 MT mustard stalk for delivery by 11-Jul-2026.
M01444,TH00722,2026-07-11,nakoda@example.in,purchase@marudharbiofuels.in,RE: Requirement mustard stalk 2026-07,Ok for 337.6 MT at Rs 2829 per tonne. Loading will start before 11-Jul-2026.
M01445,TH00723,2026-07-17,purchase@marudharbiofuels.in,new@example.in,Requirement rice husk 2026-07,We need 325.4 MT of rice husk. Can you commit by 17-Jul-2026?
M01446,TH00723,2026-07-17,new@example.in,purchase@marudharbiofuels.in,RE: Requirement rice husk 2026-07,Accepted. 325.4 MT rice husk @ Rs 2446 PMT. Delivery 17-Jul-2026 positive.
M01447,TH00724,2026-07-23,purchase@marudharbiofuels.in,salasar@example.in,Requirement mustard stalk 2026-07,"Requirement 293.5 MT mustard stalk, delivery on or before 23-Jul-2026. Kindly confirm rate."
M01448,TH00724,2026-07-23,salasar@example.in,purchase@marudharbiofuels.in,RE: Requirement mustard stalk 2026-07,"Yes sir, 293.5 MT available. Rate Rs 2826/MT. Will dispatch before 23-Jul-2026."
M01449,TH00725,2026-07-12,purchase@marudharbiofuels.in,om@example.in,Requirement rice husk 2026-07,"Requirement 377.7 MT rice husk, delivery on or before 12-Jul-2026. Kindly confirm rate."
M01450,TH00725,2026-07-12,om@example.in,purchase@marudharbiofuels.in,RE: Requirement rice husk 2026-07,Accepted. 377.7 MT rice husk @ Rs 2560 PMT. Delivery 12-Jul-2026 positive.
M01451,TH00726,2026-07-12,purchase@marudharbiofuels.in,salasar@example.in,Requirement rice husk 2026-07,"Requirement 184.4 MT rice husk, delivery on or before 12-Jul-2026. Kindly confirm rate."
M01452,TH00726,2026-07-12,salasar@example.in,purchase@marudharbiofuels.in,RE: Requirement rice husk 2026-07,Accepted. 184.4 MT rice husk @ Rs 2461 PMT. Delivery 12-Jul-2026 positive.
M01453,TH00727,2026-07-12,purchase@marudharbiofuels.in,shree@example.in,Requirement rice husk 2026-07,Please confirm availability of 319.2 MT rice husk for delivery by 12-Jul-2026.
M01454,TH00727,2026-07-12,shree@example.in,purchase@marudharbiofuels.in,RE: Requirement rice husk 2026-07,Accepted. 319.2 MT rice husk @ Rs 2542 PMT. Delivery 12-Jul-2026 positive.
M01455,TH00728,2026-07-10,purchase@marudharbiofuels.in,maa@example.in,Requirement mustard stalk 2026-07,We need 399.7 MT of mustard stalk. Can you commit by 10-Jul-2026?
M01456,TH00728,2026-07-10,maa@example.in,purchase@marudharbiofuels.in,RE: Requirement mustard stalk 2026-07,Ok for 399.7 MT at Rs 2950 per tonne. Loading will start before 10-Jul-2026.
M01457,TH00729,2026-07-10,purchase@marudharbiofuels.in,maa@example.in,Requirement rice husk 2026-07,"Requirement 242.7 MT rice husk, delivery on or before 10-Jul-2026. Kindly confirm rate."
M01458,TH00729,2026-07-10,maa@example.in,purchase@marudharbiofuels.in,RE: Requirement rice husk 2026-07,"Confirmed. We can supply 242.7 MT rice husk at Rs 2586 per MT, delivery by 10-Jul-2026."
M01459,TH00730,2026-07-14,purchase@marudharbiofuels.in,shree@example.in,Requirement rice husk 2026-07,"Requirement 345.6 MT rice husk, delivery on or before 14-Jul-2026. Kindly confirm rate."
M01460,TH00730,2026-07-14,shree@example.in,purchase@marudharbiofuels.in,RE: Requirement rice husk 2026-07,"Yes sir, 345.6 MT available. Rate Rs 2477/MT. Will dispatch before 14-Jul-2026."
M01461,TH00731,2026-07-23,purchase@marudharbiofuels.in,nakoda@example.in,Requirement mustard stalk 2026-07,We need 386.3 MT of mustard stalk. Can you commit by 23-Jul-2026?
M01462,TH00731,2026-07-23,nakoda@example.in,purchase@marudharbiofuels.in,RE: Requirement mustard stalk 2026-07,"Confirmed. We can supply 386.3 MT mustard stalk at Rs 2819 per MT, delivery by 23-Jul-2026."
M01463,TH00732,2026-08-13,purchase@marudharbiofuels.in,sanwariya@example.in,Requirement rice husk 2026-08,We need 288.6 MT of rice husk. Can you commit by 13-Aug-2026?
M01464,TH00732,2026-08-13,sanwariya@example.in,purchase@marudharbiofuels.in,RE: Requirement rice husk 2026-08,"Yes sir, 288.6 MT available. Rate Rs 2611/MT. Will dispatch before 13-Aug-2026."
M01465,TH00733,2026-08-11,purchase@marudharbiofuels.in,nakoda@example.in,Requirement mustard stalk 2026-08,Please confirm availability of 219.4 MT mustard stalk for delivery by 11-Aug-2026.
M01466,TH00733,2026-08-11,nakoda@example.in,purchase@marudharbiofuels.in,RE: Requirement mustard stalk 2026-08,Accepted. 219.4 MT mustard stalk @ Rs 2914 PMT. Delivery 11-Aug-2026 positive.
M01467,TH00734,2026-08-15,purchase@marudharbiofuels.in,shree@example.in,Requirement rice husk 2026-08,We need 131.5 MT of rice husk. Can you commit by 15-Aug-2026?
M01468,TH00734,2026-08-15,shree@example.in,purchase@marudharbiofuels.in,RE: Requirement rice husk 2026-08,Accepted. 131.5 MT rice husk @ Rs 2655 PMT. Delivery 15-Aug-2026 positive.
M01469,TH00735,2026-08-18,purchase@marudharbiofuels.in,sanwariya@example.in,Requirement rice husk 2026-08,Please confirm availability of 353.1 MT rice husk for delivery by 18-Aug-2026.
M01470,TH00735,2026-08-18,sanwariya@example.in,purchase@marudharbiofuels.in,RE: Requirement rice husk 2026-08,"Yes sir, 353.1 MT available. Rate Rs 2577/MT. Will dispatch before 18-Aug-2026."
M01471,TH00736,2026-08-11,purchase@marudharbiofuels.in,salasar@example.in,Requirement rice husk 2026-08,We need 196.9 MT of rice husk. Can you commit by 11-Aug-2026?
M01472,TH00736,2026-08-11,salasar@example.in,purchase@marudharbiofuels.in,RE: Requirement rice husk 2026-08,"Yes sir, 196.9 MT available. Rate Rs 2622/MT. Will dispatch before 11-Aug-2026."
M01473,TH00737,2026-08-25,purchase@marudharbiofuels.in,jai@example.in,Requirement mustard stalk 2026-08,Please confirm availability of 375.7 MT mustard stalk for delivery by 25-Aug-2026.
M01474,TH00737,2026-08-25,jai@example.in,purchase@marudharbiofuels.in,RE: Requirement mustard stalk 2026-08,"Confirmed. We can supply 375.7 MT mustard stalk at Rs 2894 per MT, delivery by 25-Aug-2026."
M01475,TH00738,2026-08-24,purchase@marudharbiofuels.in,sanwariya@example.in,Requirement mustard stalk 2026-08,We need 367.2 MT of mustard stalk. Can you commit by 24-Aug-2026?
M01476,TH00738,2026-08-24,sanwariya@example.in,purchase@marudharbiofuels.in,RE: Requirement mustard stalk 2026-08,"Yes sir, 367.2 MT available. Rate Rs 2994/MT. Will dispatch before 24-Aug-2026."
M01477,TH00739,2026-08-10,purchase@marudharbiofuels.in,nakoda@example.in,Requirement rice husk 2026-08,We need 257.6 MT of rice husk. Can you commit by 10-Aug-2026?
M01478,TH00739,2026-08-10,nakoda@example.in,purchase@marudharbiofuels.in,RE: Requirement rice husk 2026-08,"Yes sir, 257.6 MT available. Rate Rs 2534/MT. Will dispatch before 10-Aug-2026."
M01479,TH00740,2026-08-19,purchase@marudharbiofuels.in,jai@example.in,Requirement mustard stalk 2026-08,We need 346.1 MT of mustard stalk. Can you commit by 19-Aug-2026?
M01480,TH00740,2026-08-19,jai@example.in,purchase@marudharbiofuels.in,RE: Requirement mustard stalk 2026-08,Ok for 346.1 MT at Rs 2908 per tonne. Loading will start before 19-Aug-2026.
M01481,TH00741,2026-08-24,purchase@marudharbiofuels.in,sanwariya@example.in,Requirement rice husk 2026-08,We need 402.2 MT of rice husk. Can you commit by 24-Aug-2026?
M01482,TH00741,2026-08-24,sanwariya@example.in,purchase@marudharbiofuels.in,RE: Requirement rice husk 2026-08,"Confirmed. We can supply 402.2 MT rice husk at Rs 2551 per MT, delivery by 24-Aug-2026."
M01483,TH00742,2026-08-16,purchase@marudharbiofuels.in,new@example.in,Requirement rice husk 2026-08,We need 379.9 MT of rice husk. Can you commit by 16-Aug-2026?
M01484,TH00742,2026-08-16,new@example.in,purchase@marudharbiofuels.in,RE: Requirement rice husk 2026-08,Ok for 379.9 MT at Rs 2573 per tonne. Loading will start before 16-Aug-2026.
M01485,TH00743,2026-08-15,purchase@marudharbiofuels.in,new@example.in,Requirement rice husk 2026-08,We need 270.0 MT of rice husk. Can you commit by 15-Aug-2026?
M01486,TH00743,2026-08-15,new@example.in,purchase@marudharbiofuels.in,RE: Requirement rice husk 2026-08,Ok for 270.0 MT at Rs 2527 per tonne. Loading will start before 15-Aug-2026.
M01487,TH00744,2026-08-23,purchase@marudharbiofuels.in,salasar@example.in,Requirement rice husk 2026-08,We need 284.9 MT of rice husk. Can you commit by 23-Aug-2026?
M01488,TH00744,2026-08-23,salasar@example.in,purchase@marudharbiofuels.in,RE: Requirement rice husk 2026-08,Accepted. 284.9 MT rice husk @ Rs 2601 PMT. Delivery 23-Aug-2026 positive.
M01489,TH00745,2026-08-15,purchase@marudharbiofuels.in,nakoda@example.in,Requirement mustard stalk 2026-08,Please confirm availability of 408.4 MT mustard stalk for delivery by 15-Aug-2026.
M01490,TH00745,2026-08-15,nakoda@example.in,purchase@marudharbiofuels.in,RE: Requirement mustard stalk 2026-08,Ok for 408.4 MT at Rs 2996 per tonne. Loading will start before 15-Aug-2026.
M01491,TH00746,2026-08-28,purchase@marudharbiofuels.in,khatu@example.in,Requirement rice husk 2026-08,Please confirm availability of 346.5 MT rice husk for delivery by 28-Aug-2026.
M01492,TH00746,2026-08-28,khatu@example.in,purchase@marudharbiofuels.in,RE: Requirement rice husk 2026-08,"Yes sir, 346.5 MT available. Rate Rs 2571/MT. Will dispatch before 28-Aug-2026."
M01493,TH00747,2026-08-11,purchase@marudharbiofuels.in,salasar@example.in,Requirement rice husk 2026-08,"Requirement 130.2 MT rice husk, delivery on or before 11-Aug-2026. Kindly confirm rate."
M01494,TH00747,2026-08-11,salasar@example.in,purchase@marudharbiofuels.in,RE: Requirement rice husk 2026-08,"Confirmed. We can supply 130.2 MT rice husk at Rs 2582 per MT, delivery by 11-Aug-2026."
M01495,TH00748,2026-08-18,purchase@marudharbiofuels.in,maa@example.in,Requirement rice husk 2026-08,"Requirement 281.7 MT rice husk, delivery on or before 18-Aug-2026. Kindly confirm rate."
M01496,TH00748,2026-08-18,maa@example.in,purchase@marudharbiofuels.in,RE: Requirement rice husk 2026-08,Accepted. 281.7 MT rice husk @ Rs 2553 PMT. Delivery 18-Aug-2026 positive.
M01497,TH00749,2024-05-20,purchase@marudharbiofuels.in,salasar@example.in,Requirement rice husk 2024-05,We need 246.7 MT of rice husk. Can you commit by 20-May-2024?
M01498,TH00749,2024-05-20,salasar@example.in,purchase@marudharbiofuels.in,RE: Requirement rice husk 2024-05,"Yes sir, 246.7 MT available. Rate Rs 2091/MT. Will dispatch before 20-May-2024."
M01499,TH00750,2025-11-20,purchase@marudharbiofuels.in,salasar@example.in,Requirement rice husk 2025-11,We need 230.7 MT of rice husk. Can you commit by 20-Nov-2025?
M01500,TH00750,2025-11-20,salasar@example.in,purchase@marudharbiofuels.in,RE: Requirement rice husk 2025-11,"Yes sir, 230.7 MT available. Rate Rs 2428/MT. Will dispatch before 20-Nov-2025."
