guid,voucher_type,vch_no,vch_date,ledger_name,amount,dr_cr,narration,entered_at
AV00001,Purchase,1,04-Apr-2023,Shree Rajputana Trading Co,509868.3,Dr,husk purchase,04-Apr-2023
AV00002,Purchase,2,16-Apr-2023,Sanwariya Rathore Agro Company,439815.6,Dr,husk purchase,16-Apr-2023
AV00003,Purchase,3,13-Apr-2023,Salasar Mahaveer Krishi Udyog,442712.4,Dr,husk purchase,13-Apr-2023
AV00004,Purchase,4,24-Apr-2023,Salasar Saurashtra Biomass Suppliers,484649.6,Dr,husk purchase,24-Apr-2023
AV00005,Purchase,5,07-Apr-2023,Salasar Saurashtra Biomass Suppliers,461224.8,Dr,husk purchase,07-Apr-2023
AV00006,Purchase,6,12-Apr-2023,New Rajputana Agro Traders,422164.5,Dr,husk purchase,12-Apr-2023
AV00007,Purchase,7,12-Apr-2023,Khatu Shyam Enterprises,413807.1,Dr,husk purchase,12-Apr-2023
AV00008,Purchase,8,22-Apr-2023,Khatu Vijay Biomass Suppliers,480625.2,Dr,husk purchase,22-Apr-2023
AV00009,Purchase,9,26-Apr-2023,Maa Ganesh Biomass Co,432547.5,Dr,husk purchase,26-Apr-2023
AV00010,Purchase,10,12-Apr-2023,Shree Laxmi Biomass Suppliers,461925.6,Dr,husk purchase,12-Apr-2023
AV00011,Purchase,11,14-Apr-2023,Shree Rajputana Trading Co,431838.0,Dr,husk purchase,14-Apr-2023
AV00012,Purchase,12,13-Apr-2023,New Balaji Krishi Bhandar,541258.2,Dr,husk purchase,13-Apr-2023
AV00013,Purchase,13,17-Apr-2023,Maa Balaji Krishi Bhandar,419147.5,Dr,husk purchase,17-Apr-2023
AV00014,Purchase,14,17-Apr-2023,Khatu Jagdamba Agro Industries,492558.6,Dr,husk purchase,17-Apr-2023
AV00015,Purchase,15,15-Apr-2023,Salasar Deepak Agri Residue Pvt Ltd,434361.5,Dr,husk purchase,15-Apr-2023
AV00016,Purchase,16,11-Apr-2023,Maa Vijay Biomass Co,554645.1,Dr,husk purchase,11-Apr-2023
AV00017,Purchase,17,24-Apr-2023,Shree Luni Trading Co,454854.4,Dr,husk purchase,24-Apr-2023
AV00018,Purchase,18,03-Apr-2023,Maa Balaji Krishi Bhandar,466963.2,Dr,husk purchase,03-Apr-2023
AV00019,Purchase,19,15-Apr-2023,New Rajputana Agro Traders,481261.2,Dr,husk purchase,15-Apr-2023
AV00020,Purchase,20,20-Apr-2023,Salasar Luni Agro Company,552669.0,Dr,husk purchase,20-Apr-2023
AV00021,Purchase,21,07-Apr-2023,Om Shyam Biomass Suppliers,480880.4,Dr,husk purchase,07-Apr-2023
AV00022,Purchase,22,25-Apr-2023,Sanwariya Suraj Biomass Suppliers,510702.5,Dr,husk purchase,25-Apr-2023
AV00023,Purchase,23,13-Apr-2023,Salasar Mahaveer Krishi Udyog,448842.6,Dr,husk purchase,13-Apr-2023
AV00024,Purchase,24,12-Apr-2023,Salasar Saurashtra Biomass Suppliers,487494.0,Dr,husk purchase,12-Apr-2023
AV00025,Purchase,25,07-Apr-2023,Salasar Mahaveer Fuels,431482.5,Dr,husk purchase,07-Apr-2023
AV00026,Purchase,26,16-Apr-2023,Sanwariya Rathore Agro Company,483500.8,Dr,husk purchase,16-Apr-2023
AV00027,Purchase,27,06-Apr-2023,Salasar Krishna Biomass Suppliers,458973.9,Dr,husk purchase,06-Apr-2023
AV00028,Purchase,28,07-Apr-2023,New Rathore Krishi Bhandar,520211.4,Dr,husk purchase,07-Apr-2023
AV00029,Purchase,29,18-Apr-2023,Khatu Shyam Enterprises,537856.2,Dr,husk purchase,18-Apr-2023
AV00030,Purchase,30,16-Apr-2023,Khatu Thar Agro Company,439791.6,Dr,husk purchase,16-Apr-2023
AV00031,Purchase,31,03-Apr-2023,New Balaji Krishi Bhandar,484524.0,Dr,husk purchase,03-Apr-2023
AV00032,Purchase,32,27-Apr-2023,Sanwariya Rathore Agro Company,477660.0,Dr,husk purchase,27-Apr-2023
AV00033,Purchase,33,14-Apr-2023,Shree Vijay Agro Traders,504434.0,Dr,husk purchase,14-Apr-2023
AV00034,Purchase,34,04-Apr-2023,Shree Laxmi Biomass Suppliers,555843.6,Dr,husk purchase,04-Apr-2023
AV00035,Purchase,35,09-Apr-2023,Shree Luni Trading Co,478314.6,Dr,husk purchase,09-Apr-2023
AV00036,Purchase,36,08-Apr-2023,Maa Vijay Biomass Co,563031.0,Dr,husk purchase,08-Apr-2023
AV00037,Purchase,37,24-Apr-2023,Om Shyam Biomass Suppliers,469501.2,Dr,husk purchase,24-Apr-2023
AV00038,Purchase,38,26-Apr-2023,Maa Balaji Krishi Bhandar,543305.8,Dr,husk purchase,26-Apr-2023
AV00039,Purchase,39,03-Apr-2023,Shree Rajputana Trading Co,474572.8,Dr,husk purchase,03-Apr-2023
AV00040,Purchase,40,26-Apr-2023,Shree Laxmi Biomass Suppliers,480428.5,Dr,husk purchase,26-Apr-2023
AV00041,Purchase,41,23-Apr-2023,Shree Ramdev Fuels,494166.2,Dr,husk purchase,23-Apr-2023
AV00042,Purchase,42,21-Apr-2023,Om Shyam Biomass Suppliers,446297.6,Dr,husk purchase,21-Apr-2023
AV00043,Purchase,43,15-Apr-2023,Shree Rajputana Trading Co,521827.8,Dr,husk purchase,15-Apr-2023
AV00044,Purchase,44,22-Apr-2023,New Bhairav Krishi Udyog,485649.6,Dr,husk purchase,22-Apr-2023
AV00045,Purchase,45,02-Apr-2023,Maa Vijay Biomass Co,424683.0,Dr,husk purchase,02-Apr-2023
AV00046,Purchase,46,19-Apr-2023,Maa Vijay Biomass Co,476150.4,Dr,husk purchase,19-Apr-2023
AV00047,Purchase,47,26-Apr-2023,Salasar Mahaveer Krishi Udyog,572858.0,Dr,husk purchase,26-Apr-2023
AV00048,Purchase,48,25-Apr-2023,Nakoda Ramdev Trading Co,512512.0,Dr,husk purchase,25-Apr-2023
AV00049,Purchase,49,25-Apr-2023,Maa Krishna Fuels,470288.0,Dr,stalk purchase,25-Apr-2023
AV00050,Purchase,50,07-Apr-2023,Jai Rathore Agro Traders,469243.8,Dr,stalk purchase,07-Apr-2023
AV00051,Purchase,51,21-Apr-2023,Sanwariya Rathore Agro Company,484866.0,Dr,stalk purchase,21-Apr-2023
AV00052,Purchase,52,17-Apr-2023,New Banas Biomass Co,515964.0,Dr,stalk purchase,17-Apr-2023
AV00053,Purchase,53,16-Apr-2023,Khatu Shyam Enterprises,538918.4,Dr,stalk purchase,16-Apr-2023
AV00054,Purchase,54,19-Apr-2023,Shri Bhagwati Trading Co,564290.4,Dr,stalk purchase,19-Apr-2023
AV00055,Purchase,55,13-Apr-2023,New Banas Biomass Co,556154.0,Dr,stalk purchase,13-Apr-2023
AV00056,Purchase,56,15-Apr-2023,Maa Kathiawad Agri Residue Pvt Ltd,509844.3,Dr,stalk purchase,15-Apr-2023
AV00057,Purchase,57,06-Apr-2023,Salasar Marudhar Krishi Udyog,447978.0,Dr,stalk purchase,06-Apr-2023
AV00058,Purchase,58,08-Apr-2023,Shri Bhagwati Trading Co,552989.6,Dr,stalk purchase,08-Apr-2023
AV00059,Purchase,59,26-Apr-2023,Jai Sardar Agro Industries,502512.0,Dr,stalk purchase,26-Apr-2023
AV00060,Purchase,60,03-Apr-2023,Sanwariya Krishna Agri Residue Pvt Ltd,440450.0,Dr,stalk purchase,03-Apr-2023
AV00061,Purchase,61,15-Apr-2023,Nakoda Marudhar Agri Residue Pvt Ltd,450497.6,Dr,stalk purchase,15-Apr-2023
AV00062,Purchase,62,04-Apr-2023,Nakoda Banas Krishi Bhandar,461784.4,Dr,stalk purchase,04-Apr-2023
AV00063,Purchase,63,05-Apr-2023,Khatu Rathore Biomass Co,455565.8,Dr,stalk purchase,05-Apr-2023
AV00064,Purchase,64,05-Apr-2023,Sanwariya Vijay Enterprises,446812.8,Dr,stalk purchase,05-Apr-2023
AV00065,Purchase,65,17-Apr-2023,Maa Kathiawad Agri Residue Pvt Ltd,546091.5,Dr,stalk purchase,17-Apr-2023
AV00066,Purchase,66,22-Apr-2023,Shri Bhagwati Trading Co,475819.4,Dr,stalk purchase,22-Apr-2023
AV00067,Purchase,67,26-Apr-2023,New Banas Biomass Co,528751.8,Dr,stalk purchase,26-Apr-2023
AV00068,Purchase,68,11-Apr-2023,Sanwariya Vijay Enterprises,580662.2,Dr,stalk purchase,11-Apr-2023
AV00069,Purchase,69,13-Apr-2023,Salasar Banas Biomass Co,432512.0,Dr,stalk purchase,13-Apr-2023
AV00070,Purchase,70,13-May-2023,Sanwariya Suraj Biomass Suppliers,408944.0,Dr,husk purchase,13-May-2023
AV00071,Purchase,71,15-May-2023,Salasar Marudhar Krishi Udyog,423513.9,Dr,husk purchase,15-May-2023
AV00072,Purchase,72,25-May-2023,Salasar Luni Agro Company,437184.0,Dr,husk purchase,25-May-2023
AV00073,Purchase,73,18-May-2023,Sanwariya Ganesh Agri Residue Pvt Ltd,412489.7,Dr,husk purchase,18-May-2023
AV00074,Purchase,74,26-May-2023,Sanwariya Suraj Biomass Suppliers,379229.9,Dr,husk purchase,26-May-2023
AV00075,Purchase,75,10-May-2023,Shree Rajputana Trading Co,412467.2,Dr,husk purchase,10-May-2023
AV00076,Purchase,76,05-May-2023,Salasar Krishna Biomass Suppliers,444826.1,Dr,husk purchase,05-May-2023
AV00077,Purchase,77,22-May-2023,Maa Balaji Trading Co,462375.6,Dr,husk purchase,22-May-2023
AV00078,Purchase,78,15-May-2023,Maa Balaji Trading Co,440237.0,Dr,husk purchase,15-May-2023
AV00079,Purchase,79,18-May-2023,Om Shyam Biomass Suppliers,442315.2,Dr,husk purchase,18-May-2023
AV00080,Purchase,80,06-May-2023,Shree Luni Trading Co,411325.2,Dr,husk purchase,06-May-2023
AV00081,Purchase,81,05-May-2023,Khatu Vijay Biomass Suppliers,433479.0,Dr,husk purchase,05-May-2023
AV00082,Purchase,82,21-May-2023,New Rathore Krishi Bhandar,412727.4,Dr,husk purchase,21-May-2023
AV00083,Purchase,83,12-May-2023,Maa Ganesh Biomass Co,368864.4,Dr,husk purchase,12-May-2023
AV00084,Purchase,84,27-May-2023,Sanwariya Suraj Biomass Suppliers,354732.6,Dr,husk purchase,27-May-2023
AV00085,Purchase,85,04-May-2023,Salasar Deepak Agri Residue Pvt Ltd,389205.2,Dr,husk purchase,04-May-2023
AV00086,Purchase,86,20-May-2023,Shree Laxmi Biomass Suppliers,353176.7,Dr,husk purchase,20-May-2023
AV00087,Purchase,87,11-May-2023,Nakoda Ramdev Trading Co,458420.6,Dr,husk purchase,11-May-2023
AV00088,Purchase,88,19-May-2023,Khatu Shyam Enterprises,456918.0,Dr,husk purchase,19-May-2023
AV00089,Purchase,89,16-May-2023,New Balaji Krishi Bhandar,360484.8,Dr,husk purchase,16-May-2023
AV00090,Purchase,90,11-May-2023,Salasar Krishna Biomass Suppliers,408307.2,Dr,husk purchase,11-May-2023
AV00091,Purchase,91,02-May-2023,Salasar Saurashtra Biomass Suppliers,458825.6,Dr,husk purchase,02-May-2023
AV00092,Purchase,92,06-May-2023,Om Shyam Biomass Suppliers,376036.5,Dr,husk purchase,06-May-2023
AV00093,Purchase,93,15-May-2023,Shree Luni Trading Co,409123.3,Dr,husk purchase,15-May-2023
AV00094,Purchase,94,08-May-2023,Khatu Jagdamba Agro Industries,435723.6,Dr,husk purchase,08-May-2023
AV00095,Purchase,95,22-May-2023,Shree Luni Trading Co,411465.6,Dr,husk purchase,22-May-2023
AV00096,Purchase,96,23-May-2023,Khatu Jagdamba Agro Industries,389906.0,Dr,husk purchase,23-May-2023
AV00097,Purchase,97,09-May-2023,Maa Balaji Krishi Bhandar,400989.6,Dr,husk purchase,09-May-2023
AV00098,Purchase,98,06-May-2023,New Rathore Agro Industries,432742.5,Dr,husk purchase,06-May-2023
AV00099,Purchase,99,22-May-2023,Salasar Krishna Biomass Suppliers,440537.6,Dr,husk purchase,22-May-2023
AV00100,Purchase,100,20-May-2023,Sanwariya Govind Agro Industries,366383.1,Dr,husk purchase,20-May-2023
AV00101,Purchase,101,07-May-2023,Salasar Mahaveer Krishi Udyog,450901.0,Dr,husk purchase,07-May-2023
AV00102,Purchase,102,13-May-2023,New Bhagwati Krishi Bhandar,428886.5,Dr,husk purchase,13-May-2023
AV00103,Purchase,103,25-May-2023,Maa Balaji Trading Co,387703.8,Dr,husk purchase,25-May-2023
AV00104,Purchase,104,02-May-2023,Salasar Krishna Biomass Suppliers,366510.9,Dr,husk purchase,02-May-2023
AV00105,Purchase,105,12-May-2023,Khatu Jagdamba Agro Industries,415947.0,Dr,husk purchase,12-May-2023
AV00106,Purchase,106,23-May-2023,Om Shyam Biomass Suppliers,450825.3,Dr,husk purchase,23-May-2023
AV00107,Purchase,107,19-May-2023,Shri Bhagwati Trading Co,367020.0,Dr,husk purchase,19-May-2023
AV00108,Purchase,108,06-May-2023,Shree Luni Trading Co,461192.2,Dr,husk purchase,06-May-2023
AV00109,Purchase,109,08-May-2023,Shri Bhagwati Trading Co,366718.5,Dr,husk purchase,08-May-2023
AV00110,Purchase,110,07-May-2023,Shree Rajputana Trading Co,387543.2,Dr,husk purchase,07-May-2023
AV00111,Purchase,111,22-May-2023,New Rathore Krishi Bhandar,420717.0,Dr,husk purchase,22-May-2023
AV00112,Purchase,112,06-May-2023,Salasar Mahaveer Fuels,391557.4,Dr,husk purchase,06-May-2023
AV00113,Purchase,113,18-May-2023,Maa Balaji Trading Co,433965.6,Dr,husk purchase,18-May-2023
AV00114,Purchase,114,19-May-2023,Khatu Jagdamba Agro Industries,436445.0,Dr,husk purchase,19-May-2023
AV00115,Purchase,115,17-May-2023,Salasar Krishna Biomass Suppliers,445736.3,Dr,husk purchase,17-May-2023
AV00116,Purchase,116,07-May-2023,Khatu Jagdamba Agro Industries,386600.0,Dr,husk purchase,07-May-2023
AV00117,Purchase,117,14-May-2023,Shree Luni Trading Co,421859.2,Dr,husk purchase,14-May-2023
AV00118,Purchase,118,15-May-2023,Sanwariya Govind Agro Industries,345504.0,Dr,husk purchase,15-May-2023
AV00119,Purchase,119,24-May-2023,New Bhairav Krishi Udyog,330902.0,Dr,husk purchase,24-May-2023
AV00120,Purchase,120,04-May-2023,Maa Balaji Trading Co,374588.7,Dr,husk purchase,04-May-2023
AV00121,Purchase,121,24-May-2023,Khatu Thar Agro Company,366529.8,Dr,husk purchase,24-May-2023
AV00122,Purchase,122,14-May-2023,Salasar Mahaveer Krishi Udyog,358416.0,Dr,husk purchase,14-May-2023
AV00123,Purchase,123,15-May-2023,Khatu Thar Agro Company,374425.2,Dr,husk purchase,15-May-2023
AV00124,Purchase,124,11-May-2023,Maa Balaji Krishi Bhandar,364332.6,Dr,husk purchase,11-May-2023
AV00125,Purchase,125,22-May-2023,Salasar Saurashtra Biomass Suppliers,431222.4,Dr,husk purchase,22-May-2023
AV00126,Purchase,126,06-May-2023,Salasar Marudhar Krishi Udyog,419622.0,Dr,husk purchase,06-May-2023
AV00127,Purchase,127,08-May-2023,Khatu Marudhar Enterprises,347031.3,Dr,husk purchase,08-May-2023
AV00128,Purchase,128,11-May-2023,Sanwariya Govind Agro Industries,459294.2,Dr,husk purchase,11-May-2023
AV00129,Purchase,129,22-May-2023,Khatu Marudhar Enterprises,451025.4,Dr,husk purchase,22-May-2023
AV00130,Purchase,130,09-May-2023,Maa Ganesh Biomass Co,353869.4,Dr,husk purchase,09-May-2023
AV00131,Purchase,131,19-May-2023,Shri Bhagwati Trading Co,413283.3,Dr,husk purchase,19-May-2023
AV00132,Purchase,132,06-May-2023,Sanwariya Vijay Enterprises,364215.8,Dr,husk purchase,06-May-2023
AV00133,Purchase,133,04-May-2023,New Balaji Krishi Bhandar,458175.0,Dr,husk purchase,04-May-2023
AV00134,Purchase,134,22-May-2023,Salasar Mahaveer Fuels,376674.0,Dr,husk purchase,22-May-2023
AV00135,Purchase,135,05-May-2023,New Rajputana Agro Traders,386121.0,Dr,husk purchase,05-May-2023
AV00136,Purchase,136,24-May-2023,Maa Balaji Krishi Bhandar,382574.0,Dr,husk purchase,24-May-2023
AV00137,Purchase,137,26-May-2023,New Bhairav Krishi Udyog,443441.6,Dr,husk purchase,26-May-2023
AV00138,Purchase,138,12-May-2023,Nakoda Ramdev Trading Co,408902.4,Dr,husk purchase,12-May-2023
AV00139,Purchase,139,18-May-2023,Shree Ramdev Fuels,460446.0,Dr,husk purchase,18-May-2023
AV00140,Purchase,140,11-May-2023,Nakoda Ramdev Trading Co,451434.6,Dr,husk purchase,11-May-2023
AV00141,Purchase,141,08-May-2023,Sanwariya Rathore Agro Company,401156.8,Dr,husk purchase,08-May-2023
AV00142,Purchase,142,08-May-2023,Salasar Luni Agro Company,438400.6,Dr,husk purchase,08-May-2023
AV00143,Purchase,143,08-May-2023,Maa Ganesh Biomass Co,386442.7,Dr,husk purchase,08-May-2023
AV00144,Purchase,144,16-May-2023,New Rathore Agro Industries,371712.0,Dr,husk purchase,16-May-2023
AV00145,Purchase,145,12-May-2023,Salasar Luni Agro Company,428366.4,Dr,husk purchase,12-May-2023
AV00146,Purchase,146,21-May-2023,Khatu Thar Agro Company,432080.4,Dr,husk purchase,21-May-2023
AV00147,Purchase,147,12-May-2023,Salasar Mahaveer Krishi Udyog,421220.4,Dr,husk purchase,12-May-2023
AV00148,Purchase,148,27-May-2023,New Rathore Agro Industries,331522.2,Dr,husk purchase,27-May-2023
AV00149,Purchase,149,07-May-2023,Salasar Mahaveer Krishi Udyog,348500.0,Dr,husk purchase,07-May-2023
AV00150,Purchase,150,11-May-2023,Salasar Deepak Agri Residue Pvt Ltd,404729.4,Dr,husk purchase,11-May-2023
AV00151,Purchase,151,10-May-2023,Sanwariya Ganesh Agri Residue Pvt Ltd,389041.4,Dr,husk purchase,10-May-2023
AV00152,Purchase,152,26-May-2023,Jai Rathore Krishi Bhandar,497020.8,Dr,stalk purchase,26-May-2023
AV00153,Purchase,153,15-May-2023,Khatu Bhairav Biomass Suppliers,590457.7,Dr,stalk purchase,15-May-2023
AV00154,Purchase,154,25-May-2023,New Banas Biomass Co,592565.4,Dr,stalk purchase,25-May-2023
AV00155,Purchase,155,05-May-2023,Jai Rathore Krishi Bhandar,463643.2,Dr,stalk purchase,05-May-2023
AV00156,Purchase,156,22-May-2023,Shree Laxmi Biomass Suppliers,530665.2,Dr,stalk purchase,22-May-2023
AV00157,Purchase,157,12-May-2023,Sanwariya Govind Agro Industries,598895.2,Dr,stalk purchase,12-May-2023
AV00158,Purchase,158,15-May-2023,New Banas Biomass Co,572937.4,Dr,stalk purchase,15-May-2023
AV00159,Purchase,159,26-May-2023,Khatu Shyam Enterprises,465479.0,Dr,stalk purchase,26-May-2023
AV00160,Purchase,160,17-May-2023,Sanwariya Govind Agro Industries,607721.4,Dr,stalk purchase,17-May-2023
AV00161,Purchase,161,09-May-2023,Maa Kathiawad Agri Residue Pvt Ltd,587960.8,Dr,stalk purchase,09-May-2023
AV00162,Purchase,162,06-May-2023,Khatu Shyam Enterprises,449732.8,Dr,stalk purchase,06-May-2023
AV00163,Purchase,163,02-May-2023,Nakoda Banas Krishi Bhandar,455756.4,Dr,stalk purchase,02-May-2023
AV00164,Purchase,164,24-May-2023,Jai Rathore Agro Traders,607578.0,Dr,stalk purchase,24-May-2023
AV00165,Purchase,165,26-May-2023,Salasar Banas Biomass Co,488175.4,Dr,stalk purchase,26-May-2023
AV00166,Purchase,166,14-May-2023,Salasar Marudhar Krishi Udyog,483912.0,Dr,stalk purchase,14-May-2023
AV00167,Purchase,167,23-May-2023,Shree Laxmi Biomass Suppliers,454441.4,Dr,stalk purchase,23-May-2023
AV00168,Purchase,168,11-May-2023,Khatu Shyam Enterprises,564075.0,Dr,stalk purchase,11-May-2023
AV00169,Purchase,169,17-May-2023,Jai Rathore Agro Traders,576024.8,Dr,stalk purchase,17-May-2023
AV00170,Purchase,170,19-May-2023,Sanwariya Krishna Agri Residue Pvt Ltd,598622.2,Dr,stalk purchase,19-May-2023
AV00171,Purchase,171,15-May-2023,Jai Sardar Agro Industries,597322.6,Dr,stalk purchase,15-May-2023
AV00172,Purchase,172,03-May-2023,Nakoda Marudhar Agri Residue Pvt Ltd,455008.0,Dr,stalk purchase,03-May-2023
AV00173,Purchase,173,24-May-2023,Sanwariya Ganesh Agri Residue Pvt Ltd,536618.5,Dr,stalk purchase,24-May-2023
AV00174,Purchase,174,12-May-2023,Jai Thar Fuels,493231.2,Dr,stalk purchase,12-May-2023
AV00175,Purchase,175,04-May-2023,Shri Bhagwati Trading Co,453173.5,Dr,stalk purchase,04-May-2023
AV00176,Purchase,176,24-May-2023,Nakoda Marudhar Agri Residue Pvt Ltd,486181.8,Dr,stalk purchase,24-May-2023
AV00177,Purchase,177,18-May-2023,Khatu Rathore Biomass Co,626168.0,Dr,stalk purchase,18-May-2023
AV00178,Purchase,178,24-May-2023,Sanwariya Ganesh Agri Residue Pvt Ltd,438017.8,Dr,stalk purchase,24-May-2023
AV00179,Purchase,179,03-May-2023,Shri Bhagwati Trading Co,580666.0,Dr,stalk purchase,03-May-2023
AV00180,Purchase,180,10-Jun-2023,Salasar Marudhar Krishi Udyog,482190.8,Dr,husk purchase,10-Jun-2023
AV00181,Purchase,181,15-Jun-2023,Salasar Deepak Agri Residue Pvt Ltd,503944.5,Dr,husk purchase,15-Jun-2023
AV00182,Purchase,182,12-Jun-2023,Sanwariya Ganesh Agri Residue Pvt Ltd,584008.5,Dr,husk purchase,12-Jun-2023
AV00183,Purchase,183,09-Jun-2023,Maa Ganesh Biomass Co,563676.8,Dr,husk purchase,09-Jun-2023
AV00184,Purchase,184,26-Jun-2023,New Rajputana Agro Traders,492148.0,Dr,husk purchase,26-Jun-2023
AV00185,Purchase,185,09-Jun-2023,New Rathore Krishi Bhandar,497909.6,Dr,husk purchase,09-Jun-2023
AV00186,Purchase,186,22-Jun-2023,Khatu Vijay Biomass Suppliers,492812.5,Dr,husk purchase,22-Jun-2023
AV00187,Purchase,187,23-Jun-2023,Sanwariya Rathore Agro Company,496272.0,Dr,husk purchase,23-Jun-2023
AV00188,Purchase,188,21-Jun-2023,Maa Vijay Biomass Co,500045.0,Dr,husk purchase,21-Jun-2023
AV00189,Purchase,189,22-Jun-2023,Sanwariya Vijay Enterprises,547779.6,Dr,husk purchase,22-Jun-2023
AV00190,Purchase,190,27-Jun-2023,Salasar Mahaveer Krishi Udyog,524485.6,Dr,husk purchase,27-Jun-2023
AV00191,Purchase,191,19-Jun-2023,Khatu Thar Agro Company,527826.0,Dr,husk purchase,19-Jun-2023
AV00192,Purchase,192,17-Jun-2023,Maa Balaji Krishi Bhandar,474144.0,Dr,husk purchase,17-Jun-2023
AV00193,Purchase,193,06-Jun-2023,New Balaji Krishi Bhandar,511487.5,Dr,husk purchase,06-Jun-2023
AV00194,Purchase,194,24-Jun-2023,Shree Ramdev Fuels,544236.0,Dr,husk purchase,24-Jun-2023
AV00195,Purchase,195,12-Jun-2023,Sanwariya Suraj Biomass Suppliers,429228.6,Dr,husk purchase,12-Jun-2023
AV00196,Purchase,196,20-Jun-2023,Sanwariya Rathore Agro Company,549132.0,Dr,husk purchase,20-Jun-2023
AV00197,Purchase,197,09-Jun-2023,Salasar Luni Agro Company,455539.0,Dr,husk purchase,09-Jun-2023
AV00198,Purchase,198,22-Jun-2023,Sanwariya Rathore Agro Company,556772.5,Dr,husk purchase,22-Jun-2023
AV00199,Purchase,199,18-Jun-2023,Salasar Saurashtra Biomass Suppliers,430899.0,Dr,husk purchase,18-Jun-2023
AV00200,Purchase,200,07-Jun-2023,Khatu Shyam Enterprises,543222.0,Dr,husk purchase,07-Jun-2023
AV00201,Purchase,201,02-Jun-2023,Shri Bhagwati Trading Co,500222.4,Dr,husk purchase,02-Jun-2023
AV00202,Purchase,202,10-Jun-2023,Shree Laxmi Biomass Suppliers,468593.1,Dr,husk purchase,10-Jun-2023
AV00203,Purchase,203,11-Jun-2023,Sanwariya Vijay Enterprises,476572.0,Dr,husk purchase,11-Jun-2023
AV00204,Purchase,204,12-Jun-2023,Salasar Mahaveer Krishi Udyog,537290.8,Dr,husk purchase,12-Jun-2023
AV00205,Purchase,205,12-Jun-2023,Maa Balaji Krishi Bhandar,479688.0,Dr,husk purchase,12-Jun-2023
AV00206,Purchase,206,26-Jun-2023,Sanwariya Govind Agro Industries,527980.8,Dr,husk purchase,26-Jun-2023
AV00207,Purchase,207,27-Jun-2023,Maa Balaji Krishi Bhandar,508326.6,Dr,husk purchase,27-Jun-2023
AV00208,Purchase,208,08-Jun-2023,Sanwariya Ganesh Agri Residue Pvt Ltd,522079.2,Dr,husk purchase,08-Jun-2023
AV00209,Purchase,209,15-Jun-2023,Sanwariya Suraj Biomass Suppliers,556580.4,Dr,husk purchase,15-Jun-2023
AV00210,Purchase,210,19-Jun-2023,New Rathore Agro Industries,432455.1,Dr,husk purchase,19-Jun-2023
AV00211,Purchase,211,12-Jun-2023,New Balaji Krishi Bhandar,450076.8,Dr,husk purchase,12-Jun-2023
AV00212,Purchase,212,24-Jun-2023,Sanwariya Suraj Biomass Suppliers,445177.6,Dr,husk purchase,24-Jun-2023
AV00213,Purchase,213,08-Jun-2023,Sanwariya Vijay Enterprises,554132.7,Dr,husk purchase,08-Jun-2023
AV00214,Purchase,214,13-Jun-2023,Sanwariya Govind Agro Industries,493772.8,Dr,husk purchase,13-Jun-2023
AV00215,Purchase,215,24-Jun-2023,Salasar Luni Agro Company,527327.8,Dr,husk purchase,24-Jun-2023
AV00216,Purchase,216,03-Jun-2023,Maa Ganesh Biomass Co,435806.3,Dr,husk purchase,03-Jun-2023
AV00217,Purchase,217,06-Jun-2023,Salasar Deepak Agri Residue Pvt Ltd,525383.5,Dr,husk purchase,06-Jun-2023
AV00218,Purchase,218,02-Jun-2023,Sanwariya Suraj Biomass Suppliers,509511.6,Dr,husk purchase,02-Jun-2023
AV00219,Purchase,219,08-Jun-2023,Sanwariya Suraj Biomass Suppliers,449343.9,Dr,husk purchase,08-Jun-2023
AV00220,Purchase,220,16-Jun-2023,Salasar Marudhar Krishi Udyog,524099.8,Dr,husk purchase,16-Jun-2023
AV00221,Purchase,221,11-Jun-2023,Khatu Thar Agro Company,529416.0,Dr,husk purchase,11-Jun-2023
AV00222,Purchase,222,07-Jun-2023,Nakoda Ramdev Trading Co,500320.0,Dr,husk purchase,07-Jun-2023
AV00223,Purchase,223,14-Jun-2023,Shree Ramdev Fuels,456873.0,Dr,husk purchase,14-Jun-2023
AV00224,Purchase,224,14-Jun-2023,New Bhairav Krishi Udyog,524045.3,Dr,husk purchase,14-Jun-2023
AV00225,Purchase,225,20-Jun-2023,Maa Balaji Krishi Bhandar,444152.6,Dr,husk purchase,20-Jun-2023
AV00226,Purchase,226,06-Jun-2023,Khatu Jagdamba Agro Industries,556544.8,Dr,husk purchase,06-Jun-2023
AV00227,Purchase,227,07-Jun-2023,Nakoda Ramdev Trading Co,536564.5,Dr,husk purchase,07-Jun-2023
AV00228,Purchase,228,10-Jun-2023,Maa Balaji Krishi Bhandar,470089.2,Dr,husk purchase,10-Jun-2023
AV00229,Purchase,229,24-Jun-2023,New Bhairav Krishi Udyog,519441.0,Dr,husk purchase,24-Jun-2023
AV00230,Purchase,230,05-Jun-2023,Salasar Mahaveer Krishi Udyog,463446.4,Dr,husk purchase,05-Jun-2023
AV00231,Purchase,231,08-Jun-2023,Om Shyam Biomass Suppliers,464121.6,Dr,husk purchase,08-Jun-2023
AV00232,Purchase,232,09-Jun-2023,Salasar Luni Agro Company,514190.6,Dr,husk purchase,09-Jun-2023
AV00233,Purchase,233,14-Jun-2023,Salasar Mahaveer Fuels,466036.0,Dr,husk purchase,14-Jun-2023
AV00234,Purchase,234,06-Jun-2023,Shri Bhagwati Trading Co,489731.4,Dr,husk purchase,06-Jun-2023
AV00235,Purchase,235,19-Jun-2023,Khatu Vijay Biomass Suppliers,543246.1,Dr,husk purchase,19-Jun-2023
AV00236,Purchase,236,06-Jun-2023,Om Shyam Biomass Suppliers,562036.2,Dr,husk purchase,06-Jun-2023
AV00237,Purchase,237,13-Jun-2023,Sanwariya Ganesh Agri Residue Pvt Ltd,449440.0,Dr,husk purchase,13-Jun-2023
AV00238,Purchase,238,09-Jun-2023,Sanwariya Govind Agro Industries,447784.0,Dr,husk purchase,09-Jun-2023
AV00239,Purchase,239,18-Jun-2023,Maa Vijay Biomass Co,566477.4,Dr,husk purchase,18-Jun-2023
AV00240,Purchase,240,14-Jun-2023,Shree Rajputana Trading Co,572257.0,Dr,husk purchase,14-Jun-2023
AV00241,Purchase,241,06-Jun-2023,New Rathore Krishi Bhandar,578364.4,Dr,husk purchase,06-Jun-2023
AV00242,Purchase,242,26-Jun-2023,Sanwariya Ganesh Agri Residue Pvt Ltd,478152.0,Dr,husk purchase,26-Jun-2023
AV00243,Purchase,243,06-Jun-2023,Sanwariya Ganesh Agri Residue Pvt Ltd,486433.4,Dr,husk purchase,06-Jun-2023
AV00244,Purchase,244,15-Jun-2023,Om Shyam Biomass Suppliers,480048.0,Dr,husk purchase,15-Jun-2023
AV00245,Purchase,245,21-Jun-2023,Sanwariya Vijay Enterprises,540778.0,Dr,husk purchase,21-Jun-2023
AV00246,Purchase,246,18-Jun-2023,Salasar Krishna Biomass Suppliers,529979.8,Dr,husk purchase,18-Jun-2023
AV00247,Purchase,247,10-Jun-2023,New Rajputana Agro Traders,519760.8,Dr,husk purchase,10-Jun-2023
AV00248,Purchase,248,20-Jun-2023,Khatu Thar Agro Company,469510.6,Dr,husk purchase,20-Jun-2023
AV00249,Purchase,249,25-Jun-2023,Maa Balaji Krishi Bhandar,580936.2,Dr,husk purchase,25-Jun-2023
AV00250,Purchase,250,25-Jun-2023,Salasar Luni Agro Company,453696.0,Dr,husk purchase,25-Jun-2023
AV00251,Purchase,251,26-Jun-2023,New Rathore Agro Industries,534689.4,Dr,husk purchase,26-Jun-2023
AV00252,Purchase,252,03-Jun-2023,Salasar Marudhar Krishi Udyog,819904.8,Dr,stalk purchase,03-Jun-2023
AV00253,Purchase,253,22-Jun-2023,Jai Thar Fuels,958400.0,Dr,stalk purchase,22-Jun-2023
AV00254,Purchase,254,08-Jun-2023,Sanwariya Govind Agro Industries,741875.0,Dr,stalk purchase,08-Jun-2023
AV00255,Purchase,255,17-Jun-2023,Nakoda Banas Krishi Bhandar,888000.0,Dr,stalk purchase,17-Jun-2023
AV00256,Purchase,256,15-Jun-2023,Maa Bhairav Krishi Udyog,842420.0,Dr,stalk purchase,15-Jun-2023
AV00257,Purchase,257,16-Jun-2023,New Banas Biomass Co,819221.0,Dr,stalk purchase,16-Jun-2023
AV00258,Purchase,258,27-Jun-2023,Sanwariya Krishna Agri Residue Pvt Ltd,899732.5,Dr,stalk purchase,27-Jun-2023
AV00259,Purchase,259,17-Jun-2023,Shri Bhagwati Trading Co,836287.4,Dr,stalk purchase,17-Jun-2023
AV00260,Purchase,260,23-Jun-2023,Sanwariya Rathore Agro Company,838470.6,Dr,stalk purchase,23-Jun-2023
AV00261,Purchase,261,14-Jun-2023,Khatu Rathore Biomass Co,907618.8,Dr,stalk purchase,14-Jun-2023
AV00262,Purchase,262,09-Jun-2023,Sanwariya Krishna Agri Residue Pvt Ltd,900920.4,Dr,stalk purchase,09-Jun-2023
AV00263,Purchase,263,19-Jun-2023,Sanwariya Vijay Enterprises,961108.0,Dr,stalk purchase,19-Jun-2023
AV00264,Purchase,264,23-Jun-2023,Sanwariya Krishna Agri Residue Pvt Ltd,944785.8,Dr,stalk purchase,23-Jun-2023
AV00265,Purchase,265,15-Jun-2023,Nakoda Marudhar Agri Residue Pvt Ltd,823984.4,Dr,stalk purchase,15-Jun-2023
AV00266,Purchase,266,26-Jun-2023,Khatu Rathore Biomass Co,942871.7,Dr,stalk purchase,26-Jun-2023
AV00267,Purchase,267,14-Jun-2023,Khatu Rajputana Enterprises,785060.0,Dr,stalk purchase,14-Jun-2023
AV00268,Purchase,268,13-Jun-2023,Khatu Shyam Enterprises,660605.4,Dr,stalk purchase,13-Jun-2023
AV00269,Purchase,269,23-Jun-2023,Sanwariya Ganesh Agri Residue Pvt Ltd,764272.4,Dr,stalk purchase,23-Jun-2023
AV00270,Purchase,270,10-Jun-2023,Jai Thar Fuels,938180.0,Dr,stalk purchase,10-Jun-2023
AV00271,Purchase,271,24-Jul-2023,Shree Vijay Agro Traders,526320.8,Dr,husk purchase,24-Jul-2023
AV00272,Purchase,272,19-Jul-2023,New Bhairav Krishi Udyog,524080.4,Dr,husk purchase,19-Jul-2023
AV00273,Purchase,273,14-Jul-2023,Khatu Thar Agro Company,607867.0,Dr,husk purchase,14-Jul-2023
AV00274,Purchase,274,17-Jul-2023,New Bhagwati Krishi Bhandar,575116.3,Dr,husk purchase,17-Jul-2023
AV00275,Purchase,275,10-Jul-2023,Nakoda Ramdev Trading Co,652608.9,Dr,husk purchase,10-Jul-2023
AV00276,Purchase,276,23-Jul-2023,Shree Luni Trading Co,611817.8,Dr,husk purchase,23-Jul-2023
AV00277,Purchase,277,19-Jul-2023,New Rathore Agro Industries,596047.2,Dr,husk purchase,19-Jul-2023
AV00278,Purchase,278,05-Jul-2023,New Bhagwati Krishi Bhandar,580852.8,Dr,husk purchase,05-Jul-2023
AV00279,Purchase,279,06-Jul-2023,Salasar Krishna Biomass Suppliers,516720.0,Dr,husk purchase,06-Jul-2023
AV00280,Purchase,280,12-Jul-2023,Sanwariya Govind Agro Industries,659680.0,Dr,husk purchase,12-Jul-2023
AV00281,Purchase,281,20-Jul-2023,Khatu Marudhar Enterprises,644245.6,Dr,husk purchase,20-Jul-2023
AV00282,Purchase,282,06-Jul-2023,Nakoda Ramdev Trading Co,551564.2,Dr,husk purchase,06-Jul-2023
AV00283,Purchase,283,11-Jul-2023,Salasar Deepak Agri Residue Pvt Ltd,612816.6,Dr,husk purchase,11-Jul-2023
AV00284,Purchase,284,07-Jul-2023,Khatu Shyam Enterprises,605919.6,Dr,husk purchase,07-Jul-2023
AV00285,Purchase,285,02-Jul-2023,Nakoda Ramdev Trading Co,530322.0,Dr,husk purchase,02-Jul-2023
AV00286,Purchase,286,04-Jul-2023,Salasar Krishna Biomass Suppliers,579211.2,Dr,husk purchase,04-Jul-2023
AV00287,Purchase,287,05-Jul-2023,Salasar Mahaveer Krishi Udyog,626672.7,Dr,husk purchase,05-Jul-2023
AV00288,Purchase,288,24-Jul-2023,Khatu Jagdamba Agro Industries,523800.0,Dr,husk purchase,24-Jul-2023
AV00289,Purchase,289,21-Jul-2023,Salasar Saurashtra Biomass Suppliers,579083.1,Dr,husk purchase,21-Jul-2023
AV00290,Purchase,290,15-Jul-2023,New Bhairav Krishi Udyog,537806.5,Dr,husk purchase,15-Jul-2023
AV00291,Purchase,291,02-Jul-2023,New Rathore Krishi Bhandar,600873.0,Dr,husk purchase,02-Jul-2023
AV00292,Purchase,292,04-Jul-2023,Khatu Thar Agro Company,548678.4,Dr,husk purchase,04-Jul-2023
AV00293,Purchase,293,18-Jul-2023,Salasar Mahaveer Krishi Udyog,593599.5,Dr,husk purchase,18-Jul-2023
AV00294,Purchase,294,22-Jul-2023,Khatu Thar Agro Company,615355.8,Dr,husk purchase,22-Jul-2023
AV00295,Purchase,295,16-Jul-2023,New Balaji Krishi Bhandar,532085.4,Dr,husk purchase,16-Jul-2023
AV00296,Purchase,296,05-Jul-2023,Khatu Thar Agro Company,703186.9,Dr,husk purchase,05-Jul-2023
AV00297,Purchase,297,13-Jul-2023,Shree Laxmi Biomass Suppliers,569505.3,Dr,husk purchase,13-Jul-2023
AV00298,Purchase,298,18-Jul-2023,Sanwariya Suraj Biomass Suppliers,684500.3,Dr,husk purchase,18-Jul-2023
AV00299,Purchase,299,03-Jul-2023,Khatu Jagdamba Agro Industries,596827.3,Dr,husk purchase,03-Jul-2023
AV00300,Purchase,300,07-Jul-2023,Shri Bhagwati Trading Co,554182.2,Dr,husk purchase,07-Jul-2023
AV00301,Purchase,301,18-Jul-2023,Shree Rajputana Trading Co,602585.6,Dr,husk purchase,18-Jul-2023
AV00302,Purchase,302,20-Jul-2023,Salasar Mahaveer Krishi Udyog,516623.6,Dr,husk purchase,20-Jul-2023
AV00303,Purchase,303,05-Jul-2023,Salasar Deepak Agri Residue Pvt Ltd,628912.2,Dr,husk purchase,05-Jul-2023
AV00304,Purchase,304,09-Jul-2023,New Rathore Agro Industries,663826.1,Dr,husk purchase,09-Jul-2023
AV00305,Purchase,305,07-Jul-2023,Salasar Krishna Biomass Suppliers,656903.1,Dr,husk purchase,07-Jul-2023
AV00306,Purchase,306,24-Jul-2023,Sanwariya Govind Agro Industries,683308.2,Dr,husk purchase,24-Jul-2023
AV00307,Purchase,307,20-Jul-2023,Shree Luni Trading Co,593322.4,Dr,husk purchase,20-Jul-2023
AV00308,Purchase,308,04-Jul-2023,Shree Rajputana Trading Co,520559.6,Dr,husk purchase,04-Jul-2023
AV00309,Purchase,309,08-Jul-2023,New Rathore Agro Industries,653884.0,Dr,husk purchase,08-Jul-2023
AV00310,Purchase,310,12-Jul-2023,Shri Bhagwati Trading Co,611147.4,Dr,husk purchase,12-Jul-2023
AV00311,Purchase,311,17-Jul-2023,Sanwariya Rathore Agro Company,577631.1,Dr,husk purchase,17-Jul-2023
AV00312,Purchase,312,06-Jul-2023,Khatu Jagdamba Agro Industries,686941.2,Dr,husk purchase,06-Jul-2023
AV00313,Purchase,313,11-Jul-2023,Khatu Vijay Biomass Suppliers,583512.4,Dr,husk purchase,11-Jul-2023
AV00314,Purchase,314,09-Jul-2023,Shree Vijay Agro Traders,591376.5,Dr,husk purchase,09-Jul-2023
AV00315,Purchase,315,04-Jul-2023,Khatu Marudhar Enterprises,513916.8,Dr,husk purchase,04-Jul-2023
AV00316,Purchase,316,26-Jul-2023,Nakoda Ramdev Trading Co,566043.4,Dr,husk purchase,26-Jul-2023
AV00317,Purchase,317,24-Jul-2023,Shree Laxmi Biomass Suppliers,545036.8,Dr,husk purchase,24-Jul-2023
AV00318,Purchase,318,25-Jul-2023,Salasar Mahaveer Krishi Udyog,670868.8,Dr,husk purchase,25-Jul-2023
AV00319,Purchase,319,18-Jul-2023,Salasar Mahaveer Fuels,639901.2,Dr,husk purchase,18-Jul-2023
AV00320,Purchase,320,11-Jul-2023,New Bhagwati Krishi Bhandar,635688.8,Dr,husk purchase,11-Jul-2023
AV00321,Purchase,321,19-Jul-2023,Maa Balaji Trading Co,543532.5,Dr,husk purchase,19-Jul-2023
AV00322,Purchase,322,23-Jul-2023,Shree Rajputana Trading Co,588204.6,Dr,husk purchase,23-Jul-2023
AV00323,Purchase,323,09-Jul-2023,Shri Bhagwati Trading Co,680233.2,Dr,husk purchase,09-Jul-2023
AV00324,Purchase,324,22-Jul-2023,Salasar Mahaveer Fuels,621180.0,Dr,husk purchase,22-Jul-2023
AV00325,Purchase,325,27-Jul-2023,Shree Luni Trading Co,618615.0,Dr,husk purchase,27-Jul-2023
AV00326,Purchase,326,17-Jul-2023,Salasar Saurashtra Biomass Suppliers,498736.0,Dr,husk purchase,17-Jul-2023
AV00327,Purchase,327,26-Jul-2023,Maa Ganesh Biomass Co,608423.4,Dr,husk purchase,26-Jul-2023
AV00328,Purchase,328,12-Jul-2023,New Banas Biomass Co,791414.0,Dr,stalk purchase,12-Jul-2023
AV00329,Purchase,329,27-Jul-2023,Sanwariya Rathore Agro Company,608899.9,Dr,stalk purchase,27-Jul-2023
AV00330,Purchase,330,03-Jul-2023,Jai Thar Fuels,663420.5,Dr,stalk purchase,03-Jul-2023
AV00331,Purchase,331,21-Jul-2023,Shree Laxmi Biomass Suppliers,767674.4,Dr,stalk purchase,21-Jul-2023
AV00332,Purchase,332,14-Jul-2023,Sanwariya Ganesh Agri Residue Pvt Ltd,608372.6,Dr,stalk purchase,14-Jul-2023
AV00333,Purchase,333,16-Jul-2023,Khatu Rajputana Enterprises,694144.0,Dr,stalk purchase,16-Jul-2023
AV00334,Purchase,334,02-Jul-2023,Sanwariya Ganesh Agri Residue Pvt Ltd,732563.0,Dr,stalk purchase,02-Jul-2023
AV00335,Purchase,335,02-Jul-2023,Nakoda Banas Krishi Bhandar,682936.8,Dr,stalk purchase,02-Jul-2023
AV00336,Purchase,336,08-Jul-2023,Nakoda Marudhar Agri Residue Pvt Ltd,735925.2,Dr,stalk purchase,08-Jul-2023
AV00337,Purchase,337,04-Jul-2023,Khatu Rajputana Enterprises,587146.0,Dr,stalk purchase,04-Jul-2023
AV00338,Purchase,338,10-Jul-2023,Sanwariya Govind Agro Industries,651014.7,Dr,stalk purchase,10-Jul-2023
AV00339,Purchase,339,10-Jul-2023,Khatu Rajputana Enterprises,666045.8,Dr,stalk purchase,10-Jul-2023
AV00340,Purchase,340,04-Jul-2023,Jai Rathore Krishi Bhandar,740624.4,Dr,stalk purchase,04-Jul-2023
AV00341,Purchase,341,19-Jul-2023,Jai Rathore Agro Traders,654399.2,Dr,stalk purchase,19-Jul-2023
AV00342,Purchase,342,05-Jul-2023,Salasar Banas Biomass Co,645519.0,Dr,stalk purchase,05-Jul-2023
AV00343,Purchase,343,02-Jul-2023,Jai Rathore Krishi Bhandar,736411.0,Dr,stalk purchase,02-Jul-2023
AV00344,Purchase,344,04-Jul-2023,Jai Rathore Krishi Bhandar,752239.8,Dr,stalk purchase,04-Jul-2023
AV00345,Purchase,345,15-Jul-2023,Sanwariya Ganesh Agri Residue Pvt Ltd,603652.5,Dr,stalk purchase,15-Jul-2023
AV00346,Purchase,346,04-Jul-2023,Khatu Shyam Enterprises,795691.0,Dr,stalk purchase,04-Jul-2023
AV00347,Purchase,347,17-Jul-2023,Jai Thar Fuels,749280.8,Dr,stalk purchase,17-Jul-2023
AV00348,Purchase,348,27-Jul-2023,Sanwariya Ganesh Agri Residue Pvt Ltd,609054.0,Dr,stalk purchase,27-Jul-2023
AV00349,Purchase,349,16-Jul-2023,Khatu Rathore Biomass Co,689232.7,Dr,stalk purchase,16-Jul-2023
AV00350,Purchase,350,27-Jul-2023,Sanwariya Vijay Enterprises,7582497.6,Dr,pellets purchase,27-Jul-2023
AV00351,Purchase,351,13-Jul-2023,Nakoda Kathiawad Krishi Bhandar,7670444.4,Dr,pellets purchase,13-Jul-2023
AV00352,Purchase,352,09-Aug-2023,Sanwariya Ganesh Agri Residue Pvt Ltd,829517.5,Dr,husk purchase,09-Aug-2023
AV00353,Purchase,353,05-Aug-2023,Sanwariya Govind Agro Industries,704705.4,Dr,husk purchase,05-Aug-2023
AV00354,Purchase,354,06-Aug-2023,Salasar Saurashtra Biomass Suppliers,760725.6,Dr,husk purchase,06-Aug-2023
AV00355,Purchase,355,10-Aug-2023,Shree Luni Trading Co,792699.6,Dr,husk purchase,10-Aug-2023
AV00356,Purchase,356,07-Aug-2023,Sanwariya Suraj Biomass Suppliers,755772.6,Dr,husk purchase,07-Aug-2023
AV00357,Purchase,357,19-Aug-2023,Shree Rajputana Trading Co,867316.8,Dr,husk purchase,19-Aug-2023
AV00358,Purchase,358,18-Aug-2023,Salasar Saurashtra Biomass Suppliers,677412.4,Dr,husk purchase,18-Aug-2023
AV00359,Purchase,359,25-Aug-2023,New Bhairav Krishi Udyog,894150.0,Dr,husk purchase,25-Aug-2023
AV00360,Purchase,360,15-Aug-2023,Shree Rajputana Trading Co,734091.7,Dr,husk purchase,15-Aug-2023
AV00361,Purchase,361,14-Aug-2023,Om Shyam Biomass Suppliers,794457.6,Dr,husk purchase,14-Aug-2023
AV00362,Purchase,362,02-Aug-2023,Nakoda Ramdev Trading Co,900020.0,Dr,husk purchase,02-Aug-2023
AV00363,Purchase,363,02-Aug-2023,Maa Balaji Krishi Bhandar,793320.0,Dr,husk purchase,02-Aug-2023
AV00364,Purchase,364,13-Aug-2023,Maa Vijay Biomass Co,743904.0,Dr,husk purchase,13-Aug-2023
AV00365,Purchase,365,24-Aug-2023,Shree Laxmi Biomass Suppliers,884754.0,Dr,husk purchase,24-Aug-2023
AV00366,Purchase,366,06-Aug-2023,Maa Balaji Krishi Bhandar,902526.0,Dr,husk purchase,06-Aug-2023
AV00367,Purchase,367,13-Aug-2023,Shree Laxmi Biomass Suppliers,757285.2,Dr,husk purchase,13-Aug-2023
AV00368,Purchase,368,13-Aug-2023,Shree Rajputana Trading Co,684256.8,Dr,husk purchase,13-Aug-2023
AV00369,Purchase,369,13-Aug-2023,Sanwariya Suraj Biomass Suppliers,882125.1,Dr,husk purchase,13-Aug-2023
AV00370,Purchase,370,04-Aug-2023,Maa Balaji Krishi Bhandar,789126.0,Dr,husk purchase,04-Aug-2023
AV00371,Purchase,371,07-Aug-2023,Shree Rajputana Trading Co,921022.0,Dr,husk purchase,07-Aug-2023
AV00372,Purchase,372,15-Aug-2023,Salasar Mahaveer Krishi Udyog,847127.9,Dr,husk purchase,15-Aug-2023
AV00373,Purchase,373,11-Aug-2023,Maa Balaji Krishi Bhandar,771125.8,Dr,husk purchase,11-Aug-2023
AV00374,Purchase,374,08-Aug-2023,New Rajputana Agro Traders,749060.0,Dr,husk purchase,08-Aug-2023
AV00375,Purchase,375,06-Aug-2023,Sanwariya Rathore Agro Company,927067.0,Dr,husk purchase,06-Aug-2023
AV00376,Purchase,376,10-Aug-2023,Sanwariya Suraj Biomass Suppliers,880737.0,Dr,husk purchase,10-Aug-2023
AV00377,Purchase,377,25-Aug-2023,Salasar Saurashtra Biomass Suppliers,680739.2,Dr,husk purchase,25-Aug-2023
AV00378,Purchase,378,18-Aug-2023,New Bhagwati Krishi Bhandar,807024.0,Dr,husk purchase,18-Aug-2023
AV00379,Purchase,379,19-Aug-2023,Salasar Krishna Biomass Suppliers,796995.0,Dr,husk purchase,19-Aug-2023
AV00380,Purchase,380,19-Aug-2023,New Rathore Agro Industries,827897.6,Dr,husk purchase,19-Aug-2023
AV00381,Purchase,381,15-Aug-2023,New Bhagwati Krishi Bhandar,778260.0,Dr,husk purchase,15-Aug-2023
AV00382,Purchase,382,26-Aug-2023,Maa Balaji Krishi Bhandar,762302.1,Dr,husk purchase,26-Aug-2023
AV00383,Purchase,383,07-Aug-2023,Sanwariya Ganesh Agri Residue Pvt Ltd,688712.0,Dr,husk purchase,07-Aug-2023
AV00384,Purchase,384,24-Aug-2023,New Bhagwati Krishi Bhandar,902322.3,Dr,husk purchase,24-Aug-2023
AV00385,Purchase,385,20-Aug-2023,Khatu Thar Agro Company,720920.8,Dr,husk purchase,20-Aug-2023
AV00386,Purchase,386,19-Aug-2023,Sanwariya Suraj Biomass Suppliers,864224.0,Dr,husk purchase,19-Aug-2023
AV00387,Purchase,387,21-Aug-2023,Sanwariya Govind Agro Industries,667661.4,Dr,husk purchase,21-Aug-2023
AV00388,Purchase,388,19-Aug-2023,New Bhairav Krishi Udyog,796871.4,Dr,husk purchase,19-Aug-2023
AV00389,Purchase,389,08-Aug-2023,Shree Luni Trading Co,811391.5,Dr,husk purchase,08-Aug-2023
AV00390,Purchase,390,12-Aug-2023,Salasar Mahaveer Fuels,747826.6,Dr,husk purchase,12-Aug-2023
AV00391,Purchase,391,27-Aug-2023,Sanwariya Rathore Agro Company,761133.6,Dr,husk purchase,27-Aug-2023
AV00392,Purchase,392,03-Aug-2023,Salasar Mahaveer Fuels,945604.8,Dr,husk purchase,03-Aug-2023
AV00393,Purchase,393,21-Aug-2023,Maa Balaji Trading Co,733986.0,Dr,husk purchase,21-Aug-2023
AV00394,Purchase,394,21-Aug-2023,Khatu Shyam Enterprises,817822.5,Dr,husk purchase,21-Aug-2023
AV00395,Purchase,395,02-Aug-2023,New Rathore Agro Industries,919815.0,Dr,husk purchase,02-Aug-2023
AV00396,Purchase,396,20-Aug-2023,Jai Thar Fuels,508300.8,Dr,stalk purchase,20-Aug-2023
AV00397,Purchase,397,20-Aug-2023,Sanwariya Rathore Agro Company,544238.1,Dr,stalk purchase,20-Aug-2023
AV00398,Purchase,398,22-Aug-2023,Khatu Rajputana Enterprises,571553.5,Dr,stalk purchase,22-Aug-2023
AV00399,Purchase,399,18-Aug-2023,Salasar Banas Biomass Co,490048.0,Dr,stalk purchase,18-Aug-2023
AV00400,Purchase,400,23-Aug-2023,Salasar Marudhar Krishi Udyog,586019.5,Dr,stalk purchase,23-Aug-2023
AV00401,Purchase,401,11-Aug-2023,Maa Kathiawad Agri Residue Pvt Ltd,560675.7,Dr,stalk purchase,11-Aug-2023
AV00402,Purchase,402,17-Aug-2023,Khatu Rajputana Enterprises,541637.6,Dr,stalk purchase,17-Aug-2023
AV00403,Purchase,403,16-Aug-2023,Shri Bhagwati Trading Co,564978.9,Dr,stalk purchase,16-Aug-2023
AV00404,Purchase,404,13-Aug-2023,Sanwariya Vijay Enterprises,515264.8,Dr,stalk purchase,13-Aug-2023
AV00405,Purchase,405,22-Aug-2023,Sanwariya Ganesh Agri Residue Pvt Ltd,460272.0,Dr,stalk purchase,22-Aug-2023
AV00406,Purchase,406,03-Aug-2023,Jai Thar Fuels,541996.4,Dr,stalk purchase,03-Aug-2023
AV00407,Purchase,407,11-Aug-2023,Maa Kathiawad Agri Residue Pvt Ltd,465800.6,Dr,stalk purchase,11-Aug-2023
AV00408,Purchase,408,20-Aug-2023,Sanwariya Ganesh Agri Residue Pvt Ltd,544672.8,Dr,stalk purchase,20-Aug-2023
AV00409,Purchase,409,24-Aug-2023,Sanwariya Govind Agro Industries,471169.2,Dr,stalk purchase,24-Aug-2023
AV00410,Purchase,410,14-Aug-2023,Salasar Banas Biomass Co,516206.4,Dr,stalk purchase,14-Aug-2023
AV00411,Purchase,411,03-Aug-2023,Nakoda Banas Krishi Bhandar,491368.5,Dr,stalk purchase,03-Aug-2023
AV00412,Purchase,412,06-Aug-2023,Jai Rathore Krishi Bhandar,476088.7,Dr,stalk purchase,06-Aug-2023
AV00413,Purchase,413,27-Aug-2023,Maa Kathiawad Agri Residue Pvt Ltd,465753.3,Dr,stalk purchase,27-Aug-2023
AV00414,Purchase,414,16-Aug-2023,Salasar Marudhar Krishi Udyog,418939.2,Dr,stalk purchase,16-Aug-2023
AV00415,Purchase,415,05-Aug-2023,Sanwariya Rathore Agro Company,505109.7,Dr,stalk purchase,05-Aug-2023
AV00416,Purchase,416,19-Aug-2023,New Banas Biomass Co,475783.0,Dr,stalk purchase,19-Aug-2023
AV00417,Purchase,417,14-Aug-2023,Maa Krishna Fuels,441952.4,Dr,stalk purchase,14-Aug-2023
AV00418,Purchase,418,27-Aug-2023,Khatu Bhairav Biomass Suppliers,529620.0,Dr,stalk purchase,27-Aug-2023
AV00419,Purchase,419,18-Aug-2023,Shree Laxmi Biomass Suppliers,558905.4,Dr,stalk purchase,18-Aug-2023
AV00420,Purchase,420,06-Aug-2023,Shree Laxmi Biomass Suppliers,507986.6,Dr,stalk purchase,06-Aug-2023
AV00421,Purchase,421,12-Aug-2023,Sanwariya Rathore Agro Company,588798.6,Dr,stalk purchase,12-Aug-2023
AV00422,Purchase,422,24-Aug-2023,Nakoda Marudhar Agri Residue Pvt Ltd,434629.0,Dr,stalk purchase,24-Aug-2023
AV00423,Purchase,423,23-Aug-2023,New Banas Biomass Co,472483.2,Dr,stalk purchase,23-Aug-2023
AV00424,Purchase,424,07-Aug-2023,Nakoda Banas Krishi Bhandar,449036.1,Dr,stalk purchase,07-Aug-2023
AV00425,Purchase,425,17-Aug-2023,Jai Rathore Agro Traders,539231.0,Dr,stalk purchase,17-Aug-2023
AV00426,Purchase,426,13-Aug-2023,Jai Sardar Agro Industries,542845.2,Dr,stalk purchase,13-Aug-2023
AV00427,Purchase,427,16-Aug-2023,Sanwariya Rathore Agro Company,14764538.6,Dr,pellets purchase,16-Aug-2023
AV00428,Purchase,428,09-Sep-2023,Nakoda Ramdev Trading Co,613836.1,Dr,husk purchase,09-Sep-2023
AV00429,Purchase,429,02-Sep-2023,Khatu Vijay Biomass Suppliers,639436.0,Dr,husk purchase,02-Sep-2023
AV00430,Purchase,430,03-Sep-2023,Maa Vijay Biomass Co,597554.3,Dr,husk purchase,03-Sep-2023
AV00431,Purchase,431,07-Sep-2023,Shree Vijay Agro Traders,755320.0,Dr,husk purchase,07-Sep-2023
AV00432,Purchase,432,09-Sep-2023,Salasar Mahaveer Fuels,739358.4,Dr,husk purchase,09-Sep-2023
AV00433,Purchase,433,16-Sep-2023,Sanwariya Ganesh Agri Residue Pvt Ltd,643509.0,Dr,husk purchase,16-Sep-2023
AV00434,Purchase,434,24-Sep-2023,Salasar Saurashtra Biomass Suppliers,609373.8,Dr,husk purchase,24-Sep-2023
AV00435,Purchase,435,26-Sep-2023,Shree Ramdev Fuels,595718.4,Dr,husk purchase,26-Sep-2023
AV00436,Purchase,436,21-Sep-2023,Sanwariya Rathore Agro Company,702998.0,Dr,husk purchase,21-Sep-2023
AV00437,Purchase,437,09-Sep-2023,New Rathore Krishi Bhandar,641144.4,Dr,husk purchase,09-Sep-2023
AV00438,Purchase,438,24-Sep-2023,New Rajputana Agro Traders,730200.8,Dr,husk purchase,24-Sep-2023
AV00439,Purchase,439,10-Sep-2023,Sanwariya Vijay Enterprises,740863.2,Dr,husk purchase,10-Sep-2023
AV00440,Purchase,440,13-Sep-2023,Salasar Luni Agro Company,698908.8,Dr,husk purchase,13-Sep-2023
AV00441,Purchase,441,13-Sep-2023,Sanwariya Rathore Agro Company,559061.0,Dr,husk purchase,13-Sep-2023
AV00442,Purchase,442,19-Sep-2023,New Bhairav Krishi Udyog,630251.2,Dr,husk purchase,19-Sep-2023
AV00443,Purchase,443,25-Sep-2023,Sanwariya Suraj Biomass Suppliers,627477.3,Dr,husk purchase,25-Sep-2023
AV00444,Purchase,444,24-Sep-2023,Khatu Thar Agro Company,681300.0,Dr,husk purchase,24-Sep-2023
AV00445,Purchase,445,02-Sep-2023,Om Shyam Biomass Suppliers,681839.4,Dr,husk purchase,02-Sep-2023
AV00446,Purchase,446,25-Sep-2023,Salasar Marudhar Krishi Udyog,695531.2,Dr,husk purchase,25-Sep-2023
AV00447,Purchase,447,22-Sep-2023,Om Shyam Biomass Suppliers,634632.6,Dr,husk purchase,22-Sep-2023
AV00448,Purchase,448,05-Sep-2023,New Rajputana Agro Traders,554709.6,Dr,husk purchase,05-Sep-2023
AV00449,Purchase,449,07-Sep-2023,New Rathore Agro Industries,703615.5,Dr,husk purchase,07-Sep-2023
AV00450,Purchase,450,20-Sep-2023,Salasar Marudhar Krishi Udyog,729365.0,Dr,husk purchase,20-Sep-2023
AV00451,Purchase,451,22-Sep-2023,Salasar Luni Agro Company,692055.4,Dr,husk purchase,22-Sep-2023
AV00452,Purchase,452,14-Sep-2023,Shree Rajputana Trading Co,680976.8,Dr,husk purchase,14-Sep-2023
AV00453,Purchase,453,18-Sep-2023,Sanwariya Rathore Agro Company,673496.8,Dr,husk purchase,18-Sep-2023
AV00454,Purchase,454,25-Sep-2023,Maa Ganesh Biomass Co,584074.5,Dr,husk purchase,25-Sep-2023
AV00455,Purchase,455,06-Sep-2023,New Rajputana Agro Traders,629060.0,Dr,husk purchase,06-Sep-2023
AV00456,Purchase,456,21-Sep-2023,Shree Ramdev Fuels,582168.0,Dr,husk purchase,21-Sep-2023
AV00457,Purchase,457,06-Sep-2023,Sanwariya Govind Agro Industries,633420.4,Dr,husk purchase,06-Sep-2023
AV00458,Purchase,458,16-Sep-2023,Khatu Thar Agro Company,646951.2,Dr,husk purchase,16-Sep-2023
AV00459,Purchase,459,09-Sep-2023,Shree Laxmi Biomass Suppliers,642042.4,Dr,husk purchase,09-Sep-2023
AV00460,Purchase,460,17-Sep-2023,Nakoda Ramdev Trading Co,726529.2,Dr,husk purchase,17-Sep-2023
AV00461,Purchase,461,10-Sep-2023,Khatu Marudhar Enterprises,672785.6,Dr,husk purchase,10-Sep-2023
AV00462,Purchase,462,25-Sep-2023,Nakoda Ramdev Trading Co,707020.0,Dr,husk purchase,25-Sep-2023
AV00463,Purchase,463,09-Sep-2023,Khatu Vijay Biomass Suppliers,640820.4,Dr,husk purchase,09-Sep-2023
AV00464,Purchase,464,02-Sep-2023,Salasar Marudhar Krishi Udyog,648707.0,Dr,husk purchase,02-Sep-2023
AV00465,Purchase,465,14-Sep-2023,Maa Ganesh Biomass Co,682164.1,Dr,husk purchase,14-Sep-2023
AV00466,Purchase,466,02-Sep-2023,Salasar Luni Agro Company,613360.0,Dr,husk purchase,02-Sep-2023
AV00467,Purchase,467,13-Sep-2023,Shree Rajputana Trading Co,700956.4,Dr,husk purchase,13-Sep-2023
AV00468,Purchase,468,06-Sep-2023,Salasar Deepak Agri Residue Pvt Ltd,673371.6,Dr,husk purchase,06-Sep-2023
AV00469,Purchase,469,25-Sep-2023,Shree Luni Trading Co,576962.5,Dr,husk purchase,25-Sep-2023
AV00470,Purchase,470,21-Sep-2023,New Bhairav Krishi Udyog,724650.5,Dr,husk purchase,21-Sep-2023
AV00471,Purchase,471,24-Sep-2023,Shree Laxmi Biomass Suppliers,714206.7,Dr,husk purchase,24-Sep-2023
AV00472,Purchase,472,26-Sep-2023,Maa Vijay Biomass Co,619137.8,Dr,husk purchase,26-Sep-2023
AV00473,Purchase,473,02-Sep-2023,Shree Ramdev Fuels,713377.0,Dr,husk purchase,02-Sep-2023
AV00474,Purchase,474,10-Sep-2023,Sanwariya Rathore Agro Company,751892.8,Dr,husk purchase,10-Sep-2023
AV00475,Purchase,475,14-Sep-2023,New Balaji Krishi Bhandar,678741.2,Dr,husk purchase,14-Sep-2023
AV00476,Purchase,476,20-Sep-2023,Maa Ganesh Biomass Co,686738.4,Dr,husk purchase,20-Sep-2023
AV00477,Purchase,477,08-Sep-2023,Khatu Marudhar Enterprises,576781.4,Dr,husk purchase,08-Sep-2023
AV00478,Purchase,478,02-Sep-2023,Sanwariya Rathore Agro Company,656454.0,Dr,husk purchase,02-Sep-2023
AV00479,Purchase,479,18-Sep-2023,New Rathore Agro Industries,563329.0,Dr,husk purchase,18-Sep-2023
AV00480,Purchase,480,22-Sep-2023,Salasar Mahaveer Krishi Udyog,586615.5,Dr,husk purchase,22-Sep-2023
AV00481,Purchase,481,19-Sep-2023,Shree Ramdev Fuels,637369.6,Dr,husk purchase,19-Sep-2023
AV00482,Purchase,482,27-Sep-2023,Sanwariya Vijay Enterprises,744280.2,Dr,husk purchase,27-Sep-2023
AV00483,Purchase,483,11-Sep-2023,Salasar Marudhar Krishi Udyog,1040286.5,Dr,stalk purchase,11-Sep-2023
AV00484,Purchase,484,05-Sep-2023,Salasar Banas Biomass Co,919333.1,Dr,stalk purchase,05-Sep-2023
AV00485,Purchase,485,06-Sep-2023,Sanwariya Krishna Agri Residue Pvt Ltd,927784.6,Dr,stalk purchase,06-Sep-2023
AV00486,Purchase,486,27-Sep-2023,Jai Sardar Agro Industries,1027839.1,Dr,stalk purchase,27-Sep-2023
AV00487,Purchase,487,10-Sep-2023,Jai Rathore Agro Traders,833635.0,Dr,stalk purchase,10-Sep-2023
AV00488,Purchase,488,10-Sep-2023,Jai Sardar Agro Industries,1047417.9,Dr,stalk purchase,10-Sep-2023
AV00489,Purchase,489,02-Sep-2023,Jai Rathore Agro Traders,916399.3,Dr,stalk purchase,02-Sep-2023
AV00490,Purchase,490,10-Sep-2023,Maa Bhairav Krishi Udyog,929269.2,Dr,stalk purchase,10-Sep-2023
AV00491,Purchase,491,21-Sep-2023,Nakoda Banas Krishi Bhandar,838621.6,Dr,stalk purchase,21-Sep-2023
AV00492,Purchase,492,27-Sep-2023,Salasar Banas Biomass Co,1021850.0,Dr,stalk purchase,27-Sep-2023
AV00493,Purchase,493,17-Sep-2023,Khatu Bhairav Biomass Suppliers,823364.5,Dr,stalk purchase,17-Sep-2023
AV00494,Purchase,494,27-Sep-2023,Salasar Marudhar Krishi Udyog,847094.4,Dr,stalk purchase,27-Sep-2023
AV00495,Purchase,495,04-Sep-2023,Khatu Rathore Biomass Co,901238.4,Dr,stalk purchase,04-Sep-2023
AV00496,Purchase,496,07-Sep-2023,Salasar Banas Biomass Co,920544.0,Dr,stalk purchase,07-Sep-2023
AV00497,Purchase,497,19-Sep-2023,Jai Sardar Agro Industries,972511.1,Dr,stalk purchase,19-Sep-2023
AV00498,Purchase,498,23-Sep-2023,Khatu Rathore Biomass Co,1151836.2,Dr,stalk purchase,23-Sep-2023
AV00499,Purchase,499,16-Sep-2023,Maa Bhairav Krishi Udyog,1199289.0,Dr,stalk purchase,16-Sep-2023
AV00500,Purchase,500,05-Sep-2023,Maa Shyam Biomass Suppliers,7784064.0,Dr,pellets purchase,05-Sep-2023
AV00501,Purchase,501,26-Sep-2023,Sanwariya Rathore Agro Company,7575989.6,Dr,pellets purchase,26-Sep-2023
AV00502,Purchase,502,05-Oct-2023,Salasar Krishna Biomass Suppliers,515486.4,Dr,husk purchase,05-Oct-2023
AV00503,Purchase,503,22-Oct-2023,Salasar Deepak Agri Residue Pvt Ltd,416419.2,Dr,husk purchase,12-Nov-2023
AV00504,Purchase,504,05-Oct-2023,Om Shyam Biomass Suppliers,534300.2,Dr,husk purchase,05-Oct-2023
AV00505,Purchase,505,08-Oct-2023,Shree Rajputana Trading Co,397697.3,Dr,husk purchase,08-Oct-2023
AV00506,Purchase,506,11-Oct-2023,Shree Ramdev Fuels,395059.5,Dr,husk purchase,11-Oct-2023
AV00507,Purchase,507,13-Oct-2023,Salasar Saurashtra Biomass Suppliers,413089.1,Dr,husk purchase,13-Oct-2023
AV00508,Purchase,508,02-Oct-2023,Salasar Luni Agro Company,475960.8,Dr,husk purchase,02-Oct-2023
AV00509,Purchase,509,17-Oct-2023,Khatu Thar Agro Company,422315.4,Dr,husk purchase,17-Oct-2023
AV00510,Purchase,510,15-Oct-2023,Sanwariya Rathore Agro Company,433724.4,Dr,husk purchase,15-Oct-2023
AV00511,Purchase,511,24-Oct-2023,Sanwariya Govind Agro Industries,439990.6,Dr,husk purchase,24-Oct-2023
AV00512,Purchase,512,17-Oct-2023,New Bhagwati Krishi Bhandar,526190.7,Dr,husk purchase,17-Oct-2023
AV00513,Purchase,513,16-Oct-2023,Salasar Mahaveer Fuels,457912.0,Dr,husk purchase,16-Oct-2023
AV00514,Purchase,514,21-Oct-2023,Shree Ramdev Fuels,476158.4,Dr,husk purchase,21-Oct-2023
AV00515,Purchase,515,07-Oct-2023,Maa Ganesh Biomass Co,482559.0,Dr,husk purchase,07-Oct-2023
AV00516,Purchase,516,05-Oct-2023,Shree Laxmi Biomass Suppliers,452353.0,Dr,husk purchase,05-Oct-2023
AV00517,Purchase,517,03-Oct-2023,Shri Bhagwati Trading Co,400270.8,Dr,husk purchase,03-Oct-2023
AV00518,Purchase,518,05-Oct-2023,Sanwariya Vijay Enterprises,462991.5,Dr,husk purchase,05-Oct-2023
AV00519,Purchase,519,09-Oct-2023,Sanwariya Vijay Enterprises,451584.0,Dr,husk purchase,09-Oct-2023
AV00520,Purchase,520,24-Oct-2023,Khatu Thar Agro Company,504570.6,Dr,husk purchase,24-Oct-2023
AV00521,Purchase,521,06-Oct-2023,Salasar Marudhar Krishi Udyog,480302.7,Dr,husk purchase,06-Oct-2023
AV00522,Purchase,522,14-Oct-2023,Khatu Shyam Enterprises,522860.5,Dr,husk purchase,14-Oct-2023
AV00523,Purchase,523,13-Oct-2023,Maa Ganesh Biomass Co,465552.6,Dr,husk purchase,13-Oct-2023
AV00524,Purchase,524,27-Oct-2023,Maa Ganesh Biomass Co,437769.0,Dr,husk purchase,27-Oct-2023
AV00525,Purchase,525,15-Oct-2023,Maa Balaji Trading Co,436892.0,Dr,husk purchase,15-Oct-2023
AV00526,Purchase,526,03-Oct-2023,Maa Balaji Trading Co,407931.4,Dr,husk purchase,03-Oct-2023
AV00527,Purchase,527,12-Oct-2023,Shree Vijay Agro Traders,534948.5,Dr,husk purchase,12-Oct-2023
AV00528,Purchase,528,16-Oct-2023,Sanwariya Govind Agro Industries,446846.4,Dr,husk purchase,16-Oct-2023
AV00529,Purchase,529,07-Oct-2023,Shri Bhagwati Trading Co,460373.1,Dr,husk purchase,07-Oct-2023
AV00530,Purchase,530,10-Oct-2023,Khatu Vijay Biomass Suppliers,482911.2,Dr,husk purchase,10-Oct-2023
AV00531,Purchase,531,24-Oct-2023,Salasar Krishna Biomass Suppliers,489732.6,Dr,husk purchase,24-Oct-2023
AV00532,Purchase,532,16-Oct-2023,Sanwariya Vijay Enterprises,408873.8,Dr,husk purchase,16-Oct-2023
AV00533,Purchase,533,22-Oct-2023,Shree Laxmi Biomass Suppliers,446563.5,Dr,husk purchase,12-Nov-2023
AV00534,Purchase,534,12-Oct-2023,Shri Bhagwati Trading Co,502155.2,Dr,husk purchase,12-Oct-2023
AV00535,Purchase,535,10-Oct-2023,Salasar Deepak Agri Residue Pvt Ltd,471630.4,Dr,husk purchase,10-Oct-2023
AV00536,Purchase,536,19-Oct-2023,Khatu Marudhar Enterprises,411357.6,Dr,husk purchase,19-Oct-2023
AV00537,Purchase,537,11-Oct-2023,Maa Ganesh Biomass Co,473186.0,Dr,husk purchase,11-Oct-2023
AV00538,Purchase,538,17-Oct-2023,Maa Balaji Trading Co,440966.5,Dr,husk purchase,17-Oct-2023
AV00539,Purchase,539,05-Oct-2023,New Rathore Agro Industries,396270.0,Dr,husk purchase,05-Oct-2023
AV00540,Purchase,540,22-Oct-2023,Maa Balaji Krishi Bhandar,466271.0,Dr,husk purchase,22-Oct-2023
AV00541,Purchase,541,16-Oct-2023,Khatu Jagdamba Agro Industries,393360.0,Dr,husk purchase,16-Oct-2023
AV00542,Purchase,542,05-Oct-2023,Maa Ganesh Biomass Co,472864.0,Dr,husk purchase,05-Oct-2023
AV00543,Purchase,543,26-Oct-2023,Om Shyam Biomass Suppliers,409398.5,Dr,husk purchase,26-Oct-2023
AV00544,Purchase,544,18-Oct-2023,Shree Ramdev Fuels,468265.6,Dr,husk purchase,18-Oct-2023
AV00545,Purchase,545,16-Oct-2023,Maa Balaji Krishi Bhandar,493251.2,Dr,husk purchase,16-Oct-2023
AV00546,Purchase,546,22-Oct-2023,New Rajputana Agro Traders,394627.2,Dr,husk purchase,22-Oct-2023
AV00547,Purchase,547,14-Oct-2023,Salasar Krishna Biomass Suppliers,413181.2,Dr,husk purchase,14-Oct-2023
AV00548,Purchase,548,17-Oct-2023,Salasar Mahaveer Krishi Udyog,430953.6,Dr,husk purchase,17-Oct-2023
AV00549,Purchase,549,03-Oct-2023,Maa Ganesh Biomass Co,425520.2,Dr,husk purchase,03-Oct-2023
AV00550,Purchase,550,06-Oct-2023,New Rathore Krishi Bhandar,540181.8,Dr,husk purchase,06-Oct-2023
AV00551,Purchase,551,04-Oct-2023,New Bhairav Krishi Udyog,454231.6,Dr,husk purchase,04-Oct-2023
AV00552,Purchase,552,17-Oct-2023,Salasar Luni Agro Company,409671.1,Dr,husk purchase,17-Oct-2023
AV00553,Purchase,553,23-Oct-2023,Salasar Mahaveer Krishi Udyog,446705.2,Dr,husk purchase,23-Oct-2023
AV00554,Purchase,554,16-Oct-2023,New Rathore Krishi Bhandar,451044.6,Dr,husk purchase,16-Oct-2023
AV00555,Purchase,555,24-Oct-2023,Shree Rajputana Trading Co,488319.2,Dr,husk purchase,24-Oct-2023
AV00556,Purchase,556,22-Oct-2023,Salasar Mahaveer Fuels,507739.2,Dr,husk purchase,22-Oct-2023
AV00557,Purchase,557,19-Oct-2023,Salasar Mahaveer Krishi Udyog,434975.4,Dr,husk purchase,19-Oct-2023
AV00558,Purchase,558,17-Oct-2023,Shree Laxmi Biomass Suppliers,467161.2,Dr,husk purchase,17-Oct-2023
AV00559,Purchase,559,18-Oct-2023,Maa Balaji Krishi Bhandar,517734.8,Dr,husk purchase,18-Oct-2023
AV00560,Purchase,560,08-Oct-2023,Sanwariya Vijay Enterprises,532584.0,Dr,husk purchase,08-Oct-2023
AV00561,Purchase,561,03-Oct-2023,Shree Laxmi Biomass Suppliers,466200.0,Dr,husk purchase,03-Oct-2023
AV00562,Purchase,562,02-Oct-2023,Nakoda Ramdev Trading Co,526472.8,Dr,husk purchase,02-Oct-2023
AV00563,Purchase,563,20-Oct-2023,Salasar Marudhar Krishi Udyog,488629.0,Dr,husk purchase,20-Oct-2023
AV00564,Purchase,564,10-Oct-2023,New Rathore Krishi Bhandar,544511.2,Dr,husk purchase,10-Oct-2023
AV00565,Purchase,565,09-Oct-2023,Sanwariya Vijay Enterprises,484436.4,Dr,husk purchase,09-Oct-2023
AV00566,Purchase,566,13-Oct-2023,New Rajputana Agro Traders,529376.0,Dr,husk purchase,13-Oct-2023
AV00567,Purchase,567,11-Oct-2023,Om Shyam Biomass Suppliers,510822.0,Dr,husk purchase,11-Oct-2023
AV00568,Purchase,568,11-Oct-2023,Salasar Krishna Biomass Suppliers,406054.8,Dr,husk purchase,11-Oct-2023
AV00569,Purchase,569,21-Oct-2023,Salasar Marudhar Krishi Udyog,515105.1,Dr,husk purchase,21-Oct-2023
AV00570,Purchase,570,25-Oct-2023,Shree Ramdev Fuels,425591.7,Dr,husk purchase,25-Oct-2023
AV00571,Purchase,571,07-Oct-2023,Khatu Shyam Enterprises,540309.0,Dr,husk purchase,07-Oct-2023
AV00572,Purchase,572,26-Oct-2023,Salasar Deepak Agri Residue Pvt Ltd,432666.0,Dr,husk purchase,26-Oct-2023
AV00573,Purchase,573,11-Oct-2023,Om Shyam Biomass Suppliers,465068.0,Dr,husk purchase,11-Oct-2023
AV00574,Purchase,574,24-Oct-2023,Sanwariya Ganesh Agri Residue Pvt Ltd,397800.0,Dr,husk purchase,24-Oct-2023
AV00575,Purchase,575,24-Oct-2023,Shri Bhagwati Trading Co,469486.4,Dr,husk purchase,24-Oct-2023
AV00576,Purchase,576,19-Oct-2023,New Bhagwati Krishi Bhandar,434064.9,Dr,husk purchase,19-Oct-2023
AV00577,Purchase,577,16-Oct-2023,Nakoda Ramdev Trading Co,509600.0,Dr,husk purchase,16-Oct-2023
AV00578,Purchase,578,23-Oct-2023,Sanwariya Ganesh Agri Residue Pvt Ltd,493107.7,Dr,husk purchase,23-Oct-2023
AV00579,Purchase,579,07-Oct-2023,Shree Ramdev Fuels,487410.0,Dr,husk purchase,07-Oct-2023
AV00580,Purchase,580,03-Oct-2023,Shri Bhagwati Trading Co,416028.8,Dr,husk purchase,03-Oct-2023
AV00581,Purchase,581,25-Oct-2023,Shree Laxmi Biomass Suppliers,449024.4,Dr,husk purchase,25-Oct-2023
AV00582,Purchase,582,24-Oct-2023,Maa Ganesh Biomass Co,397550.2,Dr,husk purchase,24-Oct-2023
AV00583,Purchase,583,13-Oct-2023,Salasar Krishna Biomass Suppliers,478026.5,Dr,husk purchase,13-Oct-2023
AV00584,Purchase,584,25-Oct-2023,Shree Vijay Agro Traders,428088.6,Dr,husk purchase,25-Oct-2023
AV00585,Purchase,585,10-Oct-2023,New Balaji Krishi Bhandar,530751.6,Dr,husk purchase,10-Oct-2023
AV00586,Purchase,586,19-Oct-2023,Salasar Saurashtra Biomass Suppliers,424116.8,Dr,husk purchase,19-Oct-2023
AV00587,Purchase,587,17-Oct-2023,Shree Laxmi Biomass Suppliers,417631.5,Dr,husk purchase,17-Oct-2023
AV00588,Purchase,588,03-Oct-2023,Salasar Marudhar Krishi Udyog,516414.6,Dr,husk purchase,03-Oct-2023
AV00589,Purchase,589,26-Oct-2023,Salasar Krishna Biomass Suppliers,506250.0,Dr,husk purchase,26-Oct-2023
AV00590,Purchase,590,02-Oct-2023,Nakoda Ramdev Trading Co,449974.6,Dr,husk purchase,02-Oct-2023
AV00591,Purchase,591,24-Oct-2023,Khatu Thar Agro Company,393536.0,Dr,husk purchase,24-Oct-2023
AV00592,Purchase,592,22-Oct-2023,Sanwariya Vijay Enterprises,979756.5,Dr,stalk purchase,22-Oct-2023
AV00593,Purchase,593,16-Oct-2023,Jai Sardar Agro Industries,781606.8,Dr,stalk purchase,16-Oct-2023
AV00594,Purchase,594,05-Oct-2023,Khatu Rathore Biomass Co,875781.0,Dr,stalk purchase,05-Oct-2023
AV00595,Purchase,595,02-Oct-2023,Jai Sardar Agro Industries,870698.2,Dr,stalk purchase,02-Oct-2023
AV00596,Purchase,596,12-Oct-2023,Nakoda Banas Krishi Bhandar,859440.4,Dr,stalk purchase,12-Oct-2023
AV00597,Purchase,597,23-Oct-2023,Jai Thar Fuels,817577.6,Dr,stalk purchase,23-Oct-2023
AV00598,Purchase,598,15-Oct-2023,Jai Thar Fuels,1007448.4,Dr,stalk purchase,15-Oct-2023
AV00599,Purchase,599,04-Oct-2023,Jai Rathore Krishi Bhandar,771028.3,Dr,stalk purchase,04-Oct-2023
AV00600,Purchase,600,21-Oct-2023,Sanwariya Ganesh Agri Residue Pvt Ltd,842786.8,Dr,stalk purchase,21-Oct-2023
AV00601,Purchase,601,16-Oct-2023,Sanwariya Govind Agro Industries,897956.4,Dr,stalk purchase,16-Oct-2023
AV00602,Purchase,602,20-Oct-2023,Nakoda Marudhar Agri Residue Pvt Ltd,809593.8,Dr,stalk purchase,20-Oct-2023
AV00603,Purchase,603,15-Oct-2023,Maa Krishna Fuels,976011.9,Dr,stalk purchase,15-Oct-2023
AV00604,Purchase,604,27-Oct-2023,Maa Bhairav Krishi Udyog,885784.0,Dr,stalk purchase,27-Oct-2023
AV00605,Purchase,605,25-Oct-2023,Khatu Rathore Biomass Co,936789.6,Dr,stalk purchase,25-Oct-2023
AV00606,Purchase,606,08-Oct-2023,Khatu Shyam Enterprises,914117.4,Dr,stalk purchase,08-Oct-2023
AV00607,Purchase,607,08-Oct-2023,Sanwariya Krishna Agri Residue Pvt Ltd,880178.4,Dr,stalk purchase,08-Oct-2023
AV00608,Purchase,608,16-Oct-2023,Shri Bhagwati Trading Co,886306.2,Dr,stalk purchase,16-Oct-2023
AV00609,Purchase,609,27-Oct-2023,Maa Kathiawad Agri Residue Pvt Ltd,848210.4,Dr,stalk purchase,27-Oct-2023
AV00610,Purchase,610,12-Oct-2023,Nakoda Banas Krishi Bhandar,776189.9,Dr,stalk purchase,12-Oct-2023
AV00611,Purchase,611,22-Oct-2023,Shree Laxmi Biomass Suppliers,939857.1,Dr,stalk purchase,22-Oct-2023
AV00612,Purchase,612,25-Oct-2023,Sanwariya Rathore Agro Company,982056.9,Dr,stalk purchase,25-Oct-2023
AV00613,Purchase,613,10-Nov-2023,Salasar Deepak Agri Residue Pvt Ltd,745614.0,Dr,husk purchase,10-Nov-2023
AV00614,Purchase,614,12-Nov-2023,Salasar Saurashtra Biomass Suppliers,710941.6,Dr,husk purchase,12-Nov-2023
AV00615,Purchase,615,24-Nov-2023,Shree Laxmi Biomass Suppliers,693486.6,Dr,husk purchase,24-Nov-2023
AV00616,Purchase,616,26-Nov-2023,Salasar Luni Agro Company,643658.4,Dr,husk purchase,26-Nov-2023
AV00617,Purchase,617,17-Nov-2023,Shree Ramdev Fuels,752808.4,Dr,husk purchase,17-Nov-2023
AV00618,Purchase,618,27-Nov-2023,Salasar Luni Agro Company,680184.0,Dr,husk purchase,27-Nov-2023
AV00619,Purchase,619,09-Nov-2023,New Rathore Krishi Bhandar,617104.8,Dr,husk purchase,09-Nov-2023
AV00620,Purchase,620,07-Nov-2023,New Rathore Agro Industries,771201.6,Dr,husk purchase,07-Nov-2023
AV00621,Purchase,621,02-Nov-2023,Maa Balaji Trading Co,601419.4,Dr,husk purchase,02-Nov-2023
AV00622,Purchase,622,17-Nov-2023,Om Shyam Biomass Suppliers,598230.5,Dr,husk purchase,17-Nov-2023
AV00623,Purchase,623,19-Nov-2023,New Rathore Agro Industries,740268.3,Dr,husk purchase,19-Nov-2023
AV00624,Purchase,624,19-Nov-2023,Salasar Krishna Biomass Suppliers,626188.5,Dr,husk purchase,19-Nov-2023
AV00625,Purchase,625,16-Nov-2023,New Rathore Krishi Bhandar,715316.8,Dr,husk purchase,16-Nov-2023
AV00626,Purchase,626,17-Nov-2023,Shree Rajputana Trading Co,604618.4,Dr,husk purchase,17-Nov-2023
AV00627,Purchase,627,15-Nov-2023,Shree Rajputana Trading Co,642713.4,Dr,husk purchase,15-Nov-2023
AV00628,Purchase,628,11-Nov-2023,Khatu Vijay Biomass Suppliers,763372.8,Dr,husk purchase,11-Nov-2023
AV00629,Purchase,629,21-Nov-2023,New Bhairav Krishi Udyog,651862.2,Dr,husk purchase,21-Nov-2023
AV00630,Purchase,630,20-Nov-2023,Om Shyam Biomass Suppliers,725961.6,Dr,husk purchase,20-Nov-2023
AV00631,Purchase,631,24-Nov-2023,New Rajputana Agro Traders,726422.8,Dr,husk purchase,24-Nov-2023
AV00632,Purchase,632,13-Nov-2023,Khatu Jagdamba Agro Industries,592176.0,Dr,husk purchase,13-Nov-2023
AV00633,Purchase,633,23-Nov-2023,Shree Rajputana Trading Co,628117.6,Dr,husk purchase,23-Nov-2023
AV00634,Purchase,634,23-Nov-2023,Khatu Marudhar Enterprises,746853.2,Dr,husk purchase,23-Nov-2023
AV00635,Purchase,635,09-Nov-2023,New Rajputana Agro Traders,607111.2,Dr,husk purchase,09-Nov-2023
AV00636,Purchase,636,08-Nov-2023,Nakoda Ramdev Trading Co,578637.4,Dr,husk purchase,08-Nov-2023
AV00637,Purchase,637,24-Nov-2023,Salasar Marudhar Krishi Udyog,656332.0,Dr,husk purchase,24-Nov-2023
AV00638,Purchase,638,23-Nov-2023,Khatu Vijay Biomass Suppliers,652852.2,Dr,husk purchase,23-Nov-2023
AV00639,Purchase,639,07-Nov-2023,Sanwariya Suraj Biomass Suppliers,668591.0,Dr,husk purchase,07-Nov-2023
AV00640,Purchase,640,09-Nov-2023,Shri Bhagwati Trading Co,728580.2,Dr,husk purchase,09-Nov-2023
AV00641,Purchase,641,16-Nov-2023,Khatu Jagdamba Agro Industries,631764.0,Dr,husk purchase,16-Nov-2023
AV00642,Purchase,642,21-Nov-2023,Shree Ramdev Fuels,631646.6,Dr,husk purchase,21-Nov-2023
AV00643,Purchase,643,22-Nov-2023,New Balaji Krishi Bhandar,740194.0,Dr,husk purchase,22-Nov-2023
AV00644,Purchase,644,15-Nov-2023,Maa Balaji Krishi Bhandar,647808.8,Dr,husk purchase,15-Nov-2023
AV00645,Purchase,645,03-Nov-2023,Shree Rajputana Trading Co,751923.2,Dr,husk purchase,03-Nov-2023
AV00646,Purchase,646,19-Nov-2023,Sanwariya Vijay Enterprises,624956.8,Dr,husk purchase,19-Nov-2023
AV00647,Purchase,647,20-Nov-2023,Sanwariya Vijay Enterprises,755190.2,Dr,husk purchase,20-Nov-2023
AV00648,Purchase,648,06-Nov-2023,Salasar Mahaveer Krishi Udyog,620352.0,Dr,husk purchase,06-Nov-2023
AV00649,Purchase,649,17-Nov-2023,Khatu Marudhar Enterprises,715255.2,Dr,husk purchase,17-Nov-2023
AV00650,Purchase,650,11-Nov-2023,Shree Rajputana Trading Co,762647.6,Dr,husk purchase,11-Nov-2023
AV00651,Purchase,651,19-Nov-2023,Salasar Mahaveer Fuels,702324.7,Dr,husk purchase,19-Nov-2023
AV00652,Purchase,652,07-Nov-2023,Shree Vijay Agro Traders,649166.0,Dr,husk purchase,07-Nov-2023
AV00653,Purchase,653,20-Nov-2023,Khatu Jagdamba Agro Industries,613060.0,Dr,husk purchase,20-Nov-2023
AV00654,Purchase,654,05-Nov-2023,Sanwariya Govind Agro Industries,762662.5,Dr,husk purchase,05-Nov-2023
AV00655,Purchase,655,15-Nov-2023,Sanwariya Govind Agro Industries,635529.0,Dr,husk purchase,15-Nov-2023
AV00656,Purchase,656,19-Nov-2023,Salasar Marudhar Krishi Udyog,685319.4,Dr,husk purchase,19-Nov-2023
AV00657,Purchase,657,11-Nov-2023,Khatu Marudhar Enterprises,737728.8,Dr,husk purchase,11-Nov-2023
AV00658,Purchase,658,10-Nov-2023,Maa Vijay Biomass Co,804776.7,Dr,husk purchase,10-Nov-2023
AV00659,Purchase,659,11-Nov-2023,Nakoda Ramdev Trading Co,579040.0,Dr,husk purchase,11-Nov-2023
AV00660,Purchase,660,15-Nov-2023,Maa Vijay Biomass Co,605124.0,Dr,husk purchase,15-Nov-2023
AV00661,Purchase,661,02-Nov-2023,Salasar Mahaveer Fuels,745564.8,Dr,husk purchase,02-Nov-2023
AV00662,Purchase,662,20-Nov-2023,Sanwariya Rathore Agro Company,578200.0,Dr,husk purchase,20-Nov-2023
AV00663,Purchase,663,22-Nov-2023,New Balaji Krishi Bhandar,766384.2,Dr,husk purchase,22-Nov-2023
AV00664,Purchase,664,15-Nov-2023,Khatu Marudhar Enterprises,624486.0,Dr,husk purchase,15-Nov-2023
AV00665,Purchase,665,07-Nov-2023,Om Shyam Biomass Suppliers,636695.8,Dr,husk purchase,07-Nov-2023
AV00666,Purchase,666,03-Nov-2023,Salasar Mahaveer Krishi Udyog,791297.2,Dr,husk purchase,03-Nov-2023
AV00667,Purchase,667,03-Nov-2023,Sanwariya Suraj Biomass Suppliers,634064.2,Dr,husk purchase,03-Nov-2023
AV00668,Purchase,668,03-Nov-2023,Shree Luni Trading Co,820340.4,Dr,husk purchase,03-Nov-2023
AV00669,Purchase,669,27-Nov-2023,Sanwariya Govind Agro Industries,508343.5,Dr,stalk purchase,27-Nov-2023
AV00670,Purchase,670,17-Nov-2023,Nakoda Marudhar Agri Residue Pvt Ltd,569494.8,Dr,stalk purchase,17-Nov-2023
AV00671,Purchase,671,21-Nov-2023,Sanwariya Krishna Agri Residue Pvt Ltd,517974.4,Dr,stalk purchase,21-Nov-2023
AV00672,Purchase,672,26-Nov-2023,Nakoda Marudhar Agri Residue Pvt Ltd,474119.1,Dr,stalk purchase,26-Nov-2023
AV00673,Purchase,673,13-Nov-2023,Shri Bhagwati Trading Co,446913.7,Dr,stalk purchase,13-Nov-2023
AV00674,Purchase,674,16-Nov-2023,Maa Kathiawad Agri Residue Pvt Ltd,435185.6,Dr,stalk purchase,16-Nov-2023
AV00675,Purchase,675,03-Nov-2023,Khatu Rathore Biomass Co,427212.8,Dr,stalk purchase,03-Nov-2023
AV00676,Purchase,676,06-Nov-2023,Khatu Rajputana Enterprises,567345.6,Dr,stalk purchase,06-Nov-2023
AV00677,Purchase,677,03-Nov-2023,Jai Rathore Krishi Bhandar,471487.5,Dr,stalk purchase,03-Nov-2023
AV00678,Purchase,678,03-Nov-2023,Salasar Banas Biomass Co,555427.2,Dr,stalk purchase,03-Nov-2023
AV00679,Purchase,679,09-Nov-2023,Maa Krishna Fuels,458582.1,Dr,stalk purchase,09-Nov-2023
AV00680,Purchase,680,06-Nov-2023,Sanwariya Ganesh Agri Residue Pvt Ltd,514436.4,Dr,stalk purchase,06-Nov-2023
AV00681,Purchase,681,14-Nov-2023,New Banas Biomass Co,409303.2,Dr,stalk purchase,14-Nov-2023
AV00682,Purchase,682,10-Nov-2023,Jai Rathore Agro Traders,430501.5,Dr,stalk purchase,10-Nov-2023
AV00683,Purchase,683,02-Nov-2023,Jai Thar Fuels,535538.1,Dr,stalk purchase,02-Nov-2023
AV00684,Purchase,684,22-Nov-2023,Maa Bhairav Krishi Udyog,466284.6,Dr,stalk purchase,22-Nov-2023
AV00685,Purchase,685,13-Nov-2023,Nakoda Banas Krishi Bhandar,414849.6,Dr,stalk purchase,13-Nov-2023
AV00686,Purchase,686,13-Nov-2023,Khatu Rajputana Enterprises,557414.4,Dr,stalk purchase,13-Nov-2023
AV00687,Purchase,687,26-Nov-2023,Sanwariya Krishna Agri Residue Pvt Ltd,447024.4,Dr,stalk purchase,26-Nov-2023
AV00688,Purchase,688,21-Nov-2023,Sanwariya Rathore Agro Company,458150.0,Dr,stalk purchase,21-Nov-2023
AV00689,Purchase,689,25-Nov-2023,Jai Rathore Agro Traders,546539.7,Dr,stalk purchase,25-Nov-2023
AV00690,Purchase,690,19-Nov-2023,Maa Kathiawad Agri Residue Pvt Ltd,488508.9,Dr,stalk purchase,19-Nov-2023
AV00691,Purchase,691,04-Nov-2023,Salasar Marudhar Krishi Udyog,485654.4,Dr,stalk purchase,04-Nov-2023
AV00692,Purchase,692,18-Nov-2023,Nakoda Banas Krishi Bhandar,513733.6,Dr,stalk purchase,18-Nov-2023
AV00693,Purchase,693,11-Nov-2023,Sanwariya Rathore Agro Company,445698.5,Dr,stalk purchase,11-Nov-2023
AV00694,Purchase,694,15-Nov-2023,Khatu Rajputana Enterprises,436848.0,Dr,stalk purchase,15-Nov-2023
AV00695,Purchase,695,05-Nov-2023,Sanwariya Krishna Agri Residue Pvt Ltd,560879.7,Dr,stalk purchase,05-Nov-2023
AV00696,Purchase,696,06-Nov-2023,Maa Kathiawad Agri Residue Pvt Ltd,457687.5,Dr,stalk purchase,06-Nov-2023
AV00697,Purchase,697,23-Nov-2023,Shri Bhagwati Trading Co,572062.7,Dr,stalk purchase,23-Nov-2023
AV00698,Purchase,698,27-Nov-2023,New Banas Biomass Co,476336.7,Dr,stalk purchase,27-Nov-2023
AV00699,Purchase,699,22-Nov-2023,Nakoda Marudhar Agri Residue Pvt Ltd,436599.0,Dr,stalk purchase,22-Nov-2023
AV00700,Purchase,700,25-Nov-2023,Khatu Shyam Enterprises,515246.0,Dr,stalk purchase,25-Nov-2023
AV00701,Purchase,701,17-Nov-2023,Sanwariya Govind Agro Industries,416640.0,Dr,stalk purchase,17-Nov-2023
AV00702,Purchase,702,24-Nov-2023,Jai Thar Fuels,521999.8,Dr,stalk purchase,24-Nov-2023
AV00703,Purchase,703,23-Nov-2023,Nakoda Marudhar Agri Residue Pvt Ltd,526710.8,Dr,stalk purchase,23-Nov-2023
AV00704,Purchase,704,05-Dec-2023,Maa Balaji Krishi Bhandar,609318.4,Dr,husk purchase,05-Dec-2023
AV00705,Purchase,705,07-Dec-2023,Salasar Mahaveer Krishi Udyog,596204.4,Dr,husk purchase,07-Dec-2023
AV00706,Purchase,706,10-Dec-2023,Shree Rajputana Trading Co,654040.8,Dr,husk purchase,10-Dec-2023
AV00707,Purchase,707,16-Dec-2023,New Balaji Krishi Bhandar,626446.0,Dr,husk purchase,16-Dec-2023
AV00708,Purchase,708,19-Dec-2023,Salasar Mahaveer Fuels,510942.0,Dr,husk purchase,19-Dec-2023
AV00709,Purchase,709,23-Dec-2023,New Bhagwati Krishi Bhandar,602495.6,Dr,husk purchase,23-Dec-2023
AV00710,Purchase,710,07-Dec-2023,Shri Bhagwati Trading Co,651038.4,Dr,husk purchase,07-Dec-2023
AV00711,Purchase,711,17-Dec-2023,Shree Luni Trading Co,690184.0,Dr,husk purchase,17-Dec-2023
AV00712,Purchase,712,25-Dec-2023,Om Shyam Biomass Suppliers,643165.0,Dr,husk purchase,25-Dec-2023
AV00713,Purchase,713,15-Dec-2023,Shree Ramdev Fuels,601398.8,Dr,husk purchase,15-Dec-2023
AV00714,Purchase,714,08-Dec-2023,Maa Ganesh Biomass Co,627234.3,Dr,husk purchase,08-Dec-2023
AV00715,Purchase,715,07-Dec-2023,Salasar Deepak Agri Residue Pvt Ltd,623322.3,Dr,husk purchase,07-Dec-2023
AV00716,Purchase,716,21-Dec-2023,New Bhagwati Krishi Bhandar,574573.6,Dr,husk purchase,21-Dec-2023
AV00717,Purchase,717,02-Dec-2023,Shree Vijay Agro Traders,704494.5,Dr,husk purchase,02-Dec-2023
AV00718,Purchase,718,16-Dec-2023,New Rathore Krishi Bhandar,574759.8,Dr,husk purchase,16-Dec-2023
AV00719,Purchase,719,25-Dec-2023,Khatu Marudhar Enterprises,557306.1,Dr,husk purchase,25-Dec-2023
AV00720,Purchase,720,15-Dec-2023,Salasar Krishna Biomass Suppliers,612187.2,Dr,husk purchase,15-Dec-2023
AV00721,Purchase,721,07-Dec-2023,Sanwariya Vijay Enterprises,688965.6,Dr,husk purchase,07-Dec-2023
AV00722,Purchase,722,10-Dec-2023,New Balaji Krishi Bhandar,706047.6,Dr,husk purchase,10-Dec-2023
AV00723,Purchase,723,07-Dec-2023,Sanwariya Govind Agro Industries,700245.0,Dr,husk purchase,07-Dec-2023
AV00724,Purchase,724,05-Dec-2023,Maa Balaji Trading Co,621330.0,Dr,husk purchase,05-Dec-2023
AV00725,Purchase,725,21-Dec-2023,Maa Balaji Trading Co,535691.5,Dr,husk purchase,21-Dec-2023
AV00726,Purchase,726,18-Dec-2023,Salasar Deepak Agri Residue Pvt Ltd,621136.2,Dr,husk purchase,18-Dec-2023
AV00727,Purchase,727,25-Dec-2023,New Rathore Krishi Bhandar,515467.8,Dr,husk purchase,25-Dec-2023
AV00728,Purchase,728,17-Dec-2023,Shree Luni Trading Co,564140.0,Dr,husk purchase,17-Dec-2023
AV00729,Purchase,729,26-Dec-2023,Om Shyam Biomass Suppliers,549230.4,Dr,husk purchase,26-Dec-2023
AV00730,Purchase,730,05-Dec-2023,Salasar Mahaveer Fuels,579965.4,Dr,husk purchase,05-Dec-2023
AV00731,Purchase,731,10-Dec-2023,New Rathore Agro Industries,567296.8,Dr,husk purchase,10-Dec-2023
AV00732,Purchase,732,04-Dec-2023,New Rathore Agro Industries,690094.2,Dr,husk purchase,04-Dec-2023
AV00733,Purchase,733,02-Dec-2023,Khatu Vijay Biomass Suppliers,624397.2,Dr,husk purchase,02-Dec-2023
AV00734,Purchase,734,07-Dec-2023,Salasar Saurashtra Biomass Suppliers,564786.4,Dr,husk purchase,07-Dec-2023
AV00735,Purchase,735,11-Dec-2023,Sanwariya Govind Agro Industries,535055.4,Dr,husk purchase,11-Dec-2023
AV00736,Purchase,736,12-Dec-2023,New Bhairav Krishi Udyog,574912.4,Dr,husk purchase,12-Dec-2023
AV00737,Purchase,737,13-Dec-2023,Khatu Vijay Biomass Suppliers,560388.0,Dr,husk purchase,13-Dec-2023
AV00738,Purchase,738,25-Dec-2023,Maa Balaji Trading Co,600099.9,Dr,husk purchase,25-Dec-2023
AV00739,Purchase,739,26-Dec-2023,Salasar Marudhar Krishi Udyog,633943.1,Dr,husk purchase,26-Dec-2023
AV00740,Purchase,740,13-Dec-2023,Om Shyam Biomass Suppliers,640487.4,Dr,husk purchase,13-Dec-2023
AV00741,Purchase,741,07-Dec-2023,Om Shyam Biomass Suppliers,521015.6,Dr,husk purchase,07-Dec-2023
AV00742,Purchase,742,21-Dec-2023,New Balaji Krishi Bhandar,721699.8,Dr,husk purchase,21-Dec-2023
AV00743,Purchase,743,27-Dec-2023,Salasar Mahaveer Krishi Udyog,587559.0,Dr,husk purchase,27-Dec-2023
AV00744,Purchase,744,14-Dec-2023,Khatu Jagdamba Agro Industries,677008.0,Dr,husk purchase,14-Dec-2023
AV00745,Purchase,745,12-Dec-2023,Salasar Krishna Biomass Suppliers,579526.5,Dr,husk purchase,12-Dec-2023
AV00746,Purchase,746,17-Dec-2023,Khatu Marudhar Enterprises,613755.0,Dr,husk purchase,17-Dec-2023
AV00747,Purchase,747,20-Dec-2023,Salasar Luni Agro Company,654192.0,Dr,husk purchase,20-Dec-2023
AV00748,Purchase,748,27-Dec-2023,Shree Laxmi Biomass Suppliers,545355.2,Dr,husk purchase,27-Dec-2023
AV00749,Purchase,749,25-Dec-2023,Salasar Mahaveer Fuels,527546.8,Dr,husk purchase,25-Dec-2023
AV00750,Purchase,750,14-Dec-2023,Shree Ramdev Fuels,685167.0,Dr,husk purchase,14-Dec-2023
AV00751,Purchase,751,23-Dec-2023,Salasar Marudhar Krishi Udyog,616594.4,Dr,husk purchase,23-Dec-2023
AV00752,Purchase,752,05-Dec-2023,Shree Vijay Agro Traders,671859.3,Dr,husk purchase,05-Dec-2023
AV00753,Purchase,753,06-Dec-2023,Salasar Saurashtra Biomass Suppliers,553844.7,Dr,husk purchase,06-Dec-2023
AV00754,Purchase,754,20-Dec-2023,Sanwariya Suraj Biomass Suppliers,519495.5,Dr,husk purchase,20-Dec-2023
AV00755,Purchase,755,18-Dec-2023,Khatu Vijay Biomass Suppliers,582308.7,Dr,husk purchase,18-Dec-2023
AV00756,Purchase,756,07-Dec-2023,Khatu Thar Agro Company,564109.3,Dr,husk purchase,07-Dec-2023
AV00757,Purchase,757,05-Dec-2023,Maa Vijay Biomass Co,596675.2,Dr,husk purchase,05-Dec-2023
AV00758,Purchase,758,06-Dec-2023,Sanwariya Ganesh Agri Residue Pvt Ltd,631910.4,Dr,husk purchase,06-Dec-2023
AV00759,Purchase,759,09-Dec-2023,Sanwariya Govind Agro Industries,691017.9,Dr,husk purchase,09-Dec-2023
AV00760,Purchase,760,25-Dec-2023,Salasar Mahaveer Fuels,652628.2,Dr,husk purchase,25-Dec-2023
AV00761,Purchase,761,22-Dec-2023,Salasar Deepak Agri Residue Pvt Ltd,584096.7,Dr,husk purchase,22-Dec-2023
AV00762,Purchase,762,13-Dec-2023,Maa Balaji Trading Co,665133.0,Dr,husk purchase,13-Dec-2023
AV00763,Purchase,763,07-Dec-2023,Shree Laxmi Biomass Suppliers,689805.9,Dr,husk purchase,07-Dec-2023
AV00764,Purchase,764,05-Dec-2023,Maa Ganesh Biomass Co,557458.2,Dr,husk purchase,05-Dec-2023
AV00765,Purchase,765,15-Dec-2023,Maa Bhairav Krishi Udyog,878525.9,Dr,stalk purchase,15-Dec-2023
AV00766,Purchase,766,18-Dec-2023,Khatu Rathore Biomass Co,788810.1,Dr,stalk purchase,18-Dec-2023
AV00767,Purchase,767,02-Dec-2023,Jai Sardar Agro Industries,920068.8,Dr,stalk purchase,02-Dec-2023
AV00768,Purchase,768,02-Dec-2023,Salasar Banas Biomass Co,830599.8,Dr,stalk purchase,02-Dec-2023
AV00769,Purchase,769,26-Dec-2023,Khatu Rathore Biomass Co,698455.2,Dr,stalk purchase,26-Dec-2023
AV00770,Purchase,770,12-Dec-2023,Jai Rathore Agro Traders,805904.2,Dr,stalk purchase,12-Dec-2023
AV00771,Purchase,771,04-Dec-2023,Khatu Shyam Enterprises,862531.6,Dr,stalk purchase,04-Dec-2023
AV00772,Purchase,772,14-Dec-2023,Shri Bhagwati Trading Co,882722.3,Dr,stalk purchase,14-Dec-2023
AV00773,Purchase,773,25-Dec-2023,Maa Kathiawad Agri Residue Pvt Ltd,753406.8,Dr,stalk purchase,25-Dec-2023
AV00774,Purchase,774,24-Dec-2023,Sanwariya Rathore Agro Company,848326.6,Dr,stalk purchase,24-Dec-2023
AV00775,Purchase,775,17-Dec-2023,Maa Krishna Fuels,905343.6,Dr,stalk purchase,17-Dec-2023
AV00776,Purchase,776,19-Dec-2023,Sanwariya Rathore Agro Company,770045.0,Dr,stalk purchase,19-Dec-2023
AV00777,Purchase,777,23-Dec-2023,Jai Rathore Agro Traders,849024.0,Dr,stalk purchase,23-Dec-2023
AV00778,Purchase,778,08-Dec-2023,Sanwariya Rathore Agro Company,936191.3,Dr,stalk purchase,08-Dec-2023
AV00779,Purchase,779,25-Dec-2023,Salasar Banas Biomass Co,809480.0,Dr,stalk purchase,25-Dec-2023
AV00780,Purchase,780,04-Dec-2023,Khatu Shyam Enterprises,776065.1,Dr,stalk purchase,04-Dec-2023
AV00781,Purchase,781,19-Dec-2023,Shri Bhagwati Trading Co,855532.6,Dr,stalk purchase,19-Dec-2023
AV00782,Purchase,782,25-Dec-2023,Salasar Banas Biomass Co,956461.4,Dr,stalk purchase,25-Dec-2023
AV00783,Purchase,783,21-Dec-2023,Nakoda Banas Krishi Bhandar,759462.1,Dr,stalk purchase,21-Dec-2023
AV00784,Purchase,784,04-Dec-2023,Shri Bhagwati Trading Co,798738.0,Dr,stalk purchase,04-Dec-2023
AV00785,Purchase,785,25-Jan-2024,Maa Vijay Biomass Co,667469.4,Dr,husk purchase,25-Jan-2024
AV00786,Purchase,786,10-Jan-2024,Shree Ramdev Fuels,600248.7,Dr,husk purchase,10-Jan-2024
AV00787,Purchase,787,06-Jan-2024,Maa Vijay Biomass Co,631400.0,Dr,husk purchase,06-Jan-2024
AV00788,Purchase,788,06-Jan-2024,Sanwariya Ganesh Agri Residue Pvt Ltd,755658.4,Dr,husk purchase,06-Jan-2024
AV00789,Purchase,789,07-Jan-2024,Shree Luni Trading Co,598135.2,Dr,husk purchase,07-Jan-2024
AV00790,Purchase,790,10-Jan-2024,Khatu Thar Agro Company,733046.7,Dr,husk purchase,10-Jan-2024
AV00791,Purchase,791,16-Jan-2024,Shree Ramdev Fuels,787355.0,Dr,husk purchase,16-Jan-2024
AV00792,Purchase,792,12-Jan-2024,Salasar Saurashtra Biomass Suppliers,778574.5,Dr,husk purchase,12-Jan-2024
AV00793,Purchase,793,06-Jan-2024,New Balaji Krishi Bhandar,724033.4,Dr,husk purchase,06-Jan-2024
AV00794,Purchase,794,07-Jan-2024,Salasar Saurashtra Biomass Suppliers,601708.9,Dr,husk purchase,07-Jan-2024
AV00795,Purchase,795,10-Jan-2024,Shree Ramdev Fuels,636435.8,Dr,husk purchase,10-Jan-2024
AV00796,Purchase,796,10-Jan-2024,Nakoda Ramdev Trading Co,760646.4,Dr,husk purchase,10-Jan-2024
AV00797,Purchase,797,19-Jan-2024,Maa Balaji Trading Co,740502.6,Dr,husk purchase,19-Jan-2024
AV00798,Purchase,798,05-Jan-2024,Salasar Deepak Agri Residue Pvt Ltd,671470.0,Dr,husk purchase,05-Jan-2024
AV00799,Purchase,799,16-Jan-2024,Sanwariya Rathore Agro Company,605094.3,Dr,husk purchase,16-Jan-2024
AV00800,Purchase,800,07-Jan-2024,Shree Luni Trading Co,757557.0,Dr,husk purchase,07-Jan-2024
AV00801,Purchase,801,19-Jan-2024,Shree Ramdev Fuels,773195.3,Dr,husk purchase,19-Jan-2024
AV00802,Purchase,802,16-Jan-2024,New Rathore Krishi Bhandar,716131.5,Dr,husk purchase,16-Jan-2024
AV00803,Purchase,803,23-Jan-2024,Khatu Jagdamba Agro Industries,577833.5,Dr,husk purchase,23-Jan-2024
AV00804,Purchase,804,04-Jan-2024,Om Shyam Biomass Suppliers,760387.5,Dr,husk purchase,04-Jan-2024
AV00805,Purchase,805,24-Jan-2024,Nakoda Ramdev Trading Co,615458.8,Dr,husk purchase,24-Jan-2024
AV00806,Purchase,806,16-Jan-2024,Salasar Deepak Agri Residue Pvt Ltd,694310.4,Dr,husk purchase,16-Jan-2024
AV00807,Purchase,807,21-Jan-2024,Sanwariya Ganesh Agri Residue Pvt Ltd,767556.0,Dr,husk purchase,21-Jan-2024
AV00808,Purchase,808,24-Jan-2024,Sanwariya Rathore Agro Company,631967.4,Dr,husk purchase,24-Jan-2024
AV00809,Purchase,809,27-Jan-2024,Sanwariya Ganesh Agri Residue Pvt Ltd,682256.4,Dr,husk purchase,27-Jan-2024
AV00810,Purchase,810,19-Jan-2024,Nakoda Ramdev Trading Co,790656.0,Dr,husk purchase,19-Jan-2024
AV00811,Purchase,811,13-Jan-2024,Om Shyam Biomass Suppliers,760389.7,Dr,husk purchase,13-Jan-2024
AV00812,Purchase,812,20-Jan-2024,Shree Luni Trading Co,684675.5,Dr,husk purchase,20-Jan-2024
AV00813,Purchase,813,05-Jan-2024,Salasar Deepak Agri Residue Pvt Ltd,607200.0,Dr,husk purchase,05-Jan-2024
AV00814,Purchase,814,14-Jan-2024,Shree Vijay Agro Traders,668043.8,Dr,husk purchase,14-Jan-2024
AV00815,Purchase,815,23-Jan-2024,Maa Balaji Trading Co,681213.4,Dr,husk purchase,23-Jan-2024
AV00816,Purchase,816,21-Jan-2024,New Bhairav Krishi Udyog,653172.0,Dr,husk purchase,21-Jan-2024
AV00817,Purchase,817,27-Jan-2024,Maa Balaji Trading Co,688517.0,Dr,husk purchase,27-Jan-2024
AV00818,Purchase,818,06-Jan-2024,Sanwariya Ganesh Agri Residue Pvt Ltd,667933.2,Dr,husk purchase,06-Jan-2024
AV00819,Purchase,819,11-Jan-2024,Shree Rajputana Trading Co,638025.3,Dr,husk purchase,11-Jan-2024
AV00820,Purchase,820,17-Jan-2024,New Bhairav Krishi Udyog,671593.4,Dr,husk purchase,17-Jan-2024
AV00821,Purchase,821,20-Jan-2024,Salasar Mahaveer Krishi Udyog,759110.0,Dr,husk purchase,20-Jan-2024
AV00822,Purchase,822,17-Jan-2024,Khatu Thar Agro Company,654455.0,Dr,husk purchase,17-Jan-2024
AV00823,Purchase,823,24-Jan-2024,New Rajputana Agro Traders,664428.0,Dr,husk purchase,24-Jan-2024
AV00824,Purchase,824,10-Jan-2024,Salasar Saurashtra Biomass Suppliers,717228.0,Dr,husk purchase,10-Jan-2024
AV00825,Purchase,825,23-Jan-2024,Salasar Mahaveer Fuels,793801.5,Dr,husk purchase,23-Jan-2024
AV00826,Purchase,826,11-Jan-2024,Shri Bhagwati Trading Co,602394.6,Dr,husk purchase,11-Jan-2024
AV00827,Purchase,827,02-Jan-2024,Shree Ramdev Fuels,613664.0,Dr,husk purchase,02-Jan-2024
AV00828,Purchase,828,27-Jan-2024,Om Shyam Biomass Suppliers,730795.8,Dr,husk purchase,27-Jan-2024
AV00829,Purchase,829,13-Jan-2024,Sanwariya Ganesh Agri Residue Pvt Ltd,714115.2,Dr,husk purchase,13-Jan-2024
AV00830,Purchase,830,12-Jan-2024,Nakoda Ramdev Trading Co,828578.1,Dr,husk purchase,12-Jan-2024
AV00831,Purchase,831,17-Jan-2024,Salasar Krishna Biomass Suppliers,804134.4,Dr,husk purchase,17-Jan-2024
AV00832,Purchase,832,02-Jan-2024,Salasar Luni Agro Company,774800.0,Dr,husk purchase,02-Jan-2024
AV00833,Purchase,833,14-Jan-2024,New Rajputana Agro Traders,673986.5,Dr,husk purchase,14-Jan-2024
AV00834,Purchase,834,23-Jan-2024,Salasar Mahaveer Fuels,802611.0,Dr,husk purchase,23-Jan-2024
AV00835,Purchase,835,04-Jan-2024,Om Shyam Biomass Suppliers,654247.5,Dr,husk purchase,04-Jan-2024
AV00836,Purchase,836,21-Jan-2024,Salasar Saurashtra Biomass Suppliers,588107.6,Dr,husk purchase,21-Jan-2024
AV00837,Purchase,837,11-Jan-2024,Khatu Jagdamba Agro Industries,739389.0,Dr,husk purchase,11-Jan-2024
AV00838,Purchase,838,10-Jan-2024,Salasar Banas Biomass Co,491061.2,Dr,stalk purchase,10-Jan-2024
AV00839,Purchase,839,12-Jan-2024,Sanwariya Ganesh Agri Residue Pvt Ltd,544256.5,Dr,stalk purchase,12-Jan-2024
AV00840,Purchase,840,07-Jan-2024,Jai Rathore Krishi Bhandar,477442.0,Dr,stalk purchase,07-Jan-2024
AV00841,Purchase,841,21-Jan-2024,Maa Kathiawad Agri Residue Pvt Ltd,471452.7,Dr,stalk purchase,21-Jan-2024
AV00842,Purchase,842,06-Jan-2024,Maa Bhairav Krishi Udyog,501098.4,Dr,stalk purchase,06-Jan-2024
AV00843,Purchase,843,08-Jan-2024,Sanwariya Vijay Enterprises,604718.4,Dr,stalk purchase,08-Jan-2024
AV00844,Purchase,844,18-Jan-2024,Khatu Bhairav Biomass Suppliers,495746.6,Dr,stalk purchase,18-Jan-2024
AV00845,Purchase,845,24-Jan-2024,Jai Sardar Agro Industries,511887.6,Dr,stalk purchase,24-Jan-2024
AV00846,Purchase,846,20-Jan-2024,Salasar Marudhar Krishi Udyog,615309.5,Dr,stalk purchase,20-Jan-2024
AV00847,Purchase,847,23-Jan-2024,Salasar Marudhar Krishi Udyog,602474.9,Dr,stalk purchase,23-Jan-2024
AV00848,Purchase,848,10-Jan-2024,Salasar Banas Biomass Co,511536.6,Dr,stalk purchase,10-Jan-2024
AV00849,Purchase,849,15-Jan-2024,Sanwariya Vijay Enterprises,579576.0,Dr,stalk purchase,15-Jan-2024
AV00850,Purchase,850,12-Jan-2024,Maa Krishna Fuels,626787.2,Dr,stalk purchase,12-Jan-2024
AV00851,Purchase,851,12-Jan-2024,Shree Laxmi Biomass Suppliers,481300.4,Dr,stalk purchase,12-Jan-2024
AV00852,Purchase,852,18-Jan-2024,Nakoda Marudhar Agri Residue Pvt Ltd,555606.8,Dr,stalk purchase,18-Jan-2024
AV00853,Purchase,853,06-Jan-2024,Khatu Bhairav Biomass Suppliers,646829.4,Dr,stalk purchase,06-Jan-2024
AV00854,Purchase,854,15-Jan-2024,Sanwariya Krishna Agri Residue Pvt Ltd,528027.5,Dr,stalk purchase,15-Jan-2024
AV00855,Purchase,855,19-Jan-2024,Sanwariya Rathore Agro Company,570492.0,Dr,stalk purchase,19-Jan-2024
AV00856,Purchase,856,07-Jan-2024,Jai Thar Fuels,611442.0,Dr,stalk purchase,07-Jan-2024
AV00857,Purchase,857,11-Jan-2024,Shri Bhagwati Trading Co,494410.8,Dr,stalk purchase,11-Jan-2024
AV00858,Purchase,858,25-Jan-2024,New Banas Biomass Co,599527.5,Dr,stalk purchase,25-Jan-2024
AV00859,Purchase,859,04-Jan-2024,Khatu Shyam Enterprises,603566.6,Dr,stalk purchase,04-Jan-2024
AV00860,Purchase,860,16-Jan-2024,Khatu Bhairav Biomass Suppliers,516526.2,Dr,stalk purchase,16-Jan-2024
AV00861,Purchase,861,27-Jan-2024,Sanwariya Krishna Agri Residue Pvt Ltd,475863.3,Dr,stalk purchase,27-Jan-2024
AV00862,Purchase,862,16-Jan-2024,Shri Bhagwati Trading Co,577898.4,Dr,stalk purchase,16-Jan-2024
AV00863,Purchase,863,07-Jan-2024,Jai Sardar Agro Industries,616896.0,Dr,stalk purchase,07-Jan-2024
AV00864,Purchase,864,25-Jan-2024,Maa Krishna Fuels,481256.4,Dr,stalk purchase,25-Jan-2024
AV00865,Purchase,865,04-Jan-2024,Khatu Rajputana Enterprises,581005.6,Dr,stalk purchase,04-Jan-2024
AV00866,Purchase,866,10-Jan-2024,Jai Rathore Agro Traders,499573.8,Dr,stalk purchase,10-Jan-2024
AV00867,Purchase,867,22-Jan-2024,Maa Krishna Fuels,546366.6,Dr,stalk purchase,22-Jan-2024
AV00868,Purchase,868,10-Feb-2024,Salasar Mahaveer Fuels,520128.0,Dr,husk purchase,10-Feb-2024
AV00869,Purchase,869,23-Feb-2024,Maa Balaji Krishi Bhandar,509434.5,Dr,husk purchase,23-Feb-2024
AV00870,Purchase,870,24-Feb-2024,Khatu Vijay Biomass Suppliers,477519.4,Dr,husk purchase,24-Feb-2024
AV00871,Purchase,871,09-Feb-2024,Sanwariya Vijay Enterprises,465415.1,Dr,husk purchase,09-Feb-2024
AV00872,Purchase,872,13-Feb-2024,Shree Luni Trading Co,537948.6,Dr,husk purchase,13-Feb-2024
AV00873,Purchase,873,11-Feb-2024,Shri Bhagwati Trading Co,524945.2,Dr,husk purchase,11-Feb-2024
AV00874,Purchase,874,20-Feb-2024,Salasar Krishna Biomass Suppliers,533760.0,Dr,husk purchase,20-Feb-2024
AV00875,Purchase,875,11-Feb-2024,Shree Rajputana Trading Co,456057.0,Dr,husk purchase,11-Feb-2024
AV00876,Purchase,876,22-Feb-2024,Shri Bhagwati Trading Co,513588.8,Dr,husk purchase,22-Feb-2024
AV00877,Purchase,877,24-Feb-2024,Shree Vijay Agro Traders,426706.0,Dr,husk purchase,24-Feb-2024
AV00878,Purchase,878,24-Feb-2024,New Bhairav Krishi Udyog,531939.9,Dr,husk purchase,24-Feb-2024
AV00879,Purchase,879,02-Feb-2024,New Bhairav Krishi Udyog,443700.0,Dr,husk purchase,02-Feb-2024
AV00880,Purchase,880,14-Feb-2024,Khatu Vijay Biomass Suppliers,514906.7,Dr,husk purchase,14-Feb-2024
AV00881,Purchase,881,09-Feb-2024,Shri Bhagwati Trading Co,530659.2,Dr,husk purchase,09-Feb-2024
AV00882,Purchase,882,23-Feb-2024,Sanwariya Suraj Biomass Suppliers,411667.2,Dr,husk purchase,23-Feb-2024
AV00883,Purchase,883,10-Feb-2024,Sanwariya Govind Agro Industries,496132.5,Dr,husk purchase,10-Feb-2024
AV00884,Purchase,884,04-Feb-2024,Salasar Mahaveer Fuels,429684.5,Dr,husk purchase,04-Feb-2024
AV00885,Purchase,885,09-Feb-2024,Salasar Saurashtra Biomass Suppliers,437211.2,Dr,husk purchase,09-Feb-2024
AV00886,Purchase,886,04-Feb-2024,Sanwariya Vijay Enterprises,456448.4,Dr,husk purchase,04-Feb-2024
AV00887,Purchase,887,06-Feb-2024,New Balaji Krishi Bhandar,540487.5,Dr,husk purchase,06-Feb-2024
AV00888,Purchase,888,16-Feb-2024,Shree Rajputana Trading Co,546796.5,Dr,husk purchase,16-Feb-2024
AV00889,Purchase,889,10-Feb-2024,Shree Vijay Agro Traders,420656.5,Dr,husk purchase,10-Feb-2024
AV00890,Purchase,890,02-Feb-2024,Khatu Thar Agro Company,475472.7,Dr,husk purchase,02-Feb-2024
AV00891,Purchase,891,04-Feb-2024,Khatu Shyam Enterprises,505515.0,Dr,husk purchase,04-Feb-2024
AV00892,Purchase,892,05-Feb-2024,Maa Vijay Biomass Co,460786.2,Dr,husk purchase,05-Feb-2024
AV00893,Purchase,893,10-Feb-2024,Salasar Luni Agro Company,500299.8,Dr,husk purchase,10-Feb-2024
AV00894,Purchase,894,24-Feb-2024,Salasar Saurashtra Biomass Suppliers,520259.6,Dr,husk purchase,24-Feb-2024
AV00895,Purchase,895,15-Feb-2024,Salasar Saurashtra Biomass Suppliers,443101.1,Dr,husk purchase,15-Feb-2024
AV00896,Purchase,896,19-Feb-2024,Sanwariya Govind Agro Industries,447064.8,Dr,husk purchase,19-Feb-2024
AV00897,Purchase,897,03-Feb-2024,Maa Balaji Trading Co,429570.0,Dr,husk purchase,03-Feb-2024
AV00898,Purchase,898,14-Feb-2024,Salasar Mahaveer Fuels,408014.4,Dr,husk purchase,14-Feb-2024
AV00899,Purchase,899,11-Feb-2024,Khatu Shyam Enterprises,453034.5,Dr,husk purchase,11-Feb-2024
AV00900,Purchase,900,20-Feb-2024,Nakoda Ramdev Trading Co,428385.7,Dr,husk purchase,20-Feb-2024
AV00901,Purchase,901,05-Feb-2024,Maa Ganesh Biomass Co,493819.4,Dr,husk purchase,05-Feb-2024
AV00902,Purchase,902,22-Feb-2024,Salasar Mahaveer Fuels,483916.5,Dr,husk purchase,22-Feb-2024
AV00903,Purchase,903,12-Feb-2024,Maa Balaji Krishi Bhandar,565110.0,Dr,husk purchase,12-Feb-2024
AV00904,Purchase,904,17-Feb-2024,New Balaji Krishi Bhandar,515152.9,Dr,husk purchase,17-Feb-2024
AV00905,Purchase,905,10-Feb-2024,Khatu Shyam Enterprises,430384.7,Dr,husk purchase,10-Feb-2024
AV00906,Purchase,906,06-Feb-2024,New Balaji Krishi Bhandar,516424.2,Dr,husk purchase,06-Feb-2024
AV00907,Purchase,907,19-Feb-2024,New Balaji Krishi Bhandar,516895.2,Dr,husk purchase,19-Feb-2024
AV00908,Purchase,908,15-Feb-2024,Salasar Saurashtra Biomass Suppliers,536182.6,Dr,husk purchase,15-Feb-2024
AV00909,Purchase,909,09-Feb-2024,Salasar Saurashtra Biomass Suppliers,509703.8,Dr,husk purchase,09-Feb-2024
AV00910,Purchase,910,08-Feb-2024,Salasar Krishna Biomass Suppliers,493997.4,Dr,husk purchase,08-Feb-2024
AV00911,Purchase,911,03-Feb-2024,Salasar Deepak Agri Residue Pvt Ltd,419016.0,Dr,husk purchase,03-Feb-2024
AV00912,Purchase,912,03-Feb-2024,Salasar Luni Agro Company,464490.5,Dr,husk purchase,03-Feb-2024
AV00913,Purchase,913,21-Feb-2024,New Rathore Krishi Bhandar,468531.5,Dr,husk purchase,21-Feb-2024
AV00914,Purchase,914,27-Feb-2024,Salasar Mahaveer Fuels,502715.6,Dr,husk purchase,27-Feb-2024
AV00915,Purchase,915,11-Feb-2024,Maa Balaji Krishi Bhandar,478937.6,Dr,husk purchase,11-Feb-2024
AV00916,Purchase,916,12-Feb-2024,Khatu Jagdamba Agro Industries,461606.0,Dr,husk purchase,12-Feb-2024
AV00917,Purchase,917,13-Feb-2024,Shree Rajputana Trading Co,541622.4,Dr,husk purchase,13-Feb-2024
AV00918,Purchase,918,13-Feb-2024,Salasar Deepak Agri Residue Pvt Ltd,530758.2,Dr,husk purchase,13-Feb-2024
AV00919,Purchase,919,08-Feb-2024,Sanwariya Govind Agro Industries,447353.4,Dr,husk purchase,08-Feb-2024
AV00920,Purchase,920,09-Feb-2024,Shree Rajputana Trading Co,480451.4,Dr,husk purchase,09-Feb-2024
AV00921,Purchase,921,14-Feb-2024,Sanwariya Vijay Enterprises,475162.3,Dr,husk purchase,14-Feb-2024
AV00922,Purchase,922,02-Feb-2024,Sanwariya Govind Agro Industries,461844.6,Dr,husk purchase,02-Feb-2024
AV00923,Purchase,923,09-Feb-2024,Salasar Marudhar Krishi Udyog,535906.0,Dr,husk purchase,09-Feb-2024
AV00924,Purchase,924,04-Feb-2024,Sanwariya Govind Agro Industries,476424.0,Dr,husk purchase,04-Feb-2024
AV00925,Purchase,925,25-Feb-2024,Khatu Jagdamba Agro Industries,508530.0,Dr,husk purchase,25-Feb-2024
AV00926,Purchase,926,09-Feb-2024,Maa Ganesh Biomass Co,483021.0,Dr,husk purchase,09-Feb-2024
AV00927,Purchase,927,08-Feb-2024,Salasar Mahaveer Krishi Udyog,525864.2,Dr,husk purchase,08-Feb-2024
AV00928,Purchase,928,03-Feb-2024,Maa Ganesh Biomass Co,491356.8,Dr,husk purchase,03-Feb-2024
AV00929,Purchase,929,16-Feb-2024,Sanwariya Ganesh Agri Residue Pvt Ltd,524190.0,Dr,husk purchase,16-Feb-2024
AV00930,Purchase,930,07-Feb-2024,Sanwariya Rathore Agro Company,458444.3,Dr,husk purchase,07-Feb-2024
AV00931,Purchase,931,20-Feb-2024,Salasar Marudhar Krishi Udyog,478081.8,Dr,husk purchase,20-Feb-2024
AV00932,Purchase,932,25-Feb-2024,New Rathore Krishi Bhandar,510300.0,Dr,husk purchase,25-Feb-2024
AV00933,Purchase,933,09-Feb-2024,Maa Balaji Trading Co,456713.9,Dr,husk purchase,09-Feb-2024
AV00934,Purchase,934,20-Feb-2024,Maa Balaji Krishi Bhandar,451974.6,Dr,husk purchase,20-Feb-2024
AV00935,Purchase,935,02-Feb-2024,Shree Luni Trading Co,484741.5,Dr,husk purchase,02-Feb-2024
AV00936,Purchase,936,23-Feb-2024,New Rathore Agro Industries,477452.6,Dr,husk purchase,23-Feb-2024
AV00937,Purchase,937,21-Feb-2024,Nakoda Ramdev Trading Co,430589.4,Dr,husk purchase,21-Feb-2024
AV00938,Purchase,938,14-Feb-2024,Sanwariya Vijay Enterprises,516000.0,Dr,husk purchase,14-Feb-2024
AV00939,Purchase,939,09-Feb-2024,Om Shyam Biomass Suppliers,393209.3,Dr,husk purchase,09-Feb-2024
AV00940,Purchase,940,24-Feb-2024,Sanwariya Suraj Biomass Suppliers,409784.4,Dr,husk purchase,24-Feb-2024
AV00941,Purchase,941,02-Feb-2024,Maa Vijay Biomass Co,481051.8,Dr,husk purchase,02-Feb-2024
AV00942,Purchase,942,19-Feb-2024,Maa Vijay Biomass Co,504854.4,Dr,husk purchase,19-Feb-2024
AV00943,Purchase,943,08-Feb-2024,Sanwariya Rathore Agro Company,507320.8,Dr,husk purchase,08-Feb-2024
AV00944,Purchase,944,20-Feb-2024,Shree Rajputana Trading Co,429109.2,Dr,husk purchase,20-Feb-2024
AV00945,Purchase,945,23-Feb-2024,Jai Rathore Krishi Bhandar,691913.4,Dr,stalk purchase,23-Feb-2024
AV00946,Purchase,946,06-Feb-2024,Khatu Shyam Enterprises,861171.3,Dr,stalk purchase,06-Feb-2024
AV00947,Purchase,947,07-Feb-2024,Salasar Marudhar Krishi Udyog,727032.9,Dr,stalk purchase,07-Feb-2024
AV00948,Purchase,948,13-Feb-2024,Jai Thar Fuels,840403.0,Dr,stalk purchase,13-Feb-2024
AV00949,Purchase,949,24-Feb-2024,Sanwariya Govind Agro Industries,701954.4,Dr,stalk purchase,24-Feb-2024
AV00950,Purchase,950,02-Feb-2024,Maa Kathiawad Agri Residue Pvt Ltd,789282.3,Dr,stalk purchase,02-Feb-2024
AV00951,Purchase,951,03-Feb-2024,Khatu Shyam Enterprises,832254.4,Dr,stalk purchase,03-Feb-2024
AV00952,Purchase,952,09-Feb-2024,Maa Kathiawad Agri Residue Pvt Ltd,888352.0,Dr,stalk purchase,09-Feb-2024
AV00953,Purchase,953,27-Feb-2024,Sanwariya Krishna Agri Residue Pvt Ltd,814756.0,Dr,stalk purchase,27-Feb-2024
AV00954,Purchase,954,27-Feb-2024,Jai Rathore Krishi Bhandar,767729.8,Dr,stalk purchase,27-Feb-2024
AV00955,Purchase,955,26-Feb-2024,Nakoda Marudhar Agri Residue Pvt Ltd,706477.2,Dr,stalk purchase,26-Feb-2024
AV00956,Purchase,956,19-Feb-2024,Nakoda Banas Krishi Bhandar,792388.8,Dr,stalk purchase,19-Feb-2024
AV00957,Purchase,957,27-Feb-2024,Nakoda Banas Krishi Bhandar,871425.2,Dr,stalk purchase,27-Feb-2024
AV00958,Purchase,958,04-Feb-2024,Salasar Banas Biomass Co,840791.7,Dr,stalk purchase,04-Feb-2024
AV00959,Purchase,959,03-Feb-2024,Jai Sardar Agro Industries,778423.8,Dr,stalk purchase,03-Feb-2024
AV00960,Purchase,960,06-Feb-2024,Maa Bhairav Krishi Udyog,887667.5,Dr,stalk purchase,06-Feb-2024
AV00961,Purchase,961,15-Feb-2024,Maa Bhairav Krishi Udyog,737586.0,Dr,stalk purchase,15-Feb-2024
AV00962,Purchase,962,26-Feb-2024,Sanwariya Govind Agro Industries,830717.1,Dr,stalk purchase,26-Feb-2024
AV00963,Purchase,963,12-Feb-2024,Sanwariya Rathore Agro Company,691150.0,Dr,stalk purchase,12-Feb-2024
AV00964,Purchase,964,25-Feb-2024,New Banas Biomass Co,882334.6,Dr,stalk purchase,25-Feb-2024
AV00965,Purchase,965,08-Feb-2024,Maa Kathiawad Agri Residue Pvt Ltd,758883.6,Dr,stalk purchase,08-Feb-2024
AV00966,Purchase,966,09-Mar-2024,Salasar Luni Agro Company,574329.6,Dr,husk purchase,09-Mar-2024
AV00967,Purchase,967,11-Mar-2024,Maa Balaji Trading Co,542796.5,Dr,husk purchase,11-Mar-2024
AV00968,Purchase,968,23-Mar-2024,Khatu Jagdamba Agro Industries,514120.2,Dr,husk purchase,23-Mar-2024
AV00969,Purchase,969,22-Mar-2024,Khatu Marudhar Enterprises,548972.8,Dr,husk purchase,22-Mar-2024
AV00970,Purchase,970,11-Mar-2024,Salasar Saurashtra Biomass Suppliers,515518.0,Dr,husk purchase,11-Mar-2024
AV00971,Purchase,971,22-Mar-2024,New Rajputana Agro Traders,520621.5,Dr,husk purchase,22-Mar-2024
AV00972,Purchase,972,18-Mar-2024,Salasar Marudhar Krishi Udyog,507638.8,Dr,husk purchase,18-Mar-2024
AV00973,Purchase,973,13-Mar-2024,New Rathore Krishi Bhandar,577207.8,Dr,husk purchase,13-Mar-2024
AV00974,Purchase,974,09-Mar-2024,Khatu Shyam Enterprises,513978.1,Dr,husk purchase,09-Mar-2024
AV00975,Purchase,975,18-Mar-2024,Shree Laxmi Biomass Suppliers,577931.8,Dr,husk purchase,18-Mar-2024
AV00976,Purchase,976,23-Mar-2024,Sanwariya Ganesh Agri Residue Pvt Ltd,524772.0,Dr,husk purchase,23-Mar-2024
AV00977,Purchase,977,06-Mar-2024,New Bhairav Krishi Udyog,460652.4,Dr,husk purchase,06-Mar-2024
AV00978,Purchase,978,03-Mar-2024,Shree Luni Trading Co,426166.0,Dr,husk purchase,03-Mar-2024
AV00979,Purchase,979,07-Mar-2024,Sanwariya Vijay Enterprises,467628.4,Dr,husk purchase,07-Mar-2024
AV00980,Purchase,980,16-Mar-2024,Salasar Mahaveer Fuels,496357.6,Dr,husk purchase,16-Mar-2024
AV00981,Purchase,981,25-Mar-2024,Sanwariya Govind Agro Industries,518897.6,Dr,husk purchase,25-Mar-2024
AV00982,Purchase,982,24-Mar-2024,New Bhairav Krishi Udyog,491053.5,Dr,husk purchase,24-Mar-2024
AV00983,Purchase,983,26-Mar-2024,Maa Balaji Trading Co,466710.0,Dr,husk purchase,26-Mar-2024
AV00984,Purchase,984,20-Mar-2024,New Balaji Krishi Bhandar,470624.8,Dr,husk purchase,20-Mar-2024
AV00985,Purchase,985,22-Mar-2024,Salasar Saurashtra Biomass Suppliers,502130.2,Dr,husk purchase,22-Mar-2024
AV00986,Purchase,986,19-Mar-2024,Sanwariya Ganesh Agri Residue Pvt Ltd,538516.6,Dr,husk purchase,19-Mar-2024
AV00987,Purchase,987,15-Mar-2024,New Balaji Krishi Bhandar,516269.6,Dr,husk purchase,15-Mar-2024
AV00988,Purchase,988,18-Mar-2024,New Rathore Krishi Bhandar,494656.9,Dr,husk purchase,18-Mar-2024
AV00989,Purchase,989,12-Mar-2024,Sanwariya Govind Agro Industries,459366.6,Dr,husk purchase,12-Mar-2024
AV00990,Purchase,990,09-Mar-2024,Khatu Jagdamba Agro Industries,475502.8,Dr,husk purchase,09-Mar-2024
AV00991,Purchase,991,26-Mar-2024,New Bhairav Krishi Udyog,489410.1,Dr,husk purchase,26-Mar-2024
AV00992,Purchase,992,07-Mar-2024,Shree Laxmi Biomass Suppliers,553897.4,Dr,husk purchase,07-Mar-2024
AV00993,Purchase,993,25-Mar-2024,Om Shyam Biomass Suppliers,553762.3,Dr,husk purchase,25-Mar-2024
AV00994,Purchase,994,03-Mar-2024,Sanwariya Suraj Biomass Suppliers,481580.2,Dr,husk purchase,03-Mar-2024
AV00995,Purchase,995,15-Mar-2024,Khatu Jagdamba Agro Industries,552087.9,Dr,husk purchase,15-Mar-2024
AV00996,Purchase,996,21-Mar-2024,Shree Vijay Agro Traders,460360.3,Dr,husk purchase,21-Mar-2024
AV00997,Purchase,997,26-Mar-2024,New Rajputana Agro Traders,568204.0,Dr,husk purchase,26-Mar-2024
AV00998,Purchase,998,27-Mar-2024,Khatu Marudhar Enterprises,424833.0,Dr,husk purchase,27-Mar-2024
AV00999,Purchase,999,07-Mar-2024,New Bhairav Krishi Udyog,444795.0,Dr,husk purchase,07-Mar-2024
AV01000,Purchase,1000,04-Mar-2024,New Bhagwati Krishi Bhandar,539475.3,Dr,husk purchase,04-Mar-2024
AV01001,Purchase,1001,02-Mar-2024,Shree Laxmi Biomass Suppliers,536804.8,Dr,husk purchase,02-Mar-2024
AV01002,Purchase,1002,16-Mar-2024,Shree Laxmi Biomass Suppliers,458200.0,Dr,husk purchase,16-Mar-2024
AV01003,Purchase,1003,15-Mar-2024,Om Shyam Biomass Suppliers,572064.0,Dr,husk purchase,15-Mar-2024
AV01004,Purchase,1004,25-Mar-2024,Salasar Marudhar Krishi Udyog,467667.2,Dr,husk purchase,25-Mar-2024
AV01005,Purchase,1005,13-Mar-2024,New Rathore Agro Industries,449715.8,Dr,husk purchase,13-Mar-2024
AV01006,Purchase,1006,07-Mar-2024,Salasar Mahaveer Krishi Udyog,549046.0,Dr,husk purchase,07-Mar-2024
AV01007,Purchase,1007,19-Mar-2024,New Rathore Krishi Bhandar,471145.2,Dr,husk purchase,19-Mar-2024
AV01008,Purchase,1008,08-Mar-2024,Maa Ganesh Biomass Co,502457.8,Dr,husk purchase,08-Mar-2024
AV01009,Purchase,1009,08-Mar-2024,New Balaji Krishi Bhandar,567326.4,Dr,husk purchase,08-Mar-2024
AV01010,Purchase,1010,15-Mar-2024,Salasar Luni Agro Company,520498.2,Dr,husk purchase,15-Mar-2024
AV01011,Purchase,1011,05-Mar-2024,Shree Rajputana Trading Co,441520.6,Dr,husk purchase,05-Mar-2024
AV01012,Purchase,1012,23-Mar-2024,Om Shyam Biomass Suppliers,465114.0,Dr,husk purchase,23-Mar-2024
AV01013,Purchase,1013,18-Mar-2024,Shree Ramdev Fuels,570251.5,Dr,husk purchase,18-Mar-2024
AV01014,Purchase,1014,09-Mar-2024,Sanwariya Suraj Biomass Suppliers,507038.3,Dr,husk purchase,09-Mar-2024
AV01015,Purchase,1015,02-Mar-2024,New Bhagwati Krishi Bhandar,509887.8,Dr,husk purchase,02-Mar-2024
AV01016,Purchase,1016,05-Mar-2024,Shree Vijay Agro Traders,544257.2,Dr,husk purchase,05-Mar-2024
AV01017,Purchase,1017,22-Mar-2024,New Rathore Agro Industries,458390.0,Dr,husk purchase,22-Mar-2024
AV01018,Purchase,1018,24-Mar-2024,Salasar Saurashtra Biomass Suppliers,454040.4,Dr,husk purchase,24-Mar-2024
AV01019,Purchase,1019,19-Mar-2024,Khatu Vijay Biomass Suppliers,567313.0,Dr,husk purchase,19-Mar-2024
AV01020,Purchase,1020,25-Mar-2024,New Rajputana Agro Traders,439015.5,Dr,husk purchase,25-Mar-2024
AV01021,Purchase,1021,09-Mar-2024,Salasar Deepak Agri Residue Pvt Ltd,535713.6,Dr,husk purchase,09-Mar-2024
AV01022,Purchase,1022,14-Mar-2024,New Balaji Krishi Bhandar,521362.0,Dr,husk purchase,14-Mar-2024
AV01023,Purchase,1023,24-Mar-2024,Sanwariya Suraj Biomass Suppliers,512210.0,Dr,husk purchase,24-Mar-2024
AV01024,Purchase,1024,20-Mar-2024,Salasar Luni Agro Company,474398.4,Dr,husk purchase,20-Mar-2024
AV01025,Purchase,1025,27-Mar-2024,Maa Balaji Trading Co,467697.4,Dr,husk purchase,27-Mar-2024
AV01026,Purchase,1026,18-Mar-2024,New Balaji Krishi Bhandar,446779.0,Dr,husk purchase,18-Mar-2024
AV01027,Purchase,1027,14-Mar-2024,Sanwariya Vijay Enterprises,441402.6,Dr,husk purchase,14-Mar-2024
AV01028,Purchase,1028,12-Mar-2024,Sanwariya Vijay Enterprises,498182.4,Dr,husk purchase,12-Mar-2024
AV01029,Purchase,1029,05-Mar-2024,Sanwariya Vijay Enterprises,497452.8,Dr,husk purchase,05-Mar-2024
AV01030,Purchase,1030,17-Mar-2024,Salasar Mahaveer Fuels,509959.2,Dr,husk purchase,17-Mar-2024
AV01031,Purchase,1031,13-Mar-2024,Maa Balaji Trading Co,489392.4,Dr,husk purchase,13-Mar-2024
AV01032,Purchase,1032,15-Mar-2024,Shri Bhagwati Trading Co,480741.3,Dr,husk purchase,15-Mar-2024
AV01033,Purchase,1033,03-Mar-2024,Shree Vijay Agro Traders,564060.8,Dr,husk purchase,03-Mar-2024
AV01034,Purchase,1034,18-Mar-2024,Maa Balaji Trading Co,510399.5,Dr,husk purchase,18-Mar-2024
AV01035,Purchase,1035,13-Mar-2024,Shree Rajputana Trading Co,446060.4,Dr,husk purchase,13-Mar-2024
AV01036,Purchase,1036,27-Mar-2024,Khatu Shyam Enterprises,604592.8,Dr,husk purchase,27-Mar-2024
AV01037,Purchase,1037,05-Mar-2024,Khatu Rathore Biomass Co,871332.0,Dr,stalk purchase,05-Mar-2024
AV01038,Purchase,1038,17-Mar-2024,Maa Kathiawad Agri Residue Pvt Ltd,809092.3,Dr,stalk purchase,17-Mar-2024
AV01039,Purchase,1039,21-Mar-2024,Maa Krishna Fuels,915022.2,Dr,stalk purchase,21-Mar-2024
AV01040,Purchase,1040,27-Mar-2024,Maa Bhairav Krishi Udyog,940048.4,Dr,stalk purchase,27-Mar-2024
AV01041,Purchase,1041,10-Mar-2024,Jai Sardar Agro Industries,910583.6,Dr,stalk purchase,10-Mar-2024
AV01042,Purchase,1042,06-Mar-2024,Salasar Marudhar Krishi Udyog,833932.8,Dr,stalk purchase,06-Mar-2024
AV01043,Purchase,1043,22-Mar-2024,Khatu Bhairav Biomass Suppliers,719941.5,Dr,stalk purchase,22-Mar-2024
AV01044,Purchase,1044,22-Mar-2024,Sanwariya Ganesh Agri Residue Pvt Ltd,777248.0,Dr,stalk purchase,22-Mar-2024
AV01045,Purchase,1045,02-Mar-2024,New Banas Biomass Co,738553.1,Dr,stalk purchase,02-Mar-2024
AV01046,Purchase,1046,26-Mar-2024,Maa Krishna Fuels,767747.4,Dr,stalk purchase,26-Mar-2024
AV01047,Purchase,1047,06-Mar-2024,Shree Laxmi Biomass Suppliers,886015.2,Dr,stalk purchase,06-Mar-2024
AV01048,Purchase,1048,27-Mar-2024,Maa Kathiawad Agri Residue Pvt Ltd,790857.1,Dr,stalk purchase,27-Mar-2024
AV01049,Purchase,1049,18-Mar-2024,Nakoda Banas Krishi Bhandar,802377.5,Dr,stalk purchase,18-Mar-2024
AV01050,Purchase,1050,16-Mar-2024,Sanwariya Ganesh Agri Residue Pvt Ltd,905044.8,Dr,stalk purchase,16-Mar-2024
AV01051,Purchase,1051,14-Mar-2024,Nakoda Banas Krishi Bhandar,831740.0,Dr,stalk purchase,14-Mar-2024
AV01052,Purchase,1052,21-Mar-2024,Sanwariya Krishna Agri Residue Pvt Ltd,820733.4,Dr,stalk purchase,21-Mar-2024
AV01053,Purchase,1053,13-Mar-2024,New Banas Biomass Co,986240.0,Dr,stalk purchase,13-Mar-2024
AV01054,Purchase,1054,25-Mar-2024,New Banas Biomass Co,976130.4,Dr,stalk purchase,25-Mar-2024
AV01055,Purchase,1055,24-Mar-2024,Sanwariya Ganesh Agri Residue Pvt Ltd,730993.7,Dr,stalk purchase,24-Mar-2024
AV01056,Purchase,1056,10-Apr-2024,Salasar Mahaveer Krishi Udyog,483205.0,Dr,husk purchase,10-Apr-2024
AV01057,Purchase,1057,03-Apr-2024,New Bhagwati Krishi Bhandar,481383.5,Dr,husk purchase,03-Apr-2024
AV01058,Purchase,1058,07-Apr-2024,Salasar Deepak Agri Residue Pvt Ltd,470876.0,Dr,husk purchase,07-Apr-2024
AV01059,Purchase,1059,04-Apr-2024,Shree Luni Trading Co,543298.0,Dr,husk purchase,04-Apr-2024
AV01060,Purchase,1060,09-Apr-2024,Khatu Shyam Enterprises,539840.1,Dr,husk purchase,09-Apr-2024
AV01061,Purchase,1061,26-Apr-2024,Khatu Marudhar Enterprises,487854.4,Dr,husk purchase,26-Apr-2024
AV01062,Purchase,1062,02-Apr-2024,Shree Luni Trading Co,608962.8,Dr,husk purchase,02-Apr-2024
AV01063,Purchase,1063,19-Apr-2024,New Rathore Agro Industries,563040.0,Dr,husk purchase,19-Apr-2024
AV01064,Purchase,1064,19-Apr-2024,Khatu Thar Agro Company,526701.1,Dr,husk purchase,19-Apr-2024
AV01065,Purchase,1065,21-Apr-2024,New Rathore Krishi Bhandar,498010.8,Dr,husk purchase,21-Apr-2024
AV01066,Purchase,1066,17-Apr-2024,Sanwariya Govind Agro Industries,492337.5,Dr,husk purchase,17-Apr-2024
AV01067,Purchase,1067,17-Apr-2024,Khatu Marudhar Enterprises,646406.4,Dr,husk purchase,17-Apr-2024
AV01068,Purchase,1068,25-Apr-2024,Nakoda Ramdev Trading Co,594874.8,Dr,husk purchase,25-Apr-2024
AV01069,Purchase,1069,15-Apr-2024,New Rajputana Agro Traders,523054.8,Dr,husk purchase,15-Apr-2024
AV01070,Purchase,1070,20-Apr-2024,Salasar Mahaveer Krishi Udyog,552501.8,Dr,husk purchase,20-Apr-2024
AV01071,Purchase,1071,11-Apr-2024,Sanwariya Rathore Agro Company,567186.2,Dr,husk purchase,11-Apr-2024
AV01072,Purchase,1072,04-Apr-2024,Maa Balaji Krishi Bhandar,580920.0,Dr,husk purchase,04-Apr-2024
AV01073,Purchase,1073,26-Apr-2024,Khatu Thar Agro Company,645120.0,Dr,husk purchase,26-Apr-2024
AV01074,Purchase,1074,13-Apr-2024,Sanwariya Govind Agro Industries,595782.4,Dr,husk purchase,13-Apr-2024
AV01075,Purchase,1075,08-Apr-2024,Om Shyam Biomass Suppliers,547492.8,Dr,husk purchase,08-Apr-2024
AV01076,Purchase,1076,03-Apr-2024,Sanwariya Rathore Agro Company,569923.9,Dr,husk purchase,03-Apr-2024
AV01077,Purchase,1077,22-Apr-2024,Maa Ganesh Biomass Co,591063.4,Dr,husk purchase,22-Apr-2024
AV01078,Purchase,1078,06-Apr-2024,Sanwariya Suraj Biomass Suppliers,533686.5,Dr,husk purchase,06-Apr-2024
AV01079,Purchase,1079,18-Apr-2024,Salasar Mahaveer Krishi Udyog,648434.4,Dr,husk purchase,18-Apr-2024
AV01080,Purchase,1080,07-Apr-2024,Salasar Saurashtra Biomass Suppliers,586310.4,Dr,husk purchase,07-Apr-2024
AV01081,Purchase,1081,02-Apr-2024,New Bhairav Krishi Udyog,625237.6,Dr,husk purchase,02-Apr-2024
AV01082,Purchase,1082,19-Apr-2024,New Rajputana Agro Traders,592679.6,Dr,husk purchase,19-Apr-2024
AV01083,Purchase,1083,24-Apr-2024,Sanwariya Vijay Enterprises,587843.7,Dr,husk purchase,24-Apr-2024
AV01084,Purchase,1084,16-Apr-2024,Sanwariya Suraj Biomass Suppliers,608010.9,Dr,husk purchase,16-Apr-2024
AV01085,Purchase,1085,25-Apr-2024,Khatu Vijay Biomass Suppliers,590198.4,Dr,husk purchase,25-Apr-2024
AV01086,Purchase,1086,03-Apr-2024,New Balaji Krishi Bhandar,592306.0,Dr,husk purchase,03-Apr-2024
AV01087,Purchase,1087,16-Apr-2024,Khatu Marudhar Enterprises,531638.4,Dr,husk purchase,16-Apr-2024
AV01088,Purchase,1088,15-Apr-2024,New Bhairav Krishi Udyog,512525.4,Dr,husk purchase,15-Apr-2024
AV01089,Purchase,1089,09-Apr-2024,Nakoda Ramdev Trading Co,608840.1,Dr,husk purchase,09-Apr-2024
AV01090,Purchase,1090,25-Apr-2024,Salasar Saurashtra Biomass Suppliers,476297.1,Dr,husk purchase,25-Apr-2024
AV01091,Purchase,1091,18-Apr-2024,Salasar Krishna Biomass Suppliers,537830.6,Dr,husk purchase,18-Apr-2024
AV01092,Purchase,1092,20-Apr-2024,Sanwariya Rathore Agro Company,549175.2,Dr,husk purchase,20-Apr-2024
AV01093,Purchase,1093,17-Apr-2024,New Bhairav Krishi Udyog,485179.8,Dr,husk purchase,17-Apr-2024
AV01094,Purchase,1094,08-Apr-2024,Sanwariya Suraj Biomass Suppliers,632835.0,Dr,husk purchase,08-Apr-2024
AV01095,Purchase,1095,03-Apr-2024,Maa Ganesh Biomass Co,562764.6,Dr,husk purchase,03-Apr-2024
AV01096,Purchase,1096,12-Apr-2024,Sanwariya Govind Agro Industries,604877.0,Dr,husk purchase,12-Apr-2024
AV01097,Purchase,1097,18-Apr-2024,Khatu Shyam Enterprises,544992.5,Dr,husk purchase,18-Apr-2024
AV01098,Purchase,1098,10-Apr-2024,Khatu Shyam Enterprises,634718.8,Dr,husk purchase,10-Apr-2024
AV01099,Purchase,1099,20-Apr-2024,New Rathore Agro Industries,539484.0,Dr,husk purchase,20-Apr-2024
AV01100,Purchase,1100,15-Apr-2024,Shree Vijay Agro Traders,471266.0,Dr,husk purchase,15-Apr-2024
AV01101,Purchase,1101,26-Apr-2024,Shree Ramdev Fuels,562589.3,Dr,husk purchase,26-Apr-2024
AV01102,Purchase,1102,18-Apr-2024,Khatu Marudhar Enterprises,545333.4,Dr,husk purchase,18-Apr-2024
AV01103,Purchase,1103,16-Apr-2024,Maa Balaji Krishi Bhandar,604674.6,Dr,husk purchase,16-Apr-2024
AV01104,Purchase,1104,20-Apr-2024,Salasar Saurashtra Biomass Suppliers,534578.0,Dr,husk purchase,20-Apr-2024
AV01105,Purchase,1105,27-Apr-2024,Shree Vijay Agro Traders,553350.0,Dr,husk purchase,27-Apr-2024
AV01106,Purchase,1106,17-Apr-2024,New Rathore Krishi Bhandar,515652.3,Dr,husk purchase,17-Apr-2024
AV01107,Purchase,1107,19-Apr-2024,Sanwariya Rathore Agro Company,581270.1,Dr,husk purchase,19-Apr-2024
AV01108,Purchase,1108,26-Apr-2024,New Bhagwati Krishi Bhandar,574154.7,Dr,husk purchase,26-Apr-2024
AV01109,Purchase,1109,20-Apr-2024,Sanwariya Govind Agro Industries,586147.7,Dr,husk purchase,20-Apr-2024
AV01110,Purchase,1110,24-Apr-2024,Khatu Jagdamba Agro Industries,469608.0,Dr,husk purchase,24-Apr-2024
AV01111,Purchase,1111,18-Apr-2024,Sanwariya Suraj Biomass Suppliers,562464.0,Dr,husk purchase,18-Apr-2024
AV01112,Purchase,1112,13-Apr-2024,Sanwariya Ganesh Agri Residue Pvt Ltd,582386.7,Dr,husk purchase,13-Apr-2024
AV01113,Purchase,1113,07-Apr-2024,Shree Rajputana Trading Co,496286.7,Dr,husk purchase,07-Apr-2024
AV01114,Purchase,1114,20-Apr-2024,Maa Krishna Fuels,659343.3,Dr,stalk purchase,20-Apr-2024
AV01115,Purchase,1115,23-Apr-2024,New Banas Biomass Co,817186.0,Dr,stalk purchase,23-Apr-2024
AV01116,Purchase,1116,08-Apr-2024,Nakoda Banas Krishi Bhandar,646781.7,Dr,stalk purchase,08-Apr-2024
AV01117,Purchase,1117,03-Apr-2024,Maa Krishna Fuels,670365.8,Dr,stalk purchase,03-Apr-2024
AV01118,Purchase,1118,23-Apr-2024,Shri Bhagwati Trading Co,822970.0,Dr,stalk purchase,23-Apr-2024
AV01119,Purchase,1119,23-Apr-2024,New Banas Biomass Co,641886.0,Dr,stalk purchase,23-Apr-2024
AV01120,Purchase,1120,15-Apr-2024,Khatu Rathore Biomass Co,667712.4,Dr,stalk purchase,15-Apr-2024
AV01121,Purchase,1121,14-Apr-2024,Khatu Rathore Biomass Co,821927.6,Dr,stalk purchase,14-Apr-2024
AV01122,Purchase,1122,21-Apr-2024,Khatu Shyam Enterprises,679947.3,Dr,stalk purchase,21-Apr-2024
AV01123,Purchase,1123,16-Apr-2024,Shri Bhagwati Trading Co,694721.2,Dr,stalk purchase,16-Apr-2024
AV01124,Purchase,1124,26-Apr-2024,Maa Bhairav Krishi Udyog,634692.0,Dr,stalk purchase,26-Apr-2024
AV01125,Purchase,1125,12-Apr-2024,Shri Bhagwati Trading Co,682605.3,Dr,stalk purchase,12-Apr-2024
AV01126,Purchase,1126,23-Apr-2024,Shri Bhagwati Trading Co,804807.2,Dr,stalk purchase,23-Apr-2024
AV01127,Purchase,1127,24-Apr-2024,Nakoda Marudhar Agri Residue Pvt Ltd,635695.8,Dr,stalk purchase,24-Apr-2024
AV01128,Purchase,1128,26-Apr-2024,Salasar Banas Biomass Co,784281.6,Dr,stalk purchase,26-Apr-2024
AV01129,Purchase,1129,08-Apr-2024,Jai Sardar Agro Industries,826956.0,Dr,stalk purchase,08-Apr-2024
AV01130,Purchase,1130,18-Apr-2024,Jai Thar Fuels,801770.7,Dr,stalk purchase,18-Apr-2024
AV01131,Purchase,1131,09-Apr-2024,Sanwariya Vijay Enterprises,787262.4,Dr,stalk purchase,09-Apr-2024
AV01132,Purchase,1132,09-Apr-2024,Khatu Shyam Enterprises,749218.8,Dr,stalk purchase,09-Apr-2024
AV01133,Purchase,1133,24-Apr-2024,Sanwariya Rathore Agro Company,578608.0,Dr,stalk purchase,24-Apr-2024
AV01134,Purchase,1134,25-May-2024,Sanwariya Ganesh Agri Residue Pvt Ltd,488926.9,Dr,husk purchase,25-May-2024
AV01135,Purchase,1135,21-May-2024,Salasar Marudhar Krishi Udyog,452685.2,Dr,husk purchase,21-May-2024
AV01136,Purchase,1136,06-May-2024,New Bhairav Krishi Udyog,457160.0,Dr,husk purchase,06-May-2024
AV01137,Purchase,1137,19-May-2024,Sanwariya Govind Agro Industries,455608.4,Dr,husk purchase,19-May-2024
AV01138,Purchase,1138,02-May-2024,Maa Balaji Trading Co,384334.0,Dr,husk purchase,02-May-2024
AV01139,Purchase,1139,08-May-2024,Salasar Saurashtra Biomass Suppliers,434717.6,Dr,husk purchase,08-May-2024
AV01140,Purchase,1140,19-May-2024,Om Shyam Biomass Suppliers,476364.0,Dr,husk purchase,19-May-2024
AV01141,Purchase,1141,26-May-2024,Khatu Vijay Biomass Suppliers,454480.0,Dr,husk purchase,26-May-2024
AV01142,Purchase,1142,25-May-2024,Salasar Mahaveer Krishi Udyog,456686.2,Dr,husk purchase,25-May-2024
AV01143,Purchase,1143,15-May-2024,Salasar Luni Agro Company,447110.4,Dr,husk purchase,15-May-2024
AV01144,Purchase,1144,14-May-2024,New Rathore Agro Industries,357316.3,Dr,husk purchase,14-May-2024
AV01145,Purchase,1145,05-May-2024,Shree Laxmi Biomass Suppliers,376620.1,Dr,husk purchase,05-May-2024
AV01146,Purchase,1146,22-May-2024,Salasar Mahaveer Krishi Udyog,397278.0,Dr,husk purchase,22-May-2024
AV01147,Purchase,1147,10-May-2024,Salasar Mahaveer Krishi Udyog,410942.4,Dr,husk purchase,10-May-2024
AV01148,Purchase,1148,12-May-2024,Khatu Shyam Enterprises,353079.4,Dr,husk purchase,12-May-2024
AV01149,Purchase,1149,13-May-2024,Salasar Krishna Biomass Suppliers,439608.4,Dr,husk purchase,13-May-2024
AV01150,Purchase,1150,25-May-2024,Sanwariya Suraj Biomass Suppliers,419099.6,Dr,husk purchase,25-May-2024
AV01151,Purchase,1151,26-May-2024,New Bhairav Krishi Udyog,477997.0,Dr,husk purchase,26-May-2024
AV01152,Purchase,1152,09-May-2024,Sanwariya Ganesh Agri Residue Pvt Ltd,378274.8,Dr,husk purchase,09-May-2024
AV01153,Purchase,1153,16-May-2024,Salasar Deepak Agri Residue Pvt Ltd,407604.4,Dr,husk purchase,16-May-2024
AV01154,Purchase,1154,06-May-2024,New Rajputana Agro Traders,420709.2,Dr,husk purchase,06-May-2024
AV01155,Purchase,1155,10-May-2024,Sanwariya Vijay Enterprises,423122.4,Dr,husk purchase,10-May-2024
AV01156,Purchase,1156,24-May-2024,New Balaji Krishi Bhandar,487719.0,Dr,husk purchase,24-May-2024
AV01157,Purchase,1157,25-May-2024,Maa Balaji Trading Co,405625.6,Dr,husk purchase,25-May-2024
AV01158,Purchase,1158,16-May-2024,Salasar Deepak Agri Residue Pvt Ltd,394843.2,Dr,husk purchase,16-May-2024
AV01159,Purchase,1159,22-May-2024,New Rajputana Agro Traders,468267.1,Dr,husk purchase,22-May-2024
AV01160,Purchase,1160,26-May-2024,Khatu Shyam Enterprises,424393.0,Dr,husk purchase,26-May-2024
AV01161,Purchase,1161,18-May-2024,Sanwariya Vijay Enterprises,407492.4,Dr,husk purchase,18-May-2024
AV01162,Purchase,1162,11-May-2024,Salasar Mahaveer Krishi Udyog,430079.4,Dr,husk purchase,11-May-2024
AV01163,Purchase,1163,23-May-2024,Khatu Thar Agro Company,487680.4,Dr,husk purchase,23-May-2024
AV01164,Purchase,1164,18-May-2024,Om Shyam Biomass Suppliers,362650.3,Dr,husk purchase,18-May-2024
AV01165,Purchase,1165,06-May-2024,New Balaji Krishi Bhandar,428719.2,Dr,husk purchase,06-May-2024
AV01166,Purchase,1166,06-May-2024,Salasar Luni Agro Company,404118.1,Dr,husk purchase,06-May-2024
AV01167,Purchase,1167,24-May-2024,Shri Bhagwati Trading Co,456801.9,Dr,husk purchase,24-May-2024
AV01168,Purchase,1168,10-May-2024,Shree Rajputana Trading Co,414020.1,Dr,husk purchase,10-May-2024
AV01169,Purchase,1169,25-May-2024,Shree Ramdev Fuels,479577.6,Dr,husk purchase,25-May-2024
AV01170,Purchase,1170,10-May-2024,Shree Laxmi Biomass Suppliers,384300.0,Dr,husk purchase,10-May-2024
AV01171,Purchase,1171,20-May-2024,Nakoda Ramdev Trading Co,395637.0,Dr,husk purchase,20-May-2024
AV01172,Purchase,1172,07-May-2024,Salasar Saurashtra Biomass Suppliers,392028.0,Dr,husk purchase,07-May-2024
AV01173,Purchase,1173,12-May-2024,Sanwariya Suraj Biomass Suppliers,485512.8,Dr,husk purchase,12-May-2024
AV01174,Purchase,1174,16-May-2024,Khatu Jagdamba Agro Industries,404084.7,Dr,husk purchase,16-May-2024
AV01175,Purchase,1175,03-May-2024,Khatu Jagdamba Agro Industries,453260.5,Dr,husk purchase,03-May-2024
AV01176,Purchase,1176,19-May-2024,Maa Balaji Krishi Bhandar,451322.8,Dr,husk purchase,19-May-2024
AV01177,Purchase,1177,09-May-2024,Om Shyam Biomass Suppliers,472768.8,Dr,husk purchase,09-May-2024
AV01178,Purchase,1178,16-May-2024,New Rathore Krishi Bhandar,475037.5,Dr,husk purchase,16-May-2024
AV01179,Purchase,1179,16-May-2024,Maa Balaji Trading Co,377137.6,Dr,husk purchase,16-May-2024
AV01180,Purchase,1180,07-May-2024,Salasar Luni Agro Company,411861.0,Dr,husk purchase,07-May-2024
AV01181,Purchase,1181,07-May-2024,New Rathore Krishi Bhandar,444785.6,Dr,husk purchase,07-May-2024
AV01182,Purchase,1182,12-May-2024,Salasar Luni Agro Company,367737.6,Dr,husk purchase,12-May-2024
AV01183,Purchase,1183,21-May-2024,Khatu Jagdamba Agro Industries,480251.2,Dr,husk purchase,21-May-2024
AV01184,Purchase,1184,11-May-2024,Salasar Deepak Agri Residue Pvt Ltd,476884.8,Dr,husk purchase,11-May-2024
AV01185,Purchase,1185,24-May-2024,Khatu Vijay Biomass Suppliers,479261.9,Dr,husk purchase,24-May-2024
AV01186,Purchase,1186,17-May-2024,New Rajputana Agro Traders,442479.1,Dr,husk purchase,17-May-2024
AV01187,Purchase,1187,02-May-2024,Maa Vijay Biomass Co,371604.0,Dr,husk purchase,02-May-2024
AV01188,Purchase,1188,10-May-2024,Khatu Marudhar Enterprises,441838.8,Dr,husk purchase,10-May-2024
AV01189,Purchase,1189,20-May-2024,Salasar Krishna Biomass Suppliers,431158.4,Dr,husk purchase,20-May-2024
AV01190,Purchase,1190,14-May-2024,Maa Vijay Biomass Co,413504.0,Dr,husk purchase,14-May-2024
AV01191,Purchase,1191,20-May-2024,Khatu Shyam Enterprises,435799.2,Dr,husk purchase,20-May-2024
AV01192,Purchase,1192,27-May-2024,Salasar Luni Agro Company,413197.2,Dr,husk purchase,27-May-2024
AV01193,Purchase,1193,07-May-2024,Khatu Vijay Biomass Suppliers,454690.6,Dr,husk purchase,07-May-2024
AV01194,Purchase,1194,19-May-2024,Salasar Saurashtra Biomass Suppliers,478229.3,Dr,husk purchase,19-May-2024
AV01195,Purchase,1195,18-May-2024,New Rathore Agro Industries,469059.5,Dr,husk purchase,18-May-2024
AV01196,Purchase,1196,11-May-2024,Salasar Luni Agro Company,445548.0,Dr,husk purchase,11-May-2024
AV01197,Purchase,1197,10-May-2024,New Balaji Krishi Bhandar,383944.4,Dr,husk purchase,10-May-2024
AV01198,Purchase,1198,02-May-2024,Khatu Shyam Enterprises,416465.7,Dr,husk purchase,02-May-2024
AV01199,Purchase,1199,15-May-2024,New Rajputana Agro Traders,404057.5,Dr,husk purchase,15-May-2024
AV01200,Purchase,1200,21-May-2024,Salasar Mahaveer Fuels,438679.8,Dr,husk purchase,21-May-2024
AV01201,Purchase,1201,23-May-2024,Sanwariya Suraj Biomass Suppliers,447746.4,Dr,husk purchase,23-May-2024
AV01202,Purchase,1202,10-May-2024,Salasar Marudhar Krishi Udyog,355882.0,Dr,husk purchase,10-May-2024
AV01203,Purchase,1203,02-May-2024,Shree Rajputana Trading Co,431245.9,Dr,husk purchase,02-May-2024
AV01204,Purchase,1204,10-May-2024,Nakoda Ramdev Trading Co,394107.3,Dr,husk purchase,10-May-2024
AV01205,Purchase,1205,24-May-2024,Nakoda Ramdev Trading Co,421514.0,Dr,husk purchase,24-May-2024
AV01206,Purchase,1206,11-May-2024,Om Shyam Biomass Suppliers,385856.6,Dr,husk purchase,11-May-2024
AV01207,Purchase,1207,07-May-2024,Sanwariya Vijay Enterprises,439248.7,Dr,husk purchase,07-May-2024
AV01208,Purchase,1208,13-May-2024,Sanwariya Ganesh Agri Residue Pvt Ltd,362880.0,Dr,husk purchase,13-May-2024
AV01209,Purchase,1209,25-May-2024,Salasar Mahaveer Fuels,387131.4,Dr,husk purchase,25-May-2024
AV01210,Purchase,1210,16-May-2024,Salasar Mahaveer Krishi Udyog,391760.0,Dr,husk purchase,16-May-2024
AV01211,Purchase,1211,11-May-2024,New Banas Biomass Co,986000.0,Dr,stalk purchase,11-May-2024
AV01212,Purchase,1212,05-May-2024,Sanwariya Krishna Agri Residue Pvt Ltd,987936.4,Dr,stalk purchase,05-May-2024
AV01213,Purchase,1213,03-May-2024,Sanwariya Krishna Agri Residue Pvt Ltd,792120.0,Dr,stalk purchase,03-May-2024
AV01214,Purchase,1214,02-May-2024,Nakoda Marudhar Agri Residue Pvt Ltd,922548.6,Dr,stalk purchase,02-May-2024
AV01215,Purchase,1215,19-May-2024,Maa Kathiawad Agri Residue Pvt Ltd,1022417.5,Dr,stalk purchase,19-May-2024
AV01216,Purchase,1216,08-May-2024,Jai Sardar Agro Industries,1004505.0,Dr,stalk purchase,08-May-2024
AV01217,Purchase,1217,02-May-2024,Sanwariya Krishna Agri Residue Pvt Ltd,933873.4,Dr,stalk purchase,02-May-2024
AV01218,Purchase,1218,18-May-2024,New Banas Biomass Co,945120.0,Dr,stalk purchase,18-May-2024
AV01219,Purchase,1219,22-May-2024,Maa Bhairav Krishi Udyog,792583.2,Dr,stalk purchase,22-May-2024
AV01220,Purchase,1220,11-May-2024,Shri Bhagwati Trading Co,1004060.0,Dr,stalk purchase,11-May-2024
AV01221,Purchase,1221,12-May-2024,Sanwariya Rathore Agro Company,900375.0,Dr,stalk purchase,12-May-2024
AV01222,Purchase,1222,26-May-2024,Khatu Rajputana Enterprises,793918.0,Dr,stalk purchase,26-May-2024
AV01223,Purchase,1223,15-May-2024,Jai Rathore Agro Traders,854421.6,Dr,stalk purchase,15-May-2024
AV01224,Purchase,1224,26-May-2024,Sanwariya Vijay Enterprises,1035762.6,Dr,stalk purchase,26-May-2024
AV01225,Purchase,1225,24-May-2024,Maa Krishna Fuels,842456.0,Dr,stalk purchase,24-May-2024
AV01226,Purchase,1226,05-May-2024,Sanwariya Rathore Agro Company,907680.0,Dr,stalk purchase,05-May-2024
AV01227,Purchase,1227,25-Jun-2024,Salasar Mahaveer Krishi Udyog,835249.8,Dr,husk purchase,25-Jun-2024
AV01228,Purchase,1228,26-Jun-2024,Maa Balaji Trading Co,866376.0,Dr,husk purchase,26-Jun-2024
AV01229,Purchase,1229,11-Jun-2024,New Rathore Agro Industries,725938.9,Dr,husk purchase,11-Jun-2024
AV01230,Purchase,1230,13-Jun-2024,Maa Balaji Trading Co,923992.4,Dr,husk purchase,13-Jun-2024
AV01231,Purchase,1231,10-Jun-2024,Om Shyam Biomass Suppliers,731332.8,Dr,husk purchase,10-Jun-2024
AV01232,Purchase,1232,26-Jun-2024,Salasar Deepak Agri Residue Pvt Ltd,862739.8,Dr,husk purchase,26-Jun-2024
AV01233,Purchase,1233,07-Jun-2024,Sanwariya Vijay Enterprises,700644.0,Dr,husk purchase,07-Jun-2024
AV01234,Purchase,1234,14-Jun-2024,New Rathore Krishi Bhandar,871845.5,Dr,husk purchase,14-Jun-2024
AV01235,Purchase,1235,08-Jun-2024,Khatu Thar Agro Company,744376.6,Dr,husk purchase,08-Jun-2024
AV01236,Purchase,1236,15-Jun-2024,Maa Ganesh Biomass Co,726739.2,Dr,husk purchase,15-Jun-2024
AV01237,Purchase,1237,15-Jun-2024,Sanwariya Rathore Agro Company,872563.2,Dr,husk purchase,15-Jun-2024
AV01238,Purchase,1238,04-Jun-2024,Sanwariya Govind Agro Industries,824250.0,Dr,husk purchase,04-Jun-2024
AV01239,Purchase,1239,06-Jun-2024,Sanwariya Govind Agro Industries,804969.4,Dr,husk purchase,06-Jun-2024
AV01240,Purchase,1240,18-Jun-2024,New Balaji Krishi Bhandar,932844.0,Dr,husk purchase,18-Jun-2024
AV01241,Purchase,1241,10-Jun-2024,Khatu Shyam Enterprises,746452.2,Dr,husk purchase,10-Jun-2024
AV01242,Purchase,1242,07-Jun-2024,New Bhairav Krishi Udyog,910137.6,Dr,husk purchase,07-Jun-2024
AV01243,Purchase,1243,15-Jun-2024,Salasar Krishna Biomass Suppliers,699112.8,Dr,husk purchase,15-Jun-2024
AV01244,Purchase,1244,14-Jun-2024,Maa Vijay Biomass Co,792805.4,Dr,husk purchase,14-Jun-2024
AV01245,Purchase,1245,24-Jun-2024,Sanwariya Ganesh Agri Residue Pvt Ltd,785312.0,Dr,husk purchase,24-Jun-2024
AV01246,Purchase,1246,10-Jun-2024,Sanwariya Suraj Biomass Suppliers,696608.8,Dr,husk purchase,10-Jun-2024
AV01247,Purchase,1247,24-Jun-2024,Nakoda Ramdev Trading Co,766953.6,Dr,husk purchase,24-Jun-2024
AV01248,Purchase,1248,25-Jun-2024,Maa Balaji Krishi Bhandar,812649.6,Dr,husk purchase,25-Jun-2024
AV01249,Purchase,1249,05-Jun-2024,New Rathore Agro Industries,757647.8,Dr,husk purchase,05-Jun-2024
AV01250,Purchase,1250,15-Jun-2024,Salasar Mahaveer Krishi Udyog,820352.0,Dr,husk purchase,15-Jun-2024
AV01251,Purchase,1251,19-Jun-2024,New Bhairav Krishi Udyog,914239.8,Dr,husk purchase,19-Jun-2024
AV01252,Purchase,1252,15-Jun-2024,Sanwariya Suraj Biomass Suppliers,790125.0,Dr,husk purchase,15-Jun-2024
AV01253,Purchase,1253,25-Jun-2024,Salasar Deepak Agri Residue Pvt Ltd,863774.7,Dr,husk purchase,25-Jun-2024
AV01254,Purchase,1254,03-Jun-2024,New Rathore Krishi Bhandar,894465.0,Dr,husk purchase,03-Jun-2024
AV01255,Purchase,1255,02-Jun-2024,Shree Ramdev Fuels,718535.0,Dr,husk purchase,02-Jun-2024
AV01256,Purchase,1256,06-Jun-2024,Salasar Mahaveer Krishi Udyog,730584.0,Dr,husk purchase,06-Jun-2024
AV01257,Purchase,1257,14-Jun-2024,Shree Laxmi Biomass Suppliers,881866.0,Dr,husk purchase,14-Jun-2024
AV01258,Purchase,1258,03-Jun-2024,Shree Ramdev Fuels,961798.4,Dr,husk purchase,03-Jun-2024
AV01259,Purchase,1259,20-Jun-2024,Khatu Jagdamba Agro Industries,905051.1,Dr,husk purchase,20-Jun-2024
AV01260,Purchase,1260,27-Jun-2024,Shree Vijay Agro Traders,828216.9,Dr,husk purchase,27-Jun-2024
AV01261,Purchase,1261,16-Jun-2024,Nakoda Ramdev Trading Co,727396.2,Dr,husk purchase,16-Jun-2024
AV01262,Purchase,1262,04-Jun-2024,Salasar Marudhar Krishi Udyog,839124.0,Dr,husk purchase,04-Jun-2024
AV01263,Purchase,1263,24-Jun-2024,New Bhairav Krishi Udyog,873228.0,Dr,husk purchase,24-Jun-2024
AV01264,Purchase,1264,16-Jun-2024,New Rathore Krishi Bhandar,862891.2,Dr,husk purchase,16-Jun-2024
AV01265,Purchase,1265,17-Jun-2024,New Bhagwati Krishi Bhandar,863631.6,Dr,husk purchase,17-Jun-2024
AV01266,Purchase,1266,16-Jun-2024,Khatu Marudhar Enterprises,892120.8,Dr,husk purchase,16-Jun-2024
AV01267,Purchase,1267,14-Jun-2024,Maa Balaji Krishi Bhandar,747831.9,Dr,husk purchase,14-Jun-2024
AV01268,Purchase,1268,07-Jun-2024,Shree Rajputana Trading Co,704642.4,Dr,husk purchase,07-Jun-2024
AV01269,Purchase,1269,15-Jun-2024,Jai Rathore Agro Traders,558047.7,Dr,stalk purchase,15-Jun-2024
AV01270,Purchase,1270,07-Jun-2024,Jai Rathore Krishi Bhandar,500902.6,Dr,stalk purchase,07-Jun-2024
AV01271,Purchase,1271,24-Jun-2024,Khatu Rajputana Enterprises,633959.5,Dr,stalk purchase,24-Jun-2024
AV01272,Purchase,1272,11-Jun-2024,Nakoda Banas Krishi Bhandar,605216.8,Dr,stalk purchase,11-Jun-2024
AV01273,Purchase,1273,09-Jun-2024,Khatu Bhairav Biomass Suppliers,606112.0,Dr,stalk purchase,09-Jun-2024
AV01274,Purchase,1274,02-Jun-2024,Shree Laxmi Biomass Suppliers,545999.2,Dr,stalk purchase,02-Jun-2024
AV01275,Purchase,1275,09-Jun-2024,Salasar Banas Biomass Co,595688.1,Dr,stalk purchase,09-Jun-2024
AV01276,Purchase,1276,07-Jun-2024,Sanwariya Govind Agro Industries,528686.4,Dr,stalk purchase,07-Jun-2024
AV01277,Purchase,1277,07-Jun-2024,Sanwariya Ganesh Agri Residue Pvt Ltd,602351.4,Dr,stalk purchase,07-Jun-2024
AV01278,Purchase,1278,05-Jun-2024,Jai Rathore Krishi Bhandar,516945.4,Dr,stalk purchase,05-Jun-2024
AV01279,Purchase,1279,13-Jun-2024,Maa Bhairav Krishi Udyog,479267.4,Dr,stalk purchase,13-Jun-2024
AV01280,Purchase,1280,16-Jun-2024,Maa Kathiawad Agri Residue Pvt Ltd,542631.6,Dr,stalk purchase,16-Jun-2024
AV01281,Purchase,1281,24-Jun-2024,Jai Sardar Agro Industries,654151.5,Dr,stalk purchase,24-Jun-2024
AV01282,Purchase,1282,17-Jun-2024,Sanwariya Rathore Agro Company,578126.7,Dr,stalk purchase,17-Jun-2024
AV01283,Purchase,1283,03-Jun-2024,Salasar Marudhar Krishi Udyog,622494.4,Dr,stalk purchase,03-Jun-2024
AV01284,Purchase,1284,08-Jun-2024,Salasar Banas Biomass Co,582952.1,Dr,stalk purchase,08-Jun-2024
AV01285,Purchase,1285,21-Jun-2024,Maa Kathiawad Agri Residue Pvt Ltd,538947.5,Dr,stalk purchase,21-Jun-2024
AV01286,Purchase,1286,18-Jun-2024,Maa Kathiawad Agri Residue Pvt Ltd,570805.6,Dr,stalk purchase,18-Jun-2024
AV01287,Purchase,1287,18-Jun-2024,Maa Bhairav Krishi Udyog,637394.4,Dr,stalk purchase,18-Jun-2024
AV01288,Purchase,1288,09-Jun-2024,Khatu Shyam Enterprises,534167.2,Dr,stalk purchase,09-Jun-2024
AV01289,Purchase,1289,17-Jun-2024,Sanwariya Krishna Agri Residue Pvt Ltd,537572.4,Dr,stalk purchase,17-Jun-2024
AV01290,Purchase,1290,10-Jun-2024,Nakoda Banas Krishi Bhandar,627851.5,Dr,stalk purchase,10-Jun-2024
AV01291,Purchase,1291,27-Jun-2024,Khatu Rajputana Enterprises,491839.5,Dr,stalk purchase,27-Jun-2024
AV01292,Purchase,1292,10-Jun-2024,Nakoda Marudhar Agri Residue Pvt Ltd,510268.5,Dr,stalk purchase,10-Jun-2024
AV01293,Purchase,1293,21-Jun-2024,Nakoda Marudhar Agri Residue Pvt Ltd,597534.7,Dr,stalk purchase,21-Jun-2024
AV01294,Purchase,1294,03-Jun-2024,Salasar Marudhar Krishi Udyog,537072.0,Dr,stalk purchase,03-Jun-2024
AV01295,Purchase,1295,04-Jun-2024,Jai Sardar Agro Industries,625360.4,Dr,stalk purchase,04-Jun-2024
AV01296,Purchase,1296,07-Jul-2024,Khatu Shyam Enterprises,664371.9,Dr,husk purchase,07-Jul-2024
AV01297,Purchase,1297,09-Jul-2024,Khatu Jagdamba Agro Industries,769444.2,Dr,husk purchase,09-Jul-2024
AV01298,Purchase,1298,05-Jul-2024,New Rajputana Agro Traders,581534.8,Dr,husk purchase,05-Jul-2024
AV01299,Purchase,1299,16-Jul-2024,New Bhagwati Krishi Bhandar,704990.0,Dr,husk purchase,16-Jul-2024
AV01300,Purchase,1300,07-Jul-2024,Sanwariya Govind Agro Industries,726946.2,Dr,husk purchase,07-Jul-2024
AV01301,Purchase,1301,06-Jul-2024,Salasar Mahaveer Krishi Udyog,784551.6,Dr,husk purchase,06-Jul-2024
AV01302,Purchase,1302,03-Jul-2024,Salasar Luni Agro Company,607139.4,Dr,husk purchase,03-Jul-2024
AV01303,Purchase,1303,22-Jul-2024,Shree Luni Trading Co,705040.6,Dr,husk purchase,22-Jul-2024
AV01304,Purchase,1304,04-Jul-2024,Shree Luni Trading Co,784082.0,Dr,husk purchase,04-Jul-2024
AV01305,Purchase,1305,22-Jul-2024,Shree Ramdev Fuels,663863.5,Dr,husk purchase,22-Jul-2024
AV01306,Purchase,1306,24-Jul-2024,Maa Ganesh Biomass Co,804185.1,Dr,husk purchase,24-Jul-2024
AV01307,Purchase,1307,27-Jul-2024,Salasar Marudhar Krishi Udyog,697077.6,Dr,husk purchase,27-Jul-2024
AV01308,Purchase,1308,25-Jul-2024,Sanwariya Govind Agro Industries,591097.0,Dr,husk purchase,25-Jul-2024
AV01309,Purchase,1309,09-Jul-2024,Shree Laxmi Biomass Suppliers,715559.6,Dr,husk purchase,09-Jul-2024
AV01310,Purchase,1310,20-Jul-2024,Khatu Shyam Enterprises,696318.4,Dr,husk purchase,20-Jul-2024
AV01311,Purchase,1311,03-Jul-2024,Shri Bhagwati Trading Co,798782.8,Dr,husk purchase,03-Jul-2024
AV01312,Purchase,1312,09-Jul-2024,Maa Vijay Biomass Co,637617.2,Dr,husk purchase,09-Jul-2024
AV01313,Purchase,1313,09-Jul-2024,Khatu Thar Agro Company,631663.2,Dr,husk purchase,09-Jul-2024
AV01314,Purchase,1314,23-Jul-2024,Khatu Vijay Biomass Suppliers,744130.8,Dr,husk purchase,23-Jul-2024
AV01315,Purchase,1315,05-Jul-2024,New Rathore Krishi Bhandar,704487.4,Dr,husk purchase,05-Jul-2024
AV01316,Purchase,1316,27-Jul-2024,Khatu Vijay Biomass Suppliers,657177.5,Dr,husk purchase,27-Jul-2024
AV01317,Purchase,1317,20-Jul-2024,New Rajputana Agro Traders,620275.5,Dr,husk purchase,20-Jul-2024
AV01318,Purchase,1318,18-Jul-2024,New Bhagwati Krishi Bhandar,776230.0,Dr,husk purchase,18-Jul-2024
AV01319,Purchase,1319,12-Jul-2024,Shree Vijay Agro Traders,701272.8,Dr,husk purchase,12-Jul-2024
AV01320,Purchase,1320,21-Jul-2024,Om Shyam Biomass Suppliers,643953.8,Dr,husk purchase,21-Jul-2024
AV01321,Purchase,1321,12-Jul-2024,Maa Balaji Trading Co,760258.2,Dr,husk purchase,12-Jul-2024
AV01322,Purchase,1322,10-Jul-2024,Khatu Shyam Enterprises,673499.2,Dr,husk purchase,10-Jul-2024
AV01323,Purchase,1323,17-Jul-2024,Sanwariya Rathore Agro Company,759182.0,Dr,husk purchase,17-Jul-2024
AV01324,Purchase,1324,22-Jul-2024,New Bhagwati Krishi Bhandar,750465.8,Dr,husk purchase,22-Jul-2024
AV01325,Purchase,1325,12-Jul-2024,Salasar Marudhar Krishi Udyog,618470.0,Dr,husk purchase,12-Jul-2024
AV01326,Purchase,1326,12-Jul-2024,Sanwariya Vijay Enterprises,706892.0,Dr,husk purchase,12-Jul-2024
AV01327,Purchase,1327,25-Jul-2024,Om Shyam Biomass Suppliers,688792.5,Dr,husk purchase,25-Jul-2024
AV01328,Purchase,1328,24-Jul-2024,Shree Rajputana Trading Co,753081.1,Dr,husk purchase,24-Jul-2024
AV01329,Purchase,1329,24-Jul-2024,Khatu Shyam Enterprises,596862.3,Dr,husk purchase,24-Jul-2024
AV01330,Purchase,1330,16-Jul-2024,Salasar Mahaveer Krishi Udyog,742224.0,Dr,husk purchase,16-Jul-2024
AV01331,Purchase,1331,15-Jul-2024,Shree Luni Trading Co,680862.0,Dr,husk purchase,15-Jul-2024
AV01332,Purchase,1332,24-Jul-2024,Om Shyam Biomass Suppliers,699577.6,Dr,husk purchase,24-Jul-2024
AV01333,Purchase,1333,02-Jul-2024,Shree Luni Trading Co,605164.8,Dr,husk purchase,02-Jul-2024
AV01334,Purchase,1334,24-Jul-2024,Salasar Marudhar Krishi Udyog,621835.3,Dr,husk purchase,24-Jul-2024
AV01335,Purchase,1335,15-Jul-2024,Shri Bhagwati Trading Co,732065.6,Dr,husk purchase,15-Jul-2024
AV01336,Purchase,1336,04-Jul-2024,New Bhagwati Krishi Bhandar,556820.0,Dr,husk purchase,04-Jul-2024
AV01337,Purchase,1337,15-Jul-2024,New Rathore Krishi Bhandar,597770.8,Dr,husk purchase,15-Jul-2024
AV01338,Purchase,1338,23-Jul-2024,Shree Luni Trading Co,680671.2,Dr,husk purchase,23-Jul-2024
AV01339,Purchase,1339,18-Jul-2024,New Rajputana Agro Traders,703506.9,Dr,husk purchase,18-Jul-2024
AV01340,Purchase,1340,10-Jul-2024,Khatu Thar Agro Company,682276.4,Dr,husk purchase,10-Jul-2024
AV01341,Purchase,1341,04-Jul-2024,Om Shyam Biomass Suppliers,637842.2,Dr,husk purchase,04-Jul-2024
AV01342,Purchase,1342,25-Jul-2024,Jai Thar Fuels,611660.0,Dr,stalk purchase,25-Jul-2024
AV01343,Purchase,1343,19-Jul-2024,Khatu Rajputana Enterprises,626445.2,Dr,stalk purchase,19-Jul-2024
AV01344,Purchase,1344,21-Jul-2024,Maa Krishna Fuels,546361.2,Dr,stalk purchase,21-Jul-2024
AV01345,Purchase,1345,11-Jul-2024,Shri Bhagwati Trading Co,696049.2,Dr,stalk purchase,11-Jul-2024
AV01346,Purchase,1346,19-Jul-2024,Khatu Rathore Biomass Co,646396.4,Dr,stalk purchase,19-Jul-2024
AV01347,Purchase,1347,26-Jul-2024,Khatu Shyam Enterprises,624322.2,Dr,stalk purchase,26-Jul-2024
AV01348,Purchase,1348,11-Jul-2024,Jai Rathore Krishi Bhandar,519354.0,Dr,stalk purchase,11-Jul-2024
AV01349,Purchase,1349,14-Jul-2024,Jai Thar Fuels,673234.4,Dr,stalk purchase,14-Jul-2024
AV01350,Purchase,1350,13-Jul-2024,Nakoda Banas Krishi Bhandar,502389.2,Dr,stalk purchase,13-Jul-2024
AV01351,Purchase,1351,24-Jul-2024,Nakoda Banas Krishi Bhandar,523164.8,Dr,stalk purchase,24-Jul-2024
AV01352,Purchase,1352,11-Jul-2024,Sanwariya Ganesh Agri Residue Pvt Ltd,553637.7,Dr,stalk purchase,11-Jul-2024
AV01353,Purchase,1353,09-Jul-2024,Maa Krishna Fuels,622063.8,Dr,stalk purchase,09-Jul-2024
AV01354,Purchase,1354,07-Jul-2024,New Banas Biomass Co,683774.1,Dr,stalk purchase,07-Jul-2024
AV01355,Purchase,1355,18-Jul-2024,Maa Bhairav Krishi Udyog,672917.4,Dr,stalk purchase,18-Jul-2024
AV01356,Purchase,1356,19-Jul-2024,Sanwariya Vijay Enterprises,616764.4,Dr,stalk purchase,19-Jul-2024
AV01357,Purchase,1357,26-Jul-2024,Sanwariya Rathore Agro Company,609145.8,Dr,stalk purchase,26-Jul-2024
AV01358,Purchase,1358,23-Jul-2024,Khatu Shyam Enterprises,651156.8,Dr,stalk purchase,23-Jul-2024
AV01359,Purchase,1359,17-Jul-2024,New Banas Biomass Co,501402.1,Dr,stalk purchase,17-Jul-2024
AV01360,Purchase,1360,07-Jul-2024,Khatu Rajputana Enterprises,540433.6,Dr,stalk purchase,07-Jul-2024
AV01361,Purchase,1361,03-Jul-2024,Khatu Bhairav Biomass Suppliers,505171.1,Dr,stalk purchase,03-Jul-2024
AV01362,Purchase,1362,25-Jul-2024,Salasar Marudhar Krishi Udyog,666926.4,Dr,stalk purchase,25-Jul-2024
AV01363,Purchase,1363,22-Jul-2024,Maa Kathiawad Agri Residue Pvt Ltd,494440.2,Dr,stalk purchase,22-Jul-2024
AV01364,Purchase,1364,24-Jul-2024,Jai Thar Fuels,564771.3,Dr,stalk purchase,24-Jul-2024
AV01365,Purchase,1365,12-Jul-2024,Khatu Bhairav Biomass Suppliers,634198.8,Dr,stalk purchase,12-Jul-2024
AV01366,Purchase,1366,04-Jul-2024,Sanwariya Rathore Agro Company,13408718.4,Dr,pellets purchase,04-Jul-2024
AV01367,Purchase,1367,08-Aug-2024,Khatu Jagdamba Agro Industries,721586.1,Dr,husk purchase,08-Aug-2024
AV01368,Purchase,1368,06-Aug-2024,Shree Rajputana Trading Co,830155.2,Dr,husk purchase,06-Aug-2024
AV01369,Purchase,1369,04-Aug-2024,Shree Laxmi Biomass Suppliers,801905.5,Dr,husk purchase,04-Aug-2024
AV01370,Purchase,1370,18-Aug-2024,Khatu Thar Agro Company,735279.6,Dr,husk purchase,18-Aug-2024
AV01371,Purchase,1371,09-Aug-2024,Salasar Saurashtra Biomass Suppliers,747052.8,Dr,husk purchase,09-Aug-2024
AV01372,Purchase,1372,20-Aug-2024,New Bhagwati Krishi Bhandar,686090.0,Dr,husk purchase,20-Aug-2024
AV01373,Purchase,1373,07-Aug-2024,Salasar Mahaveer Krishi Udyog,761937.3,Dr,husk purchase,07-Aug-2024
AV01374,Purchase,1374,13-Aug-2024,Shree Luni Trading Co,691252.8,Dr,husk purchase,13-Aug-2024
AV01375,Purchase,1375,17-Aug-2024,Khatu Marudhar Enterprises,803596.5,Dr,husk purchase,17-Aug-2024
AV01376,Purchase,1376,17-Aug-2024,Sanwariya Vijay Enterprises,622434.0,Dr,husk purchase,17-Aug-2024
AV01377,Purchase,1377,20-Aug-2024,Sanwariya Suraj Biomass Suppliers,706615.0,Dr,husk purchase,20-Aug-2024
AV01378,Purchase,1378,16-Aug-2024,Maa Balaji Krishi Bhandar,666429.0,Dr,husk purchase,16-Aug-2024
AV01379,Purchase,1379,20-Aug-2024,Shree Laxmi Biomass Suppliers,786687.6,Dr,husk purchase,20-Aug-2024
AV01380,Purchase,1380,25-Aug-2024,Maa Ganesh Biomass Co,671446.5,Dr,husk purchase,25-Aug-2024
AV01381,Purchase,1381,21-Aug-2024,Sanwariya Suraj Biomass Suppliers,602583.6,Dr,husk purchase,21-Aug-2024
AV01382,Purchase,1382,12-Aug-2024,New Bhairav Krishi Udyog,763074.0,Dr,husk purchase,12-Aug-2024
AV01383,Purchase,1383,20-Aug-2024,New Rathore Krishi Bhandar,714642.4,Dr,husk purchase,20-Aug-2024
AV01384,Purchase,1384,03-Aug-2024,Salasar Luni Agro Company,662515.2,Dr,husk purchase,03-Aug-2024
AV01385,Purchase,1385,25-Aug-2024,Shree Vijay Agro Traders,617088.6,Dr,husk purchase,25-Aug-2024
AV01386,Purchase,1386,03-Aug-2024,Salasar Krishna Biomass Suppliers,652346.8,Dr,husk purchase,03-Aug-2024
AV01387,Purchase,1387,08-Aug-2024,Khatu Thar Agro Company,793518.8,Dr,husk purchase,08-Aug-2024
AV01388,Purchase,1388,08-Aug-2024,Salasar Marudhar Krishi Udyog,746141.0,Dr,husk purchase,08-Aug-2024
AV01389,Purchase,1389,19-Aug-2024,Salasar Mahaveer Fuels,618982.8,Dr,husk purchase,19-Aug-2024
AV01390,Purchase,1390,27-Aug-2024,Maa Vijay Biomass Co,669556.0,Dr,husk purchase,27-Aug-2024
AV01391,Purchase,1391,17-Aug-2024,Khatu Vijay Biomass Suppliers,599610.0,Dr,husk purchase,17-Aug-2024
AV01392,Purchase,1392,23-Aug-2024,Khatu Marudhar Enterprises,815091.7,Dr,husk purchase,23-Aug-2024
AV01393,Purchase,1393,06-Aug-2024,New Rajputana Agro Traders,664411.2,Dr,husk purchase,06-Aug-2024
AV01394,Purchase,1394,19-Aug-2024,Sanwariya Vijay Enterprises,639670.0,Dr,husk purchase,19-Aug-2024
AV01395,Purchase,1395,13-Aug-2024,Maa Balaji Trading Co,709797.7,Dr,husk purchase,13-Aug-2024
AV01396,Purchase,1396,12-Aug-2024,Khatu Marudhar Enterprises,635062.2,Dr,husk purchase,12-Aug-2024
AV01397,Purchase,1397,17-Aug-2024,Khatu Marudhar Enterprises,726997.0,Dr,husk purchase,17-Aug-2024
AV01398,Purchase,1398,02-Aug-2024,New Balaji Krishi Bhandar,673209.0,Dr,husk purchase,02-Aug-2024
AV01399,Purchase,1399,27-Aug-2024,Khatu Thar Agro Company,814562.7,Dr,husk purchase,27-Aug-2024
AV01400,Purchase,1400,14-Aug-2024,Khatu Vijay Biomass Suppliers,773952.3,Dr,husk purchase,14-Aug-2024
AV01401,Purchase,1401,10-Aug-2024,Salasar Saurashtra Biomass Suppliers,766558.7,Dr,husk purchase,10-Aug-2024
AV01402,Purchase,1402,10-Aug-2024,Salasar Mahaveer Krishi Udyog,750370.4,Dr,husk purchase,10-Aug-2024
AV01403,Purchase,1403,18-Aug-2024,Khatu Vijay Biomass Suppliers,608020.8,Dr,husk purchase,18-Aug-2024
AV01404,Purchase,1404,27-Aug-2024,Sanwariya Ganesh Agri Residue Pvt Ltd,781491.0,Dr,husk purchase,27-Aug-2024
AV01405,Purchase,1405,11-Aug-2024,Maa Balaji Trading Co,643935.6,Dr,husk purchase,11-Aug-2024
AV01406,Purchase,1406,14-Aug-2024,Sanwariya Suraj Biomass Suppliers,776395.8,Dr,husk purchase,14-Aug-2024
AV01407,Purchase,1407,19-Aug-2024,Maa Balaji Krishi Bhandar,649112.8,Dr,husk purchase,19-Aug-2024
AV01408,Purchase,1408,27-Aug-2024,Sanwariya Suraj Biomass Suppliers,589718.6,Dr,husk purchase,27-Aug-2024
AV01409,Purchase,1409,08-Aug-2024,Sanwariya Suraj Biomass Suppliers,764844.3,Dr,husk purchase,08-Aug-2024
AV01410,Purchase,1410,17-Aug-2024,New Rathore Agro Industries,733914.9,Dr,husk purchase,17-Aug-2024
AV01411,Purchase,1411,13-Aug-2024,Nakoda Ramdev Trading Co,574714.8,Dr,husk purchase,13-Aug-2024
AV01412,Purchase,1412,02-Aug-2024,Salasar Saurashtra Biomass Suppliers,782925.5,Dr,husk purchase,02-Aug-2024
AV01413,Purchase,1413,21-Aug-2024,New Banas Biomass Co,734862.1,Dr,stalk purchase,21-Aug-2024
AV01414,Purchase,1414,23-Aug-2024,Salasar Banas Biomass Co,859303.5,Dr,stalk purchase,23-Aug-2024
AV01415,Purchase,1415,03-Aug-2024,Jai Rathore Agro Traders,723945.6,Dr,stalk purchase,03-Aug-2024
AV01416,Purchase,1416,24-Aug-2024,Salasar Marudhar Krishi Udyog,720275.8,Dr,stalk purchase,24-Aug-2024
AV01417,Purchase,1417,06-Aug-2024,Salasar Banas Biomass Co,829785.6,Dr,stalk purchase,06-Aug-2024
AV01418,Purchase,1418,15-Aug-2024,Sanwariya Govind Agro Industries,815153.4,Dr,stalk purchase,15-Aug-2024
AV01419,Purchase,1419,15-Aug-2024,Jai Sardar Agro Industries,771627.2,Dr,stalk purchase,15-Aug-2024
AV01420,Purchase,1420,11-Aug-2024,Maa Krishna Fuels,698392.8,Dr,stalk purchase,11-Aug-2024
AV01421,Purchase,1421,24-Aug-2024,Sanwariya Krishna Agri Residue Pvt Ltd,852744.8,Dr,stalk purchase,24-Aug-2024
AV01422,Purchase,1422,06-Aug-2024,Jai Rathore Agro Traders,687480.0,Dr,stalk purchase,06-Aug-2024
AV01423,Purchase,1423,16-Aug-2024,Salasar Marudhar Krishi Udyog,757272.0,Dr,stalk purchase,16-Aug-2024
AV01424,Purchase,1424,15-Aug-2024,Nakoda Banas Krishi Bhandar,858348.0,Dr,stalk purchase,15-Aug-2024
AV01425,Purchase,1425,20-Aug-2024,Salasar Marudhar Krishi Udyog,775717.2,Dr,stalk purchase,20-Aug-2024
AV01426,Purchase,1426,05-Aug-2024,Jai Rathore Krishi Bhandar,662926.5,Dr,stalk purchase,05-Aug-2024
AV01427,Purchase,1427,25-Aug-2024,Sanwariya Vijay Enterprises,701189.5,Dr,stalk purchase,25-Aug-2024
AV01428,Purchase,1428,04-Aug-2024,Khatu Shyam Enterprises,853062.4,Dr,stalk purchase,04-Aug-2024
AV01429,Purchase,1429,24-Aug-2024,Jai Rathore Agro Traders,730198.4,Dr,stalk purchase,24-Aug-2024
AV01430,Purchase,1430,09-Aug-2024,Sanwariya Vijay Enterprises,677758.6,Dr,stalk purchase,09-Aug-2024
AV01431,Purchase,1431,07-Aug-2024,Khatu Rathore Biomass Co,877204.1,Dr,stalk purchase,07-Aug-2024
AV01432,Purchase,1432,11-Aug-2024,Shri Bhagwati Trading Co,14148856.4,Dr,pellets purchase,11-Aug-2024
AV01433,Purchase,1433,04-Sep-2024,Khatu Jagdamba Agro Industries,752051.7,Dr,husk purchase,04-Sep-2024
AV01434,Purchase,1434,20-Sep-2024,Salasar Luni Agro Company,678048.3,Dr,husk purchase,20-Sep-2024
AV01435,Purchase,1435,02-Sep-2024,Khatu Shyam Enterprises,634064.7,Dr,husk purchase,02-Sep-2024
AV01436,Purchase,1436,17-Sep-2024,Maa Ganesh Biomass Co,773479.0,Dr,husk purchase,17-Sep-2024
AV01437,Purchase,1437,19-Sep-2024,Khatu Vijay Biomass Suppliers,676086.0,Dr,husk purchase,19-Sep-2024
AV01438,Purchase,1438,27-Sep-2024,Shree Ramdev Fuels,825277.2,Dr,husk purchase,27-Sep-2024
AV01439,Purchase,1439,24-Sep-2024,New Bhagwati Krishi Bhandar,627896.5,Dr,husk purchase,24-Sep-2024
AV01440,Purchase,1440,11-Sep-2024,Sanwariya Govind Agro Industries,782443.2,Dr,husk purchase,11-Sep-2024
AV01441,Purchase,1441,13-Sep-2024,New Bhairav Krishi Udyog,625328.0,Dr,husk purchase,13-Sep-2024
AV01442,Purchase,1442,15-Sep-2024,New Bhagwati Krishi Bhandar,747711.0,Dr,husk purchase,15-Sep-2024
AV01443,Purchase,1443,23-Sep-2024,Sanwariya Suraj Biomass Suppliers,739543.2,Dr,husk purchase,23-Sep-2024
AV01444,Purchase,1444,13-Sep-2024,Shree Laxmi Biomass Suppliers,766914.1,Dr,husk purchase,13-Sep-2024
AV01445,Purchase,1445,17-Sep-2024,Sanwariya Vijay Enterprises,622309.7,Dr,husk purchase,17-Sep-2024
AV01446,Purchase,1446,18-Sep-2024,Shri Bhagwati Trading Co,713798.4,Dr,husk purchase,18-Sep-2024
AV01447,Purchase,1447,24-Sep-2024,Salasar Deepak Agri Residue Pvt Ltd,738606.7,Dr,husk purchase,24-Sep-2024
AV01448,Purchase,1448,05-Sep-2024,Shree Ramdev Fuels,586748.8,Dr,husk purchase,05-Sep-2024
AV01449,Purchase,1449,20-Sep-2024,Salasar Luni Agro Company,800659.2,Dr,husk purchase,20-Sep-2024
AV01450,Purchase,1450,06-Sep-2024,Salasar Luni Agro Company,742716.0,Dr,husk purchase,06-Sep-2024
AV01451,Purchase,1451,19-Sep-2024,New Rajputana Agro Traders,694078.4,Dr,husk purchase,19-Sep-2024
AV01452,Purchase,1452,07-Sep-2024,Maa Vijay Biomass Co,647010.3,Dr,husk purchase,07-Sep-2024
AV01453,Purchase,1453,18-Sep-2024,Shri Bhagwati Trading Co,782380.8,Dr,husk purchase,18-Sep-2024
AV01454,Purchase,1454,13-Sep-2024,Khatu Marudhar Enterprises,605830.8,Dr,husk purchase,13-Sep-2024
AV01455,Purchase,1455,12-Sep-2024,Salasar Mahaveer Fuels,790336.0,Dr,husk purchase,12-Sep-2024
AV01456,Purchase,1456,02-Sep-2024,Nakoda Ramdev Trading Co,662478.0,Dr,husk purchase,02-Sep-2024
AV01457,Purchase,1457,23-Sep-2024,Khatu Shyam Enterprises,748840.8,Dr,husk purchase,23-Sep-2024
AV01458,Purchase,1458,17-Sep-2024,Salasar Mahaveer Fuels,700723.4,Dr,husk purchase,17-Sep-2024
AV01459,Purchase,1459,11-Sep-2024,Salasar Luni Agro Company,733491.2,Dr,husk purchase,11-Sep-2024
AV01460,Purchase,1460,11-Sep-2024,Salasar Deepak Agri Residue Pvt Ltd,695820.9,Dr,husk purchase,11-Sep-2024
AV01461,Purchase,1461,10-Sep-2024,New Bhairav Krishi Udyog,769920.0,Dr,husk purchase,10-Sep-2024
AV01462,Purchase,1462,27-Sep-2024,New Balaji Krishi Bhandar,794144.0,Dr,husk purchase,27-Sep-2024
AV01463,Purchase,1463,13-Sep-2024,New Rathore Krishi Bhandar,603623.8,Dr,husk purchase,13-Sep-2024
AV01464,Purchase,1464,19-Sep-2024,Shree Ramdev Fuels,754929.5,Dr,husk purchase,19-Sep-2024
AV01465,Purchase,1465,20-Sep-2024,Om Shyam Biomass Suppliers,718360.5,Dr,husk purchase,20-Sep-2024
AV01466,Purchase,1466,20-Sep-2024,Salasar Krishna Biomass Suppliers,751587.9,Dr,husk purchase,20-Sep-2024
AV01467,Purchase,1467,23-Sep-2024,Khatu Jagdamba Agro Industries,714843.8,Dr,husk purchase,23-Sep-2024
AV01468,Purchase,1468,25-Sep-2024,Shree Luni Trading Co,651655.0,Dr,husk purchase,25-Sep-2024
AV01469,Purchase,1469,06-Sep-2024,Shri Bhagwati Trading Co,627183.0,Dr,husk purchase,06-Sep-2024
AV01470,Purchase,1470,09-Sep-2024,New Balaji Krishi Bhandar,731139.0,Dr,husk purchase,09-Sep-2024
AV01471,Purchase,1471,03-Sep-2024,Salasar Saurashtra Biomass Suppliers,801164.6,Dr,husk purchase,03-Sep-2024
AV01472,Purchase,1472,19-Sep-2024,New Rathore Agro Industries,658027.8,Dr,husk purchase,19-Sep-2024
AV01473,Purchase,1473,16-Sep-2024,New Rajputana Agro Traders,719158.7,Dr,husk purchase,16-Sep-2024
AV01474,Purchase,1474,14-Sep-2024,Salasar Saurashtra Biomass Suppliers,701319.0,Dr,husk purchase,14-Sep-2024
AV01475,Purchase,1475,14-Sep-2024,Shree Vijay Agro Traders,619868.7,Dr,husk purchase,14-Sep-2024
AV01476,Purchase,1476,18-Sep-2024,Nakoda Ramdev Trading Co,777249.7,Dr,husk purchase,18-Sep-2024
AV01477,Purchase,1477,24-Sep-2024,Sanwariya Suraj Biomass Suppliers,672710.4,Dr,husk purchase,24-Sep-2024
AV01478,Purchase,1478,08-Sep-2024,New Balaji Krishi Bhandar,730542.0,Dr,husk purchase,08-Sep-2024
AV01479,Purchase,1479,20-Sep-2024,Shree Vijay Agro Traders,605516.4,Dr,husk purchase,20-Sep-2024
AV01480,Purchase,1480,25-Sep-2024,Nakoda Marudhar Agri Residue Pvt Ltd,961250.4,Dr,stalk purchase,25-Sep-2024
AV01481,Purchase,1481,21-Sep-2024,Sanwariya Govind Agro Industries,940010.2,Dr,stalk purchase,21-Sep-2024
AV01482,Purchase,1482,10-Sep-2024,Maa Krishna Fuels,920787.0,Dr,stalk purchase,10-Sep-2024
AV01483,Purchase,1483,04-Sep-2024,Salasar Marudhar Krishi Udyog,796928.0,Dr,stalk purchase,04-Sep-2024
AV01484,Purchase,1484,10-Sep-2024,Maa Krishna Fuels,913662.4,Dr,stalk purchase,10-Sep-2024
AV01485,Purchase,1485,22-Sep-2024,Khatu Rathore Biomass Co,955653.6,Dr,stalk purchase,22-Sep-2024
AV01486,Purchase,1486,12-Sep-2024,Nakoda Marudhar Agri Residue Pvt Ltd,931619.4,Dr,stalk purchase,12-Sep-2024
AV01487,Purchase,1487,11-Sep-2024,Maa Kathiawad Agri Residue Pvt Ltd,900354.0,Dr,stalk purchase,11-Sep-2024
AV01488,Purchase,1488,27-Sep-2024,Salasar Marudhar Krishi Udyog,705423.6,Dr,stalk purchase,27-Sep-2024
AV01489,Purchase,1489,25-Sep-2024,Khatu Rathore Biomass Co,775929.6,Dr,stalk purchase,25-Sep-2024
AV01490,Purchase,1490,13-Sep-2024,Khatu Shyam Enterprises,904571.7,Dr,stalk purchase,13-Sep-2024
AV01491,Purchase,1491,20-Sep-2024,Jai Thar Fuels,842618.1,Dr,stalk purchase,20-Sep-2024
AV01492,Purchase,1492,22-Sep-2024,Nakoda Banas Krishi Bhandar,787502.4,Dr,stalk purchase,22-Sep-2024
AV01493,Purchase,1493,27-Sep-2024,Jai Sardar Agro Industries,984891.6,Dr,stalk purchase,27-Sep-2024
AV01494,Purchase,1494,24-Sep-2024,Salasar Marudhar Krishi Udyog,865202.0,Dr,stalk purchase,24-Sep-2024
AV01495,Purchase,1495,04-Sep-2024,Shri Bhagwati Trading Co,789890.4,Dr,stalk purchase,04-Sep-2024
AV01496,Purchase,1496,05-Sep-2024,Sanwariya Rathore Agro Company,909766.2,Dr,stalk purchase,05-Sep-2024
AV01497,Purchase,1497,13-Sep-2024,Sanwariya Vijay Enterprises,13573086.8,Dr,pellets purchase,13-Sep-2024
AV01498,Purchase,1498,06-Oct-2024,Shree Rajputana Trading Co,694789.5,Dr,husk purchase,06-Oct-2024
AV01499,Purchase,1499,13-Oct-2024,Maa Ganesh Biomass Co,728075.1,Dr,husk purchase,13-Oct-2024
AV01500,Purchase,1500,21-Oct-2024,Shree Vijay Agro Traders,674954.4,Dr,husk purchase,21-Oct-2024
AV01501,Purchase,1501,07-Oct-2024,Salasar Krishna Biomass Suppliers,630015.0,Dr,husk purchase,07-Oct-2024
AV01502,Purchase,1502,26-Oct-2024,Sanwariya Govind Agro Industries,579545.6,Dr,husk purchase,26-Oct-2024
AV01503,Purchase,1503,07-Oct-2024,Khatu Marudhar Enterprises,756906.8,Dr,husk purchase,07-Oct-2024
AV01504,Purchase,1504,12-Oct-2024,New Bhairav Krishi Udyog,567154.2,Dr,husk purchase,12-Oct-2024
AV01505,Purchase,1505,16-Oct-2024,Khatu Shyam Enterprises,640012.8,Dr,husk purchase,16-Oct-2024
AV01506,Purchase,1506,15-Oct-2024,Maa Ganesh Biomass Co,687839.6,Dr,husk purchase,15-Oct-2024
AV01507,Purchase,1507,23-Oct-2024,Maa Balaji Trading Co,597359.0,Dr,husk purchase,23-Oct-2024
AV01508,Purchase,1508,02-Oct-2024,Salasar Marudhar Krishi Udyog,586606.8,Dr,husk purchase,02-Oct-2024
AV01509,Purchase,1509,19-Oct-2024,Khatu Jagdamba Agro Industries,686264.7,Dr,husk purchase,19-Oct-2024
AV01510,Purchase,1510,05-Oct-2024,Sanwariya Ganesh Agri Residue Pvt Ltd,662783.2,Dr,husk purchase,05-Oct-2024
AV01511,Purchase,1511,13-Oct-2024,New Bhairav Krishi Udyog,560880.0,Dr,husk purchase,13-Oct-2024
AV01512,Purchase,1512,15-Oct-2024,Shri Bhagwati Trading Co,622708.8,Dr,husk purchase,15-Oct-2024
AV01513,Purchase,1513,17-Oct-2024,Sanwariya Rathore Agro Company,660328.0,Dr,husk purchase,17-Oct-2024
AV01514,Purchase,1514,17-Oct-2024,Shree Luni Trading Co,556241.2,Dr,husk purchase,17-Oct-2024
AV01515,Purchase,1515,11-Oct-2024,Khatu Marudhar Enterprises,717605.2,Dr,husk purchase,11-Oct-2024
AV01516,Purchase,1516,12-Oct-2024,Salasar Saurashtra Biomass Suppliers,595775.2,Dr,husk purchase,12-Oct-2024
AV01517,Purchase,1517,22-Oct-2024,New Rajputana Agro Traders,698022.4,Dr,husk purchase,22-Oct-2024
AV01518,Purchase,1518,18-Oct-2024,Sanwariya Vijay Enterprises,726388.6,Dr,husk purchase,18-Oct-2024
AV01519,Purchase,1519,13-Oct-2024,Shri Bhagwati Trading Co,661122.0,Dr,husk purchase,13-Oct-2024
AV01520,Purchase,1520,14-Oct-2024,Khatu Thar Agro Company,634564.0,Dr,husk purchase,14-Oct-2024
AV01521,Purchase,1521,07-Oct-2024,Maa Balaji Trading Co,723370.8,Dr,husk purchase,07-Oct-2024
AV01522,Purchase,1522,06-Oct-2024,Shree Ramdev Fuels,631049.4,Dr,husk purchase,06-Oct-2024
AV01523,Purchase,1523,06-Oct-2024,Sanwariya Vijay Enterprises,700203.6,Dr,husk purchase,06-Oct-2024
AV01524,Purchase,1524,23-Oct-2024,New Rathore Krishi Bhandar,595595.2,Dr,husk purchase,23-Oct-2024
AV01525,Purchase,1525,08-Oct-2024,Sanwariya Govind Agro Industries,730354.6,Dr,husk purchase,08-Oct-2024
AV01526,Purchase,1526,06-Oct-2024,New Rajputana Agro Traders,599403.0,Dr,husk purchase,06-Oct-2024
AV01527,Purchase,1527,05-Oct-2024,New Rajputana Agro Traders,590755.0,Dr,husk purchase,05-Oct-2024
AV01528,Purchase,1528,21-Oct-2024,Salasar Krishna Biomass Suppliers,684747.6,Dr,husk purchase,21-Oct-2024
AV01529,Purchase,1529,25-Oct-2024,Salasar Mahaveer Krishi Udyog,716082.5,Dr,husk purchase,25-Oct-2024
AV01530,Purchase,1530,04-Oct-2024,Shree Laxmi Biomass Suppliers,648802.5,Dr,husk purchase,04-Oct-2024
AV01531,Purchase,1531,26-Oct-2024,Shree Vijay Agro Traders,696017.4,Dr,husk purchase,26-Oct-2024
AV01532,Purchase,1532,03-Oct-2024,Khatu Shyam Enterprises,760021.2,Dr,husk purchase,03-Oct-2024
AV01533,Purchase,1533,05-Oct-2024,Khatu Jagdamba Agro Industries,724326.4,Dr,husk purchase,05-Oct-2024
AV01534,Purchase,1534,17-Oct-2024,Shree Rajputana Trading Co,627297.4,Dr,husk purchase,17-Oct-2024
AV01535,Purchase,1535,02-Oct-2024,New Rajputana Agro Traders,643703.8,Dr,husk purchase,02-Oct-2024
AV01536,Purchase,1536,18-Oct-2024,Shree Vijay Agro Traders,584944.5,Dr,husk purchase,18-Oct-2024
AV01537,Purchase,1537,07-Oct-2024,Khatu Jagdamba Agro Industries,596565.0,Dr,husk purchase,07-Oct-2024
AV01538,Purchase,1538,06-Oct-2024,Sanwariya Ganesh Agri Residue Pvt Ltd,595175.7,Dr,husk purchase,06-Oct-2024
AV01539,Purchase,1539,07-Oct-2024,Khatu Vijay Biomass Suppliers,688636.0,Dr,husk purchase,07-Oct-2024
AV01540,Purchase,1540,08-Oct-2024,Sanwariya Vijay Enterprises,569764.8,Dr,husk purchase,08-Oct-2024
AV01541,Purchase,1541,24-Oct-2024,Salasar Saurashtra Biomass Suppliers,642167.0,Dr,husk purchase,24-Oct-2024
AV01542,Purchase,1542,07-Oct-2024,New Rathore Agro Industries,665359.2,Dr,husk purchase,07-Oct-2024
AV01543,Purchase,1543,12-Oct-2024,Khatu Marudhar Enterprises,732166.8,Dr,husk purchase,12-Oct-2024
AV01544,Purchase,1544,15-Oct-2024,Om Shyam Biomass Suppliers,558720.0,Dr,husk purchase,15-Oct-2024
AV01545,Purchase,1545,25-Oct-2024,Shree Luni Trading Co,714785.4,Dr,husk purchase,25-Oct-2024
AV01546,Purchase,1546,15-Oct-2024,Maa Balaji Krishi Bhandar,708552.0,Dr,husk purchase,15-Oct-2024
AV01547,Purchase,1547,08-Oct-2024,New Rajputana Agro Traders,683760.8,Dr,husk purchase,08-Oct-2024
AV01548,Purchase,1548,07-Oct-2024,Khatu Vijay Biomass Suppliers,599296.0,Dr,husk purchase,07-Oct-2024
AV01549,Purchase,1549,27-Oct-2024,Nakoda Ramdev Trading Co,552600.0,Dr,husk purchase,27-Oct-2024
AV01550,Purchase,1550,17-Oct-2024,Shree Vijay Agro Traders,703564.4,Dr,husk purchase,17-Oct-2024
AV01551,Purchase,1551,26-Oct-2024,Salasar Luni Agro Company,631359.0,Dr,husk purchase,26-Oct-2024
AV01552,Purchase,1552,26-Oct-2024,Salasar Mahaveer Krishi Udyog,661915.1,Dr,husk purchase,26-Oct-2024
AV01553,Purchase,1553,09-Oct-2024,Shri Bhagwati Trading Co,668997.0,Dr,husk purchase,09-Oct-2024
AV01554,Purchase,1554,07-Oct-2024,Salasar Mahaveer Fuels,547474.8,Dr,husk purchase,07-Oct-2024
AV01555,Purchase,1555,02-Oct-2024,Shree Ramdev Fuels,686083.2,Dr,husk purchase,02-Oct-2024
AV01556,Purchase,1556,20-Oct-2024,Khatu Thar Agro Company,562135.2,Dr,husk purchase,20-Oct-2024
AV01557,Purchase,1557,27-Oct-2024,Salasar Banas Biomass Co,765532.8,Dr,stalk purchase,27-Oct-2024
AV01558,Purchase,1558,04-Oct-2024,Jai Rathore Agro Traders,679581.0,Dr,stalk purchase,04-Oct-2024
AV01559,Purchase,1559,04-Oct-2024,Sanwariya Govind Agro Industries,729072.0,Dr,stalk purchase,04-Oct-2024
AV01560,Purchase,1560,23-Oct-2024,Khatu Rathore Biomass Co,747069.0,Dr,stalk purchase,23-Oct-2024
AV01561,Purchase,1561,26-Oct-2024,Sanwariya Govind Agro Industries,631570.8,Dr,stalk purchase,26-Oct-2024
AV01562,Purchase,1562,24-Oct-2024,Maa Kathiawad Agri Residue Pvt Ltd,620244.8,Dr,stalk purchase,24-Oct-2024
AV01563,Purchase,1563,27-Oct-2024,Sanwariya Rathore Agro Company,696422.2,Dr,stalk purchase,27-Oct-2024
AV01564,Purchase,1564,19-Oct-2024,Sanwariya Vijay Enterprises,729062.0,Dr,stalk purchase,19-Oct-2024
AV01565,Purchase,1565,08-Oct-2024,New Banas Biomass Co,643680.0,Dr,stalk purchase,08-Oct-2024
AV01566,Purchase,1566,14-Oct-2024,Maa Krishna Fuels,600715.5,Dr,stalk purchase,14-Oct-2024
AV01567,Purchase,1567,12-Oct-2024,Salasar Banas Biomass Co,593736.8,Dr,stalk purchase,12-Oct-2024
AV01568,Purchase,1568,24-Oct-2024,Khatu Rathore Biomass Co,667730.7,Dr,stalk purchase,24-Oct-2024
AV01569,Purchase,1569,12-Oct-2024,Sanwariya Vijay Enterprises,618382.8,Dr,stalk purchase,12-Oct-2024
AV01570,Purchase,1570,19-Oct-2024,Sanwariya Govind Agro Industries,653697.0,Dr,stalk purchase,19-Oct-2024
AV01571,Purchase,1571,22-Oct-2024,Salasar Banas Biomass Co,562262.4,Dr,stalk purchase,22-Oct-2024
AV01572,Purchase,1572,07-Oct-2024,Salasar Marudhar Krishi Udyog,709416.0,Dr,stalk purchase,07-Oct-2024
AV01573,Purchase,1573,09-Oct-2024,Sanwariya Krishna Agri Residue Pvt Ltd,730548.0,Dr,stalk purchase,09-Oct-2024
AV01574,Purchase,1574,27-Oct-2024,Jai Rathore Agro Traders,731313.0,Dr,stalk purchase,27-Oct-2024
AV01575,Purchase,1575,11-Oct-2024,Sanwariya Govind Agro Industries,695520.0,Dr,stalk purchase,11-Oct-2024
AV01576,Purchase,1576,26-Oct-2024,Shri Bhagwati Trading Co,635060.0,Dr,stalk purchase,26-Oct-2024
AV01577,Purchase,1577,27-Oct-2024,Shree Laxmi Biomass Suppliers,565243.5,Dr,stalk purchase,27-Oct-2024
AV01578,Purchase,1578,18-Oct-2024,Jai Thar Fuels,593258.4,Dr,stalk purchase,18-Oct-2024
AV01579,Purchase,1579,23-Oct-2024,Shree Laxmi Biomass Suppliers,610929.8,Dr,stalk purchase,23-Oct-2024
AV01580,Purchase,1580,07-Oct-2024,Jai Thar Fuels,739260.5,Dr,stalk purchase,07-Oct-2024
AV01581,Purchase,1581,04-Oct-2024,Maa Kathiawad Agri Residue Pvt Ltd,599993.1,Dr,stalk purchase,04-Oct-2024
AV01582,Purchase,1582,08-Oct-2024,Jai Rathore Agro Traders,718075.2,Dr,stalk purchase,08-Oct-2024
AV01583,Purchase,1583,06-Nov-2024,Maa Vijay Biomass Co,453582.0,Dr,husk purchase,06-Nov-2024
AV01584,Purchase,1584,08-Nov-2024,Sanwariya Govind Agro Industries,391285.7,Dr,husk purchase,08-Nov-2024
AV01585,Purchase,1585,03-Nov-2024,Shree Laxmi Biomass Suppliers,457732.0,Dr,husk purchase,03-Nov-2024
AV01586,Purchase,1586,06-Nov-2024,Maa Vijay Biomass Co,390558.0,Dr,husk purchase,06-Nov-2024
AV01587,Purchase,1587,13-Nov-2024,Shree Luni Trading Co,424772.4,Dr,husk purchase,13-Nov-2024
AV01588,Purchase,1588,06-Nov-2024,Khatu Jagdamba Agro Industries,404354.2,Dr,husk purchase,06-Nov-2024
AV01589,Purchase,1589,24-Nov-2024,Sanwariya Suraj Biomass Suppliers,434824.0,Dr,husk purchase,24-Nov-2024
AV01590,Purchase,1590,25-Nov-2024,Salasar Luni Agro Company,362307.2,Dr,husk purchase,25-Nov-2024
AV01591,Purchase,1591,13-Nov-2024,Sanwariya Vijay Enterprises,430207.2,Dr,husk purchase,13-Nov-2024
AV01592,Purchase,1592,08-Nov-2024,New Bhairav Krishi Udyog,454599.0,Dr,husk purchase,08-Nov-2024
AV01593,Purchase,1593,12-Nov-2024,Salasar Marudhar Krishi Udyog,433962.4,Dr,husk purchase,12-Nov-2024
AV01594,Purchase,1594,07-Nov-2024,Om Shyam Biomass Suppliers,435451.2,Dr,husk purchase,07-Nov-2024
AV01595,Purchase,1595,17-Nov-2024,Khatu Marudhar Enterprises,415478.7,Dr,husk purchase,17-Nov-2024
AV01596,Purchase,1596,23-Nov-2024,Khatu Thar Agro Company,367602.7,Dr,husk purchase,23-Nov-2024
AV01597,Purchase,1597,26-Nov-2024,Sanwariya Govind Agro Industries,456571.6,Dr,husk purchase,26-Nov-2024
AV01598,Purchase,1598,27-Nov-2024,New Rathore Krishi Bhandar,366000.8,Dr,husk purchase,27-Nov-2024
AV01599,Purchase,1599,18-Nov-2024,Khatu Jagdamba Agro Industries,451190.4,Dr,husk purchase,18-Nov-2024
AV01600,Purchase,1600,06-Nov-2024,Maa Ganesh Biomass Co,376396.8,Dr,husk purchase,06-Nov-2024
AV01601,Purchase,1601,14-Nov-2024,Maa Balaji Trading Co,379086.9,Dr,husk purchase,14-Nov-2024
AV01602,Purchase,1602,17-Nov-2024,Khatu Jagdamba Agro Industries,465010.0,Dr,husk purchase,17-Nov-2024
AV01603,Purchase,1603,04-Nov-2024,Shree Luni Trading Co,470327.5,Dr,husk purchase,04-Nov-2024
AV01604,Purchase,1604,13-Nov-2024,Salasar Deepak Agri Residue Pvt Ltd,350784.0,Dr,husk purchase,13-Nov-2024
AV01605,Purchase,1605,22-Nov-2024,Sanwariya Vijay Enterprises,478745.1,Dr,husk purchase,22-Nov-2024
AV01606,Purchase,1606,18-Nov-2024,Salasar Mahaveer Fuels,444820.0,Dr,husk purchase,18-Nov-2024
AV01607,Purchase,1607,19-Nov-2024,Shree Ramdev Fuels,368416.4,Dr,husk purchase,19-Nov-2024
AV01608,Purchase,1608,02-Nov-2024,Khatu Jagdamba Agro Industries,414742.9,Dr,husk purchase,02-Nov-2024
AV01609,Purchase,1609,24-Nov-2024,Khatu Vijay Biomass Suppliers,458889.2,Dr,husk purchase,24-Nov-2024
AV01610,Purchase,1610,16-Nov-2024,Maa Vijay Biomass Co,438508.8,Dr,husk purchase,16-Nov-2024
AV01611,Purchase,1611,22-Nov-2024,New Rathore Krishi Bhandar,426004.7,Dr,husk purchase,22-Nov-2024
AV01612,Purchase,1612,19-Nov-2024,Salasar Saurashtra Biomass Suppliers,377318.0,Dr,husk purchase,19-Nov-2024
AV01613,Purchase,1613,09-Nov-2024,Khatu Marudhar Enterprises,413983.7,Dr,husk purchase,09-Nov-2024
AV01614,Purchase,1614,26-Nov-2024,Salasar Mahaveer Krishi Udyog,453453.0,Dr,husk purchase,26-Nov-2024
AV01615,Purchase,1615,11-Nov-2024,New Bhairav Krishi Udyog,436120.3,Dr,husk purchase,11-Nov-2024
AV01616,Purchase,1616,11-Nov-2024,New Rajputana Agro Traders,453418.8,Dr,husk purchase,11-Nov-2024
AV01617,Purchase,1617,08-Nov-2024,Salasar Deepak Agri Residue Pvt Ltd,428544.0,Dr,husk purchase,08-Nov-2024
AV01618,Purchase,1618,18-Nov-2024,Sanwariya Vijay Enterprises,472664.6,Dr,husk purchase,18-Nov-2024
AV01619,Purchase,1619,07-Nov-2024,Maa Balaji Krishi Bhandar,401676.6,Dr,husk purchase,07-Nov-2024
AV01620,Purchase,1620,14-Nov-2024,Khatu Marudhar Enterprises,462862.4,Dr,husk purchase,14-Nov-2024
AV01621,Purchase,1621,02-Nov-2024,Salasar Marudhar Krishi Udyog,370600.0,Dr,husk purchase,02-Nov-2024
AV01622,Purchase,1622,04-Nov-2024,New Bhagwati Krishi Bhandar,447348.7,Dr,husk purchase,04-Nov-2024
AV01623,Purchase,1623,17-Nov-2024,Salasar Deepak Agri Residue Pvt Ltd,384909.6,Dr,husk purchase,17-Nov-2024
AV01624,Purchase,1624,07-Nov-2024,Nakoda Ramdev Trading Co,382284.0,Dr,husk purchase,07-Nov-2024
AV01625,Purchase,1625,14-Nov-2024,Maa Balaji Krishi Bhandar,398804.9,Dr,husk purchase,14-Nov-2024
AV01626,Purchase,1626,08-Nov-2024,New Rathore Krishi Bhandar,358020.0,Dr,husk purchase,08-Nov-2024
AV01627,Purchase,1627,02-Nov-2024,New Rathore Agro Industries,363121.8,Dr,husk purchase,02-Nov-2024
AV01628,Purchase,1628,21-Nov-2024,Maa Ganesh Biomass Co,396881.1,Dr,husk purchase,21-Nov-2024
AV01629,Purchase,1629,02-Nov-2024,Sanwariya Rathore Agro Company,409205.0,Dr,husk purchase,02-Nov-2024
AV01630,Purchase,1630,03-Nov-2024,New Rathore Agro Industries,376243.2,Dr,husk purchase,03-Nov-2024
AV01631,Purchase,1631,05-Nov-2024,Shree Luni Trading Co,456335.6,Dr,husk purchase,05-Nov-2024
AV01632,Purchase,1632,24-Nov-2024,Maa Vijay Biomass Co,338883.2,Dr,husk purchase,24-Nov-2024
AV01633,Purchase,1633,05-Nov-2024,Shree Vijay Agro Traders,395068.0,Dr,husk purchase,05-Nov-2024
AV01634,Purchase,1634,15-Nov-2024,New Balaji Krishi Bhandar,374372.7,Dr,husk purchase,15-Nov-2024
AV01635,Purchase,1635,05-Nov-2024,Salasar Krishna Biomass Suppliers,463743.8,Dr,husk purchase,05-Nov-2024
AV01636,Purchase,1636,15-Nov-2024,New Rathore Agro Industries,358230.3,Dr,husk purchase,15-Nov-2024
AV01637,Purchase,1637,04-Nov-2024,Shree Laxmi Biomass Suppliers,403671.9,Dr,husk purchase,04-Nov-2024
AV01638,Purchase,1638,03-Nov-2024,Khatu Thar Agro Company,480403.2,Dr,husk purchase,03-Nov-2024
AV01639,Purchase,1639,20-Nov-2024,Salasar Krishna Biomass Suppliers,365259.0,Dr,husk purchase,20-Nov-2024
AV01640,Purchase,1640,26-Nov-2024,Sanwariya Vijay Enterprises,411058.9,Dr,husk purchase,26-Nov-2024
AV01641,Purchase,1641,23-Nov-2024,Shree Ramdev Fuels,454880.7,Dr,husk purchase,23-Nov-2024
AV01642,Purchase,1642,11-Nov-2024,Om Shyam Biomass Suppliers,395922.0,Dr,husk purchase,11-Nov-2024
AV01643,Purchase,1643,05-Nov-2024,Shri Bhagwati Trading Co,446655.4,Dr,husk purchase,05-Nov-2024
AV01644,Purchase,1644,24-Nov-2024,Sanwariya Rathore Agro Company,344717.8,Dr,husk purchase,24-Nov-2024
AV01645,Purchase,1645,08-Nov-2024,Maa Ganesh Biomass Co,453175.5,Dr,husk purchase,08-Nov-2024
AV01646,Purchase,1646,02-Nov-2024,Salasar Marudhar Krishi Udyog,421394.0,Dr,husk purchase,02-Nov-2024
AV01647,Purchase,1647,21-Nov-2024,Shree Ramdev Fuels,413962.4,Dr,husk purchase,21-Nov-2024
AV01648,Purchase,1648,23-Nov-2024,Shri Bhagwati Trading Co,390050.1,Dr,husk purchase,23-Nov-2024
AV01649,Purchase,1649,26-Nov-2024,Salasar Krishna Biomass Suppliers,409606.1,Dr,husk purchase,26-Nov-2024
AV01650,Purchase,1650,24-Nov-2024,Salasar Marudhar Krishi Udyog,397080.0,Dr,husk purchase,24-Nov-2024
AV01651,Purchase,1651,25-Nov-2024,Om Shyam Biomass Suppliers,412326.2,Dr,husk purchase,25-Nov-2024
AV01652,Purchase,1652,09-Nov-2024,New Rajputana Agro Traders,419547.6,Dr,husk purchase,09-Nov-2024
AV01653,Purchase,1653,17-Nov-2024,New Rajputana Agro Traders,429745.5,Dr,husk purchase,17-Nov-2024
AV01654,Purchase,1654,09-Nov-2024,Salasar Mahaveer Krishi Udyog,399550.4,Dr,husk purchase,09-Nov-2024
AV01655,Purchase,1655,12-Nov-2024,New Balaji Krishi Bhandar,357029.7,Dr,husk purchase,12-Nov-2024
AV01656,Purchase,1656,07-Nov-2024,Nakoda Ramdev Trading Co,346616.2,Dr,husk purchase,07-Nov-2024
AV01657,Purchase,1657,23-Nov-2024,Sanwariya Rathore Agro Company,369682.0,Dr,husk purchase,23-Nov-2024
AV01658,Purchase,1658,02-Nov-2024,Sanwariya Rathore Agro Company,393244.4,Dr,husk purchase,02-Nov-2024
AV01659,Purchase,1659,11-Nov-2024,Sanwariya Suraj Biomass Suppliers,441999.2,Dr,husk purchase,11-Nov-2024
AV01660,Purchase,1660,04-Nov-2024,Khatu Thar Agro Company,421794.0,Dr,husk purchase,04-Nov-2024
AV01661,Purchase,1661,19-Nov-2024,Khatu Marudhar Enterprises,462829.8,Dr,husk purchase,19-Nov-2024
AV01662,Purchase,1662,04-Nov-2024,Salasar Mahaveer Krishi Udyog,397281.0,Dr,husk purchase,04-Nov-2024
AV01663,Purchase,1663,24-Nov-2024,New Rathore Agro Industries,466235.8,Dr,husk purchase,24-Nov-2024
AV01664,Purchase,1664,19-Nov-2024,Shree Vijay Agro Traders,360764.8,Dr,husk purchase,19-Nov-2024
AV01665,Purchase,1665,04-Nov-2024,Maa Balaji Krishi Bhandar,455431.9,Dr,husk purchase,04-Nov-2024
AV01666,Purchase,1666,14-Nov-2024,Shree Laxmi Biomass Suppliers,342089.0,Dr,husk purchase,14-Nov-2024
AV01667,Purchase,1667,17-Nov-2024,Nakoda Ramdev Trading Co,384761.0,Dr,husk purchase,17-Nov-2024
AV01668,Purchase,1668,24-Nov-2024,Salasar Marudhar Krishi Udyog,462300.0,Dr,husk purchase,24-Nov-2024
AV01669,Purchase,1669,13-Nov-2024,Salasar Banas Biomass Co,644900.4,Dr,stalk purchase,13-Nov-2024
AV01670,Purchase,1670,24-Nov-2024,Shree Laxmi Biomass Suppliers,680873.4,Dr,stalk purchase,24-Nov-2024
AV01671,Purchase,1671,16-Nov-2024,Nakoda Banas Krishi Bhandar,695216.9,Dr,stalk purchase,16-Nov-2024
AV01672,Purchase,1672,08-Nov-2024,Khatu Bhairav Biomass Suppliers,622323.0,Dr,stalk purchase,08-Nov-2024
AV01673,Purchase,1673,03-Nov-2024,Khatu Shyam Enterprises,574014.0,Dr,stalk purchase,03-Nov-2024
AV01674,Purchase,1674,18-Nov-2024,Salasar Banas Biomass Co,549033.0,Dr,stalk purchase,18-Nov-2024
AV01675,Purchase,1675,16-Nov-2024,Salasar Marudhar Krishi Udyog,595254.8,Dr,stalk purchase,16-Nov-2024
AV01676,Purchase,1676,02-Nov-2024,Khatu Rathore Biomass Co,659277.5,Dr,stalk purchase,02-Nov-2024
AV01677,Purchase,1677,10-Nov-2024,Khatu Bhairav Biomass Suppliers,618181.2,Dr,stalk purchase,10-Nov-2024
AV01678,Purchase,1678,25-Nov-2024,Maa Kathiawad Agri Residue Pvt Ltd,707880.5,Dr,stalk purchase,25-Nov-2024
AV01679,Purchase,1679,08-Nov-2024,Shri Bhagwati Trading Co,588607.8,Dr,stalk purchase,08-Nov-2024
AV01680,Purchase,1680,03-Nov-2024,Maa Kathiawad Agri Residue Pvt Ltd,583548.8,Dr,stalk purchase,03-Nov-2024
AV01681,Purchase,1681,04-Nov-2024,Shree Laxmi Biomass Suppliers,626442.0,Dr,stalk purchase,04-Nov-2024
AV01682,Purchase,1682,04-Nov-2024,Jai Rathore Agro Traders,647698.9,Dr,stalk purchase,04-Nov-2024
AV01683,Purchase,1683,27-Nov-2024,Nakoda Banas Krishi Bhandar,587960.8,Dr,stalk purchase,27-Nov-2024
AV01684,Purchase,1684,06-Nov-2024,Salasar Marudhar Krishi Udyog,554040.0,Dr,stalk purchase,06-Nov-2024
AV01685,Purchase,1685,19-Nov-2024,Jai Thar Fuels,671686.4,Dr,stalk purchase,19-Nov-2024
AV01686,Purchase,1686,26-Nov-2024,Sanwariya Krishna Agri Residue Pvt Ltd,700588.0,Dr,stalk purchase,26-Nov-2024
AV01687,Purchase,1687,06-Nov-2024,Jai Rathore Agro Traders,617217.3,Dr,stalk purchase,06-Nov-2024
AV01688,Purchase,1688,13-Nov-2024,Khatu Bhairav Biomass Suppliers,636778.0,Dr,stalk purchase,13-Nov-2024
AV01689,Purchase,1689,25-Nov-2024,Jai Rathore Krishi Bhandar,671320.0,Dr,stalk purchase,25-Nov-2024
AV01690,Purchase,1690,12-Nov-2024,Khatu Shyam Enterprises,659988.0,Dr,stalk purchase,12-Nov-2024
AV01691,Purchase,1691,22-Nov-2024,Sanwariya Ganesh Agri Residue Pvt Ltd,587904.8,Dr,stalk purchase,22-Nov-2024
AV01692,Purchase,1692,20-Nov-2024,Jai Rathore Krishi Bhandar,768952.8,Dr,stalk purchase,20-Nov-2024
AV01693,Purchase,1693,24-Nov-2024,Shri Bhagwati Trading Co,656121.0,Dr,stalk purchase,24-Nov-2024
AV01694,Purchase,1694,03-Dec-2024,Shree Rajputana Trading Co,525615.5,Dr,husk purchase,03-Dec-2024
AV01695,Purchase,1695,10-Dec-2024,Nakoda Ramdev Trading Co,669522.9,Dr,husk purchase,10-Dec-2024
AV01696,Purchase,1696,11-Dec-2024,Maa Balaji Trading Co,696052.2,Dr,husk purchase,11-Dec-2024
AV01697,Purchase,1697,05-Dec-2024,Shree Ramdev Fuels,494944.2,Dr,husk purchase,05-Dec-2024
AV01698,Purchase,1698,12-Dec-2024,New Bhagwati Krishi Bhandar,677018.7,Dr,husk purchase,12-Dec-2024
AV01699,Purchase,1699,13-Dec-2024,Khatu Shyam Enterprises,624912.0,Dr,husk purchase,13-Dec-2024
AV01700,Purchase,1700,17-Dec-2024,Nakoda Ramdev Trading Co,631498.4,Dr,husk purchase,17-Dec-2024
AV01701,Purchase,1701,18-Dec-2024,Sanwariya Ganesh Agri Residue Pvt Ltd,669408.0,Dr,husk purchase,18-Dec-2024
AV01702,Purchase,1702,10-Dec-2024,Sanwariya Govind Agro Industries,655197.2,Dr,husk purchase,10-Dec-2024
AV01703,Purchase,1703,09-Dec-2024,Sanwariya Ganesh Agri Residue Pvt Ltd,626433.0,Dr,husk purchase,09-Dec-2024
AV01704,Purchase,1704,17-Dec-2024,Khatu Marudhar Enterprises,600239.4,Dr,husk purchase,17-Dec-2024
AV01705,Purchase,1705,13-Dec-2024,New Rathore Agro Industries,514638.4,Dr,husk purchase,13-Dec-2024
AV01706,Purchase,1706,20-Dec-2024,Salasar Mahaveer Krishi Udyog,512501.1,Dr,husk purchase,20-Dec-2024
AV01707,Purchase,1707,10-Dec-2024,Salasar Mahaveer Krishi Udyog,696949.8,Dr,husk purchase,10-Dec-2024
AV01708,Purchase,1708,15-Dec-2024,Salasar Deepak Agri Residue Pvt Ltd,540699.6,Dr,husk purchase,15-Dec-2024
AV01709,Purchase,1709,27-Dec-2024,Sanwariya Suraj Biomass Suppliers,556338.3,Dr,husk purchase,27-Dec-2024
AV01710,Purchase,1710,12-Dec-2024,Sanwariya Ganesh Agri Residue Pvt Ltd,631181.4,Dr,husk purchase,12-Dec-2024
AV01711,Purchase,1711,05-Dec-2024,Sanwariya Suraj Biomass Suppliers,557499.8,Dr,husk purchase,05-Dec-2024
AV01712,Purchase,1712,06-Dec-2024,New Bhagwati Krishi Bhandar,616022.4,Dr,husk purchase,06-Dec-2024
AV01713,Purchase,1713,11-Dec-2024,Shree Rajputana Trading Co,619500.2,Dr,husk purchase,11-Dec-2024
AV01714,Purchase,1714,26-Dec-2024,Shree Vijay Agro Traders,651357.0,Dr,husk purchase,26-Dec-2024
AV01715,Purchase,1715,27-Dec-2024,New Rathore Krishi Bhandar,588749.0,Dr,husk purchase,27-Dec-2024
AV01716,Purchase,1716,26-Dec-2024,New Bhairav Krishi Udyog,690754.3,Dr,husk purchase,26-Dec-2024
AV01717,Purchase,1717,21-Dec-2024,Nakoda Ramdev Trading Co,597850.0,Dr,husk purchase,21-Dec-2024
AV01718,Purchase,1718,21-Dec-2024,Maa Ganesh Biomass Co,657152.0,Dr,husk purchase,21-Dec-2024
AV01719,Purchase,1719,07-Dec-2024,Salasar Luni Agro Company,663102.0,Dr,husk purchase,07-Dec-2024
AV01720,Purchase,1720,15-Dec-2024,New Rathore Krishi Bhandar,508047.4,Dr,husk purchase,15-Dec-2024
AV01721,Purchase,1721,03-Dec-2024,Maa Balaji Trading Co,608874.0,Dr,husk purchase,03-Dec-2024
AV01722,Purchase,1722,15-Dec-2024,Khatu Thar Agro Company,569184.0,Dr,husk purchase,15-Dec-2024
AV01723,Purchase,1723,07-Dec-2024,Nakoda Ramdev Trading Co,513030.0,Dr,husk purchase,07-Dec-2024
AV01724,Purchase,1724,08-Dec-2024,Maa Ganesh Biomass Co,541471.8,Dr,husk purchase,08-Dec-2024
AV01725,Purchase,1725,23-Dec-2024,Om Shyam Biomass Suppliers,643952.7,Dr,husk purchase,23-Dec-2024
AV01726,Purchase,1726,26-Dec-2024,Khatu Jagdamba Agro Industries,644562.8,Dr,husk purchase,26-Dec-2024
AV01727,Purchase,1727,06-Dec-2024,Khatu Marudhar Enterprises,628749.0,Dr,husk purchase,06-Dec-2024
AV01728,Purchase,1728,18-Dec-2024,Shree Laxmi Biomass Suppliers,637720.0,Dr,husk purchase,18-Dec-2024
AV01729,Purchase,1729,02-Dec-2024,New Rajputana Agro Traders,599421.2,Dr,husk purchase,02-Dec-2024
AV01730,Purchase,1730,08-Dec-2024,Shree Rajputana Trading Co,504050.8,Dr,husk purchase,08-Dec-2024
AV01731,Purchase,1731,08-Dec-2024,Sanwariya Ganesh Agri Residue Pvt Ltd,552075.0,Dr,husk purchase,08-Dec-2024
AV01732,Purchase,1732,25-Dec-2024,Sanwariya Ganesh Agri Residue Pvt Ltd,503600.4,Dr,husk purchase,25-Dec-2024
AV01733,Purchase,1733,24-Dec-2024,Khatu Shyam Enterprises,564178.5,Dr,husk purchase,24-Dec-2024
AV01734,Purchase,1734,17-Dec-2024,New Rathore Krishi Bhandar,652347.6,Dr,husk purchase,17-Dec-2024
AV01735,Purchase,1735,09-Dec-2024,Salasar Deepak Agri Residue Pvt Ltd,638749.8,Dr,husk purchase,09-Dec-2024
AV01736,Purchase,1736,04-Dec-2024,Sanwariya Govind Agro Industries,619931.0,Dr,husk purchase,04-Dec-2024
AV01737,Purchase,1737,17-Dec-2024,Om Shyam Biomass Suppliers,644185.8,Dr,husk purchase,17-Dec-2024
AV01738,Purchase,1738,24-Dec-2024,New Bhairav Krishi Udyog,645787.5,Dr,husk purchase,24-Dec-2024
AV01739,Purchase,1739,07-Dec-2024,Sanwariya Vijay Enterprises,638220.4,Dr,husk purchase,07-Dec-2024
AV01740,Purchase,1740,18-Dec-2024,Maa Ganesh Biomass Co,657840.1,Dr,husk purchase,18-Dec-2024
AV01741,Purchase,1741,02-Dec-2024,Salasar Krishna Biomass Suppliers,598067.4,Dr,husk purchase,02-Dec-2024
AV01742,Purchase,1742,02-Dec-2024,New Bhagwati Krishi Bhandar,488392.6,Dr,husk purchase,02-Dec-2024
AV01743,Purchase,1743,10-Dec-2024,Salasar Luni Agro Company,580843.9,Dr,husk purchase,10-Dec-2024
AV01744,Purchase,1744,11-Dec-2024,New Rajputana Agro Traders,601070.4,Dr,husk purchase,11-Dec-2024
AV01745,Purchase,1745,03-Dec-2024,Salasar Deepak Agri Residue Pvt Ltd,584280.0,Dr,husk purchase,03-Dec-2024
AV01746,Purchase,1746,22-Dec-2024,Salasar Mahaveer Krishi Udyog,593300.0,Dr,husk purchase,22-Dec-2024
AV01747,Purchase,1747,08-Dec-2024,Khatu Marudhar Enterprises,671269.2,Dr,husk purchase,08-Dec-2024
AV01748,Purchase,1748,08-Dec-2024,New Rathore Agro Industries,512433.9,Dr,husk purchase,08-Dec-2024
AV01749,Purchase,1749,12-Dec-2024,Salasar Marudhar Krishi Udyog,639268.0,Dr,husk purchase,12-Dec-2024
AV01750,Purchase,1750,26-Dec-2024,Maa Balaji Krishi Bhandar,503972.0,Dr,husk purchase,26-Dec-2024
AV01751,Purchase,1751,10-Dec-2024,Khatu Rajputana Enterprises,711806.5,Dr,stalk purchase,10-Dec-2024
AV01752,Purchase,1752,05-Dec-2024,Sanwariya Ganesh Agri Residue Pvt Ltd,606118.5,Dr,stalk purchase,05-Dec-2024
AV01753,Purchase,1753,14-Dec-2024,Sanwariya Ganesh Agri Residue Pvt Ltd,658687.8,Dr,stalk purchase,14-Dec-2024
AV01754,Purchase,1754,08-Dec-2024,Maa Kathiawad Agri Residue Pvt Ltd,768708.3,Dr,stalk purchase,08-Dec-2024
AV01755,Purchase,1755,21-Dec-2024,Sanwariya Ganesh Agri Residue Pvt Ltd,709311.8,Dr,stalk purchase,21-Dec-2024
AV01756,Purchase,1756,11-Dec-2024,Jai Sardar Agro Industries,668579.6,Dr,stalk purchase,11-Dec-2024
AV01757,Purchase,1757,14-Dec-2024,Salasar Marudhar Krishi Udyog,717259.6,Dr,stalk purchase,14-Dec-2024
AV01758,Purchase,1758,14-Dec-2024,Jai Thar Fuels,693082.6,Dr,stalk purchase,14-Dec-2024
AV01759,Purchase,1759,02-Dec-2024,Khatu Rajputana Enterprises,735211.5,Dr,stalk purchase,02-Dec-2024
AV01760,Purchase,1760,26-Dec-2024,Sanwariya Krishna Agri Residue Pvt Ltd,742914.0,Dr,stalk purchase,26-Dec-2024
AV01761,Purchase,1761,23-Dec-2024,Shree Laxmi Biomass Suppliers,701121.6,Dr,stalk purchase,23-Dec-2024
AV01762,Purchase,1762,12-Dec-2024,Salasar Marudhar Krishi Udyog,628106.0,Dr,stalk purchase,12-Dec-2024
AV01763,Purchase,1763,08-Dec-2024,Jai Thar Fuels,662387.6,Dr,stalk purchase,08-Dec-2024
AV01764,Purchase,1764,24-Dec-2024,Khatu Bhairav Biomass Suppliers,565301.6,Dr,stalk purchase,24-Dec-2024
AV01765,Purchase,1765,15-Dec-2024,Khatu Bhairav Biomass Suppliers,593811.2,Dr,stalk purchase,15-Dec-2024
AV01766,Purchase,1766,06-Dec-2024,Sanwariya Govind Agro Industries,575603.1,Dr,stalk purchase,06-Dec-2024
AV01767,Purchase,1767,03-Dec-2024,Khatu Shyam Enterprises,757615.4,Dr,stalk purchase,03-Dec-2024
AV01768,Purchase,1768,19-Dec-2024,Jai Rathore Krishi Bhandar,660461.1,Dr,stalk purchase,19-Dec-2024
AV01769,Purchase,1769,22-Dec-2024,Nakoda Marudhar Agri Residue Pvt Ltd,650332.8,Dr,stalk purchase,22-Dec-2024
AV01770,Purchase,1770,05-Dec-2024,Sanwariya Govind Agro Industries,588212.0,Dr,stalk purchase,05-Dec-2024
AV01771,Purchase,1771,10-Dec-2024,Jai Thar Fuels,704363.4,Dr,stalk purchase,10-Dec-2024
AV01772,Purchase,1772,20-Dec-2024,Jai Thar Fuels,562240.8,Dr,stalk purchase,20-Dec-2024
AV01773,Purchase,1773,27-Dec-2024,Khatu Rajputana Enterprises,703796.4,Dr,stalk purchase,27-Dec-2024
AV01774,Purchase,1774,26-Jan-2025,Sanwariya Vijay Enterprises,673762.8,Dr,husk purchase,26-Jan-2025
AV01775,Purchase,1775,03-Jan-2025,Sanwariya Ganesh Agri Residue Pvt Ltd,677630.8,Dr,husk purchase,03-Jan-2025
AV01776,Purchase,1776,08-Jan-2025,Om Shyam Biomass Suppliers,740642.1,Dr,husk purchase,08-Jan-2025
AV01777,Purchase,1777,07-Jan-2025,Sanwariya Rathore Agro Company,659572.8,Dr,husk purchase,07-Jan-2025
AV01778,Purchase,1778,11-Jan-2025,Khatu Jagdamba Agro Industries,582901.0,Dr,husk purchase,11-Jan-2025
AV01779,Purchase,1779,10-Jan-2025,Shree Vijay Agro Traders,586134.2,Dr,husk purchase,10-Jan-2025
AV01780,Purchase,1780,12-Jan-2025,Khatu Vijay Biomass Suppliers,622118.4,Dr,husk purchase,12-Jan-2025
AV01781,Purchase,1781,13-Jan-2025,Maa Balaji Krishi Bhandar,623606.4,Dr,husk purchase,13-Jan-2025
AV01782,Purchase,1782,06-Jan-2025,Shree Rajputana Trading Co,747479.2,Dr,husk purchase,06-Jan-2025
AV01783,Purchase,1783,12-Jan-2025,New Bhagwati Krishi Bhandar,724996.8,Dr,husk purchase,12-Jan-2025
AV01784,Purchase,1784,10-Jan-2025,Shree Rajputana Trading Co,742047.8,Dr,husk purchase,10-Jan-2025
AV01785,Purchase,1785,13-Jan-2025,Shree Luni Trading Co,734156.0,Dr,husk purchase,13-Jan-2025
AV01786,Purchase,1786,13-Jan-2025,New Bhairav Krishi Udyog,647059.7,Dr,husk purchase,13-Jan-2025
AV01787,Purchase,1787,06-Jan-2025,Salasar Marudhar Krishi Udyog,602434.8,Dr,husk purchase,06-Jan-2025
AV01788,Purchase,1788,15-Jan-2025,Maa Balaji Trading Co,649544.2,Dr,husk purchase,15-Jan-2025
AV01789,Purchase,1789,20-Jan-2025,New Rajputana Agro Traders,557421.0,Dr,husk purchase,20-Jan-2025
AV01790,Purchase,1790,04-Jan-2025,Salasar Luni Agro Company,675284.0,Dr,husk purchase,04-Jan-2025
AV01791,Purchase,1791,18-Jan-2025,New Rajputana Agro Traders,727988.8,Dr,husk purchase,18-Jan-2025
AV01792,Purchase,1792,21-Jan-2025,Khatu Vijay Biomass Suppliers,689035.6,Dr,husk purchase,21-Jan-2025
AV01793,Purchase,1793,26-Jan-2025,Sanwariya Rathore Agro Company,622698.3,Dr,husk purchase,26-Jan-2025
AV01794,Purchase,1794,15-Jan-2025,Shree Vijay Agro Traders,684157.8,Dr,husk purchase,15-Jan-2025
AV01795,Purchase,1795,18-Jan-2025,Salasar Mahaveer Krishi Udyog,728012.5,Dr,husk purchase,18-Jan-2025
AV01796,Purchase,1796,07-Jan-2025,Sanwariya Govind Agro Industries,627744.0,Dr,husk purchase,07-Jan-2025
AV01797,Purchase,1797,09-Jan-2025,New Rathore Agro Industries,727012.0,Dr,husk purchase,09-Jan-2025
AV01798,Purchase,1798,25-Jan-2025,New Balaji Krishi Bhandar,636612.3,Dr,husk purchase,25-Jan-2025
AV01799,Purchase,1799,19-Jan-2025,Khatu Thar Agro Company,690679.8,Dr,husk purchase,19-Jan-2025
AV01800,Purchase,1800,06-Jan-2025,Shree Vijay Agro Traders,619969.9,Dr,husk purchase,06-Jan-2025
AV01801,Purchase,1801,09-Jan-2025,Shree Ramdev Fuels,686116.9,Dr,husk purchase,09-Jan-2025
AV01802,Purchase,1802,24-Jan-2025,Khatu Marudhar Enterprises,697872.0,Dr,husk purchase,24-Jan-2025
AV01803,Purchase,1803,07-Jan-2025,Shree Luni Trading Co,627285.0,Dr,husk purchase,07-Jan-2025
AV01804,Purchase,1804,24-Jan-2025,Shree Luni Trading Co,721755.6,Dr,husk purchase,24-Jan-2025
AV01805,Purchase,1805,05-Jan-2025,Sanwariya Vijay Enterprises,707528.8,Dr,husk purchase,05-Jan-2025
AV01806,Purchase,1806,05-Jan-2025,New Rathore Krishi Bhandar,677842.1,Dr,husk purchase,05-Jan-2025
AV01807,Purchase,1807,16-Jan-2025,Salasar Marudhar Krishi Udyog,691135.4,Dr,husk purchase,16-Jan-2025
AV01808,Purchase,1808,14-Jan-2025,Salasar Mahaveer Krishi Udyog,591250.0,Dr,husk purchase,14-Jan-2025
AV01809,Purchase,1809,21-Jan-2025,Nakoda Ramdev Trading Co,653107.4,Dr,husk purchase,21-Jan-2025
AV01810,Purchase,1810,26-Jan-2025,New Bhairav Krishi Udyog,685006.0,Dr,husk purchase,26-Jan-2025
AV01811,Purchase,1811,25-Jan-2025,Salasar Luni Agro Company,625641.0,Dr,husk purchase,25-Jan-2025
AV01812,Purchase,1812,18-Jan-2025,Shree Vijay Agro Traders,661679.2,Dr,husk purchase,18-Jan-2025
AV01813,Purchase,1813,12-Jan-2025,Sanwariya Suraj Biomass Suppliers,538953.4,Dr,husk purchase,12-Jan-2025
AV01814,Purchase,1814,07-Jan-2025,Shree Laxmi Biomass Suppliers,572660.0,Dr,husk purchase,07-Jan-2025
AV01815,Purchase,1815,09-Jan-2025,Salasar Saurashtra Biomass Suppliers,653874.0,Dr,husk purchase,09-Jan-2025
AV01816,Purchase,1816,07-Jan-2025,Salasar Marudhar Krishi Udyog,669615.1,Dr,husk purchase,07-Jan-2025
AV01817,Purchase,1817,06-Jan-2025,Sanwariya Govind Agro Industries,545436.4,Dr,husk purchase,06-Jan-2025
AV01818,Purchase,1818,15-Jan-2025,Sanwariya Suraj Biomass Suppliers,553709.6,Dr,husk purchase,15-Jan-2025
AV01819,Purchase,1819,24-Jan-2025,Sanwariya Suraj Biomass Suppliers,649062.0,Dr,husk purchase,24-Jan-2025
AV01820,Purchase,1820,05-Jan-2025,Maa Balaji Krishi Bhandar,567238.0,Dr,husk purchase,05-Jan-2025
AV01821,Purchase,1821,18-Jan-2025,Salasar Saurashtra Biomass Suppliers,658515.0,Dr,husk purchase,18-Jan-2025
AV01822,Purchase,1822,09-Jan-2025,Salasar Deepak Agri Residue Pvt Ltd,646725.6,Dr,husk purchase,09-Jan-2025
AV01823,Purchase,1823,23-Jan-2025,Salasar Krishna Biomass Suppliers,651069.9,Dr,husk purchase,23-Jan-2025
AV01824,Purchase,1824,14-Jan-2025,Shree Laxmi Biomass Suppliers,666084.6,Dr,husk purchase,14-Jan-2025
AV01825,Purchase,1825,27-Jan-2025,Salasar Marudhar Krishi Udyog,772952.9,Dr,husk purchase,27-Jan-2025
AV01826,Purchase,1826,07-Jan-2025,Jai Thar Fuels,492374.7,Dr,stalk purchase,07-Jan-2025
AV01827,Purchase,1827,08-Jan-2025,Sanwariya Krishna Agri Residue Pvt Ltd,564045.0,Dr,stalk purchase,08-Jan-2025
AV01828,Purchase,1828,12-Jan-2025,Maa Bhairav Krishi Udyog,592655.0,Dr,stalk purchase,12-Jan-2025
AV01829,Purchase,1829,03-Jan-2025,Shri Bhagwati Trading Co,508434.0,Dr,stalk purchase,03-Jan-2025
AV01830,Purchase,1830,11-Jan-2025,Salasar Banas Biomass Co,539366.3,Dr,stalk purchase,11-Jan-2025
AV01831,Purchase,1831,04-Jan-2025,Sanwariya Rathore Agro Company,556333.4,Dr,stalk purchase,04-Jan-2025
AV01832,Purchase,1832,27-Jan-2025,Jai Rathore Krishi Bhandar,581150.3,Dr,stalk purchase,27-Jan-2025
AV01833,Purchase,1833,16-Jan-2025,New Banas Biomass Co,525502.8,Dr,stalk purchase,16-Jan-2025
AV01834,Purchase,1834,02-Jan-2025,Sanwariya Krishna Agri Residue Pvt Ltd,512070.0,Dr,stalk purchase,02-Jan-2025
AV01835,Purchase,1835,16-Jan-2025,Sanwariya Rathore Agro Company,459885.4,Dr,stalk purchase,16-Jan-2025
AV01836,Purchase,1836,15-Jan-2025,Jai Rathore Krishi Bhandar,513170.8,Dr,stalk purchase,15-Jan-2025
AV01837,Purchase,1837,25-Jan-2025,Salasar Banas Biomass Co,622965.5,Dr,stalk purchase,25-Jan-2025
AV01838,Purchase,1838,24-Jan-2025,Shri Bhagwati Trading Co,466475.1,Dr,stalk purchase,24-Jan-2025
AV01839,Purchase,1839,11-Jan-2025,New Banas Biomass Co,603875.4,Dr,stalk purchase,11-Jan-2025
AV01840,Purchase,1840,04-Jan-2025,Khatu Rajputana Enterprises,589220.4,Dr,stalk purchase,04-Jan-2025
AV01841,Purchase,1841,08-Jan-2025,Salasar Marudhar Krishi Udyog,551827.5,Dr,stalk purchase,08-Jan-2025
AV01842,Purchase,1842,04-Jan-2025,Nakoda Banas Krishi Bhandar,515737.5,Dr,stalk purchase,04-Jan-2025
AV01843,Purchase,1843,05-Jan-2025,New Banas Biomass Co,547700.4,Dr,stalk purchase,05-Jan-2025
AV01844,Purchase,1844,08-Jan-2025,New Banas Biomass Co,488892.0,Dr,stalk purchase,08-Jan-2025
AV01845,Purchase,1845,12-Jan-2025,Sanwariya Vijay Enterprises,641904.0,Dr,stalk purchase,12-Jan-2025
AV01846,Purchase,1846,20-Jan-2025,Sanwariya Rathore Agro Company,569120.8,Dr,stalk purchase,20-Jan-2025
AV01847,Purchase,1847,17-Jan-2025,Jai Sardar Agro Industries,596897.0,Dr,stalk purchase,17-Jan-2025
AV01848,Purchase,1848,08-Jan-2025,Maa Krishna Fuels,588062.4,Dr,stalk purchase,08-Jan-2025
AV01849,Purchase,1849,13-Jan-2025,Khatu Bhairav Biomass Suppliers,512223.6,Dr,stalk purchase,13-Jan-2025
AV01850,Purchase,1850,02-Jan-2025,Maa Kathiawad Agri Residue Pvt Ltd,505237.5,Dr,stalk purchase,02-Jan-2025
AV01851,Purchase,1851,21-Jan-2025,New Banas Biomass Co,522368.0,Dr,stalk purchase,21-Jan-2025
AV01852,Purchase,1852,26-Jan-2025,Salasar Marudhar Krishi Udyog,515338.2,Dr,stalk purchase,26-Jan-2025
AV01853,Purchase,1853,24-Jan-2025,Jai Rathore Krishi Bhandar,550580.8,Dr,stalk purchase,24-Jan-2025
AV01854,Purchase,1854,12-Feb-2025,New Balaji Krishi Bhandar,649128.0,Dr,husk purchase,12-Feb-2025
AV01855,Purchase,1855,03-Feb-2025,Khatu Vijay Biomass Suppliers,681911.1,Dr,husk purchase,03-Feb-2025
AV01856,Purchase,1856,13-Feb-2025,Maa Balaji Krishi Bhandar,598346.0,Dr,husk purchase,13-Feb-2025
AV01857,Purchase,1857,03-Feb-2025,Shree Ramdev Fuels,545800.8,Dr,husk purchase,03-Feb-2025
AV01858,Purchase,1858,06-Feb-2025,Salasar Luni Agro Company,565458.0,Dr,husk purchase,06-Feb-2025
AV01859,Purchase,1859,10-Feb-2025,Sanwariya Suraj Biomass Suppliers,707905.4,Dr,husk purchase,10-Feb-2025
AV01860,Purchase,1860,24-Feb-2025,Sanwariya Ganesh Agri Residue Pvt Ltd,702713.1,Dr,husk purchase,24-Feb-2025
AV01861,Purchase,1861,16-Feb-2025,Khatu Vijay Biomass Suppliers,693032.7,Dr,husk purchase,16-Feb-2025
AV01862,Purchase,1862,23-Feb-2025,New Rathore Agro Industries,537381.6,Dr,husk purchase,23-Feb-2025
AV01863,Purchase,1863,08-Feb-2025,New Rajputana Agro Traders,564494.0,Dr,husk purchase,08-Feb-2025
AV01864,Purchase,1864,15-Feb-2025,Shree Luni Trading Co,659711.8,Dr,husk purchase,15-Feb-2025
AV01865,Purchase,1865,05-Feb-2025,Shree Vijay Agro Traders,624229.2,Dr,husk purchase,05-Feb-2025
AV01866,Purchase,1866,22-Feb-2025,Shree Laxmi Biomass Suppliers,696964.4,Dr,husk purchase,22-Feb-2025
AV01867,Purchase,1867,24-Feb-2025,Shree Laxmi Biomass Suppliers,690292.8,Dr,husk purchase,24-Feb-2025
AV01868,Purchase,1868,18-Feb-2025,Salasar Luni Agro Company,707744.7,Dr,husk purchase,18-Feb-2025
AV01869,Purchase,1869,08-Feb-2025,Maa Vijay Biomass Co,609524.2,Dr,husk purchase,08-Feb-2025
AV01870,Purchase,1870,09-Feb-2025,Sanwariya Govind Agro Industries,718652.9,Dr,husk purchase,09-Feb-2025
AV01871,Purchase,1871,20-Feb-2025,New Rajputana Agro Traders,544858.2,Dr,husk purchase,20-Feb-2025
AV01872,Purchase,1872,12-Feb-2025,New Rathore Agro Industries,587676.6,Dr,husk purchase,12-Feb-2025
AV01873,Purchase,1873,08-Feb-2025,Sanwariya Govind Agro Industries,634191.6,Dr,husk purchase,08-Feb-2025
AV01874,Purchase,1874,14-Feb-2025,Shree Luni Trading Co,675112.5,Dr,husk purchase,14-Feb-2025
AV01875,Purchase,1875,06-Feb-2025,Shree Ramdev Fuels,622488.0,Dr,husk purchase,06-Feb-2025
AV01876,Purchase,1876,17-Feb-2025,Salasar Deepak Agri Residue Pvt Ltd,642139.0,Dr,husk purchase,17-Feb-2025
AV01877,Purchase,1877,02-Feb-2025,Khatu Marudhar Enterprises,661011.0,Dr,husk purchase,02-Feb-2025
AV01878,Purchase,1878,25-Feb-2025,Sanwariya Rathore Agro Company,609318.6,Dr,husk purchase,25-Feb-2025
AV01879,Purchase,1879,20-Feb-2025,Khatu Thar Agro Company,668616.0,Dr,husk purchase,20-Feb-2025
AV01880,Purchase,1880,02-Feb-2025,Shree Ramdev Fuels,634484.8,Dr,husk purchase,02-Feb-2025
AV01881,Purchase,1881,16-Feb-2025,Salasar Krishna Biomass Suppliers,587550.6,Dr,husk purchase,16-Feb-2025
AV01882,Purchase,1882,02-Feb-2025,Shree Vijay Agro Traders,595232.4,Dr,husk purchase,02-Feb-2025
AV01883,Purchase,1883,19-Feb-2025,Khatu Marudhar Enterprises,639265.0,Dr,husk purchase,19-Feb-2025
AV01884,Purchase,1884,24-Feb-2025,Shree Vijay Agro Traders,528255.0,Dr,husk purchase,24-Feb-2025
AV01885,Purchase,1885,07-Feb-2025,New Rathore Krishi Bhandar,705385.6,Dr,husk purchase,07-Feb-2025
AV01886,Purchase,1886,22-Feb-2025,Sanwariya Rathore Agro Company,593211.6,Dr,husk purchase,22-Feb-2025
AV01887,Purchase,1887,22-Feb-2025,Sanwariya Vijay Enterprises,602580.8,Dr,husk purchase,22-Feb-2025
AV01888,Purchase,1888,26-Feb-2025,Khatu Thar Agro Company,648383.8,Dr,husk purchase,26-Feb-2025
AV01889,Purchase,1889,13-Feb-2025,Salasar Marudhar Krishi Udyog,667132.2,Dr,husk purchase,13-Feb-2025
AV01890,Purchase,1890,08-Feb-2025,New Rathore Krishi Bhandar,539116.6,Dr,husk purchase,08-Feb-2025
AV01891,Purchase,1891,22-Feb-2025,New Balaji Krishi Bhandar,602364.0,Dr,husk purchase,22-Feb-2025
AV01892,Purchase,1892,10-Feb-2025,Salasar Mahaveer Krishi Udyog,546472.8,Dr,husk purchase,10-Feb-2025
AV01893,Purchase,1893,27-Feb-2025,Khatu Marudhar Enterprises,677639.1,Dr,husk purchase,27-Feb-2025
AV01894,Purchase,1894,11-Feb-2025,Sanwariya Ganesh Agri Residue Pvt Ltd,580195.5,Dr,husk purchase,11-Feb-2025
AV01895,Purchase,1895,12-Feb-2025,Maa Balaji Trading Co,647010.0,Dr,husk purchase,12-Feb-2025
AV01896,Purchase,1896,20-Feb-2025,Sanwariya Ganesh Agri Residue Pvt Ltd,682405.8,Dr,husk purchase,20-Feb-2025
AV01897,Purchase,1897,06-Feb-2025,Shri Bhagwati Trading Co,579939.6,Dr,husk purchase,06-Feb-2025
AV01898,Purchase,1898,19-Feb-2025,Sanwariya Vijay Enterprises,598995.0,Dr,husk purchase,19-Feb-2025
AV01899,Purchase,1899,05-Feb-2025,Salasar Saurashtra Biomass Suppliers,636213.6,Dr,husk purchase,05-Feb-2025
AV01900,Purchase,1900,09-Feb-2025,New Rathore Krishi Bhandar,535599.4,Dr,husk purchase,09-Feb-2025
AV01901,Purchase,1901,17-Feb-2025,New Bhairav Krishi Udyog,528805.5,Dr,husk purchase,17-Feb-2025
AV01902,Purchase,1902,12-Feb-2025,Shree Luni Trading Co,626173.8,Dr,husk purchase,12-Feb-2025
AV01903,Purchase,1903,08-Feb-2025,Shree Luni Trading Co,678316.8,Dr,husk purchase,08-Feb-2025
AV01904,Purchase,1904,24-Feb-2025,Khatu Shyam Enterprises,609924.0,Dr,husk purchase,24-Feb-2025
AV01905,Purchase,1905,15-Feb-2025,Khatu Marudhar Enterprises,687002.4,Dr,husk purchase,15-Feb-2025
AV01906,Purchase,1906,13-Feb-2025,Sanwariya Ganesh Agri Residue Pvt Ltd,540504.6,Dr,husk purchase,13-Feb-2025
AV01907,Purchase,1907,20-Feb-2025,Shree Rajputana Trading Co,630941.4,Dr,husk purchase,20-Feb-2025
AV01908,Purchase,1908,17-Feb-2025,New Bhagwati Krishi Bhandar,522470.3,Dr,husk purchase,17-Feb-2025
AV01909,Purchase,1909,04-Feb-2025,New Banas Biomass Co,855954.2,Dr,stalk purchase,04-Feb-2025
AV01910,Purchase,1910,25-Feb-2025,Shree Laxmi Biomass Suppliers,950619.6,Dr,stalk purchase,25-Feb-2025
AV01911,Purchase,1911,06-Feb-2025,Maa Kathiawad Agri Residue Pvt Ltd,997318.8,Dr,stalk purchase,06-Feb-2025
AV01912,Purchase,1912,17-Feb-2025,Shri Bhagwati Trading Co,825143.9,Dr,stalk purchase,17-Feb-2025
AV01913,Purchase,1913,16-Feb-2025,Maa Kathiawad Agri Residue Pvt Ltd,844283.2,Dr,stalk purchase,16-Feb-2025
AV01914,Purchase,1914,26-Feb-2025,Sanwariya Rathore Agro Company,1010633.3,Dr,stalk purchase,26-Feb-2025
AV01915,Purchase,1915,03-Feb-2025,Maa Krishna Fuels,824544.0,Dr,stalk purchase,03-Feb-2025
AV01916,Purchase,1916,15-Feb-2025,Khatu Shyam Enterprises,922832.4,Dr,stalk purchase,15-Feb-2025
AV01917,Purchase,1917,02-Feb-2025,Shree Laxmi Biomass Suppliers,1027689.0,Dr,stalk purchase,02-Feb-2025
AV01918,Purchase,1918,05-Feb-2025,Khatu Rathore Biomass Co,834746.4,Dr,stalk purchase,05-Feb-2025
AV01919,Purchase,1919,09-Feb-2025,Sanwariya Krishna Agri Residue Pvt Ltd,849473.9,Dr,stalk purchase,09-Feb-2025
AV01920,Purchase,1920,04-Feb-2025,Jai Thar Fuels,802141.2,Dr,stalk purchase,04-Feb-2025
AV01921,Purchase,1921,03-Feb-2025,Sanwariya Krishna Agri Residue Pvt Ltd,920727.0,Dr,stalk purchase,03-Feb-2025
AV01922,Purchase,1922,14-Feb-2025,Salasar Banas Biomass Co,1065128.0,Dr,stalk purchase,14-Feb-2025
AV01923,Purchase,1923,12-Feb-2025,Sanwariya Ganesh Agri Residue Pvt Ltd,822414.0,Dr,stalk purchase,12-Feb-2025
AV01924,Purchase,1924,02-Feb-2025,Jai Thar Fuels,966420.0,Dr,stalk purchase,02-Feb-2025
AV01925,Purchase,1925,04-Feb-2025,Nakoda Marudhar Agri Residue Pvt Ltd,848660.4,Dr,stalk purchase,04-Feb-2025
AV01926,Purchase,1926,17-Mar-2025,Sanwariya Ganesh Agri Residue Pvt Ltd,733932.0,Dr,husk purchase,17-Mar-2025
AV01927,Purchase,1927,13-Mar-2025,Shree Luni Trading Co,707493.0,Dr,husk purchase,13-Mar-2025
AV01928,Purchase,1928,07-Mar-2025,Salasar Luni Agro Company,642110.4,Dr,husk purchase,07-Mar-2025
AV01929,Purchase,1929,09-Mar-2025,Salasar Krishna Biomass Suppliers,632045.0,Dr,husk purchase,09-Mar-2025
AV01930,Purchase,1930,19-Mar-2025,New Balaji Krishi Bhandar,654367.5,Dr,husk purchase,19-Mar-2025
AV01931,Purchase,1931,16-Mar-2025,Salasar Saurashtra Biomass Suppliers,717595.2,Dr,husk purchase,16-Mar-2025
AV01932,Purchase,1932,06-Mar-2025,Sanwariya Ganesh Agri Residue Pvt Ltd,689841.6,Dr,husk purchase,06-Mar-2025
AV01933,Purchase,1933,11-Mar-2025,Salasar Saurashtra Biomass Suppliers,650931.8,Dr,husk purchase,11-Mar-2025
AV01934,Purchase,1934,11-Mar-2025,Shri Bhagwati Trading Co,716473.8,Dr,husk purchase,11-Mar-2025
AV01935,Purchase,1935,15-Mar-2025,Sanwariya Govind Agro Industries,637347.2,Dr,husk purchase,15-Mar-2025
AV01936,Purchase,1936,04-Mar-2025,Khatu Jagdamba Agro Industries,591994.5,Dr,husk purchase,04-Mar-2025
AV01937,Purchase,1937,27-Mar-2025,Shree Vijay Agro Traders,571708.8,Dr,husk purchase,27-Mar-2025
AV01938,Purchase,1938,16-Mar-2025,Salasar Mahaveer Krishi Udyog,583145.4,Dr,husk purchase,16-Mar-2025
AV01939,Purchase,1939,27-Mar-2025,Sanwariya Suraj Biomass Suppliers,745514.0,Dr,husk purchase,27-Mar-2025
AV01940,Purchase,1940,05-Mar-2025,Maa Balaji Krishi Bhandar,588232.8,Dr,husk purchase,05-Mar-2025
AV01941,Purchase,1941,26-Mar-2025,New Rathore Krishi Bhandar,707366.0,Dr,husk purchase,26-Mar-2025
AV01942,Purchase,1942,21-Mar-2025,Salasar Marudhar Krishi Udyog,646955.4,Dr,husk purchase,21-Mar-2025
AV01943,Purchase,1943,27-Mar-2025,Khatu Jagdamba Agro Industries,593420.8,Dr,husk purchase,27-Mar-2025
AV01944,Purchase,1944,25-Mar-2025,Salasar Saurashtra Biomass Suppliers,638535.6,Dr,husk purchase,25-Mar-2025
AV01945,Purchase,1945,24-Mar-2025,New Rajputana Agro Traders,736973.6,Dr,husk purchase,24-Mar-2025
AV01946,Purchase,1946,19-Mar-2025,Om Shyam Biomass Suppliers,703313.8,Dr,husk purchase,19-Mar-2025
AV01947,Purchase,1947,26-Mar-2025,Maa Vijay Biomass Co,714058.8,Dr,husk purchase,26-Mar-2025
AV01948,Purchase,1948,22-Mar-2025,Khatu Marudhar Enterprises,744804.5,Dr,husk purchase,22-Mar-2025
AV01949,Purchase,1949,02-Mar-2025,Shri Bhagwati Trading Co,695481.6,Dr,husk purchase,02-Mar-2025
AV01950,Purchase,1950,13-Mar-2025,Khatu Jagdamba Agro Industries,664149.0,Dr,husk purchase,13-Mar-2025
AV01951,Purchase,1951,13-Mar-2025,Nakoda Ramdev Trading Co,720355.4,Dr,husk purchase,13-Mar-2025
AV01952,Purchase,1952,26-Mar-2025,Shree Laxmi Biomass Suppliers,581487.4,Dr,husk purchase,26-Mar-2025
AV01953,Purchase,1953,18-Mar-2025,Salasar Marudhar Krishi Udyog,622489.8,Dr,husk purchase,18-Mar-2025
AV01954,Purchase,1954,11-Mar-2025,Om Shyam Biomass Suppliers,610225.2,Dr,husk purchase,11-Mar-2025
AV01955,Purchase,1955,03-Mar-2025,Nakoda Ramdev Trading Co,643824.0,Dr,husk purchase,03-Mar-2025
AV01956,Purchase,1956,05-Mar-2025,Maa Balaji Krishi Bhandar,596827.3,Dr,husk purchase,05-Mar-2025
AV01957,Purchase,1957,27-Mar-2025,Khatu Vijay Biomass Suppliers,695949.3,Dr,husk purchase,27-Mar-2025
AV01958,Purchase,1958,14-Mar-2025,New Rathore Agro Industries,597643.2,Dr,husk purchase,14-Mar-2025
AV01959,Purchase,1959,22-Mar-2025,Salasar Marudhar Krishi Udyog,731425.0,Dr,husk purchase,22-Mar-2025
AV01960,Purchase,1960,26-Mar-2025,New Bhagwati Krishi Bhandar,709382.8,Dr,husk purchase,26-Mar-2025
AV01961,Purchase,1961,22-Mar-2025,New Bhairav Krishi Udyog,722567.3,Dr,husk purchase,22-Mar-2025
AV01962,Purchase,1962,06-Mar-2025,New Rajputana Agro Traders,565326.0,Dr,husk purchase,06-Mar-2025
AV01963,Purchase,1963,27-Mar-2025,Salasar Marudhar Krishi Udyog,724660.6,Dr,husk purchase,27-Mar-2025
AV01964,Purchase,1964,08-Mar-2025,Sanwariya Ganesh Agri Residue Pvt Ltd,563599.8,Dr,husk purchase,08-Mar-2025
AV01965,Purchase,1965,20-Mar-2025,Salasar Saurashtra Biomass Suppliers,681804.0,Dr,husk purchase,20-Mar-2025
AV01966,Purchase,1966,15-Mar-2025,Khatu Thar Agro Company,556568.3,Dr,husk purchase,15-Mar-2025
AV01967,Purchase,1967,21-Mar-2025,Shree Rajputana Trading Co,624294.0,Dr,husk purchase,21-Mar-2025
AV01968,Purchase,1968,07-Mar-2025,Maa Balaji Trading Co,687222.3,Dr,husk purchase,07-Mar-2025
AV01969,Purchase,1969,27-Mar-2025,New Bhairav Krishi Udyog,747700.8,Dr,husk purchase,27-Mar-2025
AV01970,Purchase,1970,26-Mar-2025,New Bhagwati Krishi Bhandar,595645.4,Dr,husk purchase,26-Mar-2025
AV01971,Purchase,1971,23-Mar-2025,Khatu Thar Agro Company,674741.4,Dr,husk purchase,23-Mar-2025
AV01972,Purchase,1972,05-Mar-2025,Khatu Marudhar Enterprises,623051.4,Dr,husk purchase,05-Mar-2025
AV01973,Purchase,1973,20-Mar-2025,New Rathore Krishi Bhandar,611161.2,Dr,husk purchase,20-Mar-2025
AV01974,Purchase,1974,23-Mar-2025,Maa Ganesh Biomass Co,755319.6,Dr,husk purchase,23-Mar-2025
AV01975,Purchase,1975,20-Mar-2025,Maa Ganesh Biomass Co,635290.0,Dr,husk purchase,20-Mar-2025
AV01976,Purchase,1976,23-Mar-2025,Salasar Marudhar Krishi Udyog,611994.2,Dr,stalk purchase,23-Mar-2025
AV01977,Purchase,1977,07-Mar-2025,New Banas Biomass Co,656030.4,Dr,stalk purchase,07-Mar-2025
AV01978,Purchase,1978,14-Mar-2025,Shree Laxmi Biomass Suppliers,548452.3,Dr,stalk purchase,14-Mar-2025
AV01979,Purchase,1979,13-Mar-2025,Salasar Banas Biomass Co,594117.0,Dr,stalk purchase,13-Mar-2025
AV01980,Purchase,1980,03-Mar-2025,Shri Bhagwati Trading Co,656997.5,Dr,stalk purchase,03-Mar-2025
AV01981,Purchase,1981,26-Mar-2025,Jai Rathore Agro Traders,603324.9,Dr,stalk purchase,26-Mar-2025
AV01982,Purchase,1982,07-Mar-2025,Nakoda Marudhar Agri Residue Pvt Ltd,558376.5,Dr,stalk purchase,07-Mar-2025
AV01983,Purchase,1983,08-Mar-2025,Sanwariya Rathore Agro Company,546642.0,Dr,stalk purchase,08-Mar-2025
AV01984,Purchase,1984,21-Mar-2025,Sanwariya Rathore Agro Company,601618.5,Dr,stalk purchase,21-Mar-2025
AV01985,Purchase,1985,06-Mar-2025,Sanwariya Krishna Agri Residue Pvt Ltd,651308.8,Dr,stalk purchase,06-Mar-2025
AV01986,Purchase,1986,16-Mar-2025,Shree Laxmi Biomass Suppliers,639805.2,Dr,stalk purchase,16-Mar-2025
AV01987,Purchase,1987,09-Mar-2025,Jai Rathore Krishi Bhandar,633024.0,Dr,stalk purchase,09-Mar-2025
AV01988,Purchase,1988,21-Mar-2025,Maa Krishna Fuels,637184.0,Dr,stalk purchase,21-Mar-2025
AV01989,Purchase,1989,11-Mar-2025,Sanwariya Govind Agro Industries,561360.0,Dr,stalk purchase,11-Mar-2025
AV01990,Purchase,1990,04-Mar-2025,New Banas Biomass Co,600201.6,Dr,stalk purchase,04-Mar-2025
AV01991,Purchase,1991,18-Mar-2025,New Banas Biomass Co,586745.0,Dr,stalk purchase,18-Mar-2025
AV01992,Purchase,1992,20-Mar-2025,Jai Thar Fuels,614359.2,Dr,stalk purchase,20-Mar-2025
AV01993,Purchase,1993,07-Mar-2025,Khatu Bhairav Biomass Suppliers,589619.7,Dr,stalk purchase,07-Mar-2025
AV01994,Purchase,1994,17-Mar-2025,Sanwariya Govind Agro Industries,622397.6,Dr,stalk purchase,17-Mar-2025
AV01995,Purchase,1995,12-Mar-2025,Khatu Shyam Enterprises,518648.9,Dr,stalk purchase,12-Mar-2025
AV01996,Purchase,1996,13-Mar-2025,Jai Rathore Krishi Bhandar,624724.4,Dr,stalk purchase,13-Mar-2025
AV01997,Purchase,1997,13-Mar-2025,Khatu Rathore Biomass Co,501532.8,Dr,stalk purchase,13-Mar-2025
AV01998,Purchase,1998,26-Mar-2025,Sanwariya Vijay Enterprises,533593.1,Dr,stalk purchase,26-Mar-2025
AV01999,Purchase,1999,27-Mar-2025,Maa Krishna Fuels,548924.9,Dr,stalk purchase,27-Mar-2025
AV02000,Purchase,2000,23-Mar-2025,Sanwariya Govind Agro Industries,516637.8,Dr,stalk purchase,23-Mar-2025
AV02001,Purchase,2001,22-Apr-2025,Sanwariya Ganesh Agri Residue Pvt Ltd,820835.6,Dr,husk purchase,22-Apr-2025
AV02002,Purchase,2002,19-Apr-2025,Salasar Krishna Biomass Suppliers,755175.7,Dr,husk purchase,19-Apr-2025
AV02003,Purchase,2003,10-Apr-2025,Maa Vijay Biomass Co,730618.7,Dr,husk purchase,10-Apr-2025
AV02004,Purchase,2004,23-Apr-2025,Sanwariya Ganesh Agri Residue Pvt Ltd,701378.1,Dr,husk purchase,23-Apr-2025
AV02005,Purchase,2005,14-Apr-2025,New Balaji Krishi Bhandar,715586.3,Dr,husk purchase,14-Apr-2025
AV02006,Purchase,2006,17-Apr-2025,Sanwariya Vijay Enterprises,652486.0,Dr,husk purchase,17-Apr-2025
AV02007,Purchase,2007,14-Apr-2025,Salasar Luni Agro Company,807024.0,Dr,husk purchase,14-Apr-2025
AV02008,Purchase,2008,07-Apr-2025,Sanwariya Rathore Agro Company,719312.0,Dr,husk purchase,07-Apr-2025
AV02009,Purchase,2009,20-Apr-2025,Khatu Marudhar Enterprises,682213.4,Dr,husk purchase,20-Apr-2025
AV02010,Purchase,2010,15-Apr-2025,Khatu Jagdamba Agro Industries,780454.5,Dr,husk purchase,15-Apr-2025
AV02011,Purchase,2011,24-Apr-2025,Sanwariya Rathore Agro Company,669201.6,Dr,husk purchase,24-Apr-2025
AV02012,Purchase,2012,03-Apr-2025,Maa Vijay Biomass Co,708247.8,Dr,husk purchase,03-Apr-2025
AV02013,Purchase,2013,15-Apr-2025,New Balaji Krishi Bhandar,796536.0,Dr,husk purchase,15-Apr-2025
AV02014,Purchase,2014,08-Apr-2025,Salasar Marudhar Krishi Udyog,851799.3,Dr,husk purchase,08-Apr-2025
AV02015,Purchase,2015,26-Apr-2025,Khatu Marudhar Enterprises,797671.0,Dr,husk purchase,26-Apr-2025
AV02016,Purchase,2016,04-Apr-2025,Salasar Deepak Agri Residue Pvt Ltd,809504.8,Dr,husk purchase,04-Apr-2025
AV02017,Purchase,2017,10-Apr-2025,Khatu Jagdamba Agro Industries,687472.9,Dr,husk purchase,10-Apr-2025
AV02018,Purchase,2018,09-Apr-2025,Shri Bhagwati Trading Co,776200.1,Dr,husk purchase,09-Apr-2025
AV02019,Purchase,2019,15-Apr-2025,Maa Balaji Krishi Bhandar,826511.4,Dr,husk purchase,15-Apr-2025
AV02020,Purchase,2020,08-Apr-2025,New Balaji Krishi Bhandar,670987.5,Dr,husk purchase,08-Apr-2025
AV02021,Purchase,2021,15-Apr-2025,New Bhairav Krishi Udyog,729430.6,Dr,husk purchase,15-Apr-2025
AV02022,Purchase,2022,25-Apr-2025,Sanwariya Govind Agro Industries,853596.0,Dr,husk purchase,25-Apr-2025
AV02023,Purchase,2023,08-Apr-2025,New Rathore Agro Industries,829332.4,Dr,husk purchase,08-Apr-2025
AV02024,Purchase,2024,02-Apr-2025,Shree Laxmi Biomass Suppliers,766051.2,Dr,husk purchase,02-Apr-2025
AV02025,Purchase,2025,09-Apr-2025,Maa Ganesh Biomass Co,822277.6,Dr,husk purchase,09-Apr-2025
AV02026,Purchase,2026,26-Apr-2025,Om Shyam Biomass Suppliers,707673.2,Dr,husk purchase,26-Apr-2025
AV02027,Purchase,2027,13-Apr-2025,New Balaji Krishi Bhandar,646545.4,Dr,husk purchase,13-Apr-2025
AV02028,Purchase,2028,16-Apr-2025,Shree Luni Trading Co,832329.0,Dr,husk purchase,16-Apr-2025
AV02029,Purchase,2029,17-Apr-2025,Salasar Mahaveer Krishi Udyog,731532.9,Dr,husk purchase,17-Apr-2025
AV02030,Purchase,2030,14-Apr-2025,Shree Vijay Agro Traders,651982.5,Dr,husk purchase,14-Apr-2025
AV02031,Purchase,2031,15-Apr-2025,Shree Rajputana Trading Co,711942.6,Dr,husk purchase,15-Apr-2025
AV02032,Purchase,2032,16-Apr-2025,New Bhairav Krishi Udyog,830013.6,Dr,husk purchase,16-Apr-2025
AV02033,Purchase,2033,17-Apr-2025,New Balaji Krishi Bhandar,662079.6,Dr,husk purchase,17-Apr-2025
AV02034,Purchase,2034,24-Apr-2025,Sanwariya Govind Agro Industries,692546.4,Dr,husk purchase,24-Apr-2025
AV02035,Purchase,2035,26-Apr-2025,Shri Bhagwati Trading Co,701923.2,Dr,husk purchase,26-Apr-2025
AV02036,Purchase,2036,24-Apr-2025,Nakoda Ramdev Trading Co,784027.4,Dr,husk purchase,24-Apr-2025
AV02037,Purchase,2037,16-Apr-2025,Shree Vijay Agro Traders,830904.5,Dr,husk purchase,16-Apr-2025
AV02038,Purchase,2038,20-Apr-2025,Sanwariya Suraj Biomass Suppliers,711779.2,Dr,husk purchase,20-Apr-2025
AV02039,Purchase,2039,02-Apr-2025,Sanwariya Suraj Biomass Suppliers,647150.0,Dr,husk purchase,02-Apr-2025
AV02040,Purchase,2040,08-Apr-2025,Shree Vijay Agro Traders,669969.3,Dr,husk purchase,08-Apr-2025
AV02041,Purchase,2041,25-Apr-2025,Nakoda Ramdev Trading Co,889106.4,Dr,husk purchase,25-Apr-2025
AV02042,Purchase,2042,08-Apr-2025,Maa Balaji Krishi Bhandar,881212.8,Dr,husk purchase,08-Apr-2025
AV02043,Purchase,2043,21-Apr-2025,New Rathore Krishi Bhandar,809709.3,Dr,husk purchase,21-Apr-2025
AV02044,Purchase,2044,18-Apr-2025,Khatu Shyam Enterprises,637608.3,Dr,husk purchase,18-Apr-2025
AV02045,Purchase,2045,27-Apr-2025,Khatu Shyam Enterprises,835181.1,Dr,husk purchase,27-Apr-2025
AV02046,Purchase,2046,02-Apr-2025,Shree Luni Trading Co,796005.0,Dr,husk purchase,02-Apr-2025
AV02047,Purchase,2047,03-Apr-2025,Maa Balaji Krishi Bhandar,650805.0,Dr,husk purchase,03-Apr-2025
AV02048,Purchase,2048,25-Apr-2025,Salasar Mahaveer Fuels,708179.5,Dr,husk purchase,25-Apr-2025
AV02049,Purchase,2049,07-Apr-2025,Shree Vijay Agro Traders,727764.4,Dr,husk purchase,07-Apr-2025
AV02050,Purchase,2050,15-Apr-2025,Khatu Shyam Enterprises,757737.4,Dr,husk purchase,15-Apr-2025
AV02051,Purchase,2051,18-Apr-2025,Khatu Jagdamba Agro Industries,657900.0,Dr,husk purchase,18-Apr-2025
AV02052,Purchase,2052,16-Apr-2025,Sanwariya Govind Agro Industries,810532.8,Dr,husk purchase,16-Apr-2025
AV02053,Purchase,2053,10-Apr-2025,Salasar Saurashtra Biomass Suppliers,863076.0,Dr,husk purchase,10-Apr-2025
AV02054,Purchase,2054,04-Apr-2025,Om Shyam Biomass Suppliers,751471.5,Dr,husk purchase,04-Apr-2025
AV02055,Purchase,2055,23-Apr-2025,Khatu Shyam Enterprises,787179.6,Dr,stalk purchase,23-Apr-2025
AV02056,Purchase,2056,14-Apr-2025,Maa Bhairav Krishi Udyog,1024367.7,Dr,stalk purchase,14-Apr-2025
AV02057,Purchase,2057,18-Apr-2025,Maa Bhairav Krishi Udyog,783929.2,Dr,stalk purchase,18-Apr-2025
AV02058,Purchase,2058,21-Apr-2025,Nakoda Marudhar Agri Residue Pvt Ltd,859750.0,Dr,stalk purchase,21-Apr-2025
AV02059,Purchase,2059,24-Apr-2025,Maa Kathiawad Agri Residue Pvt Ltd,962251.5,Dr,stalk purchase,24-Apr-2025
AV02060,Purchase,2060,07-Apr-2025,Sanwariya Vijay Enterprises,912511.8,Dr,stalk purchase,07-Apr-2025
AV02061,Purchase,2061,24-Apr-2025,Shree Laxmi Biomass Suppliers,957141.2,Dr,stalk purchase,24-Apr-2025
AV02062,Purchase,2062,15-Apr-2025,Shri Bhagwati Trading Co,903801.6,Dr,stalk purchase,15-Apr-2025
AV02063,Purchase,2063,17-Apr-2025,Khatu Rathore Biomass Co,970192.4,Dr,stalk purchase,17-Apr-2025
AV02064,Purchase,2064,06-Apr-2025,Salasar Marudhar Krishi Udyog,971158.0,Dr,stalk purchase,06-Apr-2025
AV02065,Purchase,2065,06-Apr-2025,Sanwariya Govind Agro Industries,774763.2,Dr,stalk purchase,06-Apr-2025
AV02066,Purchase,2066,18-Apr-2025,Nakoda Banas Krishi Bhandar,1019932.2,Dr,stalk purchase,18-Apr-2025
AV02067,Purchase,2067,12-Apr-2025,Nakoda Marudhar Agri Residue Pvt Ltd,939866.5,Dr,stalk purchase,12-Apr-2025
AV02068,Purchase,2068,14-Apr-2025,Khatu Rathore Biomass Co,803955.6,Dr,stalk purchase,14-Apr-2025
AV02069,Purchase,2069,17-Apr-2025,Jai Sardar Agro Industries,860253.3,Dr,stalk purchase,17-Apr-2025
AV02070,Purchase,2070,05-Apr-2025,Sanwariya Govind Agro Industries,1025687.0,Dr,stalk purchase,05-Apr-2025
AV02071,Purchase,2071,14-Apr-2025,Salasar Banas Biomass Co,802057.5,Dr,stalk purchase,14-Apr-2025
AV02072,Purchase,2072,19-Apr-2025,Jai Thar Fuels,1011173.1,Dr,stalk purchase,19-Apr-2025
AV02073,Purchase,2073,17-Apr-2025,Jai Rathore Krishi Bhandar,906378.4,Dr,stalk purchase,17-Apr-2025
AV02074,Purchase,2074,03-Apr-2025,Maa Kathiawad Agri Residue Pvt Ltd,860655.4,Dr,stalk purchase,03-Apr-2025
AV02075,Purchase,2075,11-May-2025,Salasar Deepak Agri Residue Pvt Ltd,708343.2,Dr,husk purchase,11-May-2025
AV02076,Purchase,2076,26-May-2025,Sanwariya Vijay Enterprises,751205.0,Dr,husk purchase,26-May-2025
AV02077,Purchase,2077,15-May-2025,New Balaji Krishi Bhandar,675171.0,Dr,husk purchase,15-May-2025
AV02078,Purchase,2078,26-May-2025,Salasar Deepak Agri Residue Pvt Ltd,741400.0,Dr,husk purchase,26-May-2025
AV02079,Purchase,2079,08-May-2025,Sanwariya Ganesh Agri Residue Pvt Ltd,673575.4,Dr,husk purchase,08-May-2025
AV02080,Purchase,2080,24-May-2025,Shree Ramdev Fuels,717988.2,Dr,husk purchase,24-May-2025
AV02081,Purchase,2081,20-May-2025,New Bhairav Krishi Udyog,760010.7,Dr,husk purchase,20-May-2025
AV02082,Purchase,2082,08-May-2025,New Balaji Krishi Bhandar,749791.0,Dr,husk purchase,08-May-2025
AV02083,Purchase,2083,21-May-2025,Salasar Deepak Agri Residue Pvt Ltd,635457.0,Dr,husk purchase,21-May-2025
AV02084,Purchase,2084,18-May-2025,Sanwariya Vijay Enterprises,578151.0,Dr,husk purchase,18-May-2025
AV02085,Purchase,2085,11-May-2025,New Bhagwati Krishi Bhandar,748054.6,Dr,husk purchase,11-May-2025
AV02086,Purchase,2086,10-May-2025,Sanwariya Vijay Enterprises,745864.5,Dr,husk purchase,10-May-2025
AV02087,Purchase,2087,07-May-2025,Shree Vijay Agro Traders,762635.3,Dr,husk purchase,07-May-2025
AV02088,Purchase,2088,06-May-2025,Khatu Thar Agro Company,653083.2,Dr,husk purchase,06-May-2025
AV02089,Purchase,2089,09-May-2025,Shri Bhagwati Trading Co,727451.1,Dr,husk purchase,09-May-2025
AV02090,Purchase,2090,24-May-2025,Salasar Marudhar Krishi Udyog,557193.0,Dr,husk purchase,24-May-2025
AV02091,Purchase,2091,22-May-2025,Salasar Krishna Biomass Suppliers,692473.6,Dr,husk purchase,22-May-2025
AV02092,Purchase,2092,05-May-2025,Maa Balaji Krishi Bhandar,605272.5,Dr,husk purchase,05-May-2025
AV02093,Purchase,2093,21-May-2025,Shree Vijay Agro Traders,559464.8,Dr,husk purchase,21-May-2025
AV02094,Purchase,2094,19-May-2025,Om Shyam Biomass Suppliers,615772.5,Dr,husk purchase,19-May-2025
AV02095,Purchase,2095,17-May-2025,Sanwariya Vijay Enterprises,742067.2,Dr,husk purchase,17-May-2025
AV02096,Purchase,2096,19-May-2025,Shree Rajputana Trading Co,715416.0,Dr,husk purchase,19-May-2025
AV02097,Purchase,2097,26-May-2025,Sanwariya Suraj Biomass Suppliers,632666.0,Dr,husk purchase,26-May-2025
AV02098,Purchase,2098,06-May-2025,Shree Laxmi Biomass Suppliers,759544.2,Dr,husk purchase,06-May-2025
AV02099,Purchase,2099,23-May-2025,Salasar Marudhar Krishi Udyog,653203.6,Dr,husk purchase,23-May-2025
AV02100,Purchase,2100,09-May-2025,Maa Balaji Krishi Bhandar,730722.7,Dr,husk purchase,09-May-2025
AV02101,Purchase,2101,20-May-2025,Maa Balaji Krishi Bhandar,708206.4,Dr,husk purchase,20-May-2025
AV02102,Purchase,2102,20-May-2025,Shree Rajputana Trading Co,761504.0,Dr,husk purchase,20-May-2025
AV02103,Purchase,2103,19-May-2025,Khatu Shyam Enterprises,722854.0,Dr,husk purchase,19-May-2025
AV02104,Purchase,2104,20-May-2025,Shree Ramdev Fuels,714166.2,Dr,husk purchase,20-May-2025
AV02105,Purchase,2105,11-May-2025,Salasar Luni Agro Company,612883.2,Dr,husk purchase,11-May-2025
AV02106,Purchase,2106,26-May-2025,New Rathore Agro Industries,703514.4,Dr,husk purchase,26-May-2025
AV02107,Purchase,2107,04-May-2025,Shree Laxmi Biomass Suppliers,774303.2,Dr,husk purchase,04-May-2025
AV02108,Purchase,2108,07-May-2025,Maa Balaji Trading Co,562610.0,Dr,husk purchase,07-May-2025
AV02109,Purchase,2109,13-May-2025,Salasar Mahaveer Fuels,590474.4,Dr,husk purchase,13-May-2025
AV02110,Purchase,2110,24-May-2025,New Rathore Krishi Bhandar,652601.4,Dr,husk purchase,24-May-2025
AV02111,Purchase,2111,19-May-2025,Shri Bhagwati Trading Co,658257.6,Dr,husk purchase,19-May-2025
AV02112,Purchase,2112,24-May-2025,Sanwariya Suraj Biomass Suppliers,748155.4,Dr,husk purchase,24-May-2025
AV02113,Purchase,2113,14-May-2025,Shree Rajputana Trading Co,643143.4,Dr,husk purchase,14-May-2025
AV02114,Purchase,2114,21-May-2025,New Rathore Krishi Bhandar,690615.0,Dr,husk purchase,21-May-2025
AV02115,Purchase,2115,07-May-2025,Maa Ganesh Biomass Co,628559.4,Dr,husk purchase,07-May-2025
AV02116,Purchase,2116,16-May-2025,Sanwariya Ganesh Agri Residue Pvt Ltd,701997.0,Dr,husk purchase,16-May-2025
AV02117,Purchase,2117,07-May-2025,Maa Balaji Krishi Bhandar,587146.8,Dr,husk purchase,07-May-2025
AV02118,Purchase,2118,21-May-2025,Shree Luni Trading Co,569720.8,Dr,husk purchase,21-May-2025
AV02119,Purchase,2119,18-May-2025,Shree Rajputana Trading Co,674366.0,Dr,husk purchase,18-May-2025
AV02120,Purchase,2120,03-May-2025,Maa Balaji Krishi Bhandar,664619.1,Dr,husk purchase,03-May-2025
AV02121,Purchase,2121,24-May-2025,Shree Luni Trading Co,746111.2,Dr,husk purchase,24-May-2025
AV02122,Purchase,2122,04-May-2025,Shree Laxmi Biomass Suppliers,690829.2,Dr,husk purchase,04-May-2025
AV02123,Purchase,2123,19-May-2025,Shree Rajputana Trading Co,732752.4,Dr,husk purchase,19-May-2025
AV02124,Purchase,2124,11-May-2025,Salasar Krishna Biomass Suppliers,693504.0,Dr,husk purchase,11-May-2025
AV02125,Purchase,2125,24-May-2025,Salasar Luni Agro Company,590154.4,Dr,husk purchase,24-May-2025
AV02126,Purchase,2126,05-May-2025,Maa Balaji Krishi Bhandar,705253.5,Dr,husk purchase,05-May-2025
AV02127,Purchase,2127,08-May-2025,Nakoda Ramdev Trading Co,748806.0,Dr,husk purchase,08-May-2025
AV02128,Purchase,2128,23-May-2025,New Rathore Krishi Bhandar,595693.2,Dr,husk purchase,23-May-2025
AV02129,Purchase,2129,12-May-2025,Shree Ramdev Fuels,718145.9,Dr,husk purchase,12-May-2025
AV02130,Purchase,2130,07-May-2025,Salasar Luni Agro Company,649422.0,Dr,husk purchase,07-May-2025
AV02131,Purchase,2131,21-May-2025,Salasar Deepak Agri Residue Pvt Ltd,667233.0,Dr,husk purchase,21-May-2025
AV02132,Purchase,2132,22-May-2025,Shree Ramdev Fuels,577061.1,Dr,husk purchase,22-May-2025
AV02133,Purchase,2133,21-May-2025,Maa Balaji Krishi Bhandar,593832.0,Dr,husk purchase,21-May-2025
AV02134,Purchase,2134,12-May-2025,Khatu Thar Agro Company,692051.2,Dr,husk purchase,12-May-2025
AV02135,Purchase,2135,15-May-2025,Nakoda Ramdev Trading Co,728320.0,Dr,husk purchase,15-May-2025
AV02136,Purchase,2136,10-May-2025,Sanwariya Ganesh Agri Residue Pvt Ltd,586185.6,Dr,husk purchase,10-May-2025
AV02137,Purchase,2137,25-May-2025,Sanwariya Rathore Agro Company,847897.5,Dr,stalk purchase,25-May-2025
AV02138,Purchase,2138,18-May-2025,Khatu Rathore Biomass Co,974753.0,Dr,stalk purchase,18-May-2025
AV02139,Purchase,2139,14-May-2025,Salasar Marudhar Krishi Udyog,939937.6,Dr,stalk purchase,14-May-2025
AV02140,Purchase,2140,09-May-2025,Sanwariya Ganesh Agri Residue Pvt Ltd,971692.8,Dr,stalk purchase,09-May-2025
AV02141,Purchase,2141,20-May-2025,Nakoda Marudhar Agri Residue Pvt Ltd,926464.0,Dr,stalk purchase,20-May-2025
AV02142,Purchase,2142,08-May-2025,Khatu Bhairav Biomass Suppliers,968774.9,Dr,stalk purchase,08-May-2025
AV02143,Purchase,2143,11-May-2025,Khatu Bhairav Biomass Suppliers,850425.0,Dr,stalk purchase,11-May-2025
AV02144,Purchase,2144,22-May-2025,Jai Rathore Agro Traders,976665.6,Dr,stalk purchase,22-May-2025
AV02145,Purchase,2145,24-May-2025,Jai Rathore Krishi Bhandar,1122207.6,Dr,stalk purchase,24-May-2025
AV02146,Purchase,2146,25-May-2025,Jai Rathore Agro Traders,1157362.5,Dr,stalk purchase,25-May-2025
AV02147,Purchase,2147,03-May-2025,Jai Rathore Krishi Bhandar,1157638.4,Dr,stalk purchase,03-May-2025
AV02148,Purchase,2148,03-May-2025,Sanwariya Rathore Agro Company,1118358.4,Dr,stalk purchase,03-May-2025
AV02149,Purchase,2149,08-May-2025,Shree Laxmi Biomass Suppliers,1046889.6,Dr,stalk purchase,08-May-2025
AV02150,Purchase,2150,05-May-2025,Sanwariya Vijay Enterprises,853011.3,Dr,stalk purchase,05-May-2025
AV02151,Purchase,2151,18-May-2025,Shri Bhagwati Trading Co,932008.0,Dr,stalk purchase,18-May-2025
AV02152,Purchase,2152,27-May-2025,Jai Sardar Agro Industries,1036297.9,Dr,stalk purchase,27-May-2025
AV02153,Purchase,2153,07-May-2025,Jai Thar Fuels,951725.2,Dr,stalk purchase,07-May-2025
AV02154,Purchase,2154,20-May-2025,Sanwariya Vijay Enterprises,930129.6,Dr,stalk purchase,20-May-2025
AV02155,Purchase,2155,10-May-2025,Maa Bhairav Krishi Udyog,988839.0,Dr,stalk purchase,10-May-2025
AV02156,Purchase,2156,24-Jun-2025,New Balaji Krishi Bhandar,637694.1,Dr,husk purchase,24-Jun-2025
AV02157,Purchase,2157,22-Jun-2025,Shree Rajputana Trading Co,659961.6,Dr,husk purchase,22-Jun-2025
AV02158,Purchase,2158,15-Jun-2025,Shri Bhagwati Trading Co,562449.6,Dr,husk purchase,15-Jun-2025
AV02159,Purchase,2159,02-Jun-2025,New Balaji Krishi Bhandar,646134.0,Dr,husk purchase,02-Jun-2025
AV02160,Purchase,2160,25-Jun-2025,Sanwariya Ganesh Agri Residue Pvt Ltd,692077.0,Dr,husk purchase,25-Jun-2025
AV02161,Purchase,2161,08-Jun-2025,Sanwariya Suraj Biomass Suppliers,554934.8,Dr,husk purchase,08-Jun-2025
AV02162,Purchase,2162,24-Jun-2025,Shree Ramdev Fuels,664101.9,Dr,husk purchase,24-Jun-2025
AV02163,Purchase,2163,10-Jun-2025,New Rajputana Agro Traders,599250.0,Dr,husk purchase,10-Jun-2025
AV02164,Purchase,2164,09-Jun-2025,Shree Laxmi Biomass Suppliers,643577.7,Dr,husk purchase,09-Jun-2025
AV02165,Purchase,2165,27-Jun-2025,Shree Vijay Agro Traders,737171.4,Dr,husk purchase,27-Jun-2025
AV02166,Purchase,2166,18-Jun-2025,Sanwariya Ganesh Agri Residue Pvt Ltd,681469.3,Dr,husk purchase,18-Jun-2025
AV02167,Purchase,2167,20-Jun-2025,Shree Rajputana Trading Co,732461.4,Dr,husk purchase,20-Jun-2025
AV02168,Purchase,2168,14-Jun-2025,Shree Vijay Agro Traders,684185.6,Dr,husk purchase,14-Jun-2025
AV02169,Purchase,2169,16-Jun-2025,Khatu Jagdamba Agro Industries,732921.1,Dr,husk purchase,16-Jun-2025
AV02170,Purchase,2170,07-Jun-2025,New Balaji Krishi Bhandar,693381.0,Dr,husk purchase,07-Jun-2025
AV02171,Purchase,2171,08-Jun-2025,Salasar Krishna Biomass Suppliers,711735.4,Dr,husk purchase,08-Jun-2025
AV02172,Purchase,2172,15-Jun-2025,Khatu Shyam Enterprises,595887.5,Dr,husk purchase,15-Jun-2025
AV02173,Purchase,2173,05-Jun-2025,Salasar Marudhar Krishi Udyog,561616.5,Dr,husk purchase,05-Jun-2025
AV02174,Purchase,2174,04-Jun-2025,Maa Ganesh Biomass Co,659448.0,Dr,husk purchase,04-Jun-2025
AV02175,Purchase,2175,04-Jun-2025,Salasar Mahaveer Krishi Udyog,622104.0,Dr,husk purchase,04-Jun-2025
AV02176,Purchase,2176,12-Jun-2025,Shree Ramdev Fuels,653760.9,Dr,husk purchase,12-Jun-2025
AV02177,Purchase,2177,20-Jun-2025,New Bhagwati Krishi Bhandar,560566.4,Dr,husk purchase,20-Jun-2025
AV02178,Purchase,2178,24-Jun-2025,Salasar Mahaveer Fuels,758695.2,Dr,husk purchase,24-Jun-2025
AV02179,Purchase,2179,22-Jun-2025,Salasar Mahaveer Krishi Udyog,698831.4,Dr,husk purchase,22-Jun-2025
AV02180,Purchase,2180,07-Jun-2025,Shree Ramdev Fuels,652034.7,Dr,husk purchase,07-Jun-2025
AV02181,Purchase,2181,26-Jun-2025,Shree Laxmi Biomass Suppliers,767293.2,Dr,husk purchase,26-Jun-2025
AV02182,Purchase,2182,13-Jun-2025,Salasar Deepak Agri Residue Pvt Ltd,689901.3,Dr,husk purchase,13-Jun-2025
AV02183,Purchase,2183,04-Jun-2025,Khatu Vijay Biomass Suppliers,610213.5,Dr,husk purchase,04-Jun-2025
AV02184,Purchase,2184,07-Jun-2025,Salasar Luni Agro Company,705057.1,Dr,husk purchase,07-Jun-2025
AV02185,Purchase,2185,23-Jun-2025,Shree Ramdev Fuels,593813.8,Dr,husk purchase,23-Jun-2025
AV02186,Purchase,2186,20-Jun-2025,Khatu Shyam Enterprises,641140.5,Dr,husk purchase,20-Jun-2025
AV02187,Purchase,2187,26-Jun-2025,Salasar Saurashtra Biomass Suppliers,740817.0,Dr,husk purchase,26-Jun-2025
AV02188,Purchase,2188,05-Jun-2025,Shree Ramdev Fuels,605294.1,Dr,husk purchase,05-Jun-2025
AV02189,Purchase,2189,10-Jun-2025,Salasar Mahaveer Fuels,574361.6,Dr,husk purchase,10-Jun-2025
AV02190,Purchase,2190,06-Jun-2025,New Rajputana Agro Traders,745588.8,Dr,husk purchase,06-Jun-2025
AV02191,Purchase,2191,27-Jun-2025,New Rathore Krishi Bhandar,603536.0,Dr,husk purchase,27-Jun-2025
AV02192,Purchase,2192,08-Jun-2025,Salasar Luni Agro Company,724698.0,Dr,husk purchase,08-Jun-2025
AV02193,Purchase,2193,27-Jun-2025,Salasar Mahaveer Fuels,597251.2,Dr,husk purchase,27-Jun-2025
AV02194,Purchase,2194,14-Jun-2025,Khatu Thar Agro Company,727386.0,Dr,husk purchase,14-Jun-2025
AV02195,Purchase,2195,20-Jun-2025,Sanwariya Govind Agro Industries,755203.2,Dr,husk purchase,20-Jun-2025
AV02196,Purchase,2196,17-Jun-2025,Om Shyam Biomass Suppliers,557347.6,Dr,husk purchase,17-Jun-2025
AV02197,Purchase,2197,16-Jun-2025,New Bhagwati Krishi Bhandar,725306.4,Dr,husk purchase,16-Jun-2025
AV02198,Purchase,2198,27-Jun-2025,Shree Ramdev Fuels,722408.4,Dr,husk purchase,27-Jun-2025
AV02199,Purchase,2199,22-Jun-2025,Sanwariya Ganesh Agri Residue Pvt Ltd,624548.6,Dr,husk purchase,22-Jun-2025
AV02200,Purchase,2200,08-Jun-2025,Sanwariya Suraj Biomass Suppliers,625130.8,Dr,husk purchase,08-Jun-2025
AV02201,Purchase,2201,06-Jun-2025,Maa Vijay Biomass Co,615893.4,Dr,husk purchase,06-Jun-2025
AV02202,Purchase,2202,12-Jun-2025,Nakoda Ramdev Trading Co,586716.9,Dr,husk purchase,12-Jun-2025
AV02203,Purchase,2203,18-Jun-2025,Khatu Thar Agro Company,744976.0,Dr,husk purchase,18-Jun-2025
AV02204,Purchase,2204,18-Jun-2025,Sanwariya Govind Agro Industries,614308.0,Dr,husk purchase,18-Jun-2025
AV02205,Purchase,2205,05-Jun-2025,Salasar Luni Agro Company,649026.4,Dr,husk purchase,05-Jun-2025
AV02206,Purchase,2206,27-Jun-2025,Sanwariya Govind Agro Industries,674537.4,Dr,husk purchase,27-Jun-2025
AV02207,Purchase,2207,11-Jun-2025,Maa Ganesh Biomass Co,681112.9,Dr,husk purchase,11-Jun-2025
AV02208,Purchase,2208,26-Jun-2025,New Balaji Krishi Bhandar,690951.1,Dr,husk purchase,26-Jun-2025
AV02209,Purchase,2209,22-Jun-2025,Khatu Marudhar Enterprises,661551.8,Dr,husk purchase,22-Jun-2025
AV02210,Purchase,2210,03-Jun-2025,Salasar Mahaveer Fuels,665223.0,Dr,husk purchase,03-Jun-2025
AV02211,Purchase,2211,27-Jun-2025,Maa Balaji Trading Co,707084.1,Dr,husk purchase,27-Jun-2025
AV02212,Purchase,2212,22-Jun-2025,Salasar Marudhar Krishi Udyog,719039.7,Dr,husk purchase,22-Jun-2025
AV02213,Purchase,2213,02-Jun-2025,Maa Balaji Krishi Bhandar,546264.0,Dr,husk purchase,02-Jun-2025
AV02214,Purchase,2214,05-Jun-2025,Sanwariya Suraj Biomass Suppliers,653544.0,Dr,husk purchase,05-Jun-2025
AV02215,Purchase,2215,02-Jun-2025,Shri Bhagwati Trading Co,699611.2,Dr,husk purchase,02-Jun-2025
AV02216,Purchase,2216,15-Jun-2025,Sanwariya Suraj Biomass Suppliers,737393.7,Dr,husk purchase,15-Jun-2025
AV02217,Purchase,2217,25-Jun-2025,Shree Laxmi Biomass Suppliers,664643.1,Dr,husk purchase,25-Jun-2025
AV02218,Purchase,2218,20-Jun-2025,Salasar Deepak Agri Residue Pvt Ltd,583392.2,Dr,husk purchase,20-Jun-2025
AV02219,Purchase,2219,13-Jun-2025,New Bhagwati Krishi Bhandar,710358.0,Dr,husk purchase,13-Jun-2025
AV02220,Purchase,2220,04-Jun-2025,Shree Rajputana Trading Co,632399.4,Dr,husk purchase,04-Jun-2025
AV02221,Purchase,2221,08-Jun-2025,Sanwariya Ganesh Agri Residue Pvt Ltd,636440.0,Dr,husk purchase,08-Jun-2025
AV02222,Purchase,2222,14-Jun-2025,Jai Rathore Krishi Bhandar,854811.0,Dr,stalk purchase,14-Jun-2025
AV02223,Purchase,2223,12-Jun-2025,Sanwariya Vijay Enterprises,736841.6,Dr,stalk purchase,12-Jun-2025
AV02224,Purchase,2224,15-Jun-2025,Maa Kathiawad Agri Residue Pvt Ltd,678530.7,Dr,stalk purchase,15-Jun-2025
AV02225,Purchase,2225,10-Jun-2025,Nakoda Marudhar Agri Residue Pvt Ltd,680598.1,Dr,stalk purchase,10-Jun-2025
AV02226,Purchase,2226,08-Jun-2025,Shree Laxmi Biomass Suppliers,798860.7,Dr,stalk purchase,08-Jun-2025
AV02227,Purchase,2227,25-Jun-2025,Maa Kathiawad Agri Residue Pvt Ltd,743823.2,Dr,stalk purchase,25-Jun-2025
AV02228,Purchase,2228,20-Jun-2025,Khatu Bhairav Biomass Suppliers,796789.7,Dr,stalk purchase,20-Jun-2025
AV02229,Purchase,2229,04-Jun-2025,Salasar Banas Biomass Co,787901.0,Dr,stalk purchase,04-Jun-2025
AV02230,Purchase,2230,04-Jun-2025,Sanwariya Govind Agro Industries,769197.6,Dr,stalk purchase,04-Jun-2025
AV02231,Purchase,2231,03-Jun-2025,Nakoda Marudhar Agri Residue Pvt Ltd,672332.5,Dr,stalk purchase,03-Jun-2025
AV02232,Purchase,2232,19-Jun-2025,Shri Bhagwati Trading Co,707821.8,Dr,stalk purchase,19-Jun-2025
AV02233,Purchase,2233,09-Jun-2025,Nakoda Marudhar Agri Residue Pvt Ltd,813510.0,Dr,stalk purchase,09-Jun-2025
AV02234,Purchase,2234,20-Jun-2025,New Banas Biomass Co,800776.5,Dr,stalk purchase,20-Jun-2025
AV02235,Purchase,2235,24-Jun-2025,Maa Bhairav Krishi Udyog,754620.6,Dr,stalk purchase,24-Jun-2025
AV02236,Purchase,2236,27-Jun-2025,New Banas Biomass Co,766252.2,Dr,stalk purchase,27-Jun-2025
AV02237,Purchase,2237,17-Jun-2025,Sanwariya Rathore Agro Company,705432.0,Dr,stalk purchase,17-Jun-2025
AV02238,Purchase,2238,20-Jun-2025,Sanwariya Vijay Enterprises,661540.0,Dr,stalk purchase,20-Jun-2025
AV02239,Purchase,2239,24-Jun-2025,Jai Sardar Agro Industries,719426.4,Dr,stalk purchase,24-Jun-2025
AV02240,Purchase,2240,04-Jun-2025,Sanwariya Ganesh Agri Residue Pvt Ltd,692180.0,Dr,stalk purchase,04-Jun-2025
AV02241,Purchase,2241,24-Jun-2025,Sanwariya Vijay Enterprises,858792.0,Dr,stalk purchase,24-Jun-2025
AV02242,Purchase,2242,12-Jun-2025,New Banas Biomass Co,693928.0,Dr,stalk purchase,12-Jun-2025
AV02243,Purchase,2243,13-Jun-2025,Maa Krishna Fuels,663510.0,Dr,stalk purchase,13-Jun-2025
AV02244,Purchase,2244,10-Jun-2025,Maa Krishna Fuels,838740.8,Dr,stalk purchase,10-Jun-2025
AV02245,Purchase,2245,04-Jun-2025,Maa Kathiawad Agri Residue Pvt Ltd,825598.8,Dr,stalk purchase,04-Jun-2025
AV02246,Purchase,2246,02-Jun-2025,Khatu Bhairav Biomass Suppliers,766388.0,Dr,stalk purchase,02-Jun-2025
AV02247,Purchase,2247,23-Jun-2025,Sanwariya Ganesh Agri Residue Pvt Ltd,801133.0,Dr,stalk purchase,23-Jun-2025
AV02248,Purchase,2248,19-Jul-2025,Maa Balaji Trading Co,586804.4,Dr,husk purchase,19-Jul-2025
AV02249,Purchase,2249,27-Jul-2025,Khatu Shyam Enterprises,633692.4,Dr,husk purchase,27-Jul-2025
AV02250,Purchase,2250,13-Jul-2025,Om Shyam Biomass Suppliers,612209.4,Dr,husk purchase,13-Jul-2025
AV02251,Purchase,2251,16-Jul-2025,Maa Vijay Biomass Co,599685.8,Dr,husk purchase,16-Jul-2025
AV02252,Purchase,2252,22-Jul-2025,Salasar Saurashtra Biomass Suppliers,773360.7,Dr,husk purchase,22-Jul-2025
AV02253,Purchase,2253,24-Jul-2025,Maa Balaji Krishi Bhandar,723828.0,Dr,husk purchase,24-Jul-2025
AV02254,Purchase,2254,24-Jul-2025,Khatu Vijay Biomass Suppliers,686224.0,Dr,husk purchase,24-Jul-2025
AV02255,Purchase,2255,19-Jul-2025,New Balaji Krishi Bhandar,700615.5,Dr,husk purchase,19-Jul-2025
AV02256,Purchase,2256,16-Jul-2025,New Balaji Krishi Bhandar,644503.9,Dr,husk purchase,16-Jul-2025
AV02257,Purchase,2257,24-Jul-2025,Nakoda Ramdev Trading Co,770657.2,Dr,husk purchase,24-Jul-2025
AV02258,Purchase,2258,18-Jul-2025,Shree Ramdev Fuels,801065.0,Dr,husk purchase,18-Jul-2025
AV02259,Purchase,2259,11-Jul-2025,Shree Ramdev Fuels,792673.2,Dr,husk purchase,11-Jul-2025
AV02260,Purchase,2260,25-Jul-2025,Om Shyam Biomass Suppliers,711687.6,Dr,husk purchase,25-Jul-2025
AV02261,Purchase,2261,15-Jul-2025,Shri Bhagwati Trading Co,680463.2,Dr,husk purchase,15-Jul-2025
AV02262,Purchase,2262,24-Jul-2025,New Bhairav Krishi Udyog,730864.8,Dr,husk purchase,24-Jul-2025
AV02263,Purchase,2263,16-Jul-2025,Om Shyam Biomass Suppliers,703065.6,Dr,husk purchase,16-Jul-2025
AV02264,Purchase,2264,27-Jul-2025,Maa Balaji Krishi Bhandar,798516.0,Dr,husk purchase,27-Jul-2025
AV02265,Purchase,2265,22-Jul-2025,Maa Vijay Biomass Co,575806.4,Dr,husk purchase,22-Jul-2025
AV02266,Purchase,2266,14-Jul-2025,Khatu Marudhar Enterprises,692295.2,Dr,husk purchase,14-Jul-2025
AV02267,Purchase,2267,07-Jul-2025,Salasar Deepak Agri Residue Pvt Ltd,644534.6,Dr,husk purchase,07-Jul-2025
AV02268,Purchase,2268,18-Jul-2025,New Rajputana Agro Traders,649209.6,Dr,husk purchase,18-Jul-2025
AV02269,Purchase,2269,24-Jul-2025,Shri Bhagwati Trading Co,639412.4,Dr,husk purchase,24-Jul-2025
AV02270,Purchase,2270,06-Jul-2025,New Balaji Krishi Bhandar,653474.4,Dr,husk purchase,06-Jul-2025
AV02271,Purchase,2271,10-Jul-2025,Shree Luni Trading Co,640560.0,Dr,husk purchase,10-Jul-2025
AV02272,Purchase,2272,26-Jul-2025,Sanwariya Vijay Enterprises,626138.4,Dr,husk purchase,26-Jul-2025
AV02273,Purchase,2273,23-Jul-2025,Maa Balaji Krishi Bhandar,718360.5,Dr,husk purchase,23-Jul-2025
AV02274,Purchase,2274,20-Jul-2025,Sanwariya Suraj Biomass Suppliers,643179.0,Dr,husk purchase,20-Jul-2025
AV02275,Purchase,2275,21-Jul-2025,Shree Rajputana Trading Co,677842.2,Dr,husk purchase,21-Jul-2025
AV02276,Purchase,2276,07-Jul-2025,Sanwariya Rathore Agro Company,729948.0,Dr,husk purchase,07-Jul-2025
AV02277,Purchase,2277,09-Jul-2025,Sanwariya Govind Agro Industries,652581.9,Dr,husk purchase,09-Jul-2025
AV02278,Purchase,2278,11-Jul-2025,Shree Ramdev Fuels,660172.8,Dr,husk purchase,11-Jul-2025
AV02279,Purchase,2279,27-Jul-2025,New Rathore Agro Industries,722220.8,Dr,husk purchase,27-Jul-2025
AV02280,Purchase,2280,06-Jul-2025,Sanwariya Ganesh Agri Residue Pvt Ltd,802918.8,Dr,husk purchase,06-Jul-2025
AV02281,Purchase,2281,23-Jul-2025,Shree Luni Trading Co,580603.2,Dr,husk purchase,23-Jul-2025
AV02282,Purchase,2282,02-Jul-2025,Om Shyam Biomass Suppliers,756459.2,Dr,husk purchase,02-Jul-2025
AV02283,Purchase,2283,10-Jul-2025,Sanwariya Vijay Enterprises,574224.5,Dr,husk purchase,10-Jul-2025
AV02284,Purchase,2284,11-Jul-2025,Shree Laxmi Biomass Suppliers,743070.0,Dr,husk purchase,11-Jul-2025
AV02285,Purchase,2285,09-Jul-2025,Salasar Mahaveer Fuels,630506.1,Dr,husk purchase,09-Jul-2025
AV02286,Purchase,2286,07-Jul-2025,Khatu Shyam Enterprises,741354.0,Dr,husk purchase,07-Jul-2025
AV02287,Purchase,2287,08-Jul-2025,Nakoda Ramdev Trading Co,613052.4,Dr,husk purchase,08-Jul-2025
AV02288,Purchase,2288,18-Jul-2025,Maa Ganesh Biomass Co,683847.6,Dr,husk purchase,18-Jul-2025
AV02289,Purchase,2289,27-Jul-2025,Shri Bhagwati Trading Co,666535.0,Dr,husk purchase,27-Jul-2025
AV02290,Purchase,2290,21-Jul-2025,New Rathore Krishi Bhandar,651002.0,Dr,husk purchase,21-Jul-2025
AV02291,Purchase,2291,16-Jul-2025,Sanwariya Vijay Enterprises,645564.0,Dr,husk purchase,16-Jul-2025
AV02292,Purchase,2292,07-Jul-2025,Shri Bhagwati Trading Co,760388.2,Dr,husk purchase,07-Jul-2025
AV02293,Purchase,2293,11-Jul-2025,Maa Balaji Krishi Bhandar,606206.4,Dr,husk purchase,11-Jul-2025
AV02294,Purchase,2294,17-Jul-2025,Sanwariya Suraj Biomass Suppliers,618666.3,Dr,husk purchase,17-Jul-2025
AV02295,Purchase,2295,24-Jul-2025,Maa Balaji Trading Co,744551.8,Dr,husk purchase,24-Jul-2025
AV02296,Purchase,2296,03-Jul-2025,Salasar Mahaveer Krishi Udyog,784690.0,Dr,husk purchase,03-Jul-2025
AV02297,Purchase,2297,25-Jul-2025,New Rathore Agro Industries,625914.0,Dr,husk purchase,25-Jul-2025
AV02298,Purchase,2298,20-Jul-2025,Sanwariya Suraj Biomass Suppliers,669772.8,Dr,husk purchase,20-Jul-2025
AV02299,Purchase,2299,26-Jul-2025,Salasar Luni Agro Company,607777.0,Dr,husk purchase,26-Jul-2025
AV02300,Purchase,2300,19-Jul-2025,Salasar Marudhar Krishi Udyog,594871.2,Dr,husk purchase,19-Jul-2025
AV02301,Purchase,2301,20-Jul-2025,Salasar Krishna Biomass Suppliers,772166.4,Dr,husk purchase,20-Jul-2025
AV02302,Purchase,2302,18-Jul-2025,Shri Bhagwati Trading Co,850608.0,Dr,husk purchase,18-Jul-2025
AV02303,Purchase,2303,15-Jul-2025,Salasar Deepak Agri Residue Pvt Ltd,632966.4,Dr,husk purchase,15-Jul-2025
AV02304,Purchase,2304,04-Jul-2025,Khatu Rathore Biomass Co,968590.0,Dr,stalk purchase,04-Jul-2025
AV02305,Purchase,2305,12-Jul-2025,Sanwariya Vijay Enterprises,913124.7,Dr,stalk purchase,12-Jul-2025
AV02306,Purchase,2306,24-Jul-2025,Nakoda Banas Krishi Bhandar,824213.5,Dr,stalk purchase,24-Jul-2025
AV02307,Purchase,2307,13-Jul-2025,Maa Bhairav Krishi Udyog,912062.4,Dr,stalk purchase,13-Jul-2025
AV02308,Purchase,2308,25-Jul-2025,Sanwariya Ganesh Agri Residue Pvt Ltd,913880.0,Dr,stalk purchase,25-Jul-2025
AV02309,Purchase,2309,15-Jul-2025,Khatu Rathore Biomass Co,772106.4,Dr,stalk purchase,15-Jul-2025
AV02310,Purchase,2310,03-Jul-2025,Khatu Shyam Enterprises,973777.0,Dr,stalk purchase,03-Jul-2025
AV02311,Purchase,2311,21-Jul-2025,Khatu Bhairav Biomass Suppliers,886208.4,Dr,stalk purchase,21-Jul-2025
AV02312,Purchase,2312,16-Jul-2025,Sanwariya Ganesh Agri Residue Pvt Ltd,1004236.8,Dr,stalk purchase,16-Jul-2025
AV02313,Purchase,2313,17-Jul-2025,Khatu Bhairav Biomass Suppliers,841743.8,Dr,stalk purchase,17-Jul-2025
AV02314,Purchase,2314,23-Jul-2025,Khatu Bhairav Biomass Suppliers,856213.1,Dr,stalk purchase,23-Jul-2025
AV02315,Purchase,2315,25-Jul-2025,Sanwariya Ganesh Agri Residue Pvt Ltd,801097.4,Dr,stalk purchase,25-Jul-2025
AV02316,Purchase,2316,09-Jul-2025,Sanwariya Vijay Enterprises,974635.2,Dr,stalk purchase,09-Jul-2025
AV02317,Purchase,2317,19-Jul-2025,Sanwariya Ganesh Agri Residue Pvt Ltd,754965.5,Dr,stalk purchase,19-Jul-2025
AV02318,Purchase,2318,27-Jul-2025,Khatu Bhairav Biomass Suppliers,1028469.4,Dr,stalk purchase,27-Jul-2025
AV02319,Purchase,2319,11-Jul-2025,Jai Sardar Agro Industries,980839.6,Dr,stalk purchase,11-Jul-2025
AV02320,Purchase,2320,11-Jul-2025,Khatu Rajputana Enterprises,885720.0,Dr,stalk purchase,11-Jul-2025
AV02321,Purchase,2321,18-Jul-2025,Sanwariya Rathore Agro Company,806595.2,Dr,stalk purchase,18-Jul-2025
AV02322,Purchase,2322,26-Jul-2025,Nakoda Marudhar Agri Residue Pvt Ltd,873631.9,Dr,stalk purchase,26-Jul-2025
AV02323,Purchase,2323,08-Jul-2025,Sanwariya Ganesh Agri Residue Pvt Ltd,15606850.0,Dr,pellets purchase,08-Jul-2025
AV02324,Purchase,2324,11-Aug-2025,Maa Balaji Krishi Bhandar,588556.8,Dr,husk purchase,11-Aug-2025
AV02325,Purchase,2325,21-Aug-2025,Maa Ganesh Biomass Co,595175.1,Dr,husk purchase,21-Aug-2025
AV02326,Purchase,2326,13-Aug-2025,New Bhairav Krishi Udyog,572530.7,Dr,husk purchase,13-Aug-2025
AV02327,Purchase,2327,26-Aug-2025,Sanwariya Ganesh Agri Residue Pvt Ltd,478731.0,Dr,husk purchase,26-Aug-2025
AV02328,Purchase,2328,06-Aug-2025,Sanwariya Suraj Biomass Suppliers,516385.8,Dr,husk purchase,06-Aug-2025
AV02329,Purchase,2329,25-Aug-2025,Khatu Shyam Enterprises,448449.0,Dr,husk purchase,25-Aug-2025
AV02330,Purchase,2330,11-Aug-2025,New Rathore Agro Industries,541136.0,Dr,husk purchase,11-Aug-2025
AV02331,Purchase,2331,12-Aug-2025,Maa Balaji Krishi Bhandar,583160.0,Dr,husk purchase,12-Aug-2025
AV02332,Purchase,2332,09-Aug-2025,Salasar Saurashtra Biomass Suppliers,494881.8,Dr,husk purchase,09-Aug-2025
AV02333,Purchase,2333,05-Aug-2025,New Bhagwati Krishi Bhandar,545758.2,Dr,husk purchase,05-Aug-2025
AV02334,Purchase,2334,22-Aug-2025,New Rajputana Agro Traders,534479.5,Dr,husk purchase,22-Aug-2025
AV02335,Purchase,2335,06-Aug-2025,Shree Ramdev Fuels,558563.5,Dr,husk purchase,06-Aug-2025
AV02336,Purchase,2336,04-Aug-2025,Khatu Jagdamba Agro Industries,574917.6,Dr,husk purchase,04-Aug-2025
AV02337,Purchase,2337,10-Aug-2025,Khatu Marudhar Enterprises,579688.1,Dr,husk purchase,10-Aug-2025
AV02338,Purchase,2338,13-Aug-2025,Shree Vijay Agro Traders,497283.8,Dr,husk purchase,13-Aug-2025
AV02339,Purchase,2339,12-Aug-2025,New Rathore Krishi Bhandar,459394.8,Dr,husk purchase,12-Aug-2025
AV02340,Purchase,2340,02-Aug-2025,Maa Balaji Krishi Bhandar,479245.5,Dr,husk purchase,02-Aug-2025
AV02341,Purchase,2341,16-Aug-2025,Salasar Marudhar Krishi Udyog,583648.0,Dr,husk purchase,16-Aug-2025
AV02342,Purchase,2342,18-Aug-2025,Khatu Shyam Enterprises,546446.0,Dr,husk purchase,18-Aug-2025
AV02343,Purchase,2343,24-Aug-2025,Salasar Marudhar Krishi Udyog,556822.8,Dr,husk purchase,24-Aug-2025
AV02344,Purchase,2344,10-Aug-2025,Salasar Deepak Agri Residue Pvt Ltd,601064.8,Dr,husk purchase,10-Aug-2025
AV02345,Purchase,2345,20-Aug-2025,Salasar Krishna Biomass Suppliers,457240.8,Dr,husk purchase,20-Aug-2025
AV02346,Purchase,2346,07-Aug-2025,Khatu Marudhar Enterprises,534851.2,Dr,husk purchase,07-Aug-2025
AV02347,Purchase,2347,05-Aug-2025,Shree Ramdev Fuels,539400.0,Dr,husk purchase,05-Aug-2025
AV02348,Purchase,2348,11-Aug-2025,Salasar Luni Agro Company,571596.6,Dr,husk purchase,11-Aug-2025
AV02349,Purchase,2349,15-Aug-2025,New Bhagwati Krishi Bhandar,531174.6,Dr,husk purchase,15-Aug-2025
AV02350,Purchase,2350,08-Aug-2025,Shree Laxmi Biomass Suppliers,528776.8,Dr,husk purchase,08-Aug-2025
AV02351,Purchase,2351,05-Aug-2025,Shree Ramdev Fuels,449038.2,Dr,husk purchase,05-Aug-2025
AV02352,Purchase,2352,18-Aug-2025,Maa Ganesh Biomass Co,439354.8,Dr,husk purchase,18-Aug-2025
AV02353,Purchase,2353,18-Aug-2025,New Rajputana Agro Traders,489742.0,Dr,husk purchase,18-Aug-2025
AV02354,Purchase,2354,24-Aug-2025,Shree Laxmi Biomass Suppliers,472438.9,Dr,husk purchase,24-Aug-2025
AV02355,Purchase,2355,23-Aug-2025,Maa Balaji Krishi Bhandar,489434.4,Dr,husk purchase,23-Aug-2025
AV02356,Purchase,2356,06-Aug-2025,Nakoda Ramdev Trading Co,536323.2,Dr,husk purchase,06-Aug-2025
AV02357,Purchase,2357,26-Aug-2025,Salasar Marudhar Krishi Udyog,498279.0,Dr,husk purchase,26-Aug-2025
AV02358,Purchase,2358,22-Aug-2025,Salasar Mahaveer Krishi Udyog,508810.6,Dr,husk purchase,22-Aug-2025
AV02359,Purchase,2359,13-Aug-2025,Maa Balaji Krishi Bhandar,551466.5,Dr,husk purchase,13-Aug-2025
AV02360,Purchase,2360,21-Aug-2025,Shree Laxmi Biomass Suppliers,436568.0,Dr,husk purchase,21-Aug-2025
AV02361,Purchase,2361,14-Aug-2025,Khatu Jagdamba Agro Industries,473957.4,Dr,husk purchase,14-Aug-2025
AV02362,Purchase,2362,11-Aug-2025,Salasar Luni Agro Company,580195.4,Dr,husk purchase,11-Aug-2025
AV02363,Purchase,2363,11-Aug-2025,New Rathore Agro Industries,600480.0,Dr,husk purchase,11-Aug-2025
AV02364,Purchase,2364,19-Aug-2025,Salasar Deepak Agri Residue Pvt Ltd,454860.0,Dr,husk purchase,19-Aug-2025
AV02365,Purchase,2365,23-Aug-2025,Khatu Marudhar Enterprises,552667.5,Dr,husk purchase,23-Aug-2025
AV02366,Purchase,2366,24-Aug-2025,Shree Laxmi Biomass Suppliers,596338.2,Dr,husk purchase,24-Aug-2025
AV02367,Purchase,2367,15-Aug-2025,Sanwariya Suraj Biomass Suppliers,497303.6,Dr,husk purchase,15-Aug-2025
AV02368,Purchase,2368,06-Aug-2025,New Rathore Krishi Bhandar,448681.2,Dr,husk purchase,06-Aug-2025
AV02369,Purchase,2369,20-Aug-2025,Salasar Krishna Biomass Suppliers,508926.0,Dr,husk purchase,20-Aug-2025
AV02370,Purchase,2370,09-Aug-2025,Maa Ganesh Biomass Co,564642.0,Dr,husk purchase,09-Aug-2025
AV02371,Purchase,2371,07-Aug-2025,Khatu Shyam Enterprises,460348.8,Dr,husk purchase,07-Aug-2025
AV02372,Purchase,2372,16-Aug-2025,Shree Ramdev Fuels,556794.4,Dr,husk purchase,16-Aug-2025
AV02373,Purchase,2373,22-Aug-2025,Sanwariya Suraj Biomass Suppliers,493301.9,Dr,husk purchase,22-Aug-2025
AV02374,Purchase,2374,07-Aug-2025,Shree Vijay Agro Traders,523371.5,Dr,husk purchase,07-Aug-2025
AV02375,Purchase,2375,27-Aug-2025,Sanwariya Govind Agro Industries,440272.8,Dr,husk purchase,27-Aug-2025
AV02376,Purchase,2376,05-Aug-2025,Shree Rajputana Trading Co,542799.6,Dr,husk purchase,05-Aug-2025
AV02377,Purchase,2377,21-Aug-2025,New Rathore Agro Industries,491659.3,Dr,husk purchase,21-Aug-2025
AV02378,Purchase,2378,25-Aug-2025,Khatu Shyam Enterprises,537857.7,Dr,husk purchase,25-Aug-2025
AV02379,Purchase,2379,15-Aug-2025,Khatu Jagdamba Agro Industries,451718.3,Dr,husk purchase,15-Aug-2025
AV02380,Purchase,2380,07-Aug-2025,Salasar Deepak Agri Residue Pvt Ltd,571951.4,Dr,husk purchase,07-Aug-2025
AV02381,Purchase,2381,02-Aug-2025,Khatu Jagdamba Agro Industries,536630.5,Dr,husk purchase,02-Aug-2025
AV02382,Purchase,2382,23-Aug-2025,Shree Laxmi Biomass Suppliers,458546.1,Dr,husk purchase,23-Aug-2025
AV02383,Purchase,2383,06-Aug-2025,Shree Luni Trading Co,482052.8,Dr,husk purchase,06-Aug-2025
AV02384,Purchase,2384,26-Aug-2025,Maa Ganesh Biomass Co,540369.3,Dr,husk purchase,26-Aug-2025
AV02385,Purchase,2385,17-Aug-2025,New Balaji Krishi Bhandar,602462.4,Dr,husk purchase,17-Aug-2025
AV02386,Purchase,2386,18-Aug-2025,New Balaji Krishi Bhandar,488118.4,Dr,husk purchase,18-Aug-2025
AV02387,Purchase,2387,14-Aug-2025,Khatu Vijay Biomass Suppliers,468752.5,Dr,husk purchase,14-Aug-2025
AV02388,Purchase,2388,17-Aug-2025,Nakoda Ramdev Trading Co,559038.7,Dr,husk purchase,17-Aug-2025
AV02389,Purchase,2389,04-Aug-2025,Om Shyam Biomass Suppliers,449876.3,Dr,husk purchase,04-Aug-2025
AV02390,Purchase,2390,14-Aug-2025,New Rathore Krishi Bhandar,483752.2,Dr,husk purchase,14-Aug-2025
AV02391,Purchase,2391,14-Aug-2025,Sanwariya Suraj Biomass Suppliers,569232.4,Dr,husk purchase,14-Aug-2025
AV02392,Purchase,2392,26-Aug-2025,Om Shyam Biomass Suppliers,603514.6,Dr,husk purchase,26-Aug-2025
AV02393,Purchase,2393,09-Aug-2025,Sanwariya Suraj Biomass Suppliers,548136.8,Dr,husk purchase,09-Aug-2025
AV02394,Purchase,2394,05-Aug-2025,Maa Balaji Trading Co,546483.7,Dr,husk purchase,05-Aug-2025
AV02395,Purchase,2395,04-Aug-2025,New Balaji Krishi Bhandar,529616.0,Dr,husk purchase,04-Aug-2025
AV02396,Purchase,2396,06-Aug-2025,New Rathore Krishi Bhandar,504147.8,Dr,husk purchase,06-Aug-2025
AV02397,Purchase,2397,05-Aug-2025,Salasar Marudhar Krishi Udyog,552325.8,Dr,husk purchase,05-Aug-2025
AV02398,Purchase,2398,20-Aug-2025,Sanwariya Rathore Agro Company,488670.0,Dr,husk purchase,20-Aug-2025
AV02399,Purchase,2399,20-Aug-2025,Maa Balaji Trading Co,406539.0,Dr,husk purchase,20-Aug-2025
AV02400,Purchase,2400,05-Aug-2025,Nakoda Marudhar Agri Residue Pvt Ltd,479374.5,Dr,stalk purchase,05-Aug-2025
AV02401,Purchase,2401,27-Aug-2025,Jai Rathore Krishi Bhandar,529728.9,Dr,stalk purchase,27-Aug-2025
AV02402,Purchase,2402,21-Aug-2025,Jai Rathore Krishi Bhandar,489086.4,Dr,stalk purchase,21-Aug-2025
AV02403,Purchase,2403,07-Aug-2025,Sanwariya Govind Agro Industries,565800.5,Dr,stalk purchase,07-Aug-2025
AV02404,Purchase,2404,09-Aug-2025,Nakoda Banas Krishi Bhandar,631350.6,Dr,stalk purchase,09-Aug-2025
AV02405,Purchase,2405,21-Aug-2025,Maa Bhairav Krishi Udyog,498676.5,Dr,stalk purchase,21-Aug-2025
AV02406,Purchase,2406,22-Aug-2025,Sanwariya Govind Agro Industries,586950.3,Dr,stalk purchase,22-Aug-2025
AV02407,Purchase,2407,14-Aug-2025,Nakoda Banas Krishi Bhandar,669251.8,Dr,stalk purchase,14-Aug-2025
AV02408,Purchase,2408,07-Aug-2025,Khatu Shyam Enterprises,502785.6,Dr,stalk purchase,07-Aug-2025
AV02409,Purchase,2409,15-Aug-2025,Khatu Shyam Enterprises,621352.1,Dr,stalk purchase,15-Aug-2025
AV02410,Purchase,2410,26-Aug-2025,Shree Laxmi Biomass Suppliers,605423.7,Dr,stalk purchase,26-Aug-2025
AV02411,Purchase,2411,24-Aug-2025,Jai Sardar Agro Industries,576508.0,Dr,stalk purchase,24-Aug-2025
AV02412,Purchase,2412,27-Aug-2025,Jai Sardar Agro Industries,498244.5,Dr,stalk purchase,27-Aug-2025
AV02413,Purchase,2413,19-Aug-2025,Sanwariya Govind Agro Industries,532230.0,Dr,stalk purchase,19-Aug-2025
AV02414,Purchase,2414,22-Aug-2025,Jai Rathore Krishi Bhandar,563420.3,Dr,stalk purchase,22-Aug-2025
AV02415,Purchase,2415,24-Aug-2025,Khatu Rathore Biomass Co,672335.2,Dr,stalk purchase,24-Aug-2025
AV02416,Purchase,2416,18-Aug-2025,Nakoda Marudhar Agri Residue Pvt Ltd,560829.1,Dr,stalk purchase,18-Aug-2025
AV02417,Purchase,2417,25-Aug-2025,Sanwariya Krishna Agri Residue Pvt Ltd,517196.8,Dr,stalk purchase,25-Aug-2025
AV02418,Purchase,2418,18-Aug-2025,Sanwariya Vijay Enterprises,525718.2,Dr,stalk purchase,18-Aug-2025
AV02419,Purchase,2419,17-Aug-2025,Maa Krishna Fuels,654654.0,Dr,stalk purchase,17-Aug-2025
AV02420,Purchase,2420,17-Aug-2025,Nakoda Banas Krishi Bhandar,500317.8,Dr,stalk purchase,17-Aug-2025
AV02421,Purchase,2421,16-Aug-2025,Sanwariya Rathore Agro Company,521826.5,Dr,stalk purchase,16-Aug-2025
AV02422,Purchase,2422,15-Aug-2025,Salasar Marudhar Krishi Udyog,547450.2,Dr,stalk purchase,15-Aug-2025
AV02423,Purchase,2423,15-Aug-2025,Sanwariya Krishna Agri Residue Pvt Ltd,583947.0,Dr,stalk purchase,15-Aug-2025
AV02424,Purchase,2424,21-Aug-2025,Nakoda Banas Krishi Bhandar,532753.0,Dr,stalk purchase,21-Aug-2025
AV02425,Purchase,2425,25-Aug-2025,Khatu Rathore Biomass Co,574900.2,Dr,stalk purchase,25-Aug-2025
AV02426,Purchase,2426,26-Aug-2025,Nakoda Marudhar Agri Residue Pvt Ltd,595134.6,Dr,stalk purchase,26-Aug-2025
AV02427,Purchase,2427,24-Aug-2025,Sanwariya Ganesh Agri Residue Pvt Ltd,592044.5,Dr,stalk purchase,24-Aug-2025
AV02428,Purchase,2428,24-Aug-2025,Sanwariya Vijay Enterprises,694820.0,Dr,stalk purchase,24-Aug-2025
AV02429,Purchase,2429,18-Aug-2025,Maa Kathiawad Agri Residue Pvt Ltd,566389.8,Dr,stalk purchase,18-Aug-2025
AV02430,Purchase,2430,02-Aug-2025,Salasar Marudhar Krishi Udyog,622942.4,Dr,stalk purchase,02-Aug-2025
AV02431,Purchase,2431,05-Aug-2025,New Govind Agro Company,16095411.2,Dr,pellets purchase,05-Aug-2025
AV02432,Purchase,2432,23-Sep-2025,Shri Bhagwati Trading Co,587087.6,Dr,husk purchase,23-Sep-2025
AV02433,Purchase,2433,16-Sep-2025,Salasar Marudhar Krishi Udyog,604080.3,Dr,husk purchase,16-Sep-2025
AV02434,Purchase,2434,08-Sep-2025,Khatu Vijay Biomass Suppliers,590475.6,Dr,husk purchase,08-Sep-2025
AV02435,Purchase,2435,27-Sep-2025,Khatu Shyam Enterprises,615777.0,Dr,husk purchase,27-Sep-2025
AV02436,Purchase,2436,16-Sep-2025,Khatu Marudhar Enterprises,593598.0,Dr,husk purchase,16-Sep-2025
AV02437,Purchase,2437,25-Sep-2025,Sanwariya Suraj Biomass Suppliers,645290.2,Dr,husk purchase,25-Sep-2025
AV02438,Purchase,2438,11-Sep-2025,Maa Balaji Trading Co,548020.0,Dr,husk purchase,11-Sep-2025
AV02439,Purchase,2439,13-Sep-2025,Khatu Jagdamba Agro Industries,690762.8,Dr,husk purchase,13-Sep-2025
AV02440,Purchase,2440,19-Sep-2025,Salasar Deepak Agri Residue Pvt Ltd,711218.8,Dr,husk purchase,19-Sep-2025
AV02441,Purchase,2441,05-Sep-2025,Shree Rajputana Trading Co,558450.0,Dr,husk purchase,05-Sep-2025
AV02442,Purchase,2442,10-Sep-2025,Salasar Mahaveer Krishi Udyog,625194.8,Dr,husk purchase,10-Sep-2025
AV02443,Purchase,2443,20-Sep-2025,Khatu Jagdamba Agro Industries,607178.0,Dr,husk purchase,20-Sep-2025
AV02444,Purchase,2444,20-Sep-2025,Salasar Mahaveer Fuels,712845.0,Dr,husk purchase,20-Sep-2025
AV02445,Purchase,2445,20-Sep-2025,New Rajputana Agro Traders,541367.4,Dr,husk purchase,20-Sep-2025
AV02446,Purchase,2446,12-Sep-2025,Salasar Luni Agro Company,601563.0,Dr,husk purchase,12-Sep-2025
AV02447,Purchase,2447,13-Sep-2025,Khatu Jagdamba Agro Industries,626641.6,Dr,husk purchase,13-Sep-2025
AV02448,Purchase,2448,21-Sep-2025,Shree Luni Trading Co,693938.0,Dr,husk purchase,21-Sep-2025
AV02449,Purchase,2449,06-Sep-2025,Maa Vijay Biomass Co,535489.9,Dr,husk purchase,06-Sep-2025
AV02450,Purchase,2450,14-Sep-2025,Shree Luni Trading Co,588297.6,Dr,husk purchase,14-Sep-2025
AV02451,Purchase,2451,23-Sep-2025,Khatu Thar Agro Company,550785.4,Dr,husk purchase,23-Sep-2025
AV02452,Purchase,2452,16-Sep-2025,Salasar Marudhar Krishi Udyog,701087.0,Dr,husk purchase,16-Sep-2025
AV02453,Purchase,2453,12-Sep-2025,Shree Vijay Agro Traders,571536.6,Dr,husk purchase,12-Sep-2025
AV02454,Purchase,2454,07-Sep-2025,Khatu Vijay Biomass Suppliers,621003.9,Dr,husk purchase,07-Sep-2025
AV02455,Purchase,2455,07-Sep-2025,New Rajputana Agro Traders,650315.8,Dr,husk purchase,07-Sep-2025
AV02456,Purchase,2456,09-Sep-2025,New Bhagwati Krishi Bhandar,683606.0,Dr,husk purchase,09-Sep-2025
AV02457,Purchase,2457,27-Sep-2025,Om Shyam Biomass Suppliers,701814.4,Dr,husk purchase,27-Sep-2025
AV02458,Purchase,2458,23-Sep-2025,Khatu Marudhar Enterprises,560563.4,Dr,husk purchase,23-Sep-2025
AV02459,Purchase,2459,07-Sep-2025,Sanwariya Govind Agro Industries,582232.0,Dr,husk purchase,07-Sep-2025
AV02460,Purchase,2460,08-Sep-2025,Khatu Vijay Biomass Suppliers,595782.0,Dr,husk purchase,08-Sep-2025
AV02461,Purchase,2461,10-Sep-2025,New Bhairav Krishi Udyog,552229.2,Dr,husk purchase,10-Sep-2025
AV02462,Purchase,2462,10-Sep-2025,Sanwariya Vijay Enterprises,605897.6,Dr,husk purchase,10-Sep-2025
AV02463,Purchase,2463,26-Sep-2025,Shri Bhagwati Trading Co,672152.7,Dr,husk purchase,26-Sep-2025
AV02464,Purchase,2464,17-Sep-2025,Maa Balaji Trading Co,599511.0,Dr,husk purchase,17-Sep-2025
AV02465,Purchase,2465,12-Sep-2025,Salasar Krishna Biomass Suppliers,526770.9,Dr,husk purchase,12-Sep-2025
AV02466,Purchase,2466,16-Sep-2025,New Rajputana Agro Traders,683640.0,Dr,husk purchase,16-Sep-2025
AV02467,Purchase,2467,06-Sep-2025,Khatu Marudhar Enterprises,716985.6,Dr,husk purchase,06-Sep-2025
AV02468,Purchase,2468,09-Sep-2025,Sanwariya Rathore Agro Company,596638.6,Dr,husk purchase,09-Sep-2025
AV02469,Purchase,2469,25-Sep-2025,Salasar Krishna Biomass Suppliers,715046.8,Dr,husk purchase,25-Sep-2025
AV02470,Purchase,2470,07-Sep-2025,Shree Luni Trading Co,674879.4,Dr,husk purchase,07-Sep-2025
AV02471,Purchase,2471,04-Sep-2025,Maa Ganesh Biomass Co,577472.7,Dr,husk purchase,04-Sep-2025
AV02472,Purchase,2472,07-Sep-2025,Maa Ganesh Biomass Co,714146.4,Dr,husk purchase,07-Sep-2025
AV02473,Purchase,2473,16-Sep-2025,Shree Ramdev Fuels,586516.7,Dr,husk purchase,16-Sep-2025
AV02474,Purchase,2474,13-Sep-2025,Khatu Shyam Enterprises,705595.7,Dr,husk purchase,13-Sep-2025
AV02475,Purchase,2475,11-Sep-2025,Shree Vijay Agro Traders,606866.5,Dr,husk purchase,11-Sep-2025
AV02476,Purchase,2476,04-Sep-2025,Salasar Saurashtra Biomass Suppliers,649116.0,Dr,husk purchase,04-Sep-2025
AV02477,Purchase,2477,19-Sep-2025,Sanwariya Vijay Enterprises,633275.2,Dr,husk purchase,19-Sep-2025
AV02478,Purchase,2478,22-Sep-2025,New Bhagwati Krishi Bhandar,709726.4,Dr,husk purchase,22-Sep-2025
AV02479,Purchase,2479,15-Sep-2025,New Bhairav Krishi Udyog,647870.0,Dr,husk purchase,15-Sep-2025
AV02480,Purchase,2480,07-Sep-2025,Salasar Marudhar Krishi Udyog,694728.6,Dr,husk purchase,07-Sep-2025
AV02481,Purchase,2481,24-Sep-2025,Salasar Mahaveer Fuels,571300.2,Dr,husk purchase,24-Sep-2025
AV02482,Purchase,2482,12-Sep-2025,Khatu Thar Agro Company,627589.0,Dr,husk purchase,12-Sep-2025
AV02483,Purchase,2483,27-Sep-2025,Salasar Deepak Agri Residue Pvt Ltd,665897.4,Dr,husk purchase,27-Sep-2025
AV02484,Purchase,2484,27-Sep-2025,Salasar Krishna Biomass Suppliers,651438.6,Dr,husk purchase,27-Sep-2025
AV02485,Purchase,2485,12-Sep-2025,Salasar Saurashtra Biomass Suppliers,660441.6,Dr,husk purchase,12-Sep-2025
AV02486,Purchase,2486,09-Sep-2025,Sanwariya Rathore Agro Company,683778.4,Dr,husk purchase,09-Sep-2025
AV02487,Purchase,2487,11-Sep-2025,Maa Vijay Biomass Co,515465.5,Dr,husk purchase,11-Sep-2025
AV02488,Purchase,2488,13-Sep-2025,Salasar Marudhar Krishi Udyog,555643.6,Dr,husk purchase,13-Sep-2025
AV02489,Purchase,2489,15-Sep-2025,Salasar Luni Agro Company,507498.0,Dr,husk purchase,15-Sep-2025
AV02490,Purchase,2490,08-Sep-2025,Shree Vijay Agro Traders,695683.1,Dr,husk purchase,08-Sep-2025
AV02491,Purchase,2491,21-Sep-2025,Om Shyam Biomass Suppliers,541847.9,Dr,husk purchase,21-Sep-2025
AV02492,Purchase,2492,24-Sep-2025,Shree Laxmi Biomass Suppliers,550599.0,Dr,husk purchase,24-Sep-2025
AV02493,Purchase,2493,10-Sep-2025,Salasar Saurashtra Biomass Suppliers,574897.5,Dr,husk purchase,10-Sep-2025
AV02494,Purchase,2494,02-Sep-2025,Maa Ganesh Biomass Co,547491.0,Dr,husk purchase,02-Sep-2025
AV02495,Purchase,2495,15-Sep-2025,New Rajputana Agro Traders,644044.2,Dr,husk purchase,15-Sep-2025
AV02496,Purchase,2496,27-Sep-2025,Khatu Jagdamba Agro Industries,720036.9,Dr,husk purchase,27-Sep-2025
AV02497,Purchase,2497,03-Sep-2025,Jai Thar Fuels,1166614.8,Dr,stalk purchase,03-Sep-2025
AV02498,Purchase,2498,12-Sep-2025,Nakoda Banas Krishi Bhandar,1115472.6,Dr,stalk purchase,12-Sep-2025
AV02499,Purchase,2499,09-Sep-2025,Sanwariya Ganesh Agri Residue Pvt Ltd,1009912.5,Dr,stalk purchase,09-Sep-2025
AV02500,Purchase,2500,03-Sep-2025,Jai Rathore Krishi Bhandar,1167657.7,Dr,stalk purchase,03-Sep-2025
AV02501,Purchase,2501,02-Sep-2025,Jai Rathore Agro Traders,1041918.3,Dr,stalk purchase,02-Sep-2025
AV02502,Purchase,2502,04-Sep-2025,Nakoda Marudhar Agri Residue Pvt Ltd,1019912.4,Dr,stalk purchase,04-Sep-2025
AV02503,Purchase,2503,02-Sep-2025,Salasar Marudhar Krishi Udyog,967486.0,Dr,stalk purchase,02-Sep-2025
AV02504,Purchase,2504,21-Sep-2025,Shri Bhagwati Trading Co,1168812.9,Dr,stalk purchase,21-Sep-2025
AV02505,Purchase,2505,22-Sep-2025,Sanwariya Krishna Agri Residue Pvt Ltd,1062982.9,Dr,stalk purchase,22-Sep-2025
AV02506,Purchase,2506,04-Sep-2025,Jai Rathore Agro Traders,1029608.0,Dr,stalk purchase,04-Sep-2025
AV02507,Purchase,2507,22-Sep-2025,Salasar Marudhar Krishi Udyog,919875.6,Dr,stalk purchase,22-Sep-2025
AV02508,Purchase,2508,13-Sep-2025,Sanwariya Govind Agro Industries,1057929.6,Dr,stalk purchase,13-Sep-2025
AV02509,Purchase,2509,27-Sep-2025,Maa Bhairav Krishi Udyog,948659.6,Dr,stalk purchase,27-Sep-2025
AV02510,Purchase,2510,10-Sep-2025,Maa Bhairav Krishi Udyog,1131880.4,Dr,stalk purchase,10-Sep-2025
AV02511,Purchase,2511,13-Sep-2025,Nakoda Marudhar Agri Residue Pvt Ltd,1144341.0,Dr,stalk purchase,13-Sep-2025
AV02512,Purchase,2512,07-Sep-2025,Khatu Rathore Biomass Co,917150.0,Dr,stalk purchase,07-Sep-2025
AV02513,Purchase,2513,20-Sep-2025,Maa Krishna Fuels,1218587.0,Dr,stalk purchase,20-Sep-2025
AV02514,Purchase,2514,04-Sep-2025,Sanwariya Govind Agro Industries,8251570.8,Dr,pellets purchase,04-Sep-2025
AV02515,Purchase,2515,21-Sep-2025,Shree Laxmi Biomass Suppliers,8192349.0,Dr,pellets purchase,21-Sep-2025
AV02516,Purchase,2516,05-Oct-2025,Salasar Luni Agro Company,870817.5,Dr,husk purchase,05-Oct-2025
AV02517,Purchase,2517,18-Oct-2025,New Bhairav Krishi Udyog,839175.4,Dr,husk purchase,18-Oct-2025
AV02518,Purchase,2518,23-Oct-2025,New Balaji Krishi Bhandar,818152.0,Dr,husk purchase,23-Oct-2025
AV02519,Purchase,2519,23-Oct-2025,Om Shyam Biomass Suppliers,870312.6,Dr,husk purchase,23-Oct-2025
AV02520,Purchase,2520,15-Oct-2025,Nakoda Ramdev Trading Co,1009601.1,Dr,husk purchase,15-Oct-2025
AV02521,Purchase,2521,13-Oct-2025,Khatu Jagdamba Agro Industries,866604.0,Dr,husk purchase,13-Oct-2025
AV02522,Purchase,2522,19-Oct-2025,Shree Laxmi Biomass Suppliers,987689.6,Dr,husk purchase,19-Oct-2025
AV02523,Purchase,2523,20-Oct-2025,Shree Vijay Agro Traders,1023602.8,Dr,husk purchase,20-Oct-2025
AV02524,Purchase,2524,26-Oct-2025,Maa Ganesh Biomass Co,885446.4,Dr,husk purchase,26-Oct-2025
AV02525,Purchase,2525,24-Oct-2025,Salasar Marudhar Krishi Udyog,854317.3,Dr,husk purchase,24-Oct-2025
AV02526,Purchase,2526,18-Oct-2025,Shree Luni Trading Co,858168.0,Dr,husk purchase,18-Oct-2025
AV02527,Purchase,2527,13-Oct-2025,Salasar Marudhar Krishi Udyog,803711.0,Dr,husk purchase,13-Oct-2025
AV02528,Purchase,2528,11-Oct-2025,New Balaji Krishi Bhandar,928442.5,Dr,husk purchase,11-Oct-2025
AV02529,Purchase,2529,10-Oct-2025,Sanwariya Rathore Agro Company,865575.2,Dr,husk purchase,10-Oct-2025
AV02530,Purchase,2530,03-Oct-2025,Salasar Luni Agro Company,994795.4,Dr,husk purchase,03-Oct-2025
AV02531,Purchase,2531,02-Oct-2025,Sanwariya Govind Agro Industries,883978.5,Dr,husk purchase,02-Oct-2025
AV02532,Purchase,2532,23-Oct-2025,Sanwariya Suraj Biomass Suppliers,803102.4,Dr,husk purchase,23-Oct-2025
AV02533,Purchase,2533,11-Oct-2025,Salasar Mahaveer Fuels,925759.8,Dr,husk purchase,11-Oct-2025
AV02534,Purchase,2534,08-Oct-2025,Salasar Krishna Biomass Suppliers,926289.0,Dr,husk purchase,08-Oct-2025
AV02535,Purchase,2535,13-Oct-2025,New Bhairav Krishi Udyog,1050767.6,Dr,husk purchase,13-Oct-2025
AV02536,Purchase,2536,17-Oct-2025,Shri Bhagwati Trading Co,952543.4,Dr,husk purchase,17-Oct-2025
AV02537,Purchase,2537,22-Oct-2025,Salasar Luni Agro Company,858031.2,Dr,husk purchase,22-Oct-2025
AV02538,Purchase,2538,15-Oct-2025,New Rathore Krishi Bhandar,965280.8,Dr,husk purchase,15-Oct-2025
AV02539,Purchase,2539,23-Oct-2025,Khatu Shyam Enterprises,998560.0,Dr,husk purchase,23-Oct-2025
AV02540,Purchase,2540,26-Oct-2025,New Rathore Agro Industries,898738.0,Dr,husk purchase,26-Oct-2025
AV02541,Purchase,2541,27-Oct-2025,New Rathore Agro Industries,905720.8,Dr,husk purchase,27-Oct-2025
AV02542,Purchase,2542,05-Oct-2025,Shree Vijay Agro Traders,916178.0,Dr,husk purchase,05-Oct-2025
AV02543,Purchase,2543,09-Oct-2025,Khatu Marudhar Enterprises,830464.0,Dr,husk purchase,09-Oct-2025
AV02544,Purchase,2544,04-Oct-2025,Salasar Luni Agro Company,1040808.0,Dr,husk purchase,04-Oct-2025
AV02545,Purchase,2545,11-Oct-2025,Khatu Jagdamba Agro Industries,781208.1,Dr,husk purchase,11-Oct-2025
AV02546,Purchase,2546,17-Oct-2025,Khatu Marudhar Enterprises,842299.5,Dr,husk purchase,17-Oct-2025
AV02547,Purchase,2547,12-Oct-2025,Sanwariya Rathore Agro Company,791004.2,Dr,husk purchase,12-Oct-2025
AV02548,Purchase,2548,20-Oct-2025,Sanwariya Vijay Enterprises,944126.7,Dr,husk purchase,20-Oct-2025
AV02549,Purchase,2549,17-Oct-2025,Khatu Vijay Biomass Suppliers,957078.6,Dr,husk purchase,17-Oct-2025
AV02550,Purchase,2550,22-Oct-2025,New Rathore Agro Industries,850752.0,Dr,husk purchase,22-Oct-2025
AV02551,Purchase,2551,02-Oct-2025,Khatu Marudhar Enterprises,937069.9,Dr,husk purchase,02-Oct-2025
AV02552,Purchase,2552,15-Oct-2025,Maa Balaji Trading Co,993360.2,Dr,husk purchase,15-Oct-2025
AV02553,Purchase,2553,24-Oct-2025,Khatu Thar Agro Company,932631.0,Dr,husk purchase,24-Oct-2025
AV02554,Purchase,2554,06-Oct-2025,Salasar Mahaveer Krishi Udyog,805209.6,Dr,husk purchase,06-Oct-2025
AV02555,Purchase,2555,04-Oct-2025,Salasar Luni Agro Company,793282.6,Dr,husk purchase,04-Oct-2025
AV02556,Purchase,2556,22-Oct-2025,New Bhairav Krishi Udyog,914917.2,Dr,husk purchase,22-Oct-2025
AV02557,Purchase,2557,06-Oct-2025,Salasar Marudhar Krishi Udyog,827676.0,Dr,husk purchase,06-Oct-2025
AV02558,Purchase,2558,18-Oct-2025,New Rathore Krishi Bhandar,961070.5,Dr,husk purchase,18-Oct-2025
AV02559,Purchase,2559,09-Oct-2025,Salasar Krishna Biomass Suppliers,864404.1,Dr,husk purchase,09-Oct-2025
AV02560,Purchase,2560,07-Oct-2025,Shree Luni Trading Co,1041679.2,Dr,husk purchase,07-Oct-2025
AV02561,Purchase,2561,21-Oct-2025,Maa Vijay Biomass Co,943374.6,Dr,husk purchase,21-Oct-2025
AV02562,Purchase,2562,20-Oct-2025,Salasar Mahaveer Fuels,888499.9,Dr,husk purchase,20-Oct-2025
AV02563,Purchase,2563,26-Oct-2025,Khatu Vijay Biomass Suppliers,1016862.0,Dr,husk purchase,26-Oct-2025
AV02564,Purchase,2564,18-Oct-2025,Khatu Vijay Biomass Suppliers,877000.5,Dr,husk purchase,18-Oct-2025
AV02565,Purchase,2565,03-Oct-2025,Salasar Marudhar Krishi Udyog,905145.8,Dr,husk purchase,03-Oct-2025
AV02566,Purchase,2566,12-Oct-2025,Salasar Mahaveer Krishi Udyog,883624.0,Dr,husk purchase,12-Oct-2025
AV02567,Purchase,2567,27-Oct-2025,Shree Laxmi Biomass Suppliers,565267.2,Dr,stalk purchase,27-Oct-2025
AV02568,Purchase,2568,08-Oct-2025,Khatu Shyam Enterprises,641452.5,Dr,stalk purchase,08-Oct-2025
AV02569,Purchase,2569,05-Oct-2025,New Banas Biomass Co,552737.2,Dr,stalk purchase,05-Oct-2025
AV02570,Purchase,2570,11-Oct-2025,Shree Laxmi Biomass Suppliers,599222.4,Dr,stalk purchase,11-Oct-2025
AV02571,Purchase,2571,17-Oct-2025,Khatu Rajputana Enterprises,561913.2,Dr,stalk purchase,17-Oct-2025
AV02572,Purchase,2572,24-Oct-2025,Jai Thar Fuels,580700.4,Dr,stalk purchase,24-Oct-2025
AV02573,Purchase,2573,14-Oct-2025,Khatu Shyam Enterprises,636719.5,Dr,stalk purchase,14-Oct-2025
AV02574,Purchase,2574,13-Oct-2025,Salasar Marudhar Krishi Udyog,613844.4,Dr,stalk purchase,13-Oct-2025
AV02575,Purchase,2575,12-Oct-2025,Sanwariya Govind Agro Industries,648253.3,Dr,stalk purchase,12-Oct-2025
AV02576,Purchase,2576,04-Oct-2025,Jai Rathore Agro Traders,600800.2,Dr,stalk purchase,04-Oct-2025
AV02577,Purchase,2577,17-Oct-2025,Shree Laxmi Biomass Suppliers,669152.3,Dr,stalk purchase,17-Oct-2025
AV02578,Purchase,2578,27-Oct-2025,Jai Sardar Agro Industries,692664.0,Dr,stalk purchase,27-Oct-2025
AV02579,Purchase,2579,02-Oct-2025,Maa Krishna Fuels,688897.5,Dr,stalk purchase,02-Oct-2025
AV02580,Purchase,2580,06-Oct-2025,Jai Thar Fuels,588717.3,Dr,stalk purchase,06-Oct-2025
AV02581,Purchase,2581,20-Oct-2025,Shree Laxmi Biomass Suppliers,524462.4,Dr,stalk purchase,20-Oct-2025
AV02582,Purchase,2582,26-Oct-2025,Khatu Rathore Biomass Co,567063.9,Dr,stalk purchase,26-Oct-2025
AV02583,Purchase,2583,27-Oct-2025,Maa Bhairav Krishi Udyog,678859.8,Dr,stalk purchase,27-Oct-2025
AV02584,Purchase,2584,02-Oct-2025,Sanwariya Ganesh Agri Residue Pvt Ltd,688248.0,Dr,stalk purchase,02-Oct-2025
AV02585,Purchase,2585,24-Oct-2025,Shree Laxmi Biomass Suppliers,640865.2,Dr,stalk purchase,24-Oct-2025
AV02586,Purchase,2586,11-Oct-2025,Shree Laxmi Biomass Suppliers,531539.3,Dr,stalk purchase,11-Oct-2025
AV02587,Purchase,2587,22-Oct-2025,Shree Laxmi Biomass Suppliers,611271.0,Dr,stalk purchase,22-Oct-2025
AV02588,Purchase,2588,21-Oct-2025,Maa Bhairav Krishi Udyog,593727.2,Dr,stalk purchase,21-Oct-2025
AV02589,Purchase,2589,11-Oct-2025,Khatu Rajputana Enterprises,639210.0,Dr,stalk purchase,11-Oct-2025
AV02590,Purchase,2590,20-Oct-2025,Khatu Shyam Enterprises,554461.8,Dr,stalk purchase,20-Oct-2025
AV02591,Purchase,2591,27-Oct-2025,Shri Bhagwati Trading Co,528611.4,Dr,stalk purchase,27-Oct-2025
AV02592,Purchase,2592,07-Oct-2025,Khatu Bhairav Biomass Suppliers,542545.3,Dr,stalk purchase,07-Oct-2025
AV02593,Purchase,2593,03-Oct-2025,Shri Bhagwati Trading Co,609043.6,Dr,stalk purchase,03-Oct-2025
AV02594,Purchase,2594,15-Oct-2025,Jai Sardar Agro Industries,687014.8,Dr,stalk purchase,15-Oct-2025
AV02595,Purchase,2595,03-Oct-2025,Salasar Marudhar Krishi Udyog,665714.4,Dr,stalk purchase,03-Oct-2025
AV02596,Purchase,2596,11-Oct-2025,Nakoda Banas Krishi Bhandar,564244.5,Dr,stalk purchase,11-Oct-2025
AV02597,Purchase,2597,11-Oct-2025,Sanwariya Ganesh Agri Residue Pvt Ltd,627828.1,Dr,stalk purchase,11-Oct-2025
AV02598,Purchase,2598,10-Oct-2025,Salasar Banas Biomass Co,527048.6,Dr,stalk purchase,10-Oct-2025
AV02599,Purchase,2599,27-Oct-2025,Sanwariya Govind Agro Industries,615396.6,Dr,stalk purchase,27-Oct-2025
AV02600,Purchase,2600,13-Oct-2025,Jai Thar Fuels,590889.0,Dr,stalk purchase,13-Oct-2025
AV02601,Purchase,2601,18-Nov-2025,Salasar Krishna Biomass Suppliers,280578.0,Dr,supply against order,18-Nov-2025
AV02602,Purchase,2602,13-Nov-2025,Maa Ganesh Biomass Co,202255.8,Dr,material recd,13-Nov-2025
AV02603,Purchase,2603,09-Nov-2025,New Bhairav Krishi Udyog,150592.6,Dr,as per bill,09-Nov-2025
AV02604,Purchase,2604,23-Nov-2025,Khatu Vijay Biomass Suppliers,200768.8,Dr,material recd,23-Nov-2025
AV02605,Purchase,2605,17-Nov-2025,Sanwariya Rathore Agro Company,201114.6,Dr,biomass purchase,17-Nov-2025
AV02606,Purchase,2606,24-Nov-2025,New Bhagwati Krishi Bhandar,227259.6,Dr,material recd,24-Nov-2025
AV02607,Purchase,2607,17-Nov-2025,New Rathore Agro Industries,202057.2,Dr,supply against order,17-Nov-2025
AV02608,Purchase,2608,10-Nov-2025,Salasar Luni Agro Company,204565.9,Dr,material recd,10-Nov-2025
AV02609,Purchase,2609,11-Nov-2025,Salasar Deepak Agri Residue Pvt Ltd,750938.0,Dr,husk purchase,11-Nov-2025
AV02610,Purchase,2610,27-Nov-2025,New Bhairav Krishi Udyog,666534.4,Dr,husk purchase,27-Nov-2025
AV02611,Purchase,2611,06-Nov-2025,Shri Bhagwati Trading Co,783750.0,Dr,husk purchase,06-Nov-2025
AV02612,Purchase,2612,26-Nov-2025,Om Shyam Biomass Suppliers,662302.0,Dr,husk purchase,26-Nov-2025
AV02613,Purchase,2613,13-Nov-2025,Om Shyam Biomass Suppliers,788913.0,Dr,husk purchase,13-Nov-2025
AV02614,Purchase,2614,16-Nov-2025,Khatu Thar Agro Company,733708.8,Dr,husk purchase,16-Nov-2025
AV02615,Purchase,2615,12-Nov-2025,Maa Vijay Biomass Co,767344.0,Dr,husk purchase,12-Nov-2025
AV02616,Purchase,2616,19-Nov-2025,Salasar Luni Agro Company,683133.0,Dr,husk purchase,19-Nov-2025
AV02617,Purchase,2617,21-Nov-2025,Salasar Marudhar Krishi Udyog,616401.5,Dr,husk purchase,21-Nov-2025
AV02618,Purchase,2618,08-Nov-2025,Om Shyam Biomass Suppliers,777246.4,Dr,husk purchase,08-Nov-2025
AV02619,Purchase,2619,16-Nov-2025,Salasar Krishna Biomass Suppliers,661920.0,Dr,husk purchase,16-Nov-2025
AV02620,Purchase,2620,05-Nov-2025,New Balaji Krishi Bhandar,636542.4,Dr,husk purchase,05-Nov-2025
AV02621,Purchase,2621,22-Nov-2025,Sanwariya Ganesh Agri Residue Pvt Ltd,622710.0,Dr,husk purchase,22-Nov-2025
AV02622,Purchase,2622,20-Nov-2025,Om Shyam Biomass Suppliers,682328.8,Dr,husk purchase,20-Nov-2025
AV02623,Purchase,2623,05-Nov-2025,Salasar Mahaveer Fuels,722173.2,Dr,husk purchase,05-Nov-2025
AV02624,Purchase,2624,21-Nov-2025,Khatu Jagdamba Agro Industries,670665.6,Dr,husk purchase,21-Nov-2025
AV02625,Purchase,2625,12-Nov-2025,Salasar Deepak Agri Residue Pvt Ltd,645653.5,Dr,husk purchase,12-Nov-2025
AV02626,Purchase,2626,19-Nov-2025,New Rajputana Agro Traders,755401.8,Dr,husk purchase,19-Nov-2025
AV02627,Purchase,2627,27-Nov-2025,Khatu Marudhar Enterprises,657901.2,Dr,husk purchase,27-Nov-2025
AV02628,Purchase,2628,18-Nov-2025,Khatu Vijay Biomass Suppliers,755177.4,Dr,husk purchase,18-Nov-2025
AV02629,Purchase,2629,02-Nov-2025,Sanwariya Vijay Enterprises,766607.4,Dr,husk purchase,02-Nov-2025
AV02630,Purchase,2630,09-Nov-2025,New Rathore Agro Industries,673180.0,Dr,husk purchase,09-Nov-2025
AV02631,Purchase,2631,26-Nov-2025,Shree Luni Trading Co,621840.0,Dr,husk purchase,26-Nov-2025
AV02632,Purchase,2632,14-Nov-2025,Shree Luni Trading Co,592919.6,Dr,husk purchase,14-Nov-2025
AV02633,Purchase,2633,02-Nov-2025,Khatu Vijay Biomass Suppliers,740389.1,Dr,husk purchase,02-Nov-2025
AV02634,Purchase,2634,04-Nov-2025,Maa Ganesh Biomass Co,720369.0,Dr,husk purchase,04-Nov-2025
AV02635,Purchase,2635,16-Nov-2025,Maa Balaji Krishi Bhandar,688341.0,Dr,husk purchase,16-Nov-2025
AV02636,Purchase,2636,24-Nov-2025,New Rathore Agro Industries,783604.8,Dr,husk purchase,24-Nov-2025
AV02637,Purchase,2637,23-Nov-2025,Salasar Luni Agro Company,776621.0,Dr,husk purchase,23-Nov-2025
AV02638,Purchase,2638,21-Nov-2025,Shri Bhagwati Trading Co,675403.0,Dr,husk purchase,21-Nov-2025
AV02639,Purchase,2639,21-Nov-2025,Sanwariya Ganesh Agri Residue Pvt Ltd,614270.0,Dr,husk purchase,21-Nov-2025
AV02640,Purchase,2640,04-Nov-2025,Maa Vijay Biomass Co,618551.7,Dr,husk purchase,04-Nov-2025
AV02641,Purchase,2641,06-Nov-2025,Salasar Mahaveer Fuels,756443.7,Dr,husk purchase,06-Nov-2025
AV02642,Purchase,2642,02-Nov-2025,Om Shyam Biomass Suppliers,611655.6,Dr,husk purchase,02-Nov-2025
AV02643,Purchase,2643,26-Nov-2025,Shri Bhagwati Trading Co,678251.8,Dr,husk purchase,26-Nov-2025
AV02644,Purchase,2644,06-Nov-2025,Maa Vijay Biomass Co,693599.2,Dr,husk purchase,06-Nov-2025
AV02645,Purchase,2645,06-Nov-2025,New Rajputana Agro Traders,648637.8,Dr,husk purchase,06-Nov-2025
AV02646,Purchase,2646,19-Nov-2025,Sanwariya Vijay Enterprises,619488.0,Dr,husk purchase,19-Nov-2025
AV02647,Purchase,2647,27-Nov-2025,Khatu Marudhar Enterprises,651792.4,Dr,husk purchase,27-Nov-2025
AV02648,Purchase,2648,16-Nov-2025,Salasar Marudhar Krishi Udyog,623015.0,Dr,husk purchase,16-Nov-2025
AV02649,Purchase,2649,17-Nov-2025,New Rajputana Agro Traders,755846.1,Dr,husk purchase,17-Nov-2025
AV02650,Purchase,2650,23-Nov-2025,Sanwariya Suraj Biomass Suppliers,785479.5,Dr,husk purchase,23-Nov-2025
AV02651,Purchase,2651,06-Nov-2025,New Bhairav Krishi Udyog,823885.2,Dr,husk purchase,06-Nov-2025
AV02652,Purchase,2652,23-Nov-2025,New Bhagwati Krishi Bhandar,651334.2,Dr,husk purchase,23-Nov-2025
AV02653,Purchase,2653,06-Nov-2025,Sanwariya Vijay Enterprises,762598.0,Dr,husk purchase,06-Nov-2025
AV02654,Purchase,2654,15-Nov-2025,Sanwariya Rathore Agro Company,753657.6,Dr,husk purchase,15-Nov-2025
AV02655,Purchase,2655,05-Nov-2025,Maa Balaji Trading Co,642700.2,Dr,husk purchase,05-Nov-2025
AV02656,Purchase,2656,02-Nov-2025,Salasar Saurashtra Biomass Suppliers,745246.2,Dr,husk purchase,02-Nov-2025
AV02657,Purchase,2657,27-Nov-2025,Sanwariya Rathore Agro Company,733604.0,Dr,husk purchase,27-Nov-2025
AV02658,Purchase,2658,26-Nov-2025,Om Shyam Biomass Suppliers,659964.6,Dr,husk purchase,26-Nov-2025
AV02659,Purchase,2659,13-Nov-2025,Salasar Krishna Biomass Suppliers,864599.6,Dr,husk purchase,13-Nov-2025
AV02660,Purchase,2660,03-Nov-2025,New Rajputana Agro Traders,781652.2,Dr,husk purchase,03-Nov-2025
AV02661,Purchase,2661,12-Nov-2025,Khatu Shyam Enterprises,692544.6,Dr,husk purchase,12-Nov-2025
AV02662,Purchase,2662,25-Nov-2025,Jai Rathore Agro Traders,551526.4,Dr,stalk purchase,25-Nov-2025
AV02663,Purchase,2663,22-Nov-2025,Jai Thar Fuels,567454.5,Dr,stalk purchase,22-Nov-2025
AV02664,Purchase,2664,27-Nov-2025,Shri Bhagwati Trading Co,516745.2,Dr,stalk purchase,27-Nov-2025
AV02665,Purchase,2665,27-Nov-2025,Khatu Rathore Biomass Co,502361.2,Dr,stalk purchase,27-Nov-2025
AV02666,Purchase,2666,14-Nov-2025,Jai Sardar Agro Industries,573939.8,Dr,stalk purchase,14-Nov-2025
AV02667,Purchase,2667,17-Nov-2025,Jai Rathore Krishi Bhandar,442683.2,Dr,stalk purchase,17-Nov-2025
AV02668,Purchase,2668,23-Nov-2025,Shri Bhagwati Trading Co,526230.0,Dr,stalk purchase,23-Nov-2025
AV02669,Purchase,2669,10-Nov-2025,Salasar Banas Biomass Co,484803.0,Dr,stalk purchase,10-Nov-2025
AV02670,Purchase,2670,12-Nov-2025,Sanwariya Rathore Agro Company,499682.8,Dr,stalk purchase,12-Nov-2025
AV02671,Purchase,2671,26-Nov-2025,Shree Laxmi Biomass Suppliers,539929.0,Dr,stalk purchase,26-Nov-2025
AV02672,Purchase,2672,24-Nov-2025,Khatu Bhairav Biomass Suppliers,541807.0,Dr,stalk purchase,24-Nov-2025
AV02673,Purchase,2673,26-Nov-2025,Sanwariya Rathore Agro Company,449754.2,Dr,stalk purchase,26-Nov-2025
AV02674,Purchase,2674,17-Nov-2025,Sanwariya Krishna Agri Residue Pvt Ltd,484728.2,Dr,stalk purchase,17-Nov-2025
AV02675,Purchase,2675,15-Nov-2025,Shri Bhagwati Trading Co,418162.5,Dr,stalk purchase,15-Nov-2025
AV02676,Purchase,2676,10-Nov-2025,Shree Laxmi Biomass Suppliers,513670.4,Dr,stalk purchase,10-Nov-2025
AV02677,Purchase,2677,14-Nov-2025,Maa Krishna Fuels,443149.2,Dr,stalk purchase,14-Nov-2025
AV02678,Purchase,2678,13-Nov-2025,Khatu Rathore Biomass Co,494919.3,Dr,stalk purchase,13-Nov-2025
AV02679,Purchase,2679,22-Nov-2025,Salasar Banas Biomass Co,572329.8,Dr,stalk purchase,22-Nov-2025
AV02680,Purchase,2680,27-Nov-2025,Jai Rathore Agro Traders,471070.0,Dr,stalk purchase,27-Nov-2025
AV02681,Purchase,2681,14-Nov-2025,Khatu Rajputana Enterprises,557976.0,Dr,stalk purchase,14-Nov-2025
AV02682,Purchase,2682,25-Nov-2025,Jai Rathore Agro Traders,515743.2,Dr,stalk purchase,25-Nov-2025
AV02683,Purchase,2683,23-Nov-2025,Salasar Banas Biomass Co,469041.6,Dr,stalk purchase,23-Nov-2025
AV02684,Purchase,2684,10-Nov-2025,Maa Bhairav Krishi Udyog,582343.5,Dr,stalk purchase,10-Nov-2025
AV02685,Purchase,2685,24-Nov-2025,Khatu Rajputana Enterprises,533440.2,Dr,stalk purchase,24-Nov-2025
AV02686,Purchase,2686,18-Nov-2025,Sanwariya Govind Agro Industries,462085.2,Dr,stalk purchase,18-Nov-2025
AV02687,Purchase,2687,22-Nov-2025,Maa Bhairav Krishi Udyog,508751.6,Dr,stalk purchase,22-Nov-2025
AV02688,Purchase,2688,03-Nov-2025,Salasar Marudhar Krishi Udyog,541764.0,Dr,stalk purchase,03-Nov-2025
AV02689,Purchase,2689,15-Nov-2025,Sanwariya Govind Agro Industries,427232.0,Dr,stalk purchase,15-Nov-2025
AV02690,Purchase,2690,09-Nov-2025,Salasar Marudhar Krishi Udyog,545938.8,Dr,stalk purchase,09-Nov-2025
AV02691,Purchase,2691,10-Nov-2025,Khatu Rajputana Enterprises,464426.2,Dr,stalk purchase,10-Nov-2025
AV02692,Purchase,2692,16-Nov-2025,Jai Rathore Krishi Bhandar,463478.1,Dr,stalk purchase,16-Nov-2025
AV02693,Purchase,2693,16-Nov-2025,Nakoda Banas Krishi Bhandar,467639.6,Dr,stalk purchase,16-Nov-2025
AV02694,Purchase,2694,27-Nov-2025,Jai Rathore Agro Traders,497882.0,Dr,stalk purchase,27-Nov-2025
AV02695,Purchase,2695,08-Nov-2025,Jai Thar Fuels,494494.8,Dr,stalk purchase,08-Nov-2025
AV02696,Purchase,2696,21-Nov-2025,New Banas Biomass Co,532201.8,Dr,stalk purchase,21-Nov-2025
AV02697,Purchase,2697,13-Nov-2025,Khatu Rathore Biomass Co,551628.0,Dr,stalk purchase,13-Nov-2025
AV02698,Purchase,2698,22-Nov-2025,Sanwariya Ganesh Agri Residue Pvt Ltd,512907.5,Dr,stalk purchase,22-Nov-2025
AV02699,Purchase,2699,05-Nov-2025,Maa Bhairav Krishi Udyog,420515.5,Dr,stalk purchase,05-Nov-2025
AV02700,Purchase,2700,06-Dec-2025,Maa Balaji Krishi Bhandar,532980.0,Dr,husk purchase,06-Dec-2025
AV02701,Purchase,2701,20-Dec-2025,Shri Bhagwati Trading Co,425966.0,Dr,husk purchase,20-Dec-2025
AV02702,Purchase,2702,06-Dec-2025,Sanwariya Ganesh Agri Residue Pvt Ltd,477786.6,Dr,husk purchase,06-Dec-2025
AV02703,Purchase,2703,22-Dec-2025,Salasar Mahaveer Krishi Udyog,437539.2,Dr,husk purchase,22-Dec-2025
AV02704,Purchase,2704,27-Dec-2025,Maa Vijay Biomass Co,436687.2,Dr,husk purchase,27-Dec-2025
AV02705,Purchase,2705,23-Dec-2025,Salasar Mahaveer Krishi Udyog,534139.2,Dr,husk purchase,23-Dec-2025
AV02706,Purchase,2706,21-Dec-2025,Maa Balaji Krishi Bhandar,490975.6,Dr,husk purchase,21-Dec-2025
AV02707,Purchase,2707,14-Dec-2025,New Bhairav Krishi Udyog,436367.4,Dr,husk purchase,14-Dec-2025
AV02708,Purchase,2708,15-Dec-2025,Salasar Marudhar Krishi Udyog,443190.0,Dr,husk purchase,15-Dec-2025
AV02709,Purchase,2709,25-Dec-2025,Salasar Luni Agro Company,517334.4,Dr,husk purchase,25-Dec-2025
AV02710,Purchase,2710,26-Dec-2025,Khatu Shyam Enterprises,401876.8,Dr,husk purchase,26-Dec-2025
AV02711,Purchase,2711,24-Dec-2025,Sanwariya Govind Agro Industries,548192.0,Dr,husk purchase,24-Dec-2025
AV02712,Purchase,2712,06-Dec-2025,New Rathore Agro Industries,544017.6,Dr,husk purchase,06-Dec-2025
AV02713,Purchase,2713,05-Dec-2025,Sanwariya Govind Agro Industries,510649.6,Dr,husk purchase,05-Dec-2025
AV02714,Purchase,2714,09-Dec-2025,Shree Rajputana Trading Co,451469.5,Dr,husk purchase,09-Dec-2025
AV02715,Purchase,2715,20-Dec-2025,Khatu Marudhar Enterprises,505345.5,Dr,husk purchase,20-Dec-2025
AV02716,Purchase,2716,11-Dec-2025,Shree Vijay Agro Traders,449390.4,Dr,husk purchase,11-Dec-2025
AV02717,Purchase,2717,26-Dec-2025,Maa Ganesh Biomass Co,550800.9,Dr,husk purchase,26-Dec-2025
AV02718,Purchase,2718,15-Dec-2025,Khatu Thar Agro Company,481946.4,Dr,husk purchase,15-Dec-2025
AV02719,Purchase,2719,07-Dec-2025,New Balaji Krishi Bhandar,429727.3,Dr,husk purchase,07-Dec-2025
AV02720,Purchase,2720,11-Dec-2025,Khatu Marudhar Enterprises,417822.6,Dr,husk purchase,11-Dec-2025
AV02721,Purchase,2721,09-Dec-2025,Maa Balaji Krishi Bhandar,427672.4,Dr,husk purchase,09-Dec-2025
AV02722,Purchase,2722,17-Dec-2025,Shree Ramdev Fuels,465348.0,Dr,husk purchase,17-Dec-2025
AV02723,Purchase,2723,24-Dec-2025,Maa Ganesh Biomass Co,524085.1,Dr,husk purchase,24-Dec-2025
AV02724,Purchase,2724,16-Dec-2025,Shri Bhagwati Trading Co,457660.0,Dr,husk purchase,16-Dec-2025
AV02725,Purchase,2725,25-Dec-2025,Khatu Vijay Biomass Suppliers,470002.5,Dr,husk purchase,25-Dec-2025
AV02726,Purchase,2726,23-Dec-2025,Salasar Mahaveer Fuels,481766.4,Dr,husk purchase,23-Dec-2025
AV02727,Purchase,2727,27-Dec-2025,Khatu Thar Agro Company,482851.2,Dr,husk purchase,27-Dec-2025
AV02728,Purchase,2728,04-Dec-2025,Sanwariya Rathore Agro Company,474115.3,Dr,husk purchase,04-Dec-2025
AV02729,Purchase,2729,02-Dec-2025,Maa Vijay Biomass Co,488441.8,Dr,husk purchase,02-Dec-2025
AV02730,Purchase,2730,02-Dec-2025,Sanwariya Vijay Enterprises,538780.2,Dr,husk purchase,02-Dec-2025
AV02731,Purchase,2731,09-Dec-2025,Sanwariya Vijay Enterprises,452046.0,Dr,husk purchase,09-Dec-2025
AV02732,Purchase,2732,07-Dec-2025,Maa Vijay Biomass Co,518848.2,Dr,husk purchase,07-Dec-2025
AV02733,Purchase,2733,22-Dec-2025,New Bhagwati Krishi Bhandar,471418.5,Dr,husk purchase,22-Dec-2025
AV02734,Purchase,2734,18-Dec-2025,Sanwariya Rathore Agro Company,520492.3,Dr,husk purchase,18-Dec-2025
AV02735,Purchase,2735,23-Dec-2025,Sanwariya Ganesh Agri Residue Pvt Ltd,448610.0,Dr,husk purchase,23-Dec-2025
AV02736,Purchase,2736,09-Dec-2025,Salasar Saurashtra Biomass Suppliers,429340.1,Dr,husk purchase,09-Dec-2025
AV02737,Purchase,2737,05-Dec-2025,New Balaji Krishi Bhandar,479130.6,Dr,husk purchase,05-Dec-2025
AV02738,Purchase,2738,09-Dec-2025,Khatu Vijay Biomass Suppliers,529013.8,Dr,husk purchase,09-Dec-2025
AV02739,Purchase,2739,18-Dec-2025,Sanwariya Ganesh Agri Residue Pvt Ltd,466615.4,Dr,husk purchase,18-Dec-2025
AV02740,Purchase,2740,10-Dec-2025,Salasar Saurashtra Biomass Suppliers,466959.9,Dr,husk purchase,10-Dec-2025
AV02741,Purchase,2741,25-Dec-2025,Salasar Mahaveer Krishi Udyog,427330.4,Dr,husk purchase,25-Dec-2025
AV02742,Purchase,2742,17-Dec-2025,Maa Balaji Trading Co,557846.8,Dr,husk purchase,17-Dec-2025
AV02743,Purchase,2743,27-Dec-2025,Maa Balaji Trading Co,447352.2,Dr,husk purchase,27-Dec-2025
AV02744,Purchase,2744,13-Dec-2025,Khatu Thar Agro Company,449527.0,Dr,husk purchase,13-Dec-2025
AV02745,Purchase,2745,14-Dec-2025,Shree Rajputana Trading Co,485080.8,Dr,husk purchase,14-Dec-2025
AV02746,Purchase,2746,21-Dec-2025,Shree Vijay Agro Traders,447510.8,Dr,husk purchase,21-Dec-2025
AV02747,Purchase,2747,17-Dec-2025,New Rathore Agro Industries,488228.0,Dr,husk purchase,17-Dec-2025
AV02748,Purchase,2748,18-Dec-2025,Salasar Krishna Biomass Suppliers,478839.2,Dr,husk purchase,18-Dec-2025
AV02749,Purchase,2749,04-Dec-2025,Salasar Mahaveer Fuels,543120.0,Dr,husk purchase,04-Dec-2025
AV02750,Purchase,2750,04-Dec-2025,Sanwariya Govind Agro Industries,556192.2,Dr,husk purchase,04-Dec-2025
AV02751,Purchase,2751,12-Dec-2025,Salasar Mahaveer Krishi Udyog,410442.5,Dr,husk purchase,12-Dec-2025
AV02752,Purchase,2752,02-Dec-2025,Shri Bhagwati Trading Co,489218.5,Dr,husk purchase,02-Dec-2025
AV02753,Purchase,2753,11-Dec-2025,Khatu Vijay Biomass Suppliers,511414.4,Dr,husk purchase,11-Dec-2025
AV02754,Purchase,2754,16-Dec-2025,New Bhagwati Krishi Bhandar,491841.0,Dr,husk purchase,16-Dec-2025
AV02755,Purchase,2755,12-Dec-2025,Maa Balaji Trading Co,533337.0,Dr,husk purchase,12-Dec-2025
AV02756,Purchase,2756,06-Dec-2025,New Bhairav Krishi Udyog,513115.8,Dr,husk purchase,06-Dec-2025
AV02757,Purchase,2757,24-Dec-2025,Maa Ganesh Biomass Co,442001.2,Dr,husk purchase,24-Dec-2025
AV02758,Purchase,2758,14-Dec-2025,New Rathore Krishi Bhandar,475863.3,Dr,husk purchase,14-Dec-2025
AV02759,Purchase,2759,21-Dec-2025,Maa Vijay Biomass Co,494469.6,Dr,husk purchase,21-Dec-2025
AV02760,Purchase,2760,09-Dec-2025,Salasar Mahaveer Krishi Udyog,505783.2,Dr,husk purchase,09-Dec-2025
AV02761,Purchase,2761,13-Dec-2025,Khatu Shyam Enterprises,448392.0,Dr,husk purchase,13-Dec-2025
AV02762,Purchase,2762,26-Dec-2025,Sanwariya Govind Agro Industries,431984.0,Dr,husk purchase,26-Dec-2025
AV02763,Purchase,2763,19-Dec-2025,Sanwariya Govind Agro Industries,423522.0,Dr,husk purchase,19-Dec-2025
AV02764,Purchase,2764,12-Dec-2025,New Rathore Krishi Bhandar,421925.4,Dr,husk purchase,12-Dec-2025
AV02765,Purchase,2765,06-Dec-2025,Shree Vijay Agro Traders,526010.0,Dr,husk purchase,06-Dec-2025
AV02766,Purchase,2766,02-Dec-2025,New Rathore Krishi Bhandar,533162.8,Dr,husk purchase,02-Dec-2025
AV02767,Purchase,2767,11-Dec-2025,Khatu Vijay Biomass Suppliers,416180.6,Dr,husk purchase,11-Dec-2025
AV02768,Purchase,2768,05-Dec-2025,Sanwariya Ganesh Agri Residue Pvt Ltd,426975.6,Dr,husk purchase,05-Dec-2025
AV02769,Purchase,2769,11-Dec-2025,Shri Bhagwati Trading Co,426311.2,Dr,husk purchase,11-Dec-2025
AV02770,Purchase,2770,23-Dec-2025,New Bhagwati Krishi Bhandar,530580.6,Dr,husk purchase,23-Dec-2025
AV02771,Purchase,2771,23-Dec-2025,Salasar Marudhar Krishi Udyog,458883.0,Dr,husk purchase,23-Dec-2025
AV02772,Purchase,2772,25-Dec-2025,New Rathore Krishi Bhandar,559293.8,Dr,husk purchase,25-Dec-2025
AV02773,Purchase,2773,24-Dec-2025,Shree Luni Trading Co,488188.8,Dr,husk purchase,24-Dec-2025
AV02774,Purchase,2774,03-Dec-2025,Salasar Mahaveer Fuels,480902.4,Dr,husk purchase,03-Dec-2025
AV02775,Purchase,2775,11-Dec-2025,Sanwariya Rathore Agro Company,443200.8,Dr,husk purchase,11-Dec-2025
AV02776,Purchase,2776,16-Dec-2025,Nakoda Ramdev Trading Co,461912.0,Dr,husk purchase,16-Dec-2025
AV02777,Purchase,2777,12-Dec-2025,New Bhairav Krishi Udyog,443493.4,Dr,husk purchase,12-Dec-2025
AV02778,Purchase,2778,08-Dec-2025,Khatu Vijay Biomass Suppliers,501216.0,Dr,husk purchase,08-Dec-2025
AV02779,Purchase,2779,25-Dec-2025,Shree Rajputana Trading Co,520288.0,Dr,husk purchase,25-Dec-2025
AV02780,Purchase,2780,24-Dec-2025,Salasar Mahaveer Krishi Udyog,480318.3,Dr,husk purchase,24-Dec-2025
AV02781,Purchase,2781,24-Dec-2025,Salasar Marudhar Krishi Udyog,492839.1,Dr,husk purchase,24-Dec-2025
AV02782,Purchase,2782,17-Dec-2025,Shri Bhagwati Trading Co,460114.5,Dr,husk purchase,17-Dec-2025
AV02783,Purchase,2783,13-Dec-2025,Salasar Krishna Biomass Suppliers,463518.0,Dr,husk purchase,13-Dec-2025
AV02784,Purchase,2784,14-Dec-2025,Shri Bhagwati Trading Co,418924.2,Dr,husk purchase,14-Dec-2025
AV02785,Purchase,2785,11-Dec-2025,Maa Vijay Biomass Co,562020.0,Dr,husk purchase,11-Dec-2025
AV02786,Purchase,2786,09-Dec-2025,Khatu Vijay Biomass Suppliers,486854.2,Dr,husk purchase,09-Dec-2025
AV02787,Purchase,2787,22-Dec-2025,Khatu Rajputana Enterprises,808524.0,Dr,stalk purchase,22-Dec-2025
AV02788,Purchase,2788,11-Dec-2025,Sanwariya Ganesh Agri Residue Pvt Ltd,772813.2,Dr,stalk purchase,11-Dec-2025
AV02789,Purchase,2789,17-Dec-2025,New Banas Biomass Co,814131.5,Dr,stalk purchase,17-Dec-2025
AV02790,Purchase,2790,12-Dec-2025,Khatu Rajputana Enterprises,776830.0,Dr,stalk purchase,12-Dec-2025
AV02791,Purchase,2791,27-Dec-2025,Sanwariya Krishna Agri Residue Pvt Ltd,741135.6,Dr,stalk purchase,27-Dec-2025
AV02792,Purchase,2792,07-Dec-2025,New Banas Biomass Co,742722.8,Dr,stalk purchase,07-Dec-2025
AV02793,Purchase,2793,26-Dec-2025,Khatu Shyam Enterprises,591981.9,Dr,stalk purchase,26-Dec-2025
AV02794,Purchase,2794,08-Dec-2025,Maa Kathiawad Agri Residue Pvt Ltd,779918.4,Dr,stalk purchase,08-Dec-2025
AV02795,Purchase,2795,09-Dec-2025,Khatu Shyam Enterprises,808220.5,Dr,stalk purchase,09-Dec-2025
AV02796,Purchase,2796,12-Dec-2025,Khatu Rajputana Enterprises,802924.8,Dr,stalk purchase,12-Dec-2025
AV02797,Purchase,2797,05-Dec-2025,Sanwariya Govind Agro Industries,602072.0,Dr,stalk purchase,05-Dec-2025
AV02798,Purchase,2798,04-Dec-2025,Khatu Rajputana Enterprises,679082.4,Dr,stalk purchase,04-Dec-2025
AV02799,Purchase,2799,23-Dec-2025,Jai Rathore Krishi Bhandar,696943.1,Dr,stalk purchase,23-Dec-2025
AV02800,Purchase,2800,06-Dec-2025,Sanwariya Govind Agro Industries,727302.5,Dr,stalk purchase,06-Dec-2025
AV02801,Purchase,2801,08-Dec-2025,Nakoda Banas Krishi Bhandar,768787.2,Dr,stalk purchase,08-Dec-2025
AV02802,Purchase,2802,04-Dec-2025,Jai Thar Fuels,643818.5,Dr,stalk purchase,04-Dec-2025
AV02803,Purchase,2803,17-Dec-2025,Jai Rathore Krishi Bhandar,786312.0,Dr,stalk purchase,17-Dec-2025
AV02804,Purchase,2804,14-Dec-2025,Sanwariya Govind Agro Industries,673105.0,Dr,stalk purchase,14-Dec-2025
AV02805,Purchase,2805,21-Dec-2025,Sanwariya Krishna Agri Residue Pvt Ltd,737849.9,Dr,stalk purchase,21-Dec-2025
AV02806,Purchase,2806,07-Dec-2025,Khatu Shyam Enterprises,609996.8,Dr,stalk purchase,07-Dec-2025
AV02807,Purchase,2807,21-Dec-2025,Khatu Rajputana Enterprises,757834.0,Dr,stalk purchase,21-Dec-2025
AV02808,Purchase,2808,03-Dec-2025,Salasar Banas Biomass Co,757674.6,Dr,stalk purchase,03-Dec-2025
AV02809,Purchase,2809,02-Dec-2025,Khatu Bhairav Biomass Suppliers,617509.5,Dr,stalk purchase,02-Dec-2025
AV02810,Purchase,2810,17-Dec-2025,Sanwariya Govind Agro Industries,618634.8,Dr,stalk purchase,17-Dec-2025
AV02811,Purchase,2811,23-Dec-2025,Salasar Banas Biomass Co,688049.6,Dr,stalk purchase,23-Dec-2025
AV02812,Purchase,2812,19-Dec-2025,New Banas Biomass Co,662462.8,Dr,stalk purchase,19-Dec-2025
AV02813,Purchase,2813,26-Jan-2026,New Rathore Agro Industries,679903.1,Dr,husk purchase,26-Jan-2026
AV02814,Purchase,2814,12-Jan-2026,Sanwariya Ganesh Agri Residue Pvt Ltd,822700.8,Dr,husk purchase,12-Jan-2026
AV02815,Purchase,2815,02-Jan-2026,Maa Ganesh Biomass Co,693975.3,Dr,husk purchase,02-Jan-2026
AV02816,Purchase,2816,25-Jan-2026,Salasar Saurashtra Biomass Suppliers,812530.5,Dr,husk purchase,25-Jan-2026
AV02817,Purchase,2817,03-Jan-2026,Salasar Marudhar Krishi Udyog,703263.2,Dr,husk purchase,03-Jan-2026
AV02818,Purchase,2818,09-Jan-2026,Maa Vijay Biomass Co,765339.0,Dr,husk purchase,09-Jan-2026
AV02819,Purchase,2819,16-Jan-2026,Sanwariya Vijay Enterprises,790641.0,Dr,husk purchase,16-Jan-2026
AV02820,Purchase,2820,21-Jan-2026,Shree Vijay Agro Traders,725207.7,Dr,husk purchase,21-Jan-2026
AV02821,Purchase,2821,05-Jan-2026,Khatu Shyam Enterprises,767968.8,Dr,husk purchase,05-Jan-2026
AV02822,Purchase,2822,12-Jan-2026,New Rajputana Agro Traders,743293.6,Dr,husk purchase,12-Jan-2026
AV02823,Purchase,2823,15-Jan-2026,Khatu Thar Agro Company,863587.0,Dr,husk purchase,15-Jan-2026
AV02824,Purchase,2824,05-Jan-2026,New Balaji Krishi Bhandar,867283.2,Dr,husk purchase,05-Jan-2026
AV02825,Purchase,2825,24-Jan-2026,Shree Luni Trading Co,874349.6,Dr,husk purchase,24-Jan-2026
AV02826,Purchase,2826,24-Jan-2026,Salasar Saurashtra Biomass Suppliers,776845.4,Dr,husk purchase,24-Jan-2026
AV02827,Purchase,2827,24-Jan-2026,Salasar Mahaveer Krishi Udyog,747464.2,Dr,husk purchase,24-Jan-2026
AV02828,Purchase,2828,04-Jan-2026,Salasar Deepak Agri Residue Pvt Ltd,809328.1,Dr,husk purchase,04-Jan-2026
AV02829,Purchase,2829,11-Jan-2026,Maa Balaji Krishi Bhandar,717448.2,Dr,husk purchase,11-Jan-2026
AV02830,Purchase,2830,06-Jan-2026,Sanwariya Rathore Agro Company,850549.7,Dr,husk purchase,06-Jan-2026
AV02831,Purchase,2831,20-Jan-2026,Salasar Mahaveer Fuels,812471.8,Dr,husk purchase,20-Jan-2026
AV02832,Purchase,2832,19-Jan-2026,Salasar Marudhar Krishi Udyog,872488.8,Dr,husk purchase,19-Jan-2026
AV02833,Purchase,2833,22-Jan-2026,Shree Vijay Agro Traders,857560.0,Dr,husk purchase,22-Jan-2026
AV02834,Purchase,2834,20-Jan-2026,Sanwariya Suraj Biomass Suppliers,870206.4,Dr,husk purchase,20-Jan-2026
AV02835,Purchase,2835,19-Jan-2026,Sanwariya Govind Agro Industries,873423.0,Dr,husk purchase,19-Jan-2026
AV02836,Purchase,2836,03-Jan-2026,Khatu Jagdamba Agro Industries,833998.0,Dr,husk purchase,03-Jan-2026
AV02837,Purchase,2837,14-Jan-2026,New Rajputana Agro Traders,707932.8,Dr,husk purchase,14-Jan-2026
AV02838,Purchase,2838,22-Jan-2026,Maa Ganesh Biomass Co,749239.3,Dr,husk purchase,22-Jan-2026
AV02839,Purchase,2839,10-Jan-2026,Sanwariya Ganesh Agri Residue Pvt Ltd,859567.5,Dr,husk purchase,10-Jan-2026
AV02840,Purchase,2840,23-Jan-2026,Nakoda Ramdev Trading Co,705451.2,Dr,husk purchase,23-Jan-2026
AV02841,Purchase,2841,25-Jan-2026,Maa Vijay Biomass Co,889423.0,Dr,husk purchase,25-Jan-2026
AV02842,Purchase,2842,09-Jan-2026,Salasar Luni Agro Company,735227.0,Dr,husk purchase,09-Jan-2026
AV02843,Purchase,2843,14-Jan-2026,Sanwariya Rathore Agro Company,843950.4,Dr,husk purchase,14-Jan-2026
AV02844,Purchase,2844,07-Jan-2026,Khatu Thar Agro Company,748996.2,Dr,husk purchase,07-Jan-2026
AV02845,Purchase,2845,10-Jan-2026,Shree Vijay Agro Traders,987593.2,Dr,husk purchase,10-Jan-2026
AV02846,Purchase,2846,26-Jan-2026,New Rajputana Agro Traders,794765.6,Dr,husk purchase,26-Jan-2026
AV02847,Purchase,2847,03-Jan-2026,New Rajputana Agro Traders,779977.6,Dr,husk purchase,03-Jan-2026
AV02848,Purchase,2848,25-Jan-2026,New Bhagwati Krishi Bhandar,824715.0,Dr,husk purchase,25-Jan-2026
AV02849,Purchase,2849,13-Jan-2026,Sanwariya Suraj Biomass Suppliers,812272.8,Dr,husk purchase,13-Jan-2026
AV02850,Purchase,2850,22-Jan-2026,Nakoda Ramdev Trading Co,802748.4,Dr,husk purchase,22-Jan-2026
AV02851,Purchase,2851,25-Jan-2026,Nakoda Ramdev Trading Co,898354.6,Dr,husk purchase,25-Jan-2026
AV02852,Purchase,2852,06-Jan-2026,Khatu Thar Agro Company,819133.7,Dr,husk purchase,06-Jan-2026
AV02853,Purchase,2853,18-Jan-2026,Nakoda Ramdev Trading Co,959376.2,Dr,husk purchase,18-Jan-2026
AV02854,Purchase,2854,15-Jan-2026,Nakoda Ramdev Trading Co,744152.5,Dr,husk purchase,15-Jan-2026
AV02855,Purchase,2855,03-Jan-2026,Sanwariya Suraj Biomass Suppliers,830520.0,Dr,husk purchase,03-Jan-2026
AV02856,Purchase,2856,25-Jan-2026,Salasar Krishna Biomass Suppliers,767511.6,Dr,husk purchase,25-Jan-2026
AV02857,Purchase,2857,07-Jan-2026,Salasar Mahaveer Krishi Udyog,880798.8,Dr,husk purchase,07-Jan-2026
AV02858,Purchase,2858,20-Jan-2026,Shree Ramdev Fuels,737816.2,Dr,husk purchase,20-Jan-2026
AV02859,Purchase,2859,22-Jan-2026,Shri Bhagwati Trading Co,982856.7,Dr,husk purchase,22-Jan-2026
AV02860,Purchase,2860,18-Jan-2026,New Rathore Krishi Bhandar,736147.2,Dr,husk purchase,18-Jan-2026
AV02861,Purchase,2861,06-Jan-2026,Shri Bhagwati Trading Co,858328.1,Dr,husk purchase,06-Jan-2026
AV02862,Purchase,2862,09-Jan-2026,New Bhagwati Krishi Bhandar,818903.8,Dr,husk purchase,09-Jan-2026
AV02863,Purchase,2863,07-Jan-2026,Sanwariya Govind Agro Industries,972843.6,Dr,husk purchase,07-Jan-2026
AV02864,Purchase,2864,04-Jan-2026,New Banas Biomass Co,719208.9,Dr,stalk purchase,04-Jan-2026
AV02865,Purchase,2865,07-Jan-2026,Jai Thar Fuels,742826.7,Dr,stalk purchase,07-Jan-2026
AV02866,Purchase,2866,09-Jan-2026,Sanwariya Ganesh Agri Residue Pvt Ltd,699169.8,Dr,stalk purchase,09-Jan-2026
AV02867,Purchase,2867,02-Jan-2026,Khatu Rathore Biomass Co,823460.4,Dr,stalk purchase,02-Jan-2026
AV02868,Purchase,2868,02-Jan-2026,Khatu Rajputana Enterprises,849966.0,Dr,stalk purchase,02-Jan-2026
AV02869,Purchase,2869,15-Jan-2026,Sanwariya Govind Agro Industries,915273.1,Dr,stalk purchase,15-Jan-2026
AV02870,Purchase,2870,18-Jan-2026,Khatu Rathore Biomass Co,803870.7,Dr,stalk purchase,18-Jan-2026
AV02871,Purchase,2871,04-Jan-2026,Sanwariya Rathore Agro Company,942681.6,Dr,stalk purchase,04-Jan-2026
AV02872,Purchase,2872,02-Jan-2026,Jai Rathore Agro Traders,951400.0,Dr,stalk purchase,02-Jan-2026
AV02873,Purchase,2873,06-Jan-2026,Khatu Shyam Enterprises,800300.0,Dr,stalk purchase,06-Jan-2026
AV02874,Purchase,2874,16-Jan-2026,Jai Rathore Krishi Bhandar,853398.0,Dr,stalk purchase,16-Jan-2026
AV02875,Purchase,2875,20-Jan-2026,Salasar Banas Biomass Co,866638.4,Dr,stalk purchase,20-Jan-2026
AV02876,Purchase,2876,21-Jan-2026,Salasar Marudhar Krishi Udyog,853572.0,Dr,stalk purchase,21-Jan-2026
AV02877,Purchase,2877,24-Jan-2026,Jai Sardar Agro Industries,766456.0,Dr,stalk purchase,24-Jan-2026
AV02878,Purchase,2878,23-Jan-2026,Shri Bhagwati Trading Co,742376.0,Dr,stalk purchase,23-Jan-2026
AV02879,Purchase,2879,04-Jan-2026,Sanwariya Rathore Agro Company,658429.2,Dr,stalk purchase,04-Jan-2026
AV02880,Purchase,2880,07-Jan-2026,Jai Rathore Agro Traders,926729.1,Dr,stalk purchase,07-Jan-2026
AV02881,Purchase,2881,12-Jan-2026,Salasar Marudhar Krishi Udyog,691661.1,Dr,stalk purchase,12-Jan-2026
AV02882,Purchase,2882,12-Jan-2026,Jai Sardar Agro Industries,816753.7,Dr,stalk purchase,12-Jan-2026
AV02883,Purchase,2883,06-Jan-2026,Salasar Banas Biomass Co,717791.4,Dr,stalk purchase,06-Jan-2026
AV02884,Purchase,2884,09-Jan-2026,Shree Laxmi Biomass Suppliers,821185.4,Dr,stalk purchase,09-Jan-2026
AV02885,Purchase,2885,08-Jan-2026,Khatu Shyam Enterprises,842012.4,Dr,stalk purchase,08-Jan-2026
AV02886,Purchase,2886,12-Jan-2026,Jai Rathore Agro Traders,827686.8,Dr,stalk purchase,12-Jan-2026
AV02887,Purchase,2887,07-Feb-2026,Nakoda Ramdev Trading Co,233722.8,Dr,material recd,07-Feb-2026
AV02888,Purchase,2888,15-Feb-2026,Khatu Marudhar Enterprises,246114.0,Dr,supply against order,15-Feb-2026
AV02889,Purchase,2889,02-Feb-2026,Salasar Krishna Biomass Suppliers,240537.0,Dr,biomass purchase,02-Feb-2026
AV02890,Purchase,2890,23-Feb-2026,Maa Vijay Biomass Co,125806.2,Dr,as per bill,23-Feb-2026
AV02891,Purchase,2891,07-Feb-2026,Khatu Shyam Enterprises,200538.8,Dr,supply against order,07-Feb-2026
AV02892,Purchase,2892,16-Feb-2026,Salasar Saurashtra Biomass Suppliers,234297.8,Dr,supply against order,16-Feb-2026
AV02893,Purchase,2893,04-Feb-2026,New Rajputana Agro Traders,756400.1,Dr,husk purchase,04-Feb-2026
AV02894,Purchase,2894,05-Feb-2026,New Balaji Krishi Bhandar,838098.0,Dr,husk purchase,05-Feb-2026
AV02895,Purchase,2895,05-Feb-2026,Sanwariya Suraj Biomass Suppliers,695257.5,Dr,husk purchase,05-Feb-2026
AV02896,Purchase,2896,07-Feb-2026,Shree Laxmi Biomass Suppliers,770984.5,Dr,husk purchase,07-Feb-2026
AV02897,Purchase,2897,10-Feb-2026,Khatu Vijay Biomass Suppliers,819270.8,Dr,husk purchase,10-Feb-2026
AV02898,Purchase,2898,14-Feb-2026,Khatu Jagdamba Agro Industries,708632.1,Dr,husk purchase,14-Feb-2026
AV02899,Purchase,2899,05-Feb-2026,Khatu Vijay Biomass Suppliers,786839.2,Dr,husk purchase,05-Feb-2026
AV02900,Purchase,2900,03-Feb-2026,New Rajputana Agro Traders,633189.2,Dr,husk purchase,03-Feb-2026
AV02901,Purchase,2901,12-Feb-2026,New Rathore Krishi Bhandar,642218.4,Dr,husk purchase,12-Feb-2026
AV02902,Purchase,2902,14-Feb-2026,Khatu Jagdamba Agro Industries,689274.0,Dr,husk purchase,14-Feb-2026
AV02903,Purchase,2903,10-Feb-2026,New Bhagwati Krishi Bhandar,653898.7,Dr,husk purchase,10-Feb-2026
AV02904,Purchase,2904,27-Feb-2026,Khatu Shyam Enterprises,673684.2,Dr,husk purchase,27-Feb-2026
AV02905,Purchase,2905,08-Feb-2026,Shree Rajputana Trading Co,716361.2,Dr,husk purchase,08-Feb-2026
AV02906,Purchase,2906,22-Feb-2026,New Rajputana Agro Traders,651669.1,Dr,husk purchase,22-Feb-2026
AV02907,Purchase,2907,22-Feb-2026,Nakoda Ramdev Trading Co,733244.4,Dr,husk purchase,22-Feb-2026
AV02908,Purchase,2908,16-Feb-2026,Salasar Mahaveer Fuels,662936.4,Dr,husk purchase,16-Feb-2026
AV02909,Purchase,2909,16-Feb-2026,Sanwariya Govind Agro Industries,822509.6,Dr,husk purchase,16-Feb-2026
AV02910,Purchase,2910,05-Feb-2026,New Bhairav Krishi Udyog,706482.0,Dr,husk purchase,05-Feb-2026
AV02911,Purchase,2911,19-Feb-2026,Nakoda Ramdev Trading Co,764973.6,Dr,husk purchase,19-Feb-2026
AV02912,Purchase,2912,12-Feb-2026,Shree Ramdev Fuels,655148.0,Dr,husk purchase,12-Feb-2026
AV02913,Purchase,2913,05-Feb-2026,Salasar Krishna Biomass Suppliers,673201.2,Dr,husk purchase,05-Feb-2026
AV02914,Purchase,2914,25-Feb-2026,New Rathore Agro Industries,817568.0,Dr,husk purchase,25-Feb-2026
AV02915,Purchase,2915,15-Feb-2026,Salasar Luni Agro Company,683555.6,Dr,husk purchase,15-Feb-2026
AV02916,Purchase,2916,18-Feb-2026,New Rajputana Agro Traders,602655.3,Dr,husk purchase,18-Feb-2026
AV02917,Purchase,2917,16-Feb-2026,Salasar Mahaveer Fuels,730992.6,Dr,husk purchase,16-Feb-2026
AV02918,Purchase,2918,18-Feb-2026,New Rathore Krishi Bhandar,792451.9,Dr,husk purchase,18-Feb-2026
AV02919,Purchase,2919,07-Feb-2026,Nakoda Ramdev Trading Co,763976.0,Dr,husk purchase,07-Feb-2026
AV02920,Purchase,2920,12-Feb-2026,Salasar Krishna Biomass Suppliers,739022.0,Dr,husk purchase,12-Feb-2026
AV02921,Purchase,2921,21-Feb-2026,Salasar Luni Agro Company,762936.0,Dr,husk purchase,21-Feb-2026
AV02922,Purchase,2922,26-Feb-2026,Sanwariya Vijay Enterprises,698265.6,Dr,husk purchase,26-Feb-2026
AV02923,Purchase,2923,05-Feb-2026,Salasar Luni Agro Company,710399.8,Dr,husk purchase,05-Feb-2026
AV02924,Purchase,2924,19-Feb-2026,Maa Balaji Krishi Bhandar,778766.0,Dr,husk purchase,19-Feb-2026
AV02925,Purchase,2925,04-Feb-2026,Khatu Shyam Enterprises,740800.8,Dr,husk purchase,04-Feb-2026
AV02926,Purchase,2926,20-Feb-2026,Maa Vijay Biomass Co,765423.1,Dr,husk purchase,20-Feb-2026
AV02927,Purchase,2927,11-Feb-2026,New Rathore Agro Industries,815187.6,Dr,husk purchase,11-Feb-2026
AV02928,Purchase,2928,16-Feb-2026,New Rathore Agro Industries,741174.2,Dr,husk purchase,16-Feb-2026
AV02929,Purchase,2929,17-Feb-2026,Khatu Vijay Biomass Suppliers,661990.5,Dr,husk purchase,17-Feb-2026
AV02930,Purchase,2930,06-Feb-2026,Maa Ganesh Biomass Co,724272.0,Dr,husk purchase,06-Feb-2026
AV02931,Purchase,2931,16-Feb-2026,Shree Laxmi Biomass Suppliers,637539.5,Dr,husk purchase,16-Feb-2026
AV02932,Purchase,2932,06-Feb-2026,Maa Balaji Trading Co,612114.7,Dr,husk purchase,06-Feb-2026
AV02933,Purchase,2933,13-Feb-2026,Maa Balaji Trading Co,727927.2,Dr,husk purchase,13-Feb-2026
AV02934,Purchase,2934,18-Feb-2026,Shree Laxmi Biomass Suppliers,824488.5,Dr,husk purchase,18-Feb-2026
AV02935,Purchase,2935,13-Feb-2026,Sanwariya Govind Agro Industries,650880.0,Dr,husk purchase,13-Feb-2026
AV02936,Purchase,2936,20-Feb-2026,New Rajputana Agro Traders,679865.0,Dr,husk purchase,20-Feb-2026
AV02937,Purchase,2937,10-Feb-2026,Salasar Luni Agro Company,639000.0,Dr,husk purchase,10-Feb-2026
AV02938,Purchase,2938,17-Feb-2026,Sanwariya Govind Agro Industries,830961.2,Dr,husk purchase,17-Feb-2026
AV02939,Purchase,2939,11-Feb-2026,New Balaji Krishi Bhandar,745089.4,Dr,husk purchase,11-Feb-2026
AV02940,Purchase,2940,13-Feb-2026,Sanwariya Govind Agro Industries,703865.6,Dr,husk purchase,13-Feb-2026
AV02941,Purchase,2941,16-Feb-2026,Khatu Marudhar Enterprises,737478.4,Dr,husk purchase,16-Feb-2026
AV02942,Purchase,2942,21-Feb-2026,Maa Ganesh Biomass Co,748165.0,Dr,husk purchase,21-Feb-2026
AV02943,Purchase,2943,04-Feb-2026,Khatu Jagdamba Agro Industries,783288.0,Dr,husk purchase,04-Feb-2026
AV02944,Purchase,2944,10-Feb-2026,Nakoda Banas Krishi Bhandar,858621.4,Dr,stalk purchase,10-Feb-2026
AV02945,Purchase,2945,09-Feb-2026,Maa Krishna Fuels,1044381.0,Dr,stalk purchase,09-Feb-2026
AV02946,Purchase,2946,04-Feb-2026,Maa Kathiawad Agri Residue Pvt Ltd,910370.4,Dr,stalk purchase,04-Feb-2026
AV02947,Purchase,2947,13-Feb-2026,Salasar Banas Biomass Co,894051.2,Dr,stalk purchase,13-Feb-2026
AV02948,Purchase,2948,20-Feb-2026,Jai Rathore Krishi Bhandar,1017745.8,Dr,stalk purchase,20-Feb-2026
AV02949,Purchase,2949,23-Feb-2026,Jai Sardar Agro Industries,1019160.0,Dr,stalk purchase,23-Feb-2026
AV02950,Purchase,2950,11-Feb-2026,Sanwariya Vijay Enterprises,937236.8,Dr,stalk purchase,11-Feb-2026
AV02951,Purchase,2951,16-Feb-2026,Sanwariya Govind Agro Industries,965964.3,Dr,stalk purchase,16-Feb-2026
AV02952,Purchase,2952,15-Feb-2026,Jai Rathore Agro Traders,986829.6,Dr,stalk purchase,15-Feb-2026
AV02953,Purchase,2953,13-Feb-2026,Shree Laxmi Biomass Suppliers,1167808.4,Dr,stalk purchase,13-Feb-2026
AV02954,Purchase,2954,20-Feb-2026,Salasar Marudhar Krishi Udyog,1049903.4,Dr,stalk purchase,20-Feb-2026
AV02955,Purchase,2955,11-Feb-2026,Shree Laxmi Biomass Suppliers,985833.2,Dr,stalk purchase,11-Feb-2026
AV02956,Purchase,2956,03-Feb-2026,Nakoda Banas Krishi Bhandar,1089765.9,Dr,stalk purchase,03-Feb-2026
AV02957,Purchase,2957,25-Feb-2026,Jai Thar Fuels,908557.5,Dr,stalk purchase,25-Feb-2026
AV02958,Purchase,2958,16-Feb-2026,Nakoda Marudhar Agri Residue Pvt Ltd,915506.1,Dr,stalk purchase,16-Feb-2026
AV02959,Purchase,2959,18-Feb-2026,Sanwariya Krishna Agri Residue Pvt Ltd,938856.5,Dr,stalk purchase,18-Feb-2026
AV02960,Purchase,2960,07-Feb-2026,Sanwariya Vijay Enterprises,932805.3,Dr,stalk purchase,07-Feb-2026
AV02961,Purchase,2961,09-Feb-2026,Maa Krishna Fuels,942081.8,Dr,stalk purchase,09-Feb-2026
AV02962,Purchase,2962,13-Feb-2026,Khatu Shyam Enterprises,1151928.5,Dr,stalk purchase,13-Feb-2026
AV02963,Purchase,2963,07-Mar-2026,Shree Rajputana Trading Co,616534.0,Dr,husk purchase,07-Mar-2026
AV02964,Purchase,2964,11-Mar-2026,Salasar Deepak Agri Residue Pvt Ltd,640403.4,Dr,husk purchase,11-Mar-2026
AV02965,Purchase,2965,19-Mar-2026,Om Shyam Biomass Suppliers,806210.4,Dr,husk purchase,19-Mar-2026
AV02966,Purchase,2966,05-Mar-2026,Sanwariya Govind Agro Industries,621281.8,Dr,husk purchase,05-Mar-2026
AV02967,Purchase,2967,17-Mar-2026,Shree Laxmi Biomass Suppliers,672447.2,Dr,husk purchase,17-Mar-2026
AV02968,Purchase,2968,25-Mar-2026,Sanwariya Suraj Biomass Suppliers,647585.4,Dr,husk purchase,25-Mar-2026
AV02969,Purchase,2969,09-Mar-2026,New Bhairav Krishi Udyog,656908.4,Dr,husk purchase,09-Mar-2026
AV02970,Purchase,2970,21-Mar-2026,New Balaji Krishi Bhandar,762782.0,Dr,husk purchase,21-Mar-2026
AV02971,Purchase,2971,15-Mar-2026,Salasar Luni Agro Company,641923.2,Dr,husk purchase,15-Mar-2026
AV02972,Purchase,2972,07-Mar-2026,Salasar Mahaveer Fuels,651908.4,Dr,husk purchase,07-Mar-2026
AV02973,Purchase,2973,08-Mar-2026,Salasar Luni Agro Company,647894.8,Dr,husk purchase,08-Mar-2026
AV02974,Purchase,2974,26-Mar-2026,Nakoda Ramdev Trading Co,818479.2,Dr,husk purchase,26-Mar-2026
AV02975,Purchase,2975,17-Mar-2026,Om Shyam Biomass Suppliers,798229.1,Dr,husk purchase,17-Mar-2026
AV02976,Purchase,2976,04-Mar-2026,Khatu Thar Agro Company,742264.9,Dr,husk purchase,04-Mar-2026
AV02977,Purchase,2977,03-Mar-2026,Sanwariya Rathore Agro Company,750285.3,Dr,husk purchase,03-Mar-2026
AV02978,Purchase,2978,18-Mar-2026,Maa Vijay Biomass Co,779317.2,Dr,husk purchase,18-Mar-2026
AV02979,Purchase,2979,16-Mar-2026,New Balaji Krishi Bhandar,606108.8,Dr,husk purchase,16-Mar-2026
AV02980,Purchase,2980,15-Mar-2026,Maa Vijay Biomass Co,634047.9,Dr,husk purchase,15-Mar-2026
AV02981,Purchase,2981,21-Mar-2026,Maa Balaji Trading Co,622474.4,Dr,husk purchase,21-Mar-2026
AV02982,Purchase,2982,17-Mar-2026,New Rajputana Agro Traders,822354.6,Dr,husk purchase,17-Mar-2026
AV02983,Purchase,2983,08-Mar-2026,Salasar Deepak Agri Residue Pvt Ltd,750720.0,Dr,husk purchase,08-Mar-2026
AV02984,Purchase,2984,23-Mar-2026,Salasar Deepak Agri Residue Pvt Ltd,673551.9,Dr,husk purchase,23-Mar-2026
AV02985,Purchase,2985,04-Mar-2026,Shree Laxmi Biomass Suppliers,664783.8,Dr,husk purchase,04-Mar-2026
AV02986,Purchase,2986,06-Mar-2026,Maa Balaji Trading Co,811259.2,Dr,husk purchase,06-Mar-2026
AV02987,Purchase,2987,27-Mar-2026,Maa Balaji Trading Co,648915.9,Dr,husk purchase,27-Mar-2026
AV02988,Purchase,2988,15-Mar-2026,Khatu Vijay Biomass Suppliers,767759.8,Dr,husk purchase,15-Mar-2026
AV02989,Purchase,2989,06-Mar-2026,Khatu Vijay Biomass Suppliers,607212.6,Dr,husk purchase,06-Mar-2026
AV02990,Purchase,2990,26-Mar-2026,Sanwariya Suraj Biomass Suppliers,665901.6,Dr,husk purchase,26-Mar-2026
AV02991,Purchase,2991,15-Mar-2026,New Bhagwati Krishi Bhandar,692185.5,Dr,husk purchase,15-Mar-2026
AV02992,Purchase,2992,05-Mar-2026,Salasar Mahaveer Krishi Udyog,665722.8,Dr,husk purchase,05-Mar-2026
AV02993,Purchase,2993,27-Mar-2026,Shree Luni Trading Co,753202.5,Dr,husk purchase,27-Mar-2026
AV02994,Purchase,2994,02-Mar-2026,New Rajputana Agro Traders,663955.5,Dr,husk purchase,02-Mar-2026
AV02995,Purchase,2995,19-Mar-2026,Sanwariya Rathore Agro Company,636199.2,Dr,husk purchase,19-Mar-2026
AV02996,Purchase,2996,13-Mar-2026,Maa Balaji Trading Co,769202.4,Dr,husk purchase,13-Mar-2026
AV02997,Purchase,2997,24-Mar-2026,New Rathore Agro Industries,635405.4,Dr,husk purchase,24-Mar-2026
AV02998,Purchase,2998,25-Mar-2026,Salasar Mahaveer Fuels,804912.2,Dr,husk purchase,25-Mar-2026
AV02999,Purchase,2999,24-Mar-2026,Shri Bhagwati Trading Co,736917.3,Dr,husk purchase,24-Mar-2026
AV03000,Purchase,3000,11-Mar-2026,Khatu Jagdamba Agro Industries,809205.0,Dr,husk purchase,11-Mar-2026
AV03001,Purchase,3001,05-Mar-2026,Maa Ganesh Biomass Co,683019.0,Dr,husk purchase,05-Mar-2026
AV03002,Purchase,3002,08-Mar-2026,New Rathore Agro Industries,744708.8,Dr,husk purchase,08-Mar-2026
AV03003,Purchase,3003,18-Mar-2026,Shree Ramdev Fuels,750707.1,Dr,husk purchase,18-Mar-2026
AV03004,Purchase,3004,18-Mar-2026,Sanwariya Vijay Enterprises,851377.4,Dr,husk purchase,18-Mar-2026
AV03005,Purchase,3005,25-Mar-2026,Salasar Marudhar Krishi Udyog,717003.2,Dr,husk purchase,25-Mar-2026
AV03006,Purchase,3006,06-Mar-2026,Salasar Saurashtra Biomass Suppliers,631714.6,Dr,husk purchase,06-Mar-2026
AV03007,Purchase,3007,25-Mar-2026,Sanwariya Vijay Enterprises,624512.0,Dr,husk purchase,25-Mar-2026
AV03008,Purchase,3008,04-Mar-2026,Nakoda Ramdev Trading Co,791972.2,Dr,husk purchase,04-Mar-2026
AV03009,Purchase,3009,20-Mar-2026,Nakoda Ramdev Trading Co,653184.0,Dr,husk purchase,20-Mar-2026
AV03010,Purchase,3010,23-Mar-2026,Salasar Saurashtra Biomass Suppliers,822480.5,Dr,husk purchase,23-Mar-2026
AV03011,Purchase,3011,26-Mar-2026,Sanwariya Vijay Enterprises,763091.4,Dr,husk purchase,26-Mar-2026
AV03012,Purchase,3012,11-Mar-2026,Maa Balaji Krishi Bhandar,808846.4,Dr,husk purchase,11-Mar-2026
AV03013,Purchase,3013,11-Mar-2026,New Bhairav Krishi Udyog,722787.0,Dr,husk purchase,11-Mar-2026
AV03014,Purchase,3014,15-Mar-2026,Khatu Vijay Biomass Suppliers,737764.5,Dr,husk purchase,15-Mar-2026
AV03015,Purchase,3015,25-Mar-2026,Salasar Marudhar Krishi Udyog,818202.0,Dr,husk purchase,25-Mar-2026
AV03016,Purchase,3016,02-Mar-2026,Salasar Luni Agro Company,683270.0,Dr,husk purchase,02-Mar-2026
AV03017,Purchase,3017,20-Mar-2026,Shree Rajputana Trading Co,698544.0,Dr,husk purchase,20-Mar-2026
AV03018,Purchase,3018,08-Mar-2026,Salasar Mahaveer Krishi Udyog,658641.8,Dr,husk purchase,08-Mar-2026
AV03019,Purchase,3019,18-Mar-2026,Nakoda Marudhar Agri Residue Pvt Ltd,950758.2,Dr,stalk purchase,18-Mar-2026
AV03020,Purchase,3020,07-Mar-2026,Khatu Rathore Biomass Co,893775.0,Dr,stalk purchase,07-Mar-2026
AV03021,Purchase,3021,08-Mar-2026,Jai Rathore Agro Traders,776786.4,Dr,stalk purchase,08-Mar-2026
AV03022,Purchase,3022,17-Mar-2026,New Banas Biomass Co,945724.8,Dr,stalk purchase,17-Mar-2026
AV03023,Purchase,3023,20-Mar-2026,Khatu Rajputana Enterprises,845331.3,Dr,stalk purchase,20-Mar-2026
AV03024,Purchase,3024,07-Mar-2026,Salasar Marudhar Krishi Udyog,915872.4,Dr,stalk purchase,07-Mar-2026
AV03025,Purchase,3025,23-Mar-2026,Sanwariya Rathore Agro Company,925182.4,Dr,stalk purchase,23-Mar-2026
AV03026,Purchase,3026,08-Mar-2026,Sanwariya Krishna Agri Residue Pvt Ltd,742464.0,Dr,stalk purchase,08-Mar-2026
AV03027,Purchase,3027,09-Mar-2026,Khatu Shyam Enterprises,737561.7,Dr,stalk purchase,09-Mar-2026
AV03028,Purchase,3028,25-Mar-2026,Khatu Rathore Biomass Co,886329.6,Dr,stalk purchase,25-Mar-2026
AV03029,Purchase,3029,18-Mar-2026,Khatu Rajputana Enterprises,827799.5,Dr,stalk purchase,18-Mar-2026
AV03030,Purchase,3030,17-Mar-2026,Jai Rathore Agro Traders,868784.4,Dr,stalk purchase,17-Mar-2026
AV03031,Purchase,3031,18-Mar-2026,Nakoda Banas Krishi Bhandar,802782.8,Dr,stalk purchase,18-Mar-2026
AV03032,Purchase,3032,27-Mar-2026,Jai Rathore Krishi Bhandar,942926.4,Dr,stalk purchase,27-Mar-2026
AV03033,Purchase,3033,16-Mar-2026,Maa Krishna Fuels,891005.7,Dr,stalk purchase,16-Mar-2026
AV03034,Purchase,3034,23-Mar-2026,Maa Bhairav Krishi Udyog,835490.0,Dr,stalk purchase,23-Mar-2026
AV03035,Purchase,3035,05-Mar-2026,Jai Thar Fuels,753460.0,Dr,stalk purchase,05-Mar-2026
AV03036,Purchase,3036,13-Mar-2026,Khatu Rajputana Enterprises,758508.4,Dr,stalk purchase,13-Mar-2026
AV03037,Purchase,3037,23-Mar-2026,Khatu Shyam Enterprises,754698.0,Dr,stalk purchase,23-Mar-2026
AV03038,Purchase,3038,05-Mar-2026,Nakoda Marudhar Agri Residue Pvt Ltd,862853.4,Dr,stalk purchase,05-Mar-2026
AV03039,Purchase,3039,25-Mar-2026,Salasar Banas Biomass Co,884827.8,Dr,stalk purchase,25-Mar-2026
AV03040,Purchase,3040,08-Apr-2026,Khatu Vijay Biomass Suppliers,812980.9,Dr,husk purchase,08-Apr-2026
AV03041,Purchase,3041,05-Apr-2026,Maa Balaji Trading Co,746042.5,Dr,husk purchase,05-Apr-2026
AV03042,Purchase,3042,20-Apr-2026,New Rathore Krishi Bhandar,828500.7,Dr,husk purchase,20-Apr-2026
AV03043,Purchase,3043,17-Apr-2026,Salasar Marudhar Krishi Udyog,768549.6,Dr,husk purchase,17-Apr-2026
AV03044,Purchase,3044,15-Apr-2026,Sanwariya Govind Agro Industries,829871.0,Dr,husk purchase,15-Apr-2026
AV03045,Purchase,3045,12-Apr-2026,Maa Balaji Trading Co,799475.6,Dr,husk purchase,12-Apr-2026
AV03046,Purchase,3046,04-Apr-2026,Sanwariya Rathore Agro Company,753390.0,Dr,husk purchase,04-Apr-2026
AV03047,Purchase,3047,03-Apr-2026,Shree Ramdev Fuels,671554.2,Dr,husk purchase,03-Apr-2026
AV03048,Purchase,3048,16-Apr-2026,Salasar Mahaveer Fuels,649783.8,Dr,husk purchase,16-Apr-2026
AV03049,Purchase,3049,10-Apr-2026,Shree Ramdev Fuels,816231.5,Dr,husk purchase,10-Apr-2026
AV03050,Purchase,3050,18-Apr-2026,Salasar Marudhar Krishi Udyog,711359.1,Dr,husk purchase,18-Apr-2026
AV03051,Purchase,3051,03-Apr-2026,New Rathore Krishi Bhandar,636402.8,Dr,husk purchase,03-Apr-2026
AV03052,Purchase,3052,05-Apr-2026,Maa Ganesh Biomass Co,661024.0,Dr,husk purchase,05-Apr-2026
AV03053,Purchase,3053,21-Apr-2026,Om Shyam Biomass Suppliers,741044.0,Dr,husk purchase,21-Apr-2026
AV03054,Purchase,3054,16-Apr-2026,New Rathore Agro Industries,673190.0,Dr,husk purchase,16-Apr-2026
AV03055,Purchase,3055,15-Apr-2026,Maa Balaji Trading Co,680710.8,Dr,husk purchase,15-Apr-2026
AV03056,Purchase,3056,08-Apr-2026,Shri Bhagwati Trading Co,836144.4,Dr,husk purchase,08-Apr-2026
AV03057,Purchase,3057,06-Apr-2026,New Balaji Krishi Bhandar,624992.4,Dr,husk purchase,06-Apr-2026
AV03058,Purchase,3058,22-Apr-2026,Salasar Deepak Agri Residue Pvt Ltd,813600.0,Dr,husk purchase,22-Apr-2026
AV03059,Purchase,3059,03-Apr-2026,Shree Rajputana Trading Co,748489.1,Dr,husk purchase,03-Apr-2026
AV03060,Purchase,3060,15-Apr-2026,Maa Ganesh Biomass Co,776633.1,Dr,husk purchase,15-Apr-2026
AV03061,Purchase,3061,19-Apr-2026,Shri Bhagwati Trading Co,728851.2,Dr,husk purchase,19-Apr-2026
AV03062,Purchase,3062,13-Apr-2026,Salasar Saurashtra Biomass Suppliers,687809.8,Dr,husk purchase,13-Apr-2026
AV03063,Purchase,3063,20-Apr-2026,Salasar Krishna Biomass Suppliers,604756.1,Dr,husk purchase,20-Apr-2026
AV03064,Purchase,3064,27-Apr-2026,Maa Balaji Trading Co,710188.8,Dr,husk purchase,27-Apr-2026
AV03065,Purchase,3065,18-Apr-2026,Khatu Shyam Enterprises,673122.8,Dr,husk purchase,18-Apr-2026
AV03066,Purchase,3066,27-Apr-2026,Khatu Jagdamba Agro Industries,658301.2,Dr,husk purchase,27-Apr-2026
AV03067,Purchase,3067,05-Apr-2026,Salasar Mahaveer Krishi Udyog,701075.8,Dr,husk purchase,05-Apr-2026
AV03068,Purchase,3068,10-Apr-2026,Sanwariya Vijay Enterprises,634797.0,Dr,husk purchase,10-Apr-2026
AV03069,Purchase,3069,24-Apr-2026,New Bhairav Krishi Udyog,745617.6,Dr,husk purchase,24-Apr-2026
AV03070,Purchase,3070,19-Apr-2026,New Bhairav Krishi Udyog,759461.5,Dr,husk purchase,19-Apr-2026
AV03071,Purchase,3071,12-Apr-2026,Shri Bhagwati Trading Co,752596.8,Dr,husk purchase,12-Apr-2026
AV03072,Purchase,3072,12-Apr-2026,Sanwariya Suraj Biomass Suppliers,640455.2,Dr,husk purchase,12-Apr-2026
AV03073,Purchase,3073,21-Apr-2026,Shree Laxmi Biomass Suppliers,698826.8,Dr,husk purchase,21-Apr-2026
AV03074,Purchase,3074,16-Apr-2026,New Bhagwati Krishi Bhandar,696768.0,Dr,husk purchase,16-Apr-2026
AV03075,Purchase,3075,03-Apr-2026,Maa Balaji Trading Co,850040.4,Dr,husk purchase,03-Apr-2026
AV03076,Purchase,3076,03-Apr-2026,Khatu Jagdamba Agro Industries,841164.8,Dr,husk purchase,03-Apr-2026
AV03077,Purchase,3077,09-Apr-2026,Salasar Deepak Agri Residue Pvt Ltd,653565.0,Dr,husk purchase,09-Apr-2026
AV03078,Purchase,3078,24-Apr-2026,Sanwariya Govind Agro Industries,679835.1,Dr,husk purchase,24-Apr-2026
AV03079,Purchase,3079,14-Apr-2026,Maa Balaji Krishi Bhandar,854031.6,Dr,husk purchase,14-Apr-2026
AV03080,Purchase,3080,14-Apr-2026,New Bhairav Krishi Udyog,778588.8,Dr,husk purchase,14-Apr-2026
AV03081,Purchase,3081,26-Apr-2026,Shree Ramdev Fuels,803829.6,Dr,husk purchase,26-Apr-2026
AV03082,Purchase,3082,21-Apr-2026,New Bhairav Krishi Udyog,709908.5,Dr,husk purchase,21-Apr-2026
AV03083,Purchase,3083,17-Apr-2026,Salasar Krishna Biomass Suppliers,625612.0,Dr,husk purchase,17-Apr-2026
AV03084,Purchase,3084,20-Apr-2026,New Bhairav Krishi Udyog,648627.0,Dr,husk purchase,20-Apr-2026
AV03085,Purchase,3085,02-Apr-2026,Khatu Jagdamba Agro Industries,762842.6,Dr,husk purchase,02-Apr-2026
AV03086,Purchase,3086,03-Apr-2026,Shree Rajputana Trading Co,652793.7,Dr,husk purchase,03-Apr-2026
AV03087,Purchase,3087,20-Apr-2026,Shree Rajputana Trading Co,671860.8,Dr,husk purchase,20-Apr-2026
AV03088,Purchase,3088,21-Apr-2026,Salasar Krishna Biomass Suppliers,710382.3,Dr,husk purchase,21-Apr-2026
AV03089,Purchase,3089,15-Apr-2026,New Balaji Krishi Bhandar,690381.7,Dr,husk purchase,15-Apr-2026
AV03090,Purchase,3090,14-Apr-2026,New Rajputana Agro Traders,938351.7,Dr,husk purchase,14-Apr-2026
AV03091,Purchase,3091,24-Apr-2026,Sanwariya Krishna Agri Residue Pvt Ltd,819410.4,Dr,stalk purchase,24-Apr-2026
AV03092,Purchase,3092,16-Apr-2026,Maa Bhairav Krishi Udyog,809748.8,Dr,stalk purchase,16-Apr-2026
AV03093,Purchase,3093,09-Apr-2026,Maa Kathiawad Agri Residue Pvt Ltd,924514.2,Dr,stalk purchase,09-Apr-2026
AV03094,Purchase,3094,13-Apr-2026,Khatu Rajputana Enterprises,862920.0,Dr,stalk purchase,13-Apr-2026
AV03095,Purchase,3095,11-Apr-2026,Jai Sardar Agro Industries,871400.4,Dr,stalk purchase,11-Apr-2026
AV03096,Purchase,3096,09-Apr-2026,Jai Thar Fuels,1019440.8,Dr,stalk purchase,09-Apr-2026
AV03097,Purchase,3097,11-Apr-2026,Jai Rathore Krishi Bhandar,783591.6,Dr,stalk purchase,11-Apr-2026
AV03098,Purchase,3098,14-Apr-2026,Jai Thar Fuels,891376.2,Dr,stalk purchase,14-Apr-2026
AV03099,Purchase,3099,26-Apr-2026,Nakoda Banas Krishi Bhandar,848684.0,Dr,stalk purchase,26-Apr-2026
AV03100,Purchase,3100,22-Apr-2026,New Banas Biomass Co,933411.6,Dr,stalk purchase,22-Apr-2026
AV03101,Purchase,3101,05-Apr-2026,Jai Thar Fuels,766427.8,Dr,stalk purchase,05-Apr-2026
AV03102,Purchase,3102,05-Apr-2026,Jai Rathore Agro Traders,768026.2,Dr,stalk purchase,05-Apr-2026
AV03103,Purchase,3103,20-Apr-2026,New Banas Biomass Co,1032542.0,Dr,stalk purchase,20-Apr-2026
AV03104,Purchase,3104,10-Apr-2026,Salasar Marudhar Krishi Udyog,908727.2,Dr,stalk purchase,10-Apr-2026
AV03105,Purchase,3105,05-Apr-2026,Khatu Rathore Biomass Co,956455.5,Dr,stalk purchase,05-Apr-2026
AV03106,Purchase,3106,23-Apr-2026,Sanwariya Ganesh Agri Residue Pvt Ltd,960031.2,Dr,stalk purchase,23-Apr-2026
AV03107,Purchase,3107,27-Apr-2026,Sanwariya Krishna Agri Residue Pvt Ltd,887763.2,Dr,stalk purchase,27-Apr-2026
AV03108,Purchase,3108,27-Apr-2026,Salasar Banas Biomass Co,747853.2,Dr,stalk purchase,27-Apr-2026
AV03109,Purchase,3109,22-Apr-2026,Khatu Bhairav Biomass Suppliers,925155.0,Dr,stalk purchase,22-Apr-2026
AV03110,Purchase,3110,21-May-2026,Shree Luni Trading Co,822666.6,Dr,husk purchase,21-May-2026
AV03111,Purchase,3111,09-May-2026,New Rathore Krishi Bhandar,1003205.2,Dr,husk purchase,09-May-2026
AV03112,Purchase,3112,12-May-2026,Salasar Deepak Agri Residue Pvt Ltd,926858.4,Dr,husk purchase,12-May-2026
AV03113,Purchase,3113,12-May-2026,Salasar Mahaveer Krishi Udyog,934411.1,Dr,husk purchase,12-May-2026
AV03114,Purchase,3114,21-May-2026,Khatu Jagdamba Agro Industries,780174.9,Dr,husk purchase,21-May-2026
AV03115,Purchase,3115,09-May-2026,Sanwariya Vijay Enterprises,937399.7,Dr,husk purchase,09-May-2026
AV03116,Purchase,3116,17-May-2026,New Balaji Krishi Bhandar,885888.6,Dr,husk purchase,17-May-2026
AV03117,Purchase,3117,16-May-2026,Khatu Jagdamba Agro Industries,1036463.0,Dr,husk purchase,16-May-2026
AV03118,Purchase,3118,07-May-2026,New Bhairav Krishi Udyog,799435.2,Dr,husk purchase,07-May-2026
AV03119,Purchase,3119,26-May-2026,Shree Rajputana Trading Co,842752.8,Dr,husk purchase,26-May-2026
AV03120,Purchase,3120,12-May-2026,Khatu Shyam Enterprises,890618.4,Dr,husk purchase,12-May-2026
AV03121,Purchase,3121,02-May-2026,Shree Luni Trading Co,941540.3,Dr,husk purchase,02-May-2026
AV03122,Purchase,3122,08-May-2026,Shree Laxmi Biomass Suppliers,808555.1,Dr,husk purchase,08-May-2026
AV03123,Purchase,3123,25-May-2026,Shri Bhagwati Trading Co,817034.4,Dr,husk purchase,25-May-2026
AV03124,Purchase,3124,04-May-2026,Salasar Mahaveer Fuels,929601.4,Dr,husk purchase,04-May-2026
AV03125,Purchase,3125,25-May-2026,Shree Luni Trading Co,853178.1,Dr,husk purchase,25-May-2026
AV03126,Purchase,3126,02-May-2026,Sanwariya Vijay Enterprises,919047.6,Dr,husk purchase,02-May-2026
AV03127,Purchase,3127,14-May-2026,Maa Balaji Trading Co,884031.5,Dr,husk purchase,14-May-2026
AV03128,Purchase,3128,23-May-2026,Salasar Luni Agro Company,858459.6,Dr,husk purchase,23-May-2026
AV03129,Purchase,3129,16-May-2026,New Balaji Krishi Bhandar,806435.1,Dr,husk purchase,16-May-2026
AV03130,Purchase,3130,16-May-2026,Khatu Shyam Enterprises,885740.8,Dr,husk purchase,16-May-2026
AV03131,Purchase,3131,26-May-2026,Maa Balaji Krishi Bhandar,787854.6,Dr,husk purchase,26-May-2026
AV03132,Purchase,3132,17-May-2026,Sanwariya Govind Agro Industries,1010969.6,Dr,husk purchase,17-May-2026
AV03133,Purchase,3133,18-May-2026,Khatu Vijay Biomass Suppliers,916995.2,Dr,husk purchase,18-May-2026
AV03134,Purchase,3134,12-May-2026,Sanwariya Ganesh Agri Residue Pvt Ltd,752511.2,Dr,husk purchase,12-May-2026
AV03135,Purchase,3135,15-May-2026,Sanwariya Govind Agro Industries,923305.8,Dr,husk purchase,15-May-2026
AV03136,Purchase,3136,24-May-2026,Salasar Krishna Biomass Suppliers,900018.0,Dr,husk purchase,24-May-2026
AV03137,Purchase,3137,14-May-2026,Sanwariya Govind Agro Industries,910688.4,Dr,husk purchase,14-May-2026
AV03138,Purchase,3138,12-May-2026,Shree Ramdev Fuels,765231.9,Dr,husk purchase,12-May-2026
AV03139,Purchase,3139,14-May-2026,Khatu Vijay Biomass Suppliers,1006207.2,Dr,husk purchase,14-May-2026
AV03140,Purchase,3140,17-May-2026,Khatu Vijay Biomass Suppliers,932380.8,Dr,husk purchase,17-May-2026
AV03141,Purchase,3141,23-May-2026,New Balaji Krishi Bhandar,1049165.6,Dr,husk purchase,23-May-2026
AV03142,Purchase,3142,04-May-2026,Sanwariya Govind Agro Industries,903555.7,Dr,husk purchase,04-May-2026
AV03143,Purchase,3143,08-May-2026,Shree Laxmi Biomass Suppliers,789249.2,Dr,husk purchase,08-May-2026
AV03144,Purchase,3144,22-May-2026,Khatu Vijay Biomass Suppliers,898840.0,Dr,husk purchase,22-May-2026
AV03145,Purchase,3145,23-May-2026,Shree Rajputana Trading Co,849385.2,Dr,husk purchase,23-May-2026
AV03146,Purchase,3146,14-May-2026,New Rathore Krishi Bhandar,820915.2,Dr,husk purchase,14-May-2026
AV03147,Purchase,3147,08-May-2026,Khatu Vijay Biomass Suppliers,833522.1,Dr,husk purchase,08-May-2026
AV03148,Purchase,3148,22-May-2026,Khatu Thar Agro Company,990360.0,Dr,husk purchase,22-May-2026
AV03149,Purchase,3149,20-May-2026,Shri Bhagwati Trading Co,986119.0,Dr,husk purchase,20-May-2026
AV03150,Purchase,3150,11-May-2026,Om Shyam Biomass Suppliers,786729.3,Dr,husk purchase,11-May-2026
AV03151,Purchase,3151,02-May-2026,Salasar Mahaveer Krishi Udyog,858967.2,Dr,husk purchase,02-May-2026
AV03152,Purchase,3152,17-May-2026,Salasar Deepak Agri Residue Pvt Ltd,943834.9,Dr,husk purchase,17-May-2026
AV03153,Purchase,3153,22-May-2026,Maa Krishna Fuels,629076.8,Dr,stalk purchase,22-May-2026
AV03154,Purchase,3154,14-May-2026,Shri Bhagwati Trading Co,585063.6,Dr,stalk purchase,14-May-2026
AV03155,Purchase,3155,24-May-2026,Maa Kathiawad Agri Residue Pvt Ltd,553661.4,Dr,stalk purchase,24-May-2026
AV03156,Purchase,3156,04-May-2026,Khatu Bhairav Biomass Suppliers,616449.6,Dr,stalk purchase,04-May-2026
AV03157,Purchase,3157,02-May-2026,Maa Krishna Fuels,642747.7,Dr,stalk purchase,02-May-2026
AV03158,Purchase,3158,24-May-2026,Khatu Rathore Biomass Co,568177.8,Dr,stalk purchase,24-May-2026
AV03159,Purchase,3159,23-May-2026,Maa Kathiawad Agri Residue Pvt Ltd,562585.6,Dr,stalk purchase,23-May-2026
AV03160,Purchase,3160,19-May-2026,Jai Thar Fuels,516393.0,Dr,stalk purchase,19-May-2026
AV03161,Purchase,3161,15-May-2026,Sanwariya Rathore Agro Company,536104.8,Dr,stalk purchase,15-May-2026
AV03162,Purchase,3162,25-May-2026,Jai Rathore Agro Traders,601619.8,Dr,stalk purchase,25-May-2026
AV03163,Purchase,3163,04-May-2026,Jai Sardar Agro Industries,535145.4,Dr,stalk purchase,04-May-2026
AV03164,Purchase,3164,25-May-2026,Sanwariya Rathore Agro Company,618148.8,Dr,stalk purchase,25-May-2026
AV03165,Purchase,3165,04-May-2026,Sanwariya Vijay Enterprises,514899.2,Dr,stalk purchase,04-May-2026
AV03166,Purchase,3166,11-May-2026,Jai Sardar Agro Industries,519566.4,Dr,stalk purchase,11-May-2026
AV03167,Purchase,3167,14-May-2026,Khatu Rathore Biomass Co,662367.6,Dr,stalk purchase,14-May-2026
AV03168,Purchase,3168,06-May-2026,Sanwariya Vijay Enterprises,610337.3,Dr,stalk purchase,06-May-2026
AV03169,Purchase,3169,03-May-2026,Salasar Marudhar Krishi Udyog,562691.8,Dr,stalk purchase,03-May-2026
AV03170,Purchase,3170,02-May-2026,Jai Rathore Krishi Bhandar,662165.7,Dr,stalk purchase,02-May-2026
AV03171,Purchase,3171,19-May-2026,Khatu Shyam Enterprises,566609.4,Dr,stalk purchase,19-May-2026
AV03172,Purchase,3172,24-May-2026,Nakoda Banas Krishi Bhandar,578444.1,Dr,stalk purchase,24-May-2026
AV03173,Purchase,3173,12-May-2026,Maa Krishna Fuels,588468.0,Dr,stalk purchase,12-May-2026
AV03174,Purchase,3174,15-May-2026,Maa Bhairav Krishi Udyog,539576.4,Dr,stalk purchase,15-May-2026
AV03175,Purchase,3175,16-May-2026,Khatu Rajputana Enterprises,651163.8,Dr,stalk purchase,16-May-2026
AV03176,Purchase,3176,26-May-2026,Jai Thar Fuels,687054.2,Dr,stalk purchase,26-May-2026
AV03177,Purchase,3177,11-May-2026,Shree Laxmi Biomass Suppliers,630067.1,Dr,stalk purchase,11-May-2026
AV03178,Purchase,3178,24-May-2026,Shri Bhagwati Trading Co,675790.2,Dr,stalk purchase,24-May-2026
AV03179,Purchase,3179,22-May-2026,Jai Thar Fuels,605173.5,Dr,stalk purchase,22-May-2026
AV03180,Purchase,3180,02-May-2026,Nakoda Banas Krishi Bhandar,521674.4,Dr,stalk purchase,02-May-2026
AV03181,Purchase,3181,26-May-2026,Khatu Rajputana Enterprises,628565.4,Dr,stalk purchase,26-May-2026
AV03182,Purchase,3182,08-Jun-2026,Sanwariya Rathore Agro Company,202203.3,Dr,biomass purchase,08-Jun-2026
AV03183,Purchase,3183,24-Jun-2026,Salasar Marudhar Krishi Udyog,111417.6,Dr,supply against order,24-Jun-2026
AV03184,Purchase,3184,09-Jun-2026,New Rathore Agro Industries,293576.4,Dr,as per bill,09-Jun-2026
AV03185,Purchase,3185,17-Jun-2026,Maa Vijay Biomass Co,143510.4,Dr,biomass purchase,17-Jun-2026
AV03186,Purchase,3186,21-Jun-2026,New Balaji Krishi Bhandar,297383.4,Dr,biomass purchase,21-Jun-2026
AV03187,Purchase,3187,12-Jun-2026,Maa Balaji Krishi Bhandar,171656.9,Dr,supply against order,12-Jun-2026
AV03188,Purchase,3188,02-Jun-2026,Shree Laxmi Biomass Suppliers,211635.3,Dr,material recd,02-Jun-2026
AV03189,Purchase,3189,12-Jun-2026,Khatu Vijay Biomass Suppliers,276776.8,Dr,supply against order,12-Jun-2026
AV03190,Purchase,3190,06-Jun-2026,Salasar Luni Agro Company,163553.6,Dr,material recd,06-Jun-2026
AV03191,Purchase,3191,03-Jun-2026,Shri Bhagwati Trading Co,164704.0,Dr,supply against order,03-Jun-2026
AV03192,Purchase,3192,26-Jun-2026,Khatu Thar Agro Company,246383.8,Dr,biomass purchase,26-Jun-2026
AV03193,Purchase,3193,22-Jun-2026,New Bhairav Krishi Udyog,150885.8,Dr,supply against order,22-Jun-2026
AV03194,Purchase,3194,11-Jun-2026,New Rajputana Agro Traders,152985.0,Dr,as per bill,11-Jun-2026
AV03195,Purchase,3195,09-Jun-2026,Shree Rajputana Trading Co,206035.0,Dr,as per bill,09-Jun-2026
AV03196,Purchase,3196,14-Jun-2026,Khatu Shyam Enterprises,761202.7,Dr,husk purchase,14-Jun-2026
AV03197,Purchase,3197,08-Jun-2026,Sanwariya Rathore Agro Company,921897.2,Dr,husk purchase,08-Jun-2026
AV03198,Purchase,3198,21-Jun-2026,Salasar Mahaveer Fuels,818565.6,Dr,husk purchase,21-Jun-2026
AV03199,Purchase,3199,26-Jun-2026,New Bhagwati Krishi Bhandar,907940.7,Dr,husk purchase,26-Jun-2026
AV03200,Purchase,3200,17-Jun-2026,New Bhairav Krishi Udyog,989340.5,Dr,husk purchase,17-Jun-2026
AV03201,Purchase,3201,09-Jun-2026,Shree Rajputana Trading Co,826872.3,Dr,husk purchase,09-Jun-2026
AV03202,Purchase,3202,20-Jun-2026,Shree Ramdev Fuels,824454.4,Dr,husk purchase,20-Jun-2026
AV03203,Purchase,3203,04-Jun-2026,New Balaji Krishi Bhandar,882096.0,Dr,husk purchase,04-Jun-2026
AV03204,Purchase,3204,23-Jun-2026,Khatu Marudhar Enterprises,775670.0,Dr,husk purchase,23-Jun-2026
AV03205,Purchase,3205,06-Jun-2026,Sanwariya Vijay Enterprises,880518.2,Dr,husk purchase,06-Jun-2026
AV03206,Purchase,3206,09-Jun-2026,Khatu Shyam Enterprises,730456.2,Dr,husk purchase,09-Jun-2026
AV03207,Purchase,3207,04-Jun-2026,Salasar Marudhar Krishi Udyog,918287.2,Dr,husk purchase,04-Jun-2026
AV03208,Purchase,3208,25-Jun-2026,Shree Laxmi Biomass Suppliers,818276.8,Dr,husk purchase,25-Jun-2026
AV03209,Purchase,3209,06-Jun-2026,Khatu Jagdamba Agro Industries,912906.0,Dr,husk purchase,06-Jun-2026
AV03210,Purchase,3210,17-Jun-2026,Salasar Mahaveer Krishi Udyog,890355.2,Dr,husk purchase,17-Jun-2026
AV03211,Purchase,3211,03-Jun-2026,Khatu Jagdamba Agro Industries,851212.0,Dr,husk purchase,03-Jun-2026
AV03212,Purchase,3212,06-Jun-2026,Sanwariya Suraj Biomass Suppliers,869040.0,Dr,husk purchase,06-Jun-2026
AV03213,Purchase,3213,22-Jun-2026,New Balaji Krishi Bhandar,741772.2,Dr,husk purchase,22-Jun-2026
AV03214,Purchase,3214,24-Jun-2026,Salasar Saurashtra Biomass Suppliers,855670.5,Dr,husk purchase,24-Jun-2026
AV03215,Purchase,3215,13-Jun-2026,Salasar Marudhar Krishi Udyog,832550.4,Dr,husk purchase,13-Jun-2026
AV03216,Purchase,3216,13-Jun-2026,Maa Balaji Trading Co,948138.2,Dr,husk purchase,13-Jun-2026
AV03217,Purchase,3217,18-Jun-2026,Shree Vijay Agro Traders,743525.6,Dr,husk purchase,18-Jun-2026
AV03218,Purchase,3218,14-Jun-2026,Shri Bhagwati Trading Co,746787.6,Dr,husk purchase,14-Jun-2026
AV03219,Purchase,3219,18-Jun-2026,Maa Balaji Trading Co,839671.8,Dr,husk purchase,18-Jun-2026
AV03220,Purchase,3220,26-Jun-2026,Maa Vijay Biomass Co,919860.3,Dr,husk purchase,26-Jun-2026
AV03221,Purchase,3221,13-Jun-2026,Sanwariya Govind Agro Industries,815172.9,Dr,husk purchase,13-Jun-2026
AV03222,Purchase,3222,02-Jun-2026,Salasar Saurashtra Biomass Suppliers,1008600.0,Dr,husk purchase,02-Jun-2026
AV03223,Purchase,3223,17-Jun-2026,Salasar Deepak Agri Residue Pvt Ltd,823186.4,Dr,husk purchase,17-Jun-2026
AV03224,Purchase,3224,03-Jun-2026,Shree Luni Trading Co,809114.4,Dr,husk purchase,03-Jun-2026
AV03225,Purchase,3225,10-Jun-2026,Shree Ramdev Fuels,1069777.8,Dr,husk purchase,10-Jun-2026
AV03226,Purchase,3226,14-Jun-2026,New Balaji Krishi Bhandar,911551.3,Dr,husk purchase,14-Jun-2026
AV03227,Purchase,3227,04-Jun-2026,Jai Sardar Agro Industries,901504.5,Dr,stalk purchase,04-Jun-2026
AV03228,Purchase,3228,05-Jun-2026,Shri Bhagwati Trading Co,932894.3,Dr,stalk purchase,05-Jun-2026
AV03229,Purchase,3229,06-Jun-2026,New Banas Biomass Co,1216266.0,Dr,stalk purchase,06-Jun-2026
AV03230,Purchase,3230,02-Jun-2026,Jai Sardar Agro Industries,1186268.0,Dr,stalk purchase,02-Jun-2026
AV03231,Purchase,3231,15-Jun-2026,Jai Rathore Agro Traders,1018256.0,Dr,stalk purchase,15-Jun-2026
AV03232,Purchase,3232,02-Jun-2026,Khatu Bhairav Biomass Suppliers,1147733.0,Dr,stalk purchase,02-Jun-2026
AV03233,Purchase,3233,15-Jun-2026,New Banas Biomass Co,963134.0,Dr,stalk purchase,15-Jun-2026
AV03234,Purchase,3234,09-Jun-2026,Maa Krishna Fuels,905865.0,Dr,stalk purchase,09-Jun-2026
AV03235,Purchase,3235,15-Jun-2026,Shri Bhagwati Trading Co,979080.5,Dr,stalk purchase,15-Jun-2026
AV03236,Purchase,3236,21-Jun-2026,Maa Kathiawad Agri Residue Pvt Ltd,996772.4,Dr,stalk purchase,21-Jun-2026
AV03237,Purchase,3237,10-Jun-2026,Jai Rathore Agro Traders,1000212.5,Dr,stalk purchase,10-Jun-2026
AV03238,Purchase,3238,15-Jun-2026,Khatu Rathore Biomass Co,1105074.1,Dr,stalk purchase,15-Jun-2026
AV03239,Purchase,3239,08-Jun-2026,Khatu Bhairav Biomass Suppliers,1174813.2,Dr,stalk purchase,08-Jun-2026
AV03240,Purchase,3240,22-Jun-2026,Sanwariya Govind Agro Industries,1090824.8,Dr,stalk purchase,22-Jun-2026
AV03241,Purchase,3241,06-Jun-2026,Shree Laxmi Biomass Suppliers,1070596.8,Dr,stalk purchase,06-Jun-2026
AV03242,Purchase,3242,16-Jun-2026,Maa Bhairav Krishi Udyog,897898.0,Dr,stalk purchase,16-Jun-2026
AV03243,Purchase,3243,17-Jun-2026,Sanwariya Ganesh Agri Residue Pvt Ltd,1025939.2,Dr,stalk purchase,17-Jun-2026
AV03244,Purchase,3244,05-Jul-2026,New Bhagwati Krishi Bhandar,796805.2,Dr,husk purchase,05-Jul-2026
AV03245,Purchase,3245,21-Jul-2026,Om Shyam Biomass Suppliers,673926.4,Dr,husk purchase,21-Jul-2026
AV03246,Purchase,3246,06-Jul-2026,Salasar Mahaveer Fuels,696005.8,Dr,husk purchase,06-Jul-2026
AV03247,Purchase,3247,16-Jul-2026,New Rajputana Agro Traders,731163.0,Dr,husk purchase,16-Jul-2026
AV03248,Purchase,3248,03-Jul-2026,Khatu Thar Agro Company,676170.0,Dr,husk purchase,03-Jul-2026
AV03249,Purchase,3249,09-Jul-2026,Sanwariya Rathore Agro Company,792144.6,Dr,husk purchase,09-Jul-2026
AV03250,Purchase,3250,03-Jul-2026,New Rathore Krishi Bhandar,741718.5,Dr,husk purchase,03-Jul-2026
AV03251,Purchase,3251,13-Jul-2026,Khatu Shyam Enterprises,891038.4,Dr,husk purchase,13-Jul-2026
AV03252,Purchase,3252,07-Jul-2026,Khatu Jagdamba Agro Industries,783814.8,Dr,husk purchase,07-Jul-2026
AV03253,Purchase,3253,05-Jul-2026,Shri Bhagwati Trading Co,719044.8,Dr,husk purchase,05-Jul-2026
AV03254,Purchase,3254,08-Jul-2026,Shree Luni Trading Co,766368.5,Dr,husk purchase,08-Jul-2026
AV03255,Purchase,3255,23-Jul-2026,Shree Laxmi Biomass Suppliers,824630.4,Dr,husk purchase,23-Jul-2026
AV03256,Purchase,3256,13-Jul-2026,Khatu Shyam Enterprises,663801.6,Dr,husk purchase,13-Jul-2026
AV03257,Purchase,3257,17-Jul-2026,Shree Luni Trading Co,892342.4,Dr,husk purchase,17-Jul-2026
AV03258,Purchase,3258,10-Jul-2026,Sanwariya Govind Agro Industries,748195.2,Dr,husk purchase,10-Jul-2026
AV03259,Purchase,3259,13-Jul-2026,Sanwariya Vijay Enterprises,681395.2,Dr,husk purchase,13-Jul-2026
AV03260,Purchase,3260,19-Jul-2026,Salasar Krishna Biomass Suppliers,725472.0,Dr,husk purchase,19-Jul-2026
AV03261,Purchase,3261,17-Jul-2026,Sanwariya Govind Agro Industries,819702.4,Dr,husk purchase,17-Jul-2026
AV03262,Purchase,3262,15-Jul-2026,Salasar Marudhar Krishi Udyog,809733.6,Dr,husk purchase,15-Jul-2026
AV03263,Purchase,3263,03-Jul-2026,Salasar Saurashtra Biomass Suppliers,766279.8,Dr,husk purchase,03-Jul-2026
AV03264,Purchase,3264,25-Jul-2026,Maa Ganesh Biomass Co,778219.2,Dr,husk purchase,25-Jul-2026
AV03265,Purchase,3265,24-Jul-2026,Maa Balaji Trading Co,750592.5,Dr,husk purchase,24-Jul-2026
AV03266,Purchase,3266,23-Jul-2026,Khatu Vijay Biomass Suppliers,785132.5,Dr,husk purchase,23-Jul-2026
AV03267,Purchase,3267,17-Jul-2026,Maa Ganesh Biomass Co,770971.5,Dr,husk purchase,17-Jul-2026
AV03268,Purchase,3268,13-Jul-2026,Sanwariya Vijay Enterprises,692770.4,Dr,husk purchase,13-Jul-2026
AV03269,Purchase,3269,19-Jul-2026,Om Shyam Biomass Suppliers,741780.0,Dr,husk purchase,19-Jul-2026
AV03270,Purchase,3270,27-Jul-2026,Maa Balaji Krishi Bhandar,699675.2,Dr,husk purchase,27-Jul-2026
AV03271,Purchase,3271,16-Jul-2026,Nakoda Ramdev Trading Co,852490.4,Dr,husk purchase,16-Jul-2026
AV03272,Purchase,3272,23-Jul-2026,Sanwariya Vijay Enterprises,662617.2,Dr,husk purchase,23-Jul-2026
AV03273,Purchase,3273,24-Jul-2026,Nakoda Ramdev Trading Co,873039.2,Dr,husk purchase,24-Jul-2026
AV03274,Purchase,3274,02-Jul-2026,Shree Ramdev Fuels,857534.4,Dr,husk purchase,02-Jul-2026
AV03275,Purchase,3275,04-Jul-2026,Maa Balaji Krishi Bhandar,858334.8,Dr,husk purchase,04-Jul-2026
AV03276,Purchase,3276,21-Jul-2026,Maa Ganesh Biomass Co,820083.2,Dr,husk purchase,21-Jul-2026
AV03277,Purchase,3277,16-Jul-2026,Sanwariya Rathore Agro Company,769370.4,Dr,husk purchase,16-Jul-2026
AV03278,Purchase,3278,04-Jul-2026,Maa Ganesh Biomass Co,692233.1,Dr,husk purchase,04-Jul-2026
AV03279,Purchase,3279,16-Jul-2026,Shree Ramdev Fuels,766174.8,Dr,husk purchase,16-Jul-2026
AV03280,Purchase,3280,04-Jul-2026,Shree Vijay Agro Traders,769171.8,Dr,husk purchase,04-Jul-2026
AV03281,Purchase,3281,05-Jul-2026,Salasar Mahaveer Fuels,655311.6,Dr,husk purchase,05-Jul-2026
AV03282,Purchase,3282,27-Jul-2026,Shree Vijay Agro Traders,679460.8,Dr,husk purchase,27-Jul-2026
AV03283,Purchase,3283,17-Jul-2026,Maa Vijay Biomass Co,816002.0,Dr,husk purchase,17-Jul-2026
AV03284,Purchase,3284,20-Jul-2026,Maa Vijay Biomass Co,803767.0,Dr,husk purchase,20-Jul-2026
AV03285,Purchase,3285,10-Jul-2026,Maa Ganesh Biomass Co,711006.0,Dr,husk purchase,10-Jul-2026
AV03286,Purchase,3286,24-Jul-2026,Shree Rajputana Trading Co,794550.4,Dr,husk purchase,24-Jul-2026
AV03287,Purchase,3287,16-Jul-2026,Sanwariya Suraj Biomass Suppliers,785551.2,Dr,husk purchase,16-Jul-2026
AV03288,Purchase,3288,27-Jul-2026,Shree Vijay Agro Traders,736220.8,Dr,husk purchase,27-Jul-2026
AV03289,Purchase,3289,25-Jul-2026,Salasar Saurashtra Biomass Suppliers,727808.0,Dr,husk purchase,25-Jul-2026
AV03290,Purchase,3290,26-Jul-2026,Khatu Marudhar Enterprises,872597.3,Dr,husk purchase,26-Jul-2026
AV03291,Purchase,3291,21-Jul-2026,Shree Luni Trading Co,666487.5,Dr,husk purchase,21-Jul-2026
AV03292,Purchase,3292,23-Jul-2026,Sanwariya Rathore Agro Company,854400.0,Dr,stalk purchase,23-Jul-2026
AV03293,Purchase,3293,19-Jul-2026,Jai Rathore Agro Traders,745430.7,Dr,stalk purchase,19-Jul-2026
AV03294,Purchase,3294,19-Jul-2026,Khatu Shyam Enterprises,924055.0,Dr,stalk purchase,19-Jul-2026
AV03295,Purchase,3295,04-Jul-2026,Nakoda Banas Krishi Bhandar,906683.4,Dr,stalk purchase,04-Jul-2026
AV03296,Purchase,3296,02-Jul-2026,Khatu Shyam Enterprises,706948.2,Dr,stalk purchase,02-Jul-2026
AV03297,Purchase,3297,24-Jul-2026,Maa Krishna Fuels,727593.0,Dr,stalk purchase,24-Jul-2026
AV03298,Purchase,3298,06-Jul-2026,Jai Rathore Krishi Bhandar,889923.0,Dr,stalk purchase,06-Jul-2026
AV03299,Purchase,3299,03-Jul-2026,Salasar Marudhar Krishi Udyog,682582.2,Dr,stalk purchase,03-Jul-2026
AV03300,Purchase,3300,12-Jul-2026,Sanwariya Govind Agro Industries,784890.0,Dr,stalk purchase,12-Jul-2026
AV03301,Purchase,3301,11-Jul-2026,Khatu Bhairav Biomass Suppliers,824148.0,Dr,stalk purchase,11-Jul-2026
AV03302,Purchase,3302,14-Jul-2026,Sanwariya Govind Agro Industries,753135.0,Dr,stalk purchase,14-Jul-2026
AV03303,Purchase,3303,19-Jul-2026,Salasar Banas Biomass Co,920694.4,Dr,stalk purchase,19-Jul-2026
AV03304,Purchase,3304,18-Jul-2026,Sanwariya Govind Agro Industries,819698.9,Dr,stalk purchase,18-Jul-2026
AV03305,Purchase,3305,11-Jul-2026,Shri Bhagwati Trading Co,908727.6,Dr,stalk purchase,11-Jul-2026
AV03306,Purchase,3306,02-Jul-2026,Maa Krishna Fuels,886402.4,Dr,stalk purchase,02-Jul-2026
AV03307,Purchase,3307,24-Jul-2026,Sanwariya Govind Agro Industries,776586.6,Dr,stalk purchase,24-Jul-2026
AV03308,Purchase,3308,25-Jul-2026,Salasar Marudhar Krishi Udyog,822253.6,Dr,stalk purchase,25-Jul-2026
AV03309,Purchase,3309,06-Jul-2026,Shree Laxmi Biomass Suppliers,687463.7,Dr,stalk purchase,06-Jul-2026
AV03310,Purchase,3310,10-Jul-2026,Nakoda Marudhar Agri Residue Pvt Ltd,786193.2,Dr,stalk purchase,10-Jul-2026
AV03311,Purchase,3311,24-Jul-2026,Nakoda Marudhar Agri Residue Pvt Ltd,918016.0,Dr,stalk purchase,24-Jul-2026
AV03312,Purchase,3312,14-Jul-2026,Salasar Bhairav Trading Co,7458696.0,Dr,pellets purchase,14-Jul-2026
AV03313,Purchase,3313,17-Jul-2026,Sanwariya Govind Agro Industries,7505826.9,Dr,pellets purchase,17-Jul-2026
AV03314,Purchase,3314,03-Aug-2026,Salasar Mahaveer Fuels,951639.0,Dr,husk purchase,03-Aug-2026
AV03315,Purchase,3315,04-Aug-2026,New Rathore Agro Industries,931612.8,Dr,husk purchase,04-Aug-2026
AV03316,Purchase,3316,18-Aug-2026,Salasar Krishna Biomass Suppliers,981119.2,Dr,husk purchase,18-Aug-2026
AV03317,Purchase,3317,12-Aug-2026,New Bhagwati Krishi Bhandar,752277.6,Dr,husk purchase,12-Aug-2026
AV03318,Purchase,3318,03-Aug-2026,Salasar Krishna Biomass Suppliers,822910.5,Dr,husk purchase,03-Aug-2026
AV03319,Purchase,3319,19-Aug-2026,Khatu Shyam Enterprises,836157.9,Dr,husk purchase,19-Aug-2026
AV03320,Purchase,3320,07-Aug-2026,New Bhagwati Krishi Bhandar,914949.0,Dr,husk purchase,07-Aug-2026
AV03321,Purchase,3321,25-Aug-2026,Shri Bhagwati Trading Co,838809.0,Dr,husk purchase,25-Aug-2026
AV03322,Purchase,3322,18-Aug-2026,Maa Balaji Krishi Bhandar,967050.0,Dr,husk purchase,18-Aug-2026
AV03323,Purchase,3323,16-Aug-2026,Om Shyam Biomass Suppliers,969487.5,Dr,husk purchase,16-Aug-2026
AV03324,Purchase,3324,19-Aug-2026,Shree Laxmi Biomass Suppliers,855321.0,Dr,husk purchase,19-Aug-2026
AV03325,Purchase,3325,22-Aug-2026,New Balaji Krishi Bhandar,868693.2,Dr,husk purchase,22-Aug-2026
AV03326,Purchase,3326,19-Aug-2026,Salasar Saurashtra Biomass Suppliers,726834.6,Dr,husk purchase,19-Aug-2026
AV03327,Purchase,3327,22-Aug-2026,Salasar Mahaveer Krishi Udyog,870665.6,Dr,husk purchase,22-Aug-2026
AV03328,Purchase,3328,17-Aug-2026,Salasar Deepak Agri Residue Pvt Ltd,745029.6,Dr,husk purchase,17-Aug-2026
AV03329,Purchase,3329,24-Aug-2026,Maa Ganesh Biomass Co,873087.6,Dr,husk purchase,24-Aug-2026
AV03330,Purchase,3330,03-Aug-2026,Shree Vijay Agro Traders,737963.1,Dr,husk purchase,03-Aug-2026
AV03331,Purchase,3331,19-Aug-2026,New Balaji Krishi Bhandar,884491.3,Dr,husk purchase,19-Aug-2026
AV03332,Purchase,3332,19-Aug-2026,Shree Vijay Agro Traders,879998.5,Dr,husk purchase,19-Aug-2026
AV03333,Purchase,3333,12-Aug-2026,Maa Balaji Krishi Bhandar,748230.0,Dr,husk purchase,12-Aug-2026
AV03334,Purchase,3334,13-Aug-2026,Shree Rajputana Trading Co,901179.2,Dr,husk purchase,13-Aug-2026
AV03335,Purchase,3335,11-Aug-2026,New Bhagwati Krishi Bhandar,853860.6,Dr,husk purchase,11-Aug-2026
AV03336,Purchase,3336,25-Aug-2026,Shree Rajputana Trading Co,834465.2,Dr,husk purchase,25-Aug-2026
AV03337,Purchase,3337,27-Aug-2026,Salasar Deepak Agri Residue Pvt Ltd,783259.4,Dr,husk purchase,27-Aug-2026
AV03338,Purchase,3338,08-Aug-2026,Shree Ramdev Fuels,824093.6,Dr,husk purchase,08-Aug-2026
AV03339,Purchase,3339,07-Aug-2026,Sanwariya Ganesh Agri Residue Pvt Ltd,829256.7,Dr,husk purchase,07-Aug-2026
AV03340,Purchase,3340,05-Aug-2026,New Rathore Krishi Bhandar,903280.2,Dr,husk purchase,05-Aug-2026
AV03341,Purchase,3341,18-Aug-2026,Maa Ganesh Biomass Co,951935.5,Dr,husk purchase,18-Aug-2026
AV03342,Purchase,3342,27-Aug-2026,New Rajputana Agro Traders,943981.5,Dr,husk purchase,27-Aug-2026
AV03343,Purchase,3343,22-Aug-2026,New Balaji Krishi Bhandar,858447.2,Dr,husk purchase,22-Aug-2026
AV03344,Purchase,3344,11-Aug-2026,Salasar Krishna Biomass Suppliers,809208.5,Dr,husk purchase,11-Aug-2026
AV03345,Purchase,3345,12-Aug-2026,Salasar Saurashtra Biomass Suppliers,806964.2,Dr,husk purchase,12-Aug-2026
AV03346,Purchase,3346,06-Aug-2026,Khatu Vijay Biomass Suppliers,849568.3,Dr,husk purchase,06-Aug-2026
AV03347,Purchase,3347,26-Aug-2026,Khatu Vijay Biomass Suppliers,872546.8,Dr,husk purchase,26-Aug-2026
AV03348,Purchase,3348,14-Aug-2026,Khatu Shyam Enterprises,976323.0,Dr,husk purchase,14-Aug-2026
AV03349,Purchase,3349,16-Aug-2026,New Rathore Krishi Bhandar,819436.8,Dr,husk purchase,16-Aug-2026
AV03350,Purchase,3350,26-Aug-2026,Maa Balaji Krishi Bhandar,849045.0,Dr,husk purchase,26-Aug-2026
AV03351,Purchase,3351,03-Aug-2026,Salasar Saurashtra Biomass Suppliers,798745.6,Dr,husk purchase,03-Aug-2026
AV03352,Purchase,3352,09-Aug-2026,New Rathore Krishi Bhandar,852710.1,Dr,husk purchase,09-Aug-2026
AV03353,Purchase,3353,17-Aug-2026,Shree Luni Trading Co,855351.2,Dr,husk purchase,17-Aug-2026
AV03354,Purchase,3354,03-Aug-2026,Khatu Jagdamba Agro Industries,874956.2,Dr,husk purchase,03-Aug-2026
AV03355,Purchase,3355,17-Aug-2026,New Balaji Krishi Bhandar,893602.9,Dr,husk purchase,17-Aug-2026
AV03356,Purchase,3356,18-Aug-2026,Sanwariya Suraj Biomass Suppliers,1023412.2,Dr,husk purchase,18-Aug-2026
AV03357,Purchase,3357,20-Aug-2026,Shree Vijay Agro Traders,995466.0,Dr,husk purchase,20-Aug-2026
AV03358,Purchase,3358,03-Aug-2026,Sanwariya Govind Agro Industries,1222695.2,Dr,stalk purchase,03-Aug-2026
AV03359,Purchase,3359,17-Aug-2026,Shri Bhagwati Trading Co,1196593.2,Dr,stalk purchase,17-Aug-2026
AV03360,Purchase,3360,15-Aug-2026,Jai Sardar Agro Industries,994599.9,Dr,stalk purchase,15-Aug-2026
AV03361,Purchase,3361,16-Aug-2026,Jai Sardar Agro Industries,1228811.2,Dr,stalk purchase,16-Aug-2026
AV03362,Purchase,3362,16-Aug-2026,Salasar Marudhar Krishi Udyog,980462.8,Dr,stalk purchase,16-Aug-2026
AV03363,Purchase,3363,25-Aug-2026,Shri Bhagwati Trading Co,1186339.0,Dr,stalk purchase,25-Aug-2026
AV03364,Purchase,3364,16-Aug-2026,Sanwariya Krishna Agri Residue Pvt Ltd,1003901.5,Dr,stalk purchase,16-Aug-2026
AV03365,Purchase,3365,18-Aug-2026,Maa Kathiawad Agri Residue Pvt Ltd,1179092.9,Dr,stalk purchase,18-Aug-2026
AV03366,Purchase,3366,07-Aug-2026,Maa Kathiawad Agri Residue Pvt Ltd,1145023.2,Dr,stalk purchase,07-Aug-2026
AV03367,Purchase,3367,08-Aug-2026,Shri Bhagwati Trading Co,1008463.4,Dr,stalk purchase,08-Aug-2026
AV03368,Purchase,3368,06-Aug-2026,Maa Kathiawad Agri Residue Pvt Ltd,1017350.1,Dr,stalk purchase,06-Aug-2026
AV03369,Purchase,3369,02-Aug-2026,Jai Rathore Krishi Bhandar,1051196.4,Dr,stalk purchase,02-Aug-2026
AV03370,Purchase,3370,19-Aug-2026,Sanwariya Ganesh Agri Residue Pvt Ltd,1424084.2,Dr,stalk purchase,19-Aug-2026
AV03371,Purchase,3371,24-Aug-2026,Shri Bhagwati Trading Co,1071120.4,Dr,stalk purchase,24-Aug-2026
AV03372,Purchase,3372,10-Aug-2026,Salasar Banas Biomass Co,1355555.5,Dr,stalk purchase,10-Aug-2026
AV03373,Purchase,3373,18-Aug-2026,Shree Sardar Agro Company,13915678.8,Dr,pellets purchase,18-Aug-2026
AV03374,Sales,3374,20-Apr-2023,NTPC Sipat,8497176.57,Cr,supply against T-23-01,20-Apr-2023
AV03375,Sales,3375,16-Apr-2023,NTPC Sipat,8919591.17,Cr,supply against T-23-01,16-Apr-2023
AV03376,Sales,3376,14-Apr-2023,Kota Textile,4479119.72,Cr,supply against C-23-42,14-Apr-2023
AV03377,Sales,3377,23-Apr-2023,NTPC Korba,8625826.7,Cr,supply against T-23-05,23-Apr-2023
AV03378,Sales,3378,28-Apr-2023,NTPC Korba,7476495.33,Cr,supply against T-23-05,28-Apr-2023
AV03379,Sales,3379,24-Apr-2023,NTPC Mouda,16023639.43,Cr,supply against T-23-09,24-Apr-2023
AV03380,Sales,3380,23-Apr-2023,NTPC North Karanpura,9372408.72,Cr,supply against T-23-13,23-Apr-2023
AV03381,Sales,3381,23-Apr-2023,NTPC North Karanpura,7252930.09,Cr,supply against T-23-13,23-Apr-2023
AV03382,Sales,3382,12-Apr-2023,NTPC Darlipali,6931076.4,Cr,supply against T-23-17,12-Apr-2023
AV03383,Sales,3383,21-Apr-2023,NTPC Darlipali,8295410.32,Cr,supply against T-23-17,21-Apr-2023
AV03384,Sales,3384,21-Apr-2023,NTPC Lara,7800371.82,Cr,supply against T-23-21,21-Apr-2023
AV03385,Credit Note,3385,11-May-2023,NTPC Lara,243840.18,Dr,GCV shortfall 3103 vs 3200,11-May-2023
AV03386,Sales,3386,27-Apr-2023,NTPC Lara,6621162.96,Cr,supply against T-23-21,27-Apr-2023
AV03387,Credit Note,3387,15-May-2023,NTPC Lara,126519.04,Dr,GCV shortfall 3140 vs 3200,15-May-2023
AV03388,Sales,3388,18-Apr-2023,NTPC Gadarwara,8218590.37,Cr,supply against T-23-24,18-Apr-2023
AV03389,Sales,3389,24-Apr-2023,NTPC Gadarwara,8191103.47,Cr,supply against T-23-24,24-Apr-2023
AV03390,Credit Note,3390,16-May-2023,NTPC Gadarwara,212721.83,Dr,GCV shortfall 3119 vs 3200,16-May-2023
AV03391,Sales,3391,28-Apr-2023,Suratgarh STPS,13703596.85,Cr,supply against T-23-27,28-Apr-2023
AV03392,Sales,3392,22-May-2023,NTPC Sipat,8236043.76,Cr,supply against T-23-01,22-May-2023
AV03393,Sales,3393,16-May-2023,NTPC Sipat,8493795.03,Cr,supply against T-23-01,16-May-2023
AV03394,Sales,3394,07-May-2023,Kota Textile,4223987.14,Cr,supply against C-23-42,07-May-2023
AV03395,Sales,3395,10-May-2023,NTPC Korba,8428306.06,Cr,supply against T-23-05,10-May-2023
AV03396,Sales,3396,01-Jun-2023,NTPC Korba,7868608.27,Cr,supply against T-23-05,01-Jun-2023
AV03397,Credit Note,3397,11-Jun-2023,NTPC Korba,343898.73,Dr,GCV shortfall 3066 vs 3200,11-Jun-2023
AV03398,Sales,3398,08-May-2023,NTPC Mouda,7663919.94,Cr,supply against T-23-09,08-May-2023
AV03399,Credit Note,3399,29-May-2023,NTPC Mouda,106848.06,Dr,GCV shortfall 3156 vs 3200,29-May-2023
AV03400,Sales,3400,06-May-2023,NTPC Mouda,7624948.29,Cr,supply against T-23-09,06-May-2023
AV03401,Sales,3401,18-May-2023,NTPC North Karanpura,8071262.32,Cr,supply against T-23-13,18-May-2023
AV03402,Sales,3402,01-Jun-2023,NTPC North Karanpura,6957662.43,Cr,supply against T-23-13,01-Jun-2023
AV03403,Sales,3403,21-May-2023,NTPC Darlipali,7521129.0,Cr,supply against T-23-17,21-May-2023
AV03404,Sales,3404,24-May-2023,NTPC Darlipali,6787952.97,Cr,supply against T-23-17,24-May-2023
AV03405,Credit Note,3405,02-Jun-2023,NTPC Darlipali,243918.03,Dr,GCV shortfall 3089 vs 3200,02-Jun-2023
AV03406,Sales,3406,15-May-2023,NTPC Lara,15217160.95,Cr,supply against T-23-21,15-May-2023
AV03407,Sales,3407,25-May-2023,NTPC Gadarwara,7158583.36,Cr,supply against T-23-24,25-May-2023
AV03408,Credit Note,3408,13-Jun-2023,NTPC Gadarwara,132144.44,Dr,GCV shortfall 3142 vs 3200,13-Jun-2023
AV03409,Sales,3409,30-May-2023,NTPC Gadarwara,7726900.23,Cr,supply against T-23-24,30-May-2023
AV03410,Credit Note,3410,10-Jun-2023,NTPC Gadarwara,717799.47,Dr,GCV shortfall 2928 vs 3200,10-Jun-2023
AV03411,Sales,3411,19-May-2023,Suratgarh STPS,6935530.55,Cr,supply against T-23-27,19-May-2023
AV03412,Sales,3412,21-May-2023,Suratgarh STPS,6048976.93,Cr,supply against T-23-27,21-May-2023
AV03413,Sales,3413,21-Jun-2023,NTPC Sipat,15422972.03,Cr,supply against T-23-01,21-Jun-2023
AV03414,Credit Note,3414,10-Jul-2023,NTPC Sipat,349961.97,Dr,GCV shortfall 3129 vs 3200,10-Jul-2023
AV03415,Sales,3415,21-Jun-2023,Kota Textile,4318698.85,Cr,supply against C-23-42,21-Jun-2023
AV03416,Sales,3416,05-Jun-2023,NTPC Korba,7184563.08,Cr,supply against T-23-05,05-Jun-2023
AV03417,Credit Note,3417,19-Jun-2023,NTPC Korba,461130.92,Dr,GCV shortfall 3007 vs 3200,19-Jun-2023
AV03418,Sales,3418,26-Jun-2023,NTPC Korba,7127667.4,Cr,supply against T-23-05,26-Jun-2023
AV03419,Credit Note,3419,04-Jul-2023,NTPC Korba,767291.3,Dr,GCV shortfall 2889 vs 3200,04-Jul-2023
AV03420,Sales,3420,13-Jun-2023,NTPC Mouda,7552195.39,Cr,supply against T-23-09,13-Jun-2023
AV03421,Credit Note,3421,04-Jul-2023,NTPC Mouda,18927.81,Dr,GCV shortfall 3192 vs 3200,04-Jul-2023
AV03422,Sales,3422,06-Jun-2023,NTPC Mouda,6922406.21,Cr,supply against T-23-09,06-Jun-2023
AV03423,Sales,3423,05-Jun-2023,NTPC North Karanpura,8425776.9,Cr,supply against T-23-13,05-Jun-2023
AV03424,Sales,3424,11-Jun-2023,NTPC North Karanpura,6715985.62,Cr,supply against T-23-13,11-Jun-2023
AV03425,Credit Note,3425,03-Jul-2023,NTPC North Karanpura,330294.38,Dr,GCV shortfall 3050 vs 3200,03-Jul-2023
AV03426,Sales,3426,18-Jun-2023,NTPC Darlipali,4937695.0,Cr,supply against T-23-17,18-Jun-2023
AV03427,Credit Note,3427,30-Jun-2023,NTPC Darlipali,2748368.0,Dr,GCV shortfall 2741 vs 3200,30-Jun-2023
AV03428,Sales,3428,12-Jun-2023,NTPC Darlipali,7851913.28,Cr,supply against T-23-17,12-Jun-2023
AV03429,Sales,3429,15-Jun-2023,NTPC Lara,14030782.12,Cr,supply against T-23-21,15-Jun-2023
AV03430,Credit Note,3430,06-Jul-2023,NTPC Lara,613217.48,Dr,GCV shortfall 3066 vs 3200,06-Jul-2023
AV03431,Sales,3431,28-Jun-2023,NTPC Gadarwara,6602544.63,Cr,supply against T-23-24,28-Jun-2023
AV03432,Credit Note,3432,10-Jul-2023,NTPC Gadarwara,932456.37,Dr,GCV shortfall 2804 vs 3200,10-Jul-2023
AV03433,Sales,3433,26-Jun-2023,NTPC Gadarwara,8796967.69,Cr,supply against T-23-24,26-Jun-2023
AV03434,Sales,3434,18-Jun-2023,Suratgarh STPS,13108309.41,Cr,supply against T-23-27,18-Jun-2023
AV03435,Sales,3435,08-Jun-2023,Jaipur Bottling,4452597.63,Cr,supply against C-23-35,08-Jun-2023
AV03436,Sales,3436,12-Jun-2023,Nagaur Cement,5278182.12,Cr,supply against C-23-31,12-Jun-2023
AV03437,Sales,3437,30-Jul-2023,NTPC Sipat,9251733.4,Cr,supply against T-23-01,30-Jul-2023
AV03438,Sales,3438,25-Jul-2023,NTPC Sipat,7826771.53,Cr,supply against T-23-01,25-Jul-2023
AV03439,Sales,3439,06-Jul-2023,Kota Textile,2874910.96,Cr,supply against C-23-42,06-Jul-2023
AV03440,Credit Note,3440,20-Jul-2023,Kota Textile,1346691.04,Dr,GCV shortfall 2724 vs 3000,20-Jul-2023
AV03441,Sales,3441,12-Jul-2023,NTPC Korba,8389583.87,Cr,supply against T-23-05,12-Jul-2023
AV03442,Sales,3442,12-Jul-2023,NTPC Korba,7711106.59,Cr,supply against T-23-05,12-Jul-2023
AV03443,Sales,3443,20-Jul-2023,NTPC Mouda,7192228.39,Cr,supply against T-23-09,20-Jul-2023
AV03444,Credit Note,3444,31-Jul-2023,NTPC Mouda,644043.61,Dr,GCV shortfall 2937 vs 3200,31-Jul-2023
AV03445,Sales,3445,30-Jul-2023,NTPC Mouda,7521410.03,Cr,supply against T-23-09,30-Jul-2023
AV03446,Sales,3446,01-Aug-2023,NTPC North Karanpura,14583135.83,Cr,supply against T-23-13,01-Aug-2023
AV03447,Credit Note,3447,13-Aug-2023,NTPC North Karanpura,340444.17,Dr,GCV shortfall 3127 vs 3200,13-Aug-2023
AV03448,Sales,3448,23-Jul-2023,NTPC Darlipali,5972123.71,Cr,supply against T-23-17,23-Jul-2023
AV03449,Credit Note,3449,07-Aug-2023,NTPC Darlipali,615534.29,Dr,GCV shortfall 2901 vs 3200,07-Aug-2023
AV03450,Sales,3450,07-Jul-2023,NTPC Darlipali,7754601.02,Cr,supply against T-23-17,07-Jul-2023
AV03451,Credit Note,3451,17-Jul-2023,NTPC Darlipali,170893.48,Dr,GCV shortfall 3131 vs 3200,17-Jul-2023
AV03452,Sales,3452,30-Jul-2023,NTPC Lara,6897581.11,Cr,supply against T-23-21,30-Jul-2023
AV03453,Sales,3453,11-Jul-2023,NTPC Lara,8911517.72,Cr,supply against T-23-21,11-Jul-2023
AV03454,Sales,3454,06-Jul-2023,NTPC Gadarwara,8020860.91,Cr,supply against T-23-24,06-Jul-2023
AV03455,Sales,3455,16-Jul-2023,NTPC Gadarwara,8442077.51,Cr,supply against T-23-24,16-Jul-2023
AV03456,Sales,3456,31-Jul-2023,Suratgarh STPS,13248142.03,Cr,supply against T-23-27,31-Jul-2023
AV03457,Sales,3457,01-Aug-2023,Jaipur Bottling,4097052.03,Cr,supply against C-23-35,01-Aug-2023
AV03458,Sales,3458,16-Jul-2023,Nagaur Cement,5780790.63,Cr,supply against C-23-31,16-Jul-2023
AV03459,Sales,3459,12-Jul-2023,Bhilwara Paper,3821119.5,Cr,supply against C-23-39,12-Jul-2023
AV03460,Credit Note,3460,25-Jul-2023,Bhilwara Paper,208180.5,Dr,GCV shortfall 2845 vs 3000,25-Jul-2023
AV03461,Sales,3461,15-Aug-2023,NTPC Sipat,8755510.19,Cr,supply against T-23-01,15-Aug-2023
AV03462,Sales,3462,31-Aug-2023,NTPC Sipat,7465793.24,Cr,supply against T-23-01,31-Aug-2023
AV03463,Sales,3463,28-Aug-2023,Kota Textile,4137496.83,Cr,supply against C-23-42,28-Aug-2023
AV03464,Credit Note,3464,17-Sep-2023,Kota Textile,63007.57,Dr,GCV shortfall 2955 vs 3000,17-Sep-2023
AV03465,Sales,3465,29-Aug-2023,NTPC Korba,8879319.68,Cr,supply against T-23-05,29-Aug-2023
AV03466,Sales,3466,08-Aug-2023,NTPC Korba,8234098.34,Cr,supply against T-23-05,08-Aug-2023
AV03467,Sales,3467,18-Aug-2023,NTPC Mouda,8242403.7,Cr,supply against T-23-09,18-Aug-2023
AV03468,Sales,3468,07-Aug-2023,NTPC Mouda,6999755.44,Cr,supply against T-23-09,07-Aug-2023
AV03469,Sales,3469,30-Aug-2023,NTPC North Karanpura,7245495.86,Cr,supply against T-23-13,30-Aug-2023
AV03470,Sales,3470,07-Aug-2023,NTPC North Karanpura,8446355.19,Cr,supply against T-23-13,07-Aug-2023
AV03471,Sales,3471,08-Aug-2023,NTPC Darlipali,6979712.36,Cr,supply against T-23-17,08-Aug-2023
AV03472,Credit Note,3472,14-Aug-2023,NTPC Darlipali,348069.64,Dr,GCV shortfall 3048 vs 3200,14-Aug-2023
AV03473,Sales,3473,14-Aug-2023,NTPC Darlipali,6814283.73,Cr,supply against T-23-17,14-Aug-2023
AV03474,Credit Note,3474,23-Aug-2023,NTPC Darlipali,410934.27,Dr,GCV shortfall 3018 vs 3200,23-Aug-2023
AV03475,Sales,3475,12-Aug-2023,NTPC Lara,7904138.19,Cr,supply against T-23-21,12-Aug-2023
AV03476,Credit Note,3476,19-Aug-2023,NTPC Lara,143345.81,Dr,GCV shortfall 3143 vs 3200,19-Aug-2023
AV03477,Sales,3477,19-Aug-2023,NTPC Lara,7291604.1,Cr,supply against T-23-21,19-Aug-2023
AV03478,Sales,3478,01-Sep-2023,NTPC Gadarwara,7871478.56,Cr,supply against T-23-24,01-Sep-2023
AV03479,Sales,3479,11-Aug-2023,NTPC Gadarwara,8321037.66,Cr,supply against T-23-24,11-Aug-2023
AV03480,Sales,3480,18-Aug-2023,Suratgarh STPS,12880582.0,Cr,supply against T-23-27,18-Aug-2023
AV03481,Sales,3481,26-Aug-2023,Jaipur Bottling,4276467.25,Cr,supply against C-23-35,26-Aug-2023
AV03482,Sales,3482,12-Aug-2023,Nagaur Cement,5603625.35,Cr,supply against C-23-31,12-Aug-2023
AV03483,Sales,3483,26-Aug-2023,Bhilwara Paper,4436259.3,Cr,supply against C-23-39,26-Aug-2023
AV03484,Sales,3484,06-Sep-2023,NTPC Sipat,17005907.62,Cr,supply against T-23-01,06-Sep-2023
AV03485,Sales,3485,22-Sep-2023,Kota Textile,4877367.74,Cr,supply against C-23-42,22-Sep-2023
AV03486,Sales,3486,29-Sep-2023,NTPC Korba,7962724.54,Cr,supply against T-23-05,29-Sep-2023
AV03487,Sales,3487,12-Sep-2023,NTPC Korba,7549213.81,Cr,supply against T-23-05,12-Sep-2023
AV03488,Credit Note,3488,18-Sep-2023,NTPC Korba,198536.09,Dr,GCV shortfall 3118 vs 3200,18-Sep-2023
AV03489,Sales,3489,29-Sep-2023,NTPC Mouda,8190464.19,Cr,supply against T-23-09,29-Sep-2023
AV03490,Sales,3490,13-Sep-2023,NTPC Mouda,6585640.44,Cr,supply against T-23-09,13-Sep-2023
AV03491,Sales,3491,10-Sep-2023,NTPC North Karanpura,7557763.84,Cr,supply against T-23-13,10-Sep-2023
AV03492,Sales,3492,29-Sep-2023,NTPC North Karanpura,9061193.99,Cr,supply against T-23-13,29-Sep-2023
AV03493,Sales,3493,24-Sep-2023,NTPC Darlipali,8207949.61,Cr,supply against T-23-17,24-Sep-2023
AV03494,Sales,3494,04-Sep-2023,NTPC Darlipali,7733637.45,Cr,supply against T-23-17,04-Sep-2023
AV03495,Sales,3495,13-Sep-2023,NTPC Lara,7148324.08,Cr,supply against T-23-21,13-Sep-2023
AV03496,Sales,3496,19-Sep-2023,NTPC Lara,7796599.57,Cr,supply against T-23-21,19-Sep-2023
AV03497,Credit Note,3497,09-Oct-2023,NTPC Lara,101190.43,Dr,GCV shortfall 3159 vs 3200,09-Oct-2023
AV03498,Sales,3498,17-Sep-2023,NTPC Gadarwara,8153733.17,Cr,supply against T-23-24,17-Sep-2023
AV03499,Credit Note,3499,07-Oct-2023,NTPC Gadarwara,134686.83,Dr,GCV shortfall 3148 vs 3200,07-Oct-2023
AV03500,Sales,3500,20-Sep-2023,NTPC Gadarwara,7048644.3,Cr,supply against T-23-24,20-Sep-2023
AV03501,Credit Note,3501,02-Oct-2023,NTPC Gadarwara,477435.7,Dr,GCV shortfall 2997 vs 3200,02-Oct-2023
AV03502,Sales,3502,27-Sep-2023,Suratgarh STPS,8282340.78,Cr,supply against T-23-27,27-Sep-2023
AV03503,Credit Note,3503,09-Oct-2023,Suratgarh STPS,3979004.22,Dr,GCV shortfall 2792 vs 3100,09-Oct-2023
AV03504,Sales,3504,25-Sep-2023,Jaipur Bottling,3991873.98,Cr,supply against C-23-35,25-Sep-2023
AV03505,Credit Note,3505,09-Oct-2023,Jaipur Bottling,44028.02,Dr,GCV shortfall 3264 vs 3300,09-Oct-2023
AV03506,Sales,3506,13-Sep-2023,Nagaur Cement,5190842.26,Cr,supply against C-23-31,13-Sep-2023
AV03507,Sales,3507,17-Sep-2023,Bhilwara Paper,3828513.33,Cr,supply against C-23-39,17-Sep-2023
AV03508,Credit Note,3508,24-Sep-2023,Bhilwara Paper,241486.67,Dr,GCV shortfall 2822 vs 3000,24-Sep-2023
AV03509,Sales,3509,21-Oct-2023,NTPC Sipat,7171789.91,Cr,supply against T-23-01,21-Oct-2023
AV03510,Sales,3510,19-Oct-2023,NTPC Sipat,8154633.14,Cr,supply against T-23-01,19-Oct-2023
AV03511,Credit Note,3511,10-Nov-2023,NTPC Sipat,353624.46,Dr,GCV shortfall 3067 vs 3200,10-Nov-2023
AV03512,Sales,3512,21-Oct-2023,Kota Textile,4613554.0,Cr,supply against C-23-42,21-Oct-2023
AV03513,Sales,3513,19-Oct-2023,NTPC Korba,7824856.47,Cr,supply against T-23-05,19-Oct-2023
AV03514,Credit Note,3514,28-Oct-2023,NTPC Korba,371392.53,Dr,GCV shortfall 3055 vs 3200,28-Oct-2023
AV03515,Sales,3515,25-Oct-2023,NTPC Korba,7298709.48,Cr,supply against T-23-05,25-Oct-2023
AV03516,Credit Note,3516,06-Nov-2023,NTPC Korba,85378.52,Dr,GCV shortfall 3163 vs 3200,06-Nov-2023
AV03517,Sales,3517,17-Oct-2023,NTPC Mouda,14001391.71,Cr,supply against T-23-09,17-Oct-2023
AV03518,Credit Note,3518,06-Nov-2023,NTPC Mouda,285742.69,Dr,GCV shortfall 3136 vs 3200,06-Nov-2023
AV03519,Sales,3519,27-Oct-2023,NTPC North Karanpura,13531140.31,Cr,supply against T-23-13,27-Oct-2023
AV03520,Credit Note,3520,14-Nov-2023,NTPC North Karanpura,1317847.69,Dr,GCV shortfall 2916 vs 3200,14-Nov-2023
AV03521,Sales,3521,26-Oct-2023,NTPC Darlipali,5840871.56,Cr,supply against T-23-17,26-Oct-2023
AV03522,Credit Note,3522,16-Nov-2023,NTPC Darlipali,710403.94,Dr,GCV shortfall 2853 vs 3200,16-Nov-2023
AV03523,Sales,3523,09-Oct-2023,NTPC Darlipali,8282578.78,Cr,supply against T-23-17,09-Oct-2023
AV03524,Sales,3524,21-Oct-2023,NTPC Lara,7499930.9,Cr,supply against T-23-21,21-Oct-2023
AV03525,Sales,3525,16-Oct-2023,NTPC Lara,6995668.41,Cr,supply against T-23-21,16-Oct-2023
AV03526,Credit Note,3526,24-Oct-2023,NTPC Lara,982285.59,Dr,GCV shortfall 2806 vs 3200,24-Oct-2023
AV03527,Sales,3527,20-Oct-2023,NTPC Gadarwara,8163426.65,Cr,supply against T-23-24,20-Oct-2023
AV03528,Sales,3528,07-Oct-2023,NTPC Gadarwara,7890575.71,Cr,supply against T-23-24,07-Oct-2023
AV03529,Credit Note,3529,15-Oct-2023,NTPC Gadarwara,456479.59,Dr,GCV shortfall 3025 vs 3200,15-Oct-2023
AV03530,Sales,3530,18-Oct-2023,Suratgarh STPS,13068357.23,Cr,supply against T-23-27,18-Oct-2023
AV03531,Sales,3531,05-Oct-2023,Jaipur Bottling,3717921.84,Cr,supply against C-23-35,05-Oct-2023
AV03532,Credit Note,3532,27-Oct-2023,Jaipur Bottling,317980.16,Dr,GCV shortfall 3040 vs 3300,27-Oct-2023
AV03533,Sales,3533,13-Oct-2023,Nagaur Cement,4685199.21,Cr,supply against C-23-31,13-Oct-2023
AV03534,Credit Note,3534,29-Oct-2023,Nagaur Cement,229899.79,Dr,GCV shortfall 2955 vs 3100,29-Oct-2023
AV03535,Sales,3535,21-Oct-2023,Bhilwara Paper,4251793.33,Cr,supply against C-23-39,21-Oct-2023
AV03536,Sales,3536,16-Nov-2023,NTPC Sipat,9181314.04,Cr,supply against T-23-01,16-Nov-2023
AV03537,Sales,3537,28-Nov-2023,NTPC Sipat,7400869.53,Cr,supply against T-23-01,28-Nov-2023
AV03538,Sales,3538,08-Nov-2023,Kota Textile,4446754.11,Cr,supply against C-23-42,08-Nov-2023
AV03539,Sales,3539,21-Nov-2023,NTPC Korba,8145078.79,Cr,supply against T-23-05,21-Nov-2023
AV03540,Sales,3540,05-Nov-2023,NTPC Korba,8228135.0,Cr,supply against T-23-05,05-Nov-2023
AV03541,Sales,3541,10-Nov-2023,NTPC Mouda,6996495.17,Cr,supply against T-23-09,10-Nov-2023
AV03542,Sales,3542,19-Nov-2023,NTPC Mouda,8197446.02,Cr,supply against T-23-09,19-Nov-2023
AV03543,Sales,3543,22-Nov-2023,NTPC North Karanpura,14541163.26,Cr,supply against T-23-13,22-Nov-2023
AV03544,Credit Note,3544,03-Dec-2023,NTPC North Karanpura,382416.74,Dr,GCV shortfall 3118 vs 3200,03-Dec-2023
AV03545,Sales,3545,15-Nov-2023,NTPC Darlipali,4381463.39,Cr,supply against T-23-17,15-Nov-2023
AV03546,Credit Note,3546,06-Dec-2023,NTPC Darlipali,2372237.41,Dr,GCV shortfall 2768 vs 3200,06-Dec-2023
AV03547,Sales,3547,08-Nov-2023,NTPC Darlipali,8134575.2,Cr,supply against T-23-17,08-Nov-2023
AV03548,Sales,3548,30-Nov-2023,NTPC Lara,15481440.29,Cr,supply against T-23-21,30-Nov-2023
AV03549,Sales,3549,13-Nov-2023,NTPC Gadarwara,8644895.3,Cr,supply against T-23-24,13-Nov-2023
AV03550,Sales,3550,16-Nov-2023,NTPC Gadarwara,7569646.34,Cr,supply against T-23-24,16-Nov-2023
AV03551,Credit Note,3551,24-Nov-2023,NTPC Gadarwara,241662.36,Dr,GCV shortfall 3101 vs 3200,24-Nov-2023
AV03552,Sales,3552,23-Nov-2023,Suratgarh STPS,7073295.52,Cr,supply against T-23-27,23-Nov-2023
AV03553,Sales,3553,06-Nov-2023,Suratgarh STPS,5955526.06,Cr,supply against T-23-27,06-Nov-2023
AV03554,Sales,3554,26-Nov-2023,Jaipur Bottling,3848782.91,Cr,supply against C-23-35,26-Nov-2023
AV03555,Credit Note,3555,07-Dec-2023,Jaipur Bottling,187119.09,Dr,GCV shortfall 3147 vs 3300,07-Dec-2023
AV03556,Sales,3556,11-Nov-2023,Nagaur Cement,5130346.18,Cr,supply against C-23-31,11-Nov-2023
AV03557,Sales,3557,09-Nov-2023,Bhilwara Paper,2793037.5,Cr,supply against C-23-39,09-Nov-2023
AV03558,Credit Note,3558,28-Nov-2023,Bhilwara Paper,1276962.5,Dr,GCV shortfall 2745 vs 3000,28-Nov-2023
AV03559,Sales,3559,05-Dec-2023,NTPC Sipat,7888308.59,Cr,supply against T-23-01,05-Dec-2023
AV03560,Sales,3560,06-Dec-2023,NTPC Sipat,7889587.78,Cr,supply against T-23-01,06-Dec-2023
AV03561,Credit Note,3561,20-Dec-2023,NTPC Sipat,275574.22,Dr,GCV shortfall 3092 vs 3200,20-Dec-2023
AV03562,Sales,3562,13-Dec-2023,Kota Textile,2916071.58,Cr,supply against C-23-42,13-Dec-2023
AV03563,Credit Note,3563,04-Jan-2024,Kota Textile,1305530.42,Dr,GCV shortfall 2763 vs 3000,04-Jan-2024
AV03564,Sales,3564,20-Dec-2023,NTPC Korba,7163053.15,Cr,supply against T-23-05,20-Dec-2023
AV03565,Credit Note,3565,10-Jan-2024,NTPC Korba,58676.55,Dr,GCV shortfall 3174 vs 3200,10-Jan-2024
AV03566,Sales,3566,23-Dec-2023,NTPC Korba,7283620.03,Cr,supply against T-23-05,23-Dec-2023
AV03567,Credit Note,3567,01-Jan-2024,NTPC Korba,1002047.97,Dr,GCV shortfall 2813 vs 3200,01-Jan-2024
AV03568,Sales,3568,14-Dec-2023,NTPC Mouda,6635017.42,Cr,supply against T-23-09,14-Dec-2023
AV03569,Sales,3569,09-Dec-2023,NTPC Mouda,8201693.18,Cr,supply against T-23-09,09-Dec-2023
AV03570,Sales,3570,10-Dec-2023,NTPC North Karanpura,8277155.67,Cr,supply against T-23-13,10-Dec-2023
AV03571,Sales,3571,24-Dec-2023,NTPC North Karanpura,6834224.91,Cr,supply against T-23-13,24-Dec-2023
AV03572,Credit Note,3572,03-Jan-2024,NTPC North Karanpura,155075.09,Dr,GCV shortfall 3129 vs 3200,03-Jan-2024
AV03573,Sales,3573,12-Dec-2023,NTPC Darlipali,6802727.67,Cr,supply against T-23-17,12-Dec-2023
AV03574,Sales,3574,29-Dec-2023,NTPC Darlipali,8249838.86,Cr,supply against T-23-17,29-Dec-2023
AV03575,Sales,3575,16-Dec-2023,NTPC Lara,9634376.58,Cr,supply against T-23-21,16-Dec-2023
AV03576,Credit Note,3576,28-Dec-2023,NTPC Lara,5157517.42,Dr,GCV shortfall 2779 vs 3200,28-Dec-2023
AV03577,Sales,3577,23-Dec-2023,NTPC Gadarwara,7664413.03,Cr,supply against T-23-24,23-Dec-2023
AV03578,Credit Note,3578,10-Jan-2024,NTPC Gadarwara,70093.97,Dr,GCV shortfall 3171 vs 3200,10-Jan-2024
AV03579,Sales,3579,17-Dec-2023,NTPC Gadarwara,7116803.73,Cr,supply against T-23-24,17-Dec-2023
AV03580,Credit Note,3580,08-Jan-2024,NTPC Gadarwara,882413.67,Dr,GCV shortfall 2847 vs 3200,08-Jan-2024
AV03581,Sales,3581,13-Dec-2023,Suratgarh STPS,12285294.56,Cr,supply against T-23-27,13-Dec-2023
AV03582,Credit Note,3582,30-Dec-2023,Suratgarh STPS,99880.44,Dr,GCV shortfall 3075 vs 3100,30-Dec-2023
AV03583,Sales,3583,12-Dec-2023,Jaipur Bottling,3980866.97,Cr,supply against C-23-35,12-Dec-2023
AV03584,Credit Note,3584,29-Dec-2023,Jaipur Bottling,55035.03,Dr,GCV shortfall 3255 vs 3300,29-Dec-2023
AV03585,Sales,3585,25-Dec-2023,Nagaur Cement,4655074.41,Cr,supply against C-23-31,25-Dec-2023
AV03586,Credit Note,3586,02-Jan-2024,Nagaur Cement,260024.59,Dr,GCV shortfall 2936 vs 3100,02-Jan-2024
AV03587,Sales,3587,29-Dec-2023,Bhilwara Paper,4154113.33,Cr,supply against C-23-39,29-Dec-2023
AV03588,Sales,3588,22-Jan-2024,NTPC Sipat,8214120.09,Cr,supply against T-23-01,22-Jan-2024
AV03589,Credit Note,3589,31-Jan-2024,NTPC Sipat,325575.91,Dr,GCV shortfall 3078 vs 3200,31-Jan-2024
AV03590,Sales,3590,12-Jan-2024,NTPC Sipat,7732349.72,Cr,supply against T-23-01,12-Jan-2024
AV03591,Sales,3591,11-Jan-2024,Kota Textile,2917225.95,Cr,supply against C-23-42,11-Jan-2024
AV03592,Credit Note,3592,25-Jan-2024,Kota Textile,1262180.85,Dr,GCV shortfall 2792 vs 3000,25-Jan-2024
AV03593,Sales,3593,28-Jan-2024,NTPC Korba,8794995.58,Cr,supply against T-23-05,28-Jan-2024
AV03594,Sales,3594,26-Jan-2024,NTPC Korba,8956180.34,Cr,supply against T-23-05,26-Jan-2024
AV03595,Sales,3595,15-Jan-2024,NTPC Mouda,6865138.0,Cr,supply against T-23-09,15-Jan-2024
AV03596,Sales,3596,10-Jan-2024,NTPC Mouda,8079107.17,Cr,supply against T-23-09,10-Jan-2024
AV03597,Sales,3597,08-Jan-2024,NTPC North Karanpura,8190663.41,Cr,supply against T-23-13,08-Jan-2024
AV03598,Sales,3598,26-Jan-2024,NTPC North Karanpura,7400225.7,Cr,supply against T-23-13,26-Jan-2024
AV03599,Sales,3599,27-Jan-2024,NTPC Darlipali,16870246.9,Cr,supply against T-23-17,27-Jan-2024
AV03600,Sales,3600,19-Jan-2024,NTPC Lara,14299405.19,Cr,supply against T-23-21,19-Jan-2024
AV03601,Credit Note,3601,29-Jan-2024,NTPC Lara,418541.61,Dr,GCV shortfall 3109 vs 3200,29-Jan-2024
AV03602,Sales,3602,04-Jan-2024,NTPC Gadarwara,6645074.38,Cr,supply against T-23-24,04-Jan-2024
AV03603,Credit Note,3603,14-Jan-2024,NTPC Gadarwara,580286.82,Dr,GCV shortfall 2943 vs 3200,14-Jan-2024
AV03604,Sales,3604,18-Jan-2024,NTPC Gadarwara,9905218.45,Cr,supply against T-23-24,18-Jan-2024
AV03605,Sales,3605,13-Jan-2024,Suratgarh STPS,13076131.15,Cr,supply against T-23-27,13-Jan-2024
AV03606,Sales,3606,15-Jan-2024,Jaipur Bottling,3661663.81,Cr,supply against C-23-35,15-Jan-2024
AV03607,Credit Note,3607,06-Feb-2024,Jaipur Bottling,374238.19,Dr,GCV shortfall 2994 vs 3300,06-Feb-2024
AV03608,Sales,3608,12-Jan-2024,Nagaur Cement,5179880.14,Cr,supply against C-23-31,12-Jan-2024
AV03609,Sales,3609,30-Jan-2024,Bhilwara Paper,4708393.07,Cr,supply against C-23-39,30-Jan-2024
AV03610,Sales,3610,17-Feb-2024,NTPC Sipat,8212746.41,Cr,supply against T-23-01,17-Feb-2024
AV03611,Sales,3611,26-Feb-2024,NTPC Sipat,8841995.06,Cr,supply against T-23-01,26-Feb-2024
AV03612,Sales,3612,09-Feb-2024,Kota Textile,4287314.82,Cr,supply against C-23-42,09-Feb-2024
AV03613,Sales,3613,18-Feb-2024,NTPC Korba,6658440.81,Cr,supply against T-23-05,18-Feb-2024
AV03614,Credit Note,3614,25-Feb-2024,NTPC Korba,458129.19,Dr,GCV shortfall 2994 vs 3200,25-Feb-2024
AV03615,Sales,3615,02-Mar-2024,NTPC Korba,8207209.06,Cr,supply against T-23-05,02-Mar-2024
AV03616,Credit Note,3616,21-Mar-2024,NTPC Korba,256557.94,Dr,GCV shortfall 3103 vs 3200,21-Mar-2024
AV03617,Sales,3617,16-Feb-2024,NTPC Mouda,7143393.43,Cr,supply against T-23-09,16-Feb-2024
AV03618,Sales,3618,18-Feb-2024,NTPC Mouda,8277163.54,Cr,supply against T-23-09,18-Feb-2024
AV03619,Sales,3619,13-Feb-2024,NTPC North Karanpura,6869364.04,Cr,supply against T-23-13,13-Feb-2024
AV03620,Sales,3620,27-Feb-2024,NTPC North Karanpura,7622255.3,Cr,supply against T-23-13,27-Feb-2024
AV03621,Credit Note,3621,13-Mar-2024,NTPC North Karanpura,470384.7,Dr,GCV shortfall 3014 vs 3200,13-Mar-2024
AV03622,Sales,3622,28-Feb-2024,NTPC Darlipali,7655775.8,Cr,supply against T-23-17,28-Feb-2024
AV03623,Sales,3623,17-Feb-2024,NTPC Darlipali,6658047.31,Cr,supply against T-23-17,17-Feb-2024
AV03624,Credit Note,3624,05-Mar-2024,NTPC Darlipali,334322.69,Dr,GCV shortfall 3047 vs 3200,05-Mar-2024
AV03625,Sales,3625,05-Feb-2024,NTPC Lara,12933395.75,Cr,supply against T-23-21,05-Feb-2024
AV03626,Credit Note,3626,22-Feb-2024,NTPC Lara,1784551.05,Dr,GCV shortfall 2812 vs 3200,22-Feb-2024
AV03627,Sales,3627,07-Feb-2024,NTPC Gadarwara,16407543.75,Cr,supply against T-23-24,07-Feb-2024
AV03628,Sales,3628,18-Feb-2024,Suratgarh STPS,12442517.35,Cr,supply against T-23-27,18-Feb-2024
AV03629,Sales,3629,29-Feb-2024,Jaipur Bottling,3856321.91,Cr,supply against C-23-35,29-Feb-2024
AV03630,Credit Note,3630,07-Mar-2024,Jaipur Bottling,159412.49,Dr,GCV shortfall 3169 vs 3300,07-Mar-2024
AV03631,Sales,3631,22-Feb-2024,Nagaur Cement,5224274.58,Cr,supply against C-23-31,22-Feb-2024
AV03632,Sales,3632,24-Feb-2024,Bhilwara Paper,4205246.1,Cr,supply against C-23-39,24-Feb-2024
AV03633,Sales,3633,08-Mar-2024,NTPC Sipat,9070314.74,Cr,supply against T-23-01,08-Mar-2024
AV03634,Sales,3634,18-Mar-2024,NTPC Sipat,6971967.5,Cr,supply against T-23-01,18-Mar-2024
AV03635,Credit Note,3635,05-Apr-2024,NTPC Sipat,146825.1,Dr,GCV shortfall 3134 vs 3200,05-Apr-2024
AV03636,Sales,3636,23-Mar-2024,Kota Textile,2806471.67,Cr,supply against C-23-42,23-Mar-2024
AV03637,Credit Note,3637,31-Mar-2024,Kota Textile,1372935.13,Dr,GCV shortfall 2686 vs 3000,31-Mar-2024
AV03638,Sales,3638,21-Mar-2024,NTPC Korba,7775617.29,Cr,supply against T-23-05,21-Mar-2024
AV03639,Sales,3639,21-Mar-2024,NTPC Korba,7649357.29,Cr,supply against T-23-05,21-Mar-2024
AV03640,Credit Note,3640,28-Mar-2024,NTPC Korba,99279.41,Dr,GCV shortfall 3159 vs 3200,28-Mar-2024
AV03641,Sales,3641,25-Mar-2024,NTPC Mouda,16885173.67,Cr,supply against T-23-09,25-Mar-2024
AV03642,Sales,3642,22-Mar-2024,NTPC North Karanpura,15786349.47,Cr,supply against T-23-13,22-Mar-2024
AV03643,Sales,3643,30-Mar-2024,NTPC Darlipali,8677237.73,Cr,supply against T-23-17,30-Mar-2024
AV03644,Sales,3644,29-Mar-2024,NTPC Darlipali,6768546.16,Cr,supply against T-23-17,29-Mar-2024
AV03645,Credit Note,3645,19-Apr-2024,NTPC Darlipali,475382.84,Dr,GCV shortfall 2990 vs 3200,19-Apr-2024
AV03646,Sales,3646,29-Mar-2024,NTPC Lara,16143747.9,Cr,supply against T-23-21,29-Mar-2024
AV03647,Sales,3647,06-Mar-2024,NTPC Gadarwara,16867152.66,Cr,supply against T-23-24,06-Mar-2024
AV03648,Sales,3648,07-Mar-2024,Suratgarh STPS,6590919.48,Cr,supply against T-23-27,07-Mar-2024
AV03649,Credit Note,3649,24-Mar-2024,Suratgarh STPS,132295.52,Dr,GCV shortfall 3039 vs 3100,24-Mar-2024
AV03650,Sales,3650,01-Apr-2024,Suratgarh STPS,6085984.39,Cr,supply against T-23-27,01-Apr-2024
AV03651,Sales,3651,16-Mar-2024,Jaipur Bottling,4138634.05,Cr,supply against C-23-35,16-Mar-2024
AV03652,Sales,3652,16-Mar-2024,Nagaur Cement,4786672.22,Cr,supply against C-23-31,16-Mar-2024
AV03653,Credit Note,3653,01-Apr-2024,Nagaur Cement,128426.78,Dr,GCV shortfall 3019 vs 3100,01-Apr-2024
AV03654,Sales,3654,23-Mar-2024,Bhilwara Paper,4128336.67,Cr,supply against C-23-39,23-Mar-2024
AV03655,Sales,3655,27-Apr-2024,Jaipur Bottling,4177580.67,Cr,supply against C-23-35,27-Apr-2024
AV03656,Sales,3656,07-Apr-2024,Nagaur Cement,4567143.97,Cr,supply against C-23-31,07-Apr-2024
AV03657,Credit Note,3657,21-Apr-2024,Nagaur Cement,323407.43,Dr,GCV shortfall 2895 vs 3100,21-Apr-2024
AV03658,Sales,3658,24-Apr-2024,Bhilwara Paper,4249432.73,Cr,supply against C-23-39,24-Apr-2024
AV03659,Sales,3659,28-Apr-2024,NTPC Sipat,8768141.03,Cr,supply against T-24-02,28-Apr-2024
AV03660,Credit Note,3660,08-May-2024,NTPC Sipat,94161.97,Dr,GCV shortfall 3166 vs 3200,08-May-2024
AV03661,Sales,3661,28-Apr-2024,NTPC Sipat,9606197.0,Cr,supply against T-24-02,28-Apr-2024
AV03662,Sales,3662,12-Apr-2024,Kota Textile,3742504.18,Cr,supply against C-24-43,12-Apr-2024
AV03663,Sales,3663,13-Apr-2024,NTPC Korba,8971863.86,Cr,supply against T-24-06,13-Apr-2024
AV03664,Sales,3664,11-Apr-2024,NTPC Korba,7118395.66,Cr,supply against T-24-06,11-Apr-2024
AV03665,Sales,3665,14-Apr-2024,NTPC Mouda,7740228.68,Cr,supply against T-24-10,14-Apr-2024
AV03666,Sales,3666,20-Apr-2024,NTPC Mouda,8653397.29,Cr,supply against T-24-10,20-Apr-2024
AV03667,Sales,3667,16-Apr-2024,NTPC North Karanpura,7513590.17,Cr,supply against T-24-14,16-Apr-2024
AV03668,Sales,3668,12-Apr-2024,NTPC North Karanpura,6529206.54,Cr,supply against T-24-14,12-Apr-2024
AV03669,Credit Note,3669,24-Apr-2024,NTPC North Karanpura,204103.46,Dr,GCV shortfall 3103 vs 3200,24-Apr-2024
AV03670,Sales,3670,26-Apr-2024,NTPC Darlipali,7934666.44,Cr,supply against T-24-18,26-Apr-2024
AV03671,Credit Note,3671,09-May-2024,NTPC Darlipali,692901.56,Dr,GCV shortfall 2943 vs 3200,09-May-2024
AV03672,Sales,3672,22-Apr-2024,NTPC Darlipali,4719047.85,Cr,supply against T-24-18,22-Apr-2024
AV03673,Credit Note,3673,14-May-2024,NTPC Darlipali,2497656.15,Dr,GCV shortfall 2790 vs 3200,14-May-2024
AV03674,Sales,3674,14-Apr-2024,NTPC Gadarwara,13165165.24,Cr,supply against T-24-25,14-Apr-2024
AV03675,Credit Note,3675,30-Apr-2024,NTPC Gadarwara,415920.76,Dr,GCV shortfall 3102 vs 3200,30-Apr-2024
AV03676,Sales,3676,13-Apr-2024,Suratgarh STPS,15009136.59,Cr,supply against T-24-28,13-Apr-2024
AV03677,Sales,3677,26-May-2024,Jaipur Bottling,4753169.26,Cr,supply against C-23-35,26-May-2024
AV03678,Sales,3678,10-May-2024,Nagaur Cement,4957907.93,Cr,supply against C-23-31,10-May-2024
AV03679,Sales,3679,12-May-2024,Bhilwara Paper,3843436.67,Cr,supply against C-23-39,12-May-2024
AV03680,Credit Note,3680,22-May-2024,Bhilwara Paper,226563.33,Dr,GCV shortfall 2833 vs 3000,22-May-2024
AV03681,Sales,3681,17-May-2024,NTPC Sipat,9604173.87,Cr,supply against T-24-02,17-May-2024
AV03682,Sales,3682,29-May-2024,NTPC Sipat,10403856.35,Cr,supply against T-24-02,29-May-2024
AV03683,Sales,3683,11-May-2024,Kota Textile,3897732.12,Cr,supply against C-24-43,11-May-2024
AV03684,Sales,3684,24-May-2024,NTPC Korba,7513802.76,Cr,supply against T-24-06,24-May-2024
AV03685,Credit Note,3685,14-Jun-2024,NTPC Korba,728970.24,Dr,GCV shortfall 2917 vs 3200,14-Jun-2024
AV03686,Sales,3686,30-May-2024,NTPC Korba,6906756.78,Cr,supply against T-24-06,30-May-2024
AV03687,Credit Note,3687,12-Jun-2024,NTPC Korba,259787.22,Dr,GCV shortfall 3084 vs 3200,12-Jun-2024
AV03688,Sales,3688,17-May-2024,NTPC Mouda,7567835.39,Cr,supply against T-24-10,17-May-2024
AV03689,Credit Note,3689,05-Jun-2024,NTPC Mouda,28486.21,Dr,GCV shortfall 3188 vs 3200,05-Jun-2024
AV03690,Sales,3690,22-May-2024,NTPC Mouda,8264648.35,Cr,supply against T-24-10,22-May-2024
AV03691,Sales,3691,06-May-2024,NTPC North Karanpura,14278067.02,Cr,supply against T-24-14,06-May-2024
AV03692,Sales,3692,26-May-2024,NTPC Darlipali,15260014.47,Cr,supply against T-24-18,26-May-2024
AV03693,Credit Note,3693,05-Jun-2024,NTPC Darlipali,584257.53,Dr,GCV shortfall 3082 vs 3200,05-Jun-2024
AV03694,Sales,3694,13-May-2024,NTPC Gadarwara,6440691.65,Cr,supply against T-24-25,13-May-2024
AV03695,Sales,3695,29-May-2024,NTPC Gadarwara,8578351.38,Cr,supply against T-24-25,29-May-2024
AV03696,Sales,3696,24-May-2024,Suratgarh STPS,6970263.98,Cr,supply against T-24-28,24-May-2024
AV03697,Sales,3697,13-May-2024,Suratgarh STPS,7756129.08,Cr,supply against T-24-28,13-May-2024
AV03698,Sales,3698,28-Jun-2024,Bhilwara Paper,2669411.25,Cr,supply against C-23-39,28-Jun-2024
AV03699,Credit Note,3699,06-Jul-2024,Bhilwara Paper,1359888.75,Dr,GCV shortfall 2650 vs 3000,06-Jul-2024
AV03700,Sales,3700,18-Jun-2024,NTPC Sipat,9240693.9,Cr,supply against T-24-02,18-Jun-2024
AV03701,Credit Note,3701,08-Jul-2024,NTPC Sipat,779712.9,Dr,GCV shortfall 2951 vs 3200,08-Jul-2024
AV03702,Sales,3702,24-Jun-2024,NTPC Sipat,9546770.31,Cr,supply against T-24-02,24-Jun-2024
AV03703,Sales,3703,15-Jun-2024,Kota Textile,4007718.86,Cr,supply against C-24-43,15-Jun-2024
AV03704,Sales,3704,06-Jun-2024,NTPC Korba,7429785.78,Cr,supply against T-24-06,06-Jun-2024
AV03705,Sales,3705,26-Jun-2024,NTPC Korba,7460818.75,Cr,supply against T-24-06,26-Jun-2024
AV03706,Credit Note,3706,10-Jul-2024,NTPC Korba,604931.25,Dr,GCV shortfall 2960 vs 3200,10-Jul-2024
AV03707,Sales,3707,17-Jun-2024,NTPC Mouda,7784916.93,Cr,supply against T-24-10,17-Jun-2024
AV03708,Sales,3708,08-Jun-2024,NTPC Mouda,7367405.57,Cr,supply against T-24-10,08-Jun-2024
AV03709,Sales,3709,15-Jun-2024,NTPC North Karanpura,7046247.25,Cr,supply against T-24-14,15-Jun-2024
AV03710,Credit Note,3710,30-Jun-2024,NTPC North Karanpura,224952.75,Dr,GCV shortfall 3101 vs 3200,30-Jun-2024
AV03711,Sales,3711,04-Jun-2024,NTPC North Karanpura,7005731.36,Cr,supply against T-24-14,04-Jun-2024
AV03712,Sales,3712,23-Jun-2024,NTPC Darlipali,7897315.32,Cr,supply against T-24-18,23-Jun-2024
AV03713,Sales,3713,03-Jul-2024,NTPC Darlipali,8660952.6,Cr,supply against T-24-18,03-Jul-2024
AV03714,Sales,3714,28-Jun-2024,NTPC Gadarwara,15008262.99,Cr,supply against T-24-25,28-Jun-2024
AV03715,Sales,3715,20-Jun-2024,Suratgarh STPS,7427697.91,Cr,supply against T-24-28,20-Jun-2024
AV03716,Sales,3716,07-Jun-2024,Suratgarh STPS,5921778.28,Cr,supply against T-24-28,07-Jun-2024
AV03717,Credit Note,3717,13-Jun-2024,Suratgarh STPS,494688.92,Dr,GCV shortfall 2861 vs 3100,13-Jun-2024
AV03718,Sales,3718,21-Jun-2024,Jaipur Bottling,5700236.82,Cr,supply against C-24-36,21-Jun-2024
AV03719,Sales,3719,23-Jun-2024,Nagaur Cement,3381616.37,Cr,supply against C-24-32,23-Jun-2024
AV03720,Credit Note,3720,29-Jun-2024,Nagaur Cement,132634.63,Dr,GCV shortfall 2983 vs 3100,29-Jun-2024
AV03721,Sales,3721,29-Jul-2024,NTPC Sipat,9075490.43,Cr,supply against T-24-02,29-Jul-2024
AV03722,Credit Note,3722,16-Aug-2024,NTPC Sipat,640658.57,Dr,GCV shortfall 2989 vs 3200,16-Aug-2024
AV03723,Sales,3723,15-Jul-2024,NTPC Sipat,8656622.16,Cr,supply against T-24-02,15-Jul-2024
AV03724,Credit Note,3724,26-Jul-2024,NTPC Sipat,95728.84,Dr,GCV shortfall 3165 vs 3200,26-Jul-2024
AV03725,Sales,3725,30-Jul-2024,Kota Textile,3952935.93,Cr,supply against C-24-43,30-Jul-2024
AV03726,Sales,3726,25-Jul-2024,NTPC Korba,7397944.4,Cr,supply against T-24-06,25-Jul-2024
AV03727,Sales,3727,15-Jul-2024,NTPC Korba,9229363.27,Cr,supply against T-24-06,15-Jul-2024
AV03728,Sales,3728,22-Jul-2024,NTPC Mouda,14120859.38,Cr,supply against T-24-10,22-Jul-2024
AV03729,Credit Note,3729,04-Aug-2024,NTPC Mouda,841640.62,Dr,GCV shortfall 3020 vs 3200,04-Aug-2024
AV03730,Sales,3730,24-Jul-2024,NTPC North Karanpura,7405130.51,Cr,supply against T-24-14,24-Jul-2024
AV03731,Credit Note,3731,11-Aug-2024,NTPC North Karanpura,41889.49,Dr,GCV shortfall 3182 vs 3200,11-Aug-2024
AV03732,Sales,3732,20-Jul-2024,NTPC North Karanpura,6192589.0,Cr,supply against T-24-14,20-Jul-2024
AV03733,Credit Note,3733,01-Aug-2024,NTPC North Karanpura,5811.0,Dr,GCV shortfall 3197 vs 3200,01-Aug-2024
AV03734,Sales,3734,03-Jul-2024,NTPC Darlipali,6789026.16,Cr,supply against T-24-18,03-Jul-2024
AV03735,Credit Note,3735,12-Jul-2024,NTPC Darlipali,430941.84,Dr,GCV shortfall 3009 vs 3200,12-Jul-2024
AV03736,Sales,3736,15-Jul-2024,NTPC Darlipali,8886925.13,Cr,supply against T-24-18,15-Jul-2024
AV03737,Sales,3737,22-Jul-2024,NTPC Gadarwara,13895148.61,Cr,supply against T-24-25,22-Jul-2024
AV03738,Sales,3738,10-Jul-2024,Suratgarh STPS,6584276.84,Cr,supply against T-24-28,10-Jul-2024
AV03739,Credit Note,3739,27-Jul-2024,Suratgarh STPS,226286.46,Dr,GCV shortfall 2997 vs 3100,27-Jul-2024
AV03740,Sales,3740,25-Jul-2024,Suratgarh STPS,6912796.7,Cr,supply against T-24-28,25-Jul-2024
AV03741,Sales,3741,07-Jul-2024,Jaipur Bottling,4960327.13,Cr,supply against C-24-36,07-Jul-2024
AV03742,Credit Note,3742,18-Jul-2024,Jaipur Bottling,387297.67,Dr,GCV shortfall 3061 vs 3300,18-Jul-2024
AV03743,Sales,3743,20-Jul-2024,Nagaur Cement,3841869.88,Cr,supply against C-24-32,20-Jul-2024
AV03744,Sales,3744,06-Jul-2024,Bhilwara Paper,3454571.83,Cr,supply against C-24-40,06-Jul-2024
AV03745,Credit Note,3745,20-Jul-2024,Bhilwara Paper,1670905.67,Dr,GCV shortfall 2696 vs 3000,20-Jul-2024
AV03746,Sales,3746,22-Aug-2024,NTPC Sipat,9219118.45,Cr,supply against T-24-02,22-Aug-2024
AV03747,Credit Note,3747,28-Aug-2024,NTPC Sipat,227304.55,Dr,GCV shortfall 3123 vs 3200,28-Aug-2024
AV03748,Sales,3748,21-Aug-2024,NTPC Sipat,9647983.59,Cr,supply against T-24-02,21-Aug-2024
AV03749,Sales,3749,08-Aug-2024,Kota Textile,3949635.98,Cr,supply against C-24-43,08-Aug-2024
AV03750,Sales,3750,30-Aug-2024,NTPC Korba,8206978.4,Cr,supply against T-24-06,30-Aug-2024
AV03751,Sales,3751,10-Aug-2024,NTPC Korba,7214345.6,Cr,supply against T-24-06,10-Aug-2024
AV03752,Credit Note,3752,17-Aug-2024,NTPC Korba,627334.4,Dr,GCV shortfall 2944 vs 3200,17-Aug-2024
AV03753,Sales,3753,05-Aug-2024,NTPC Mouda,13442871.09,Cr,supply against T-24-10,05-Aug-2024
AV03754,Credit Note,3754,12-Aug-2024,NTPC Mouda,1519628.91,Dr,GCV shortfall 2875 vs 3200,12-Aug-2024
AV03755,Sales,3755,14-Aug-2024,NTPC North Karanpura,7512194.46,Cr,supply against T-24-14,14-Aug-2024
AV03756,Sales,3756,22-Aug-2024,NTPC North Karanpura,7027965.18,Cr,supply against T-24-14,22-Aug-2024
AV03757,Sales,3757,23-Aug-2024,NTPC Darlipali,7256284.08,Cr,supply against T-24-18,23-Aug-2024
AV03758,Credit Note,3758,09-Sep-2024,NTPC Darlipali,15907.92,Dr,GCV shortfall 3193 vs 3200,09-Sep-2024
AV03759,Sales,3759,25-Aug-2024,NTPC Darlipali,7722908.32,Cr,supply against T-24-18,25-Aug-2024
AV03760,Credit Note,3760,02-Sep-2024,NTPC Darlipali,849171.68,Dr,GCV shortfall 2883 vs 3200,02-Sep-2024
AV03761,Sales,3761,23-Aug-2024,NTPC Gadarwara,6931491.44,Cr,supply against T-24-25,23-Aug-2024
AV03762,Sales,3762,24-Aug-2024,NTPC Gadarwara,7014156.98,Cr,supply against T-24-25,24-Aug-2024
AV03763,Sales,3763,12-Aug-2024,Suratgarh STPS,6928295.08,Cr,supply against T-24-28,12-Aug-2024
AV03764,Credit Note,3764,21-Aug-2024,Suratgarh STPS,11192.72,Dr,GCV shortfall 3095 vs 3100,21-Aug-2024
AV03765,Sales,3765,21-Aug-2024,Suratgarh STPS,6960409.08,Cr,supply against T-24-28,21-Aug-2024
AV03766,Sales,3766,11-Aug-2024,Jaipur Bottling,4725355.73,Cr,supply against C-24-36,11-Aug-2024
AV03767,Credit Note,3767,31-Aug-2024,Jaipur Bottling,622269.07,Dr,GCV shortfall 2916 vs 3300,31-Aug-2024
AV03768,Sales,3768,21-Aug-2024,Nagaur Cement,3550527.14,Cr,supply against C-24-32,21-Aug-2024
AV03769,Sales,3769,23-Aug-2024,Bhilwara Paper,5407174.56,Cr,supply against C-24-40,23-Aug-2024
AV03770,Sales,3770,26-Sep-2024,NTPC Sipat,9360908.69,Cr,supply against T-24-02,26-Sep-2024
AV03771,Credit Note,3771,09-Oct-2024,NTPC Sipat,142551.91,Dr,GCV shortfall 3152 vs 3200,09-Oct-2024
AV03772,Sales,3772,25-Sep-2024,NTPC Sipat,8634243.17,Cr,supply against T-24-02,25-Sep-2024
AV03773,Credit Note,3773,02-Oct-2024,NTPC Sipat,238453.73,Dr,GCV shortfall 3114 vs 3200,02-Oct-2024
AV03774,Sales,3774,28-Sep-2024,Kota Textile,4127845.08,Cr,supply against C-24-43,28-Sep-2024
AV03775,Sales,3775,25-Sep-2024,NTPC Korba,8016725.06,Cr,supply against T-24-06,25-Sep-2024
AV03776,Credit Note,3776,11-Oct-2024,NTPC Korba,460974.94,Dr,GCV shortfall 3026 vs 3200,11-Oct-2024
AV03777,Sales,3777,15-Sep-2024,NTPC Korba,7874962.77,Cr,supply against T-24-06,15-Sep-2024
AV03778,Sales,3778,22-Sep-2024,NTPC Mouda,6489130.52,Cr,supply against T-24-10,22-Sep-2024
AV03779,Credit Note,3779,11-Oct-2024,NTPC Mouda,590725.48,Dr,GCV shortfall 2933 vs 3200,11-Oct-2024
AV03780,Sales,3780,13-Sep-2024,NTPC Mouda,8412259.14,Cr,supply against T-24-10,13-Sep-2024
AV03781,Sales,3781,06-Sep-2024,NTPC North Karanpura,6785244.6,Cr,supply against T-24-14,06-Sep-2024
AV03782,Sales,3782,16-Sep-2024,NTPC North Karanpura,7313277.6,Cr,supply against T-24-14,16-Sep-2024
AV03783,Sales,3783,20-Sep-2024,NTPC Darlipali,16958322.38,Cr,supply against T-24-18,20-Sep-2024
AV03784,Sales,3784,13-Sep-2024,NTPC Gadarwara,13033598.47,Cr,supply against T-24-25,13-Sep-2024
AV03785,Credit Note,3785,03-Oct-2024,NTPC Gadarwara,547487.53,Dr,GCV shortfall 3071 vs 3200,03-Oct-2024
AV03786,Sales,3786,06-Sep-2024,Suratgarh STPS,16326127.46,Cr,supply against T-24-28,06-Sep-2024
AV03787,Sales,3787,24-Sep-2024,Jaipur Bottling,5407081.78,Cr,supply against C-24-36,24-Sep-2024
AV03788,Sales,3788,21-Sep-2024,Nagaur Cement,3183231.23,Cr,supply against C-24-32,21-Sep-2024
AV03789,Credit Note,3789,07-Oct-2024,Nagaur Cement,331019.77,Dr,GCV shortfall 2808 vs 3100,07-Oct-2024
AV03790,Sales,3790,25-Sep-2024,Bhilwara Paper,3463541.42,Cr,supply against C-24-40,25-Sep-2024
AV03791,Credit Note,3791,12-Oct-2024,Bhilwara Paper,1661936.08,Dr,GCV shortfall 2703 vs 3000,12-Oct-2024
AV03792,Sales,3792,25-Oct-2024,NTPC Sipat,9658310.11,Cr,supply against T-24-02,25-Oct-2024
AV03793,Sales,3793,17-Oct-2024,NTPC Sipat,9161111.52,Cr,supply against T-24-02,17-Oct-2024
AV03794,Credit Note,3794,31-Oct-2024,NTPC Sipat,34483.48,Dr,GCV shortfall 3188 vs 3200,31-Oct-2024
AV03795,Sales,3795,22-Oct-2024,Kota Textile,3584351.63,Cr,supply against C-24-43,22-Oct-2024
AV03796,Credit Note,3796,04-Nov-2024,Kota Textile,104517.97,Dr,GCV shortfall 2915 vs 3000,04-Nov-2024
AV03797,Sales,3797,18-Oct-2024,NTPC Korba,7430377.04,Cr,supply against T-24-06,18-Oct-2024
AV03798,Credit Note,3798,07-Nov-2024,NTPC Korba,146807.96,Dr,GCV shortfall 3138 vs 3200,07-Nov-2024
AV03799,Sales,3799,26-Oct-2024,NTPC Korba,8481464.14,Cr,supply against T-24-06,26-Oct-2024
AV03800,Sales,3800,16-Oct-2024,NTPC Mouda,13620550.78,Cr,supply against T-24-10,16-Oct-2024
AV03801,Credit Note,3801,03-Nov-2024,NTPC Mouda,1341949.22,Dr,GCV shortfall 2913 vs 3200,03-Nov-2024
AV03802,Sales,3802,08-Oct-2024,NTPC North Karanpura,14415273.67,Cr,supply against T-24-14,08-Oct-2024
AV03803,Sales,3803,04-Oct-2024,NTPC Darlipali,17176181.11,Cr,supply against T-24-18,04-Oct-2024
AV03804,Sales,3804,23-Oct-2024,NTPC Gadarwara,12453665.04,Cr,supply against T-24-25,23-Oct-2024
AV03805,Credit Note,3805,08-Nov-2024,NTPC Gadarwara,991587.36,Dr,GCV shortfall 2964 vs 3200,08-Nov-2024
AV03806,Sales,3806,26-Oct-2024,Suratgarh STPS,6212741.11,Cr,supply against T-24-28,26-Oct-2024
AV03807,Credit Note,3807,03-Nov-2024,Suratgarh STPS,405642.89,Dr,GCV shortfall 2910 vs 3100,03-Nov-2024
AV03808,Sales,3808,19-Oct-2024,Suratgarh STPS,7450106.32,Cr,supply against T-24-28,19-Oct-2024
AV03809,Sales,3809,26-Oct-2024,Jaipur Bottling,5608524.07,Cr,supply against C-24-36,26-Oct-2024
AV03810,Sales,3810,20-Oct-2024,Nagaur Cement,3301128.68,Cr,supply against C-24-32,20-Oct-2024
AV03811,Credit Note,3811,11-Nov-2024,Nagaur Cement,213122.32,Dr,GCV shortfall 2912 vs 3100,11-Nov-2024
AV03812,Sales,3812,12-Oct-2024,Bhilwara Paper,4904581.5,Cr,supply against C-24-40,12-Oct-2024
AV03813,Credit Note,3813,18-Oct-2024,Bhilwara Paper,272668.5,Dr,GCV shortfall 2842 vs 3000,18-Oct-2024
AV03814,Sales,3814,15-Nov-2024,NTPC Sipat,9756753.93,Cr,supply against T-24-02,15-Nov-2024
AV03815,Sales,3815,21-Nov-2024,NTPC Sipat,10111955.8,Cr,supply against T-24-02,21-Nov-2024
AV03816,Sales,3816,29-Nov-2024,Kota Textile,3982749.54,Cr,supply against C-24-43,29-Nov-2024
AV03817,Sales,3817,16-Nov-2024,NTPC Korba,7789541.38,Cr,supply against T-24-06,16-Nov-2024
AV03818,Credit Note,3818,26-Nov-2024,NTPC Korba,24418.62,Dr,GCV shortfall 3190 vs 3200,26-Nov-2024
AV03819,Sales,3819,28-Nov-2024,NTPC Korba,7711464.05,Cr,supply against T-24-06,28-Nov-2024
AV03820,Sales,3820,09-Nov-2024,NTPC Mouda,7885147.23,Cr,supply against T-24-10,09-Nov-2024
AV03821,Credit Note,3821,28-Nov-2024,NTPC Mouda,207370.77,Dr,GCV shortfall 3118 vs 3200,28-Nov-2024
AV03822,Sales,3822,19-Nov-2024,NTPC Mouda,7249977.88,Cr,supply against T-24-10,19-Nov-2024
AV03823,Sales,3823,18-Nov-2024,NTPC North Karanpura,15092731.5,Cr,supply against T-24-14,18-Nov-2024
AV03824,Sales,3824,16-Nov-2024,NTPC Darlipali,7565201.84,Cr,supply against T-24-18,16-Nov-2024
AV03825,Credit Note,3825,22-Nov-2024,NTPC Darlipali,198956.56,Dr,GCV shortfall 3118 vs 3200,22-Nov-2024
AV03826,Sales,3826,28-Nov-2024,NTPC Darlipali,8019199.71,Cr,supply against T-24-18,28-Nov-2024
AV03827,Sales,3827,12-Nov-2024,NTPC Gadarwara,6994236.31,Cr,supply against T-24-25,12-Nov-2024
AV03828,Sales,3828,28-Nov-2024,NTPC Gadarwara,7871765.1,Cr,supply against T-24-25,28-Nov-2024
AV03829,Sales,3829,18-Nov-2024,Suratgarh STPS,13648554.18,Cr,supply against T-24-28,18-Nov-2024
AV03830,Credit Note,3830,09-Dec-2024,Suratgarh STPS,48602.82,Dr,GCV shortfall 3089 vs 3100,09-Dec-2024
AV03831,Sales,3831,16-Nov-2024,Jaipur Bottling,6122054.34,Cr,supply against C-24-36,16-Nov-2024
AV03832,Sales,3832,06-Nov-2024,Nagaur Cement,3644618.38,Cr,supply against C-24-32,06-Nov-2024
AV03833,Sales,3833,09-Nov-2024,Bhilwara Paper,5477530.5,Cr,supply against C-24-40,09-Nov-2024
AV03834,Sales,3834,27-Dec-2024,NTPC Sipat,11702056.95,Cr,supply against T-24-02,27-Dec-2024
AV03835,Sales,3835,11-Dec-2024,NTPC Sipat,9561311.67,Cr,supply against T-24-02,11-Dec-2024
AV03836,Sales,3836,24-Dec-2024,Kota Textile,4057151.1,Cr,supply against C-24-43,24-Dec-2024
AV03837,Sales,3837,08-Dec-2024,NTPC Korba,6841240.66,Cr,supply against T-24-06,08-Dec-2024
AV03838,Credit Note,3838,18-Dec-2024,NTPC Korba,130724.34,Dr,GCV shortfall 3140 vs 3200,18-Dec-2024
AV03839,Sales,3839,02-Jan-2025,NTPC Korba,8067165.36,Cr,supply against T-24-06,02-Jan-2025
AV03840,Credit Note,3840,24-Jan-2025,NTPC Korba,419004.64,Dr,GCV shortfall 3042 vs 3200,24-Jan-2025
AV03841,Sales,3841,26-Dec-2024,NTPC Mouda,7759801.88,Cr,supply against T-24-10,26-Dec-2024
AV03842,Sales,3842,22-Dec-2024,NTPC Mouda,7681493.14,Cr,supply against T-24-10,22-Dec-2024
AV03843,Credit Note,3843,13-Jan-2025,NTPC Mouda,430974.86,Dr,GCV shortfall 3030 vs 3200,13-Jan-2025
AV03844,Sales,3844,14-Dec-2024,NTPC North Karanpura,12303910.51,Cr,supply against T-24-14,14-Dec-2024
AV03845,Credit Note,3845,05-Jan-2025,NTPC North Karanpura,1348139.99,Dr,GCV shortfall 2884 vs 3200,05-Jan-2025
AV03846,Sales,3846,04-Dec-2024,NTPC Darlipali,8172109.44,Cr,supply against T-24-18,04-Dec-2024
AV03847,Sales,3847,05-Dec-2024,NTPC Darlipali,7773031.12,Cr,supply against T-24-18,05-Dec-2024
AV03848,Credit Note,3848,23-Dec-2024,NTPC Darlipali,315976.88,Dr,GCV shortfall 3075 vs 3200,23-Dec-2024
AV03849,Sales,3849,14-Dec-2024,NTPC Gadarwara,14530879.76,Cr,supply against T-24-25,14-Dec-2024
AV03850,Sales,3850,19-Dec-2024,Suratgarh STPS,12503217.47,Cr,supply against T-24-28,19-Dec-2024
AV03851,Credit Note,3851,25-Dec-2024,Suratgarh STPS,1125465.43,Dr,GCV shortfall 2844 vs 3100,25-Dec-2024
AV03852,Sales,3852,11-Dec-2024,Jaipur Bottling,6136804.58,Cr,supply against C-24-36,11-Dec-2024
AV03853,Sales,3853,24-Dec-2024,Nagaur Cement,3351008.37,Cr,supply against C-24-32,24-Dec-2024
AV03854,Credit Note,3854,09-Jan-2025,Nagaur Cement,163242.63,Dr,GCV shortfall 2956 vs 3100,09-Jan-2025
AV03855,Sales,3855,26-Dec-2024,Bhilwara Paper,5784714.0,Cr,supply against C-24-40,26-Dec-2024
AV03856,Sales,3856,28-Jan-2025,NTPC Sipat,8663906.21,Cr,supply against T-24-02,28-Jan-2025
AV03857,Credit Note,3857,16-Feb-2025,NTPC Sipat,766195.79,Dr,GCV shortfall 2940 vs 3200,16-Feb-2025
AV03858,Sales,3858,01-Feb-2025,NTPC Sipat,9196569.97,Cr,supply against T-24-02,01-Feb-2025
AV03859,Sales,3859,07-Jan-2025,Kota Textile,2443188.46,Cr,supply against C-24-43,07-Jan-2025
AV03860,Credit Note,3860,20-Jan-2025,Kota Textile,1264229.54,Dr,GCV shortfall 2636 vs 3000,20-Jan-2025
AV03861,Sales,3861,16-Jan-2025,NTPC Korba,7389757.38,Cr,supply against T-24-06,16-Jan-2025
AV03862,Sales,3862,16-Jan-2025,NTPC Korba,9194211.47,Cr,supply against T-24-06,16-Jan-2025
AV03863,Sales,3863,08-Jan-2025,NTPC Mouda,7785712.93,Cr,supply against T-24-10,08-Jan-2025
AV03864,Sales,3864,09-Jan-2025,NTPC Mouda,8921145.74,Cr,supply against T-24-10,09-Jan-2025
AV03865,Sales,3865,12-Jan-2025,NTPC North Karanpura,13707801.88,Cr,supply against T-24-14,12-Jan-2025
AV03866,Credit Note,3866,28-Jan-2025,NTPC North Karanpura,12863.12,Dr,GCV shortfall 3197 vs 3200,28-Jan-2025
AV03867,Sales,3867,12-Jan-2025,NTPC Darlipali,6459490.68,Cr,supply against T-24-18,12-Jan-2025
AV03868,Credit Note,3868,27-Jan-2025,NTPC Darlipali,912253.32,Dr,GCV shortfall 2804 vs 3200,27-Jan-2025
AV03869,Sales,3869,11-Jan-2025,NTPC Darlipali,8285600.56,Cr,supply against T-24-18,11-Jan-2025
AV03870,Credit Note,3870,28-Jan-2025,NTPC Darlipali,102226.64,Dr,GCV shortfall 3161 vs 3200,28-Jan-2025
AV03871,Sales,3871,09-Jan-2025,NTPC Gadarwara,13903636.79,Cr,supply against T-24-25,09-Jan-2025
AV03872,Sales,3872,28-Jan-2025,Suratgarh STPS,12946022.58,Cr,supply against T-24-28,28-Jan-2025
AV03873,Credit Note,3873,04-Feb-2025,Suratgarh STPS,751134.42,Dr,GCV shortfall 2930 vs 3100,04-Feb-2025
AV03874,Sales,3874,09-Jan-2025,Jaipur Bottling,5696030.66,Cr,supply against C-24-36,09-Jan-2025
AV03875,Sales,3875,16-Jan-2025,Nagaur Cement,3554279.05,Cr,supply against C-24-32,16-Jan-2025
AV03876,Sales,3876,12-Jan-2025,Bhilwara Paper,5552600.62,Cr,supply against C-24-40,12-Jan-2025
AV03877,Sales,3877,09-Feb-2025,NTPC Sipat,8352173.77,Cr,supply against T-24-02,09-Feb-2025
AV03878,Credit Note,3878,28-Feb-2025,NTPC Sipat,283353.23,Dr,GCV shortfall 3095 vs 3200,28-Feb-2025
AV03879,Sales,3879,28-Feb-2025,NTPC Sipat,9811463.37,Cr,supply against T-24-02,28-Feb-2025
AV03880,Credit Note,3880,15-Mar-2025,NTPC Sipat,21509.63,Dr,GCV shortfall 3193 vs 3200,15-Mar-2025
AV03881,Sales,3881,06-Feb-2025,Kota Textile,3979851.62,Cr,supply against C-24-43,06-Feb-2025
AV03882,Sales,3882,28-Feb-2025,NTPC Korba,7516145.66,Cr,supply against T-24-06,28-Feb-2025
AV03883,Sales,3883,24-Feb-2025,NTPC Korba,8622859.44,Cr,supply against T-24-06,24-Feb-2025
AV03884,Sales,3884,07-Feb-2025,NTPC Mouda,7462316.45,Cr,supply against T-24-10,07-Feb-2025
AV03885,Sales,3885,12-Feb-2025,NTPC Mouda,8683673.16,Cr,supply against T-24-10,12-Feb-2025
AV03886,Sales,3886,10-Feb-2025,NTPC North Karanpura,8769434.4,Cr,supply against T-24-14,10-Feb-2025
AV03887,Credit Note,3887,25-Feb-2025,NTPC North Karanpura,4951230.6,Dr,GCV shortfall 2727 vs 3200,25-Feb-2025
AV03888,Sales,3888,20-Feb-2025,NTPC Darlipali,8310822.3,Cr,supply against T-24-18,20-Feb-2025
AV03889,Sales,3889,03-Mar-2025,NTPC Darlipali,8279533.03,Cr,supply against T-24-18,03-Mar-2025
AV03890,Credit Note,3890,18-Mar-2025,NTPC Darlipali,432898.97,Dr,GCV shortfall 3041 vs 3200,18-Mar-2025
AV03891,Sales,3891,14-Feb-2025,NTPC Gadarwara,12254755.32,Cr,supply against T-24-25,14-Feb-2025
AV03892,Credit Note,3892,04-Mar-2025,NTPC Gadarwara,1258413.88,Dr,GCV shortfall 2902 vs 3200,04-Mar-2025
AV03893,Sales,3893,04-Mar-2025,Suratgarh STPS,14390851.73,Cr,supply against T-24-28,04-Mar-2025
AV03894,Sales,3894,23-Feb-2025,Jaipur Bottling,5504812.56,Cr,supply against C-24-36,23-Feb-2025
AV03895,Sales,3895,22-Feb-2025,Nagaur Cement,3480208.19,Cr,supply against C-24-32,22-Feb-2025
AV03896,Sales,3896,13-Feb-2025,Bhilwara Paper,5650105.5,Cr,supply against C-24-40,13-Feb-2025
AV03897,Sales,3897,30-Mar-2025,NTPC Sipat,8485831.22,Cr,supply against T-24-02,30-Mar-2025
AV03898,Sales,3898,08-Mar-2025,NTPC Sipat,9982278.47,Cr,supply against T-24-02,08-Mar-2025
AV03899,Credit Note,3899,28-Mar-2025,NTPC Sipat,62781.63,Dr,GCV shortfall 3180 vs 3200,28-Mar-2025
AV03900,Sales,3900,21-Mar-2025,Kota Textile,3495818.76,Cr,supply against C-24-43,21-Mar-2025
AV03901,Credit Note,3901,27-Mar-2025,Kota Textile,193050.84,Dr,GCV shortfall 2843 vs 3000,27-Mar-2025
AV03902,Sales,3902,22-Mar-2025,NTPC Korba,15174344.04,Cr,supply against T-24-06,22-Mar-2025
AV03903,Credit Note,3903,05-Apr-2025,NTPC Korba,354245.96,Dr,GCV shortfall 3127 vs 3200,05-Apr-2025
AV03904,Sales,3904,11-Mar-2025,NTPC Mouda,7672363.72,Cr,supply against T-24-10,11-Mar-2025
AV03905,Sales,3905,11-Mar-2025,NTPC Mouda,7483152.73,Cr,supply against T-24-10,11-Mar-2025
AV03906,Credit Note,3906,22-Mar-2025,NTPC Mouda,14057.27,Dr,GCV shortfall 3194 vs 3200,22-Mar-2025
AV03907,Sales,3907,27-Mar-2025,NTPC North Karanpura,14249873.33,Cr,supply against T-24-14,27-Mar-2025
AV03908,Sales,3908,20-Mar-2025,NTPC Darlipali,17493066.55,Cr,supply against T-24-18,20-Mar-2025
AV03909,Sales,3909,25-Mar-2025,NTPC Gadarwara,6918373.04,Cr,supply against T-24-25,25-Mar-2025
AV03910,Sales,3910,23-Mar-2025,NTPC Gadarwara,7488144.61,Cr,supply against T-24-25,23-Mar-2025
AV03911,Sales,3911,01-Apr-2025,Suratgarh STPS,4620695.29,Cr,supply against T-24-28,01-Apr-2025
AV03912,Credit Note,3912,20-Apr-2025,Suratgarh STPS,2442497.71,Dr,GCV shortfall 2704 vs 3100,20-Apr-2025
AV03913,Sales,3913,16-Mar-2025,Suratgarh STPS,7025206.15,Cr,supply against T-24-28,16-Mar-2025
AV03914,Sales,3914,28-Mar-2025,Jaipur Bottling,5316835.45,Cr,supply against C-24-36,28-Mar-2025
AV03915,Credit Note,3915,15-Apr-2025,Jaipur Bottling,30789.35,Dr,GCV shortfall 3281 vs 3300,15-Apr-2025
AV03916,Sales,3916,21-Mar-2025,Nagaur Cement,3328638.61,Cr,supply against C-24-32,21-Mar-2025
AV03917,Credit Note,3917,12-Apr-2025,Nagaur Cement,168067.49,Dr,GCV shortfall 2951 vs 3100,12-Apr-2025
AV03918,Sales,3918,16-Mar-2025,Bhilwara Paper,4904581.5,Cr,supply against C-24-40,16-Mar-2025
AV03919,Credit Note,3919,30-Mar-2025,Bhilwara Paper,272668.5,Dr,GCV shortfall 2842 vs 3000,30-Mar-2025
AV03920,Sales,3920,22-Apr-2025,Jaipur Bottling,5796326.52,Cr,supply against C-24-36,22-Apr-2025
AV03921,Sales,3921,24-Apr-2025,Nagaur Cement,3398281.32,Cr,supply against C-24-32,24-Apr-2025
AV03922,Credit Note,3922,14-May-2025,Nagaur Cement,80804.58,Dr,GCV shortfall 3028 vs 3100,14-May-2025
AV03923,Sales,3923,07-Apr-2025,Bhilwara Paper,5266989.0,Cr,supply against C-24-40,07-Apr-2025
AV03924,Sales,3924,29-Apr-2025,NTPC Sipat,16859283.77,Cr,supply against T-25-03,29-Apr-2025
AV03925,Sales,3925,12-Apr-2025,Kota Textile,6030554.16,Cr,supply against C-25-44,12-Apr-2025
AV03926,Sales,3926,13-Apr-2025,NTPC Korba,8624956.84,Cr,supply against T-25-07,13-Apr-2025
AV03927,Sales,3927,12-Apr-2025,NTPC Korba,7605538.09,Cr,supply against T-25-07,12-Apr-2025
AV03928,Credit Note,3928,21-Apr-2025,NTPC Korba,170091.91,Dr,GCV shortfall 3130 vs 3200,21-Apr-2025
AV03929,Sales,3929,25-Apr-2025,NTPC Mouda,7250433.29,Cr,supply against T-25-11,25-Apr-2025
AV03930,Credit Note,3930,13-May-2025,NTPC Mouda,98754.71,Dr,GCV shortfall 3157 vs 3200,13-May-2025
AV03931,Sales,3931,10-Apr-2025,NTPC Mouda,6755710.83,Cr,supply against T-25-11,10-Apr-2025
AV03932,Credit Note,3932,23-Apr-2025,NTPC Mouda,63934.17,Dr,GCV shortfall 3170 vs 3200,23-Apr-2025
AV03933,Sales,3933,24-Apr-2025,NTPC North Karanpura,16162111.7,Cr,supply against T-25-15,24-Apr-2025
AV03934,Sales,3934,17-Apr-2025,NTPC Darlipali,9614823.78,Cr,supply against T-25-19,17-Apr-2025
AV03935,Sales,3935,28-Apr-2025,NTPC Darlipali,9574239.42,Cr,supply against T-25-19,28-Apr-2025
AV03936,Credit Note,3936,12-May-2025,NTPC Darlipali,457707.58,Dr,GCV shortfall 3054 vs 3200,12-May-2025
AV03937,Sales,3937,01-May-2025,NTPC Lara,14708991.18,Cr,supply against T-25-22,01-May-2025
AV03938,Sales,3938,24-Apr-2025,NTPC Gadarwara,9288592.65,Cr,supply against T-25-26,24-Apr-2025
AV03939,Sales,3939,09-Apr-2025,NTPC Gadarwara,10222398.36,Cr,supply against T-25-26,09-Apr-2025
AV03940,Sales,3940,24-Apr-2025,Suratgarh STPS,7607867.6,Cr,supply against T-25-29,24-Apr-2025
AV03941,Credit Note,3941,05-May-2025,Suratgarh STPS,19684.0,Dr,GCV shortfall 3092 vs 3100,05-May-2025
AV03942,Sales,3942,30-Apr-2025,Suratgarh STPS,4925272.9,Cr,supply against T-25-29,30-Apr-2025
AV03943,Credit Note,3943,21-May-2025,Suratgarh STPS,2453413.1,Dr,GCV shortfall 2759 vs 3100,21-May-2025
AV03944,Sales,3944,04-May-2025,Jaipur Bottling,5195298.52,Cr,supply against C-24-36,04-May-2025
AV03945,Credit Note,3945,24-May-2025,Jaipur Bottling,152326.28,Dr,GCV shortfall 3206 vs 3300,24-May-2025
AV03946,Sales,3946,11-May-2025,Nagaur Cement,3449634.13,Cr,supply against C-24-32,11-May-2025
AV03947,Credit Note,3947,28-May-2025,Nagaur Cement,64616.87,Dr,GCV shortfall 3043 vs 3100,28-May-2025
AV03948,Sales,3948,09-May-2025,Bhilwara Paper,6059108.25,Cr,supply against C-24-40,09-May-2025
AV03949,Sales,3949,14-May-2025,NTPC Sipat,15110662.54,Cr,supply against T-25-03,14-May-2025
AV03950,Credit Note,3950,04-Jun-2025,NTPC Sipat,991275.56,Dr,GCV shortfall 3003 vs 3200,04-Jun-2025
AV03951,Sales,3951,12-May-2025,Kota Textile,6298493.73,Cr,supply against C-25-44,12-May-2025
AV03952,Sales,3952,20-May-2025,NTPC Korba,16564206.25,Cr,supply against T-25-07,20-May-2025
AV03953,Sales,3953,15-May-2025,NTPC Mouda,6933313.85,Cr,supply against T-25-11,15-May-2025
AV03954,Credit Note,3954,02-Jun-2025,NTPC Mouda,457293.85,Dr,GCV shortfall 3002 vs 3200,02-Jun-2025
AV03955,Sales,3955,28-May-2025,NTPC Mouda,6169884.57,Cr,supply against T-25-11,28-May-2025
AV03956,Credit Note,3956,19-Jun-2025,NTPC Mouda,466629.93,Dr,GCV shortfall 2975 vs 3200,19-Jun-2025
AV03957,Sales,3957,26-May-2025,NTPC North Karanpura,7194246.55,Cr,supply against T-25-15,26-May-2025
AV03958,Sales,3958,28-May-2025,NTPC North Karanpura,8916363.46,Cr,supply against T-25-15,28-May-2025
AV03959,Sales,3959,09-May-2025,NTPC Darlipali,11240315.42,Cr,supply against T-25-19,09-May-2025
AV03960,Sales,3960,23-May-2025,NTPC Darlipali,9826055.92,Cr,supply against T-25-19,23-May-2025
AV03961,Sales,3961,18-May-2025,NTPC Lara,15989963.34,Cr,supply against T-25-22,18-May-2025
AV03962,Sales,3962,21-May-2025,NTPC Gadarwara,9763931.68,Cr,supply against T-25-26,21-May-2025
AV03963,Credit Note,3963,05-Jun-2025,NTPC Gadarwara,520657.32,Dr,GCV shortfall 3038 vs 3200,05-Jun-2025
AV03964,Sales,3964,22-May-2025,NTPC Gadarwara,8008911.59,Cr,supply against T-25-26,22-May-2025
AV03965,Credit Note,3965,04-Jun-2025,NTPC Gadarwara,418749.41,Dr,GCV shortfall 3041 vs 3200,04-Jun-2025
AV03966,Sales,3966,10-May-2025,Suratgarh STPS,7152561.37,Cr,supply against T-25-29,10-May-2025
AV03967,Credit Note,3967,17-May-2025,Suratgarh STPS,396958.63,Dr,GCV shortfall 2937 vs 3100,17-May-2025
AV03968,Sales,3968,16-May-2025,Suratgarh STPS,7091949.2,Cr,supply against T-25-29,16-May-2025
AV03969,Credit Note,3969,28-May-2025,Suratgarh STPS,365663.6,Dr,GCV shortfall 2948 vs 3100,28-May-2025
AV03970,Sales,3970,20-Jun-2025,Bhilwara Paper,5679443.25,Cr,supply against C-24-40,20-Jun-2025
AV03971,Sales,3971,30-Jun-2025,NTPC Sipat,17530198.89,Cr,supply against T-25-03,30-Jun-2025
AV03972,Sales,3972,14-Jun-2025,Kota Textile,3587574.6,Cr,supply against C-25-44,14-Jun-2025
AV03973,Credit Note,3973,01-Jul-2025,Kota Textile,2125123.8,Dr,GCV shortfall 2512 vs 3000,01-Jul-2025
AV03974,Sales,3974,13-Jun-2025,NTPC Korba,8456032.01,Cr,supply against T-25-07,13-Jun-2025
AV03975,Sales,3975,15-Jun-2025,NTPC Korba,7901344.83,Cr,supply against T-25-07,15-Jun-2025
AV03976,Sales,3976,24-Jun-2025,NTPC Mouda,7676636.76,Cr,supply against T-25-11,24-Jun-2025
AV03977,Sales,3977,18-Jun-2025,NTPC Mouda,6615700.96,Cr,supply against T-25-11,18-Jun-2025
AV03978,Credit Note,3978,26-Jun-2025,NTPC Mouda,6208.04,Dr,GCV shortfall 3197 vs 3200,26-Jun-2025
AV03979,Sales,3979,17-Jun-2025,NTPC North Karanpura,15424203.25,Cr,supply against T-25-15,17-Jun-2025
AV03980,Sales,3980,01-Jul-2025,NTPC Darlipali,11048744.34,Cr,supply against T-25-19,01-Jul-2025
AV03981,Sales,3981,23-Jun-2025,NTPC Darlipali,8144954.57,Cr,supply against T-25-19,23-Jun-2025
AV03982,Credit Note,3982,03-Jul-2025,NTPC Darlipali,839483.43,Dr,GCV shortfall 2901 vs 3200,03-Jul-2025
AV03983,Sales,3983,09-Jun-2025,NTPC Lara,13946167.74,Cr,supply against T-25-22,09-Jun-2025
AV03984,Credit Note,3984,28-Jun-2025,NTPC Lara,652372.26,Dr,GCV shortfall 3057 vs 3200,28-Jun-2025
AV03985,Sales,3985,04-Jun-2025,NTPC Gadarwara,9226814.89,Cr,supply against T-25-26,04-Jun-2025
AV03986,Credit Note,3986,15-Jun-2025,NTPC Gadarwara,595476.41,Dr,GCV shortfall 3006 vs 3200,15-Jun-2025
AV03987,Sales,3987,17-Jun-2025,NTPC Gadarwara,8011000.72,Cr,supply against T-25-26,17-Jun-2025
AV03988,Credit Note,3988,30-Jun-2025,NTPC Gadarwara,741202.18,Dr,GCV shortfall 2929 vs 3200,30-Jun-2025
AV03989,Sales,3989,28-Jun-2025,Suratgarh STPS,8184141.72,Cr,supply against T-25-29,28-Jun-2025
AV03990,Sales,3990,25-Jun-2025,Suratgarh STPS,8645309.29,Cr,supply against T-25-29,25-Jun-2025
AV03991,Sales,3991,18-Jun-2025,Jaipur Bottling,4490530.88,Cr,supply against C-25-37,18-Jun-2025
AV03992,Credit Note,3992,26-Jun-2025,Jaipur Bottling,28759.12,Dr,GCV shortfall 3279 vs 3300,26-Jun-2025
AV03993,Sales,3993,21-Jun-2025,Nagaur Cement,6566242.6,Cr,supply against C-25-33,21-Jun-2025
AV03994,Sales,3994,09-Jul-2025,NTPC Sipat,18064625.26,Cr,supply against T-25-03,09-Jul-2025
AV03995,Sales,3995,01-Aug-2025,Kota Textile,5446105.81,Cr,supply against C-25-44,01-Aug-2025
AV03996,Credit Note,3996,11-Aug-2025,Kota Textile,266592.59,Dr,GCV shortfall 2860 vs 3000,11-Aug-2025
AV03997,Sales,3997,07-Jul-2025,NTPC Korba,17078095.78,Cr,supply against T-25-07,07-Jul-2025
AV03998,Sales,3998,22-Jul-2025,NTPC Mouda,8018747.49,Cr,supply against T-25-11,22-Jul-2025
AV03999,Sales,3999,29-Jul-2025,NTPC Mouda,7550352.55,Cr,supply against T-25-11,29-Jul-2025
AV04000,Sales,4000,12-Jul-2025,NTPC North Karanpura,7513419.06,Cr,supply against T-25-15,12-Jul-2025
AV04001,Sales,4001,06-Jul-2025,NTPC North Karanpura,8052706.93,Cr,supply against T-25-15,06-Jul-2025
AV04002,Credit Note,4002,16-Jul-2025,NTPC North Karanpura,169584.77,Dr,GCV shortfall 3134 vs 3200,16-Jul-2025
AV04003,Sales,4003,16-Jul-2025,NTPC Darlipali,8961607.44,Cr,supply against T-25-19,16-Jul-2025
AV04004,Credit Note,4004,30-Jul-2025,NTPC Darlipali,406946.56,Dr,GCV shortfall 3061 vs 3200,30-Jul-2025
AV04005,Sales,4005,24-Jul-2025,NTPC Darlipali,9358622.93,Cr,supply against T-25-19,24-Jul-2025
AV04006,Credit Note,4006,14-Aug-2025,NTPC Darlipali,434573.07,Dr,GCV shortfall 3058 vs 3200,14-Aug-2025
AV04007,Sales,4007,20-Jul-2025,NTPC Lara,7768202.9,Cr,supply against T-25-22,20-Jul-2025
AV04008,Sales,4008,13-Jul-2025,NTPC Lara,8255871.3,Cr,supply against T-25-22,13-Jul-2025
AV04009,Sales,4009,11-Jul-2025,NTPC Gadarwara,10422717.21,Cr,supply against T-25-26,11-Jul-2025
AV04010,Sales,4010,26-Jul-2025,NTPC Gadarwara,8340246.93,Cr,supply against T-25-26,26-Jul-2025
AV04011,Credit Note,4011,04-Aug-2025,NTPC Gadarwara,353170.07,Dr,GCV shortfall 3070 vs 3200,04-Aug-2025
AV04012,Sales,4012,12-Jul-2025,Suratgarh STPS,7908629.72,Cr,supply against T-25-29,12-Jul-2025
AV04013,Sales,4013,12-Jul-2025,Suratgarh STPS,8166784.46,Cr,supply against T-25-29,12-Jul-2025
AV04014,Sales,4014,26-Jul-2025,Jaipur Bottling,5279352.41,Cr,supply against C-25-37,26-Jul-2025
AV04015,Sales,4015,08-Jul-2025,Nagaur Cement,5738214.77,Cr,supply against C-25-33,08-Jul-2025
AV04016,Sales,4016,17-Aug-2025,NTPC Sipat,15964730.27,Cr,supply against T-25-03,17-Aug-2025
AV04017,Credit Note,4017,01-Sep-2025,NTPC Sipat,299878.73,Dr,GCV shortfall 3141 vs 3200,01-Sep-2025
AV04018,Sales,4018,08-Aug-2025,Kota Textile,6705235.01,Cr,supply against C-25-44,08-Aug-2025
AV04019,Sales,4019,30-Aug-2025,NTPC Korba,15276987.81,Cr,supply against T-25-07,30-Aug-2025
AV04020,Credit Note,4020,16-Sep-2025,NTPC Korba,688512.19,Dr,GCV shortfall 3062 vs 3200,16-Sep-2025
AV04021,Sales,4021,18-Aug-2025,NTPC Mouda,6752943.04,Cr,supply against T-25-11,18-Aug-2025
AV04022,Sales,4022,14-Aug-2025,NTPC Mouda,7687975.68,Cr,supply against T-25-11,14-Aug-2025
AV04023,Sales,4023,06-Aug-2025,NTPC North Karanpura,16572005.86,Cr,supply against T-25-15,06-Aug-2025
AV04024,Sales,4024,06-Aug-2025,NTPC Darlipali,9472009.77,Cr,supply against T-25-19,06-Aug-2025
AV04025,Sales,4025,04-Aug-2025,NTPC Darlipali,10528941.12,Cr,supply against T-25-19,04-Aug-2025
AV04026,Sales,4026,11-Aug-2025,NTPC Lara,15896531.3,Cr,supply against T-25-22,11-Aug-2025
AV04027,Sales,4027,06-Aug-2025,NTPC Gadarwara,8738702.38,Cr,supply against T-25-26,06-Aug-2025
AV04028,Credit Note,4028,27-Aug-2025,NTPC Gadarwara,346368.32,Dr,GCV shortfall 3078 vs 3200,27-Aug-2025
AV04029,Sales,4029,14-Aug-2025,NTPC Gadarwara,9703392.82,Cr,supply against T-25-26,14-Aug-2025
AV04030,Sales,4030,18-Aug-2025,Suratgarh STPS,8597500.8,Cr,supply against T-25-29,18-Aug-2025
AV04031,Sales,4031,12-Aug-2025,Suratgarh STPS,8379356.44,Cr,supply against T-25-29,12-Aug-2025
AV04032,Sales,4032,17-Aug-2025,Jaipur Bottling,4596049.8,Cr,supply against C-25-37,17-Aug-2025
AV04033,Sales,4033,19-Aug-2025,Nagaur Cement,3703023.82,Cr,supply against C-25-33,19-Aug-2025
AV04034,Credit Note,4034,06-Sep-2025,Nagaur Cement,1913795.18,Dr,GCV shortfall 2725 vs 3100,06-Sep-2025
AV04035,Sales,4035,01-Oct-2025,NTPC Sipat,8970257.08,Cr,supply against T-25-03,01-Oct-2025
AV04036,Sales,4036,10-Sep-2025,NTPC Sipat,7576614.57,Cr,supply against T-25-03,10-Sep-2025
AV04037,Credit Note,4037,30-Sep-2025,NTPC Sipat,125153.73,Dr,GCV shortfall 3148 vs 3200,30-Sep-2025
AV04038,Sales,4038,18-Sep-2025,Kota Textile,6247787.82,Cr,supply against C-25-44,18-Sep-2025
AV04039,Sales,4039,14-Sep-2025,NTPC Korba,7347338.2,Cr,supply against T-25-07,14-Sep-2025
AV04040,Credit Note,4040,20-Sep-2025,NTPC Korba,140395.0,Dr,GCV shortfall 3140 vs 3200,20-Sep-2025
AV04041,Sales,4041,27-Sep-2025,NTPC Korba,10098522.01,Cr,supply against T-25-07,27-Sep-2025
AV04042,Sales,4042,06-Sep-2025,NTPC Mouda,15523727.66,Cr,supply against T-25-11,06-Sep-2025
AV04043,Sales,4043,18-Sep-2025,NTPC North Karanpura,9234212.79,Cr,supply against T-25-15,18-Sep-2025
AV04044,Sales,4044,06-Sep-2025,NTPC North Karanpura,4591007.87,Cr,supply against T-25-15,06-Sep-2025
AV04045,Credit Note,4045,25-Sep-2025,NTPC North Karanpura,2495931.43,Dr,GCV shortfall 2764 vs 3200,25-Sep-2025
AV04046,Sales,4046,19-Sep-2025,NTPC Darlipali,10103721.52,Cr,supply against T-25-19,19-Sep-2025
AV04047,Credit Note,4047,29-Sep-2025,NTPC Darlipali,431276.48,Dr,GCV shortfall 3069 vs 3200,29-Sep-2025
AV04048,Sales,4048,23-Sep-2025,NTPC Darlipali,7974693.84,Cr,supply against T-25-19,23-Sep-2025
AV04049,Credit Note,4049,10-Oct-2025,NTPC Darlipali,565808.26,Dr,GCV shortfall 2988 vs 3200,10-Oct-2025
AV04050,Sales,4050,12-Sep-2025,NTPC Lara,15114650.0,Cr,supply against T-25-22,12-Sep-2025
AV04051,Sales,4051,28-Sep-2025,NTPC Gadarwara,9197140.68,Cr,supply against T-25-26,28-Sep-2025
AV04052,Credit Note,4052,14-Oct-2025,NTPC Gadarwara,324324.92,Dr,GCV shortfall 3091 vs 3200,14-Oct-2025
AV04053,Sales,4053,18-Sep-2025,NTPC Gadarwara,10043820.16,Cr,supply against T-25-26,18-Sep-2025
AV04054,Sales,4054,01-Oct-2025,Suratgarh STPS,8130901.62,Cr,supply against T-25-29,01-Oct-2025
AV04055,Sales,4055,21-Sep-2025,Suratgarh STPS,7893132.41,Cr,supply against T-25-29,21-Sep-2025
AV04056,Credit Note,4056,02-Oct-2025,Suratgarh STPS,77131.59,Dr,GCV shortfall 3070 vs 3100,02-Oct-2025
AV04057,Sales,4057,16-Sep-2025,Jaipur Bottling,5155858.18,Cr,supply against C-25-37,16-Sep-2025
AV04058,Sales,4058,27-Sep-2025,Nagaur Cement,5964271.95,Cr,supply against C-25-33,27-Sep-2025
AV04059,Sales,4059,27-Oct-2025,NTPC Sipat,8352065.54,Cr,supply against T-25-03,27-Oct-2025
AV04060,Sales,4060,13-Oct-2025,NTPC Sipat,8429431.64,Cr,supply against T-25-03,13-Oct-2025
AV04061,Credit Note,4061,31-Oct-2025,NTPC Sipat,77090.36,Dr,GCV shortfall 3171 vs 3200,31-Oct-2025
AV04062,Sales,4062,19-Oct-2025,Kota Textile,5411829.62,Cr,supply against C-25-44,19-Oct-2025
AV04063,Credit Note,4063,06-Nov-2025,Kota Textile,300868.78,Dr,GCV shortfall 2842 vs 3000,06-Nov-2025
AV04064,Sales,4064,23-Oct-2025,NTPC Korba,9070414.79,Cr,supply against T-25-07,23-Oct-2025
AV04065,Sales,4065,23-Oct-2025,NTPC Korba,7826941.82,Cr,supply against T-25-07,23-Oct-2025
AV04066,Sales,4066,25-Oct-2025,NTPC Mouda,6688168.35,Cr,supply against T-25-11,25-Oct-2025
AV04067,Credit Note,4067,31-Oct-2025,NTPC Mouda,800333.65,Dr,GCV shortfall 2858 vs 3200,31-Oct-2025
AV04068,Sales,4068,24-Oct-2025,NTPC Mouda,6352678.19,Cr,supply against T-25-11,24-Oct-2025
AV04069,Credit Note,4069,10-Nov-2025,NTPC Mouda,185942.01,Dr,GCV shortfall 3109 vs 3200,10-Nov-2025
AV04070,Sales,4070,07-Oct-2025,NTPC North Karanpura,7947806.74,Cr,supply against T-25-15,07-Oct-2025
AV04071,Sales,4071,30-Oct-2025,NTPC North Karanpura,7122133.9,Cr,supply against T-25-15,30-Oct-2025
AV04072,Credit Note,4072,15-Nov-2025,NTPC North Karanpura,661619.0,Dr,GCV shortfall 2928 vs 3200,15-Nov-2025
AV04073,Sales,4073,17-Oct-2025,NTPC Darlipali,8362848.45,Cr,supply against T-25-19,17-Oct-2025
AV04074,Credit Note,4074,31-Oct-2025,NTPC Darlipali,483801.15,Dr,GCV shortfall 3025 vs 3200,31-Oct-2025
AV04075,Sales,4075,17-Oct-2025,NTPC Darlipali,10829726.36,Cr,supply against T-25-19,17-Oct-2025
AV04076,Sales,4076,17-Oct-2025,NTPC Lara,16073140.0,Cr,supply against T-25-22,17-Oct-2025
AV04077,Sales,4077,04-Oct-2025,NTPC Gadarwara,9617782.04,Cr,supply against T-25-26,04-Oct-2025
AV04078,Sales,4078,15-Oct-2025,NTPC Gadarwara,10429267.7,Cr,supply against T-25-26,15-Oct-2025
AV04079,Sales,4079,28-Oct-2025,Suratgarh STPS,15709455.46,Cr,supply against T-25-29,28-Oct-2025
AV04080,Sales,4080,27-Oct-2025,Jaipur Bottling,4880585.45,Cr,supply against C-25-37,27-Oct-2025
AV04081,Sales,4081,03-Oct-2025,Nagaur Cement,6738370.92,Cr,supply against C-25-33,03-Oct-2025
AV04082,Sales,4082,01-Dec-2025,NTPC Sipat,14597413.26,Cr,supply against T-25-03,01-Dec-2025
AV04083,Credit Note,4083,22-Dec-2025,NTPC Sipat,1504524.84,Dr,GCV shortfall 2901 vs 3200,22-Dec-2025
AV04084,Sales,4084,26-Nov-2025,Kota Textile,6268606.11,Cr,supply against C-25-44,26-Nov-2025
AV04085,Sales,4085,01-Dec-2025,NTPC Korba,8917003.33,Cr,supply against T-25-07,01-Dec-2025
AV04086,Sales,4086,07-Nov-2025,NTPC Korba,7544051.5,Cr,supply against T-25-07,07-Nov-2025
AV04087,Sales,4087,25-Nov-2025,NTPC Mouda,7768596.35,Cr,supply against T-25-11,25-Nov-2025
AV04088,Sales,4088,08-Nov-2025,NTPC Mouda,7659372.07,Cr,supply against T-25-11,08-Nov-2025
AV04089,Sales,4089,09-Nov-2025,NTPC North Karanpura,7034237.5,Cr,supply against T-25-15,09-Nov-2025
AV04090,Credit Note,4090,25-Nov-2025,NTPC North Karanpura,24263.6,Dr,GCV shortfall 3189 vs 3200,25-Nov-2025
AV04091,Sales,4091,15-Nov-2025,NTPC North Karanpura,7879628.87,Cr,supply against T-25-15,15-Nov-2025
AV04092,Credit Note,4092,03-Dec-2025,NTPC North Karanpura,436602.13,Dr,GCV shortfall 3032 vs 3200,03-Dec-2025
AV04093,Sales,4093,05-Nov-2025,NTPC Darlipali,9317554.89,Cr,supply against T-25-19,05-Nov-2025
AV04094,Sales,4094,09-Nov-2025,NTPC Darlipali,8887481.61,Cr,supply against T-25-19,09-Nov-2025
AV04095,Credit Note,4095,18-Nov-2025,NTPC Darlipali,848889.89,Dr,GCV shortfall 2921 vs 3200,18-Nov-2025
AV04096,Sales,4096,13-Nov-2025,NTPC Lara,6868253.64,Cr,supply against T-25-22,13-Nov-2025
AV04097,Credit Note,4097,25-Nov-2025,NTPC Lara,133470.36,Dr,GCV shortfall 3139 vs 3200,25-Nov-2025
AV04098,Sales,4098,14-Nov-2025,NTPC Lara,8335623.93,Cr,supply against T-25-22,14-Nov-2025
AV04099,Sales,4099,18-Nov-2025,NTPC Gadarwara,8689588.77,Cr,supply against T-25-26,18-Nov-2025
AV04100,Credit Note,4100,06-Dec-2025,NTPC Gadarwara,315166.43,Dr,GCV shortfall 3088 vs 3200,06-Dec-2025
AV04101,Sales,4101,12-Nov-2025,NTPC Gadarwara,9977504.05,Cr,supply against T-25-26,12-Nov-2025
AV04102,Sales,4102,20-Nov-2025,Suratgarh STPS,7972404.06,Cr,supply against T-25-29,20-Nov-2025
AV04103,Sales,4103,22-Nov-2025,Suratgarh STPS,6579187.21,Cr,supply against T-25-29,22-Nov-2025
AV04104,Credit Note,4104,28-Nov-2025,Suratgarh STPS,676408.79,Dr,GCV shortfall 2811 vs 3100,28-Nov-2025
AV04105,Sales,4105,26-Nov-2025,Jaipur Bottling,5127463.8,Cr,supply against C-25-37,26-Nov-2025
AV04106,Sales,4106,14-Nov-2025,Nagaur Cement,5718284.12,Cr,supply against C-25-33,14-Nov-2025
AV04107,Sales,4107,14-Dec-2025,NTPC Sipat,17301477.82,Cr,supply against T-25-03,14-Dec-2025
AV04108,Sales,4108,26-Dec-2025,Kota Textile,6350167.79,Cr,supply against C-25-44,26-Dec-2025
AV04109,Sales,4109,25-Dec-2025,NTPC Korba,16175047.19,Cr,supply against T-25-07,25-Dec-2025
AV04110,Sales,4110,29-Dec-2025,NTPC Mouda,8384304.13,Cr,supply against T-25-11,29-Dec-2025
AV04111,Sales,4111,19-Dec-2025,NTPC Mouda,6972323.97,Cr,supply against T-25-11,19-Dec-2025
AV04112,Sales,4112,18-Dec-2025,NTPC North Karanpura,7130575.38,Cr,supply against T-25-15,18-Dec-2025
AV04113,Credit Note,4113,06-Jan-2026,NTPC North Karanpura,665065.62,Dr,GCV shortfall 2927 vs 3200,06-Jan-2026
AV04114,Sales,4114,21-Dec-2025,NTPC North Karanpura,7802299.89,Cr,supply against T-25-15,21-Dec-2025
AV04115,Sales,4115,19-Dec-2025,NTPC Darlipali,10310423.12,Cr,supply against T-25-19,19-Dec-2025
AV04116,Credit Note,4116,26-Dec-2025,NTPC Darlipali,227217.88,Dr,GCV shortfall 3131 vs 3200,26-Dec-2025
AV04117,Sales,4117,11-Dec-2025,NTPC Darlipali,8820675.68,Cr,supply against T-25-19,11-Dec-2025
AV04118,Sales,4118,20-Dec-2025,NTPC Lara,15874990.62,Cr,supply against T-25-22,20-Dec-2025
AV04119,Sales,4119,08-Dec-2025,NTPC Gadarwara,9719637.16,Cr,supply against T-25-26,08-Dec-2025
AV04120,Credit Note,4120,24-Dec-2025,NTPC Gadarwara,236457.24,Dr,GCV shortfall 3124 vs 3200,24-Dec-2025
AV04121,Sales,4121,12-Dec-2025,NTPC Gadarwara,7753725.78,Cr,supply against T-25-26,12-Dec-2025
AV04122,Credit Note,4122,02-Jan-2026,NTPC Gadarwara,858534.72,Dr,GCV shortfall 2881 vs 3200,02-Jan-2026
AV04123,Sales,4123,24-Dec-2025,Suratgarh STPS,8175463.45,Cr,supply against T-25-29,24-Dec-2025
AV04124,Sales,4124,20-Dec-2025,Suratgarh STPS,8004787.92,Cr,supply against T-25-29,20-Dec-2025
AV04125,Credit Note,4125,26-Dec-2025,Suratgarh STPS,62456.08,Dr,GCV shortfall 3076 vs 3100,26-Dec-2025
AV04126,Sales,4126,08-Dec-2025,Jaipur Bottling,4515849.09,Cr,supply against C-25-37,08-Dec-2025
AV04127,Credit Note,4127,27-Dec-2025,Jaipur Bottling,26150.91,Dr,GCV shortfall 3281 vs 3300,27-Dec-2025
AV04128,Sales,4128,08-Dec-2025,Nagaur Cement,5923026.23,Cr,supply against C-25-33,08-Dec-2025
AV04129,Sales,4129,10-Jan-2026,NTPC Sipat,16289517.9,Cr,supply against T-25-03,10-Jan-2026
AV04130,Sales,4130,26-Jan-2026,Kota Textile,6012783.89,Cr,supply against C-25-44,26-Jan-2026
AV04131,Sales,4131,09-Jan-2026,NTPC Korba,6719726.04,Cr,supply against T-25-07,09-Jan-2026
AV04132,Credit Note,4132,25-Jan-2026,NTPC Korba,720801.06,Dr,GCV shortfall 2890 vs 3200,25-Jan-2026
AV04133,Sales,4133,18-Jan-2026,NTPC Korba,9675869.7,Cr,supply against T-25-07,18-Jan-2026
AV04134,Sales,4134,06-Jan-2026,NTPC Mouda,15014535.22,Cr,supply against T-25-11,06-Jan-2026
AV04135,Sales,4135,11-Jan-2026,NTPC North Karanpura,7198207.93,Cr,supply against T-25-15,11-Jan-2026
AV04136,Credit Note,4136,24-Jan-2026,NTPC North Karanpura,695645.87,Dr,GCV shortfall 2918 vs 3200,24-Jan-2026
AV04137,Sales,4137,29-Jan-2026,NTPC North Karanpura,8319408.15,Cr,supply against T-25-15,29-Jan-2026
AV04138,Sales,4138,13-Jan-2026,NTPC Darlipali,9559374.25,Cr,supply against T-25-19,13-Jan-2026
AV04139,Sales,4139,20-Jan-2026,NTPC Darlipali,11564707.5,Cr,supply against T-25-19,20-Jan-2026
AV04140,Sales,4140,10-Jan-2026,NTPC Lara,9422374.34,Cr,supply against T-25-22,10-Jan-2026
AV04141,Credit Note,4141,28-Jan-2026,NTPC Lara,5249936.06,Dr,GCV shortfall 2740 vs 3200,28-Jan-2026
AV04142,Sales,4142,05-Jan-2026,NTPC Gadarwara,8778838.42,Cr,supply against T-25-26,05-Jan-2026
AV04143,Credit Note,4143,24-Jan-2026,NTPC Gadarwara,145012.58,Dr,GCV shortfall 3148 vs 3200,24-Jan-2026
AV04144,Sales,4144,17-Jan-2026,NTPC Gadarwara,9344862.17,Cr,supply against T-25-26,17-Jan-2026
AV04145,Credit Note,4145,28-Jan-2026,NTPC Gadarwara,443536.83,Dr,GCV shortfall 3055 vs 3200,28-Jan-2026
AV04146,Sales,4146,12-Jan-2026,Suratgarh STPS,13763365.98,Cr,supply against T-25-29,12-Jan-2026
AV04147,Credit Note,4147,31-Jan-2026,Suratgarh STPS,1281216.02,Dr,GCV shortfall 2836 vs 3100,31-Jan-2026
AV04148,Sales,4148,22-Jan-2026,Jaipur Bottling,4440713.4,Cr,supply against C-25-37,22-Jan-2026
AV04149,Credit Note,4149,29-Jan-2026,Jaipur Bottling,55866.6,Dr,GCV shortfall 3259 vs 3300,29-Jan-2026
AV04150,Sales,4150,15-Jan-2026,Nagaur Cement,6008804.22,Cr,supply against C-25-33,15-Jan-2026
AV04151,Sales,4151,24-Feb-2026,NTPC Sipat,15563197.74,Cr,supply against T-25-03,24-Feb-2026
AV04152,Credit Note,4152,05-Mar-2026,NTPC Sipat,701411.26,Dr,GCV shortfall 3062 vs 3200,05-Mar-2026
AV04153,Sales,4153,03-Mar-2026,Kota Textile,5880064.09,Cr,supply against C-25-44,03-Mar-2026
AV04154,Sales,4154,16-Feb-2026,NTPC Korba,9177176.52,Cr,supply against T-25-07,16-Feb-2026
AV04155,Sales,4155,10-Feb-2026,NTPC Korba,7543713.85,Cr,supply against T-25-07,10-Feb-2026
AV04156,Credit Note,4156,22-Feb-2026,NTPC Korba,2358.15,Dr,GCV shortfall 3199 vs 3200,22-Feb-2026
AV04157,Sales,4157,27-Feb-2026,NTPC Mouda,12824754.0,Cr,supply against T-25-11,27-Feb-2026
AV04158,Credit Note,4158,05-Mar-2026,NTPC Mouda,1273223.6,Dr,GCV shortfall 2911 vs 3200,05-Mar-2026
AV04159,Sales,4159,04-Feb-2026,NTPC North Karanpura,9943795.53,Cr,supply against T-25-15,04-Feb-2026
AV04160,Credit Note,4160,19-Feb-2026,NTPC North Karanpura,5389367.07,Dr,GCV shortfall 2767 vs 3200,19-Feb-2026
AV04161,Sales,4161,07-Feb-2026,NTPC Darlipali,11176490.99,Cr,supply against T-25-19,07-Feb-2026
AV04162,Sales,4162,21-Feb-2026,NTPC Darlipali,9075051.22,Cr,supply against T-25-19,21-Feb-2026
AV04163,Sales,4163,16-Feb-2026,NTPC Lara,7065547.92,Cr,supply against T-25-22,16-Feb-2026
AV04164,Sales,4164,02-Mar-2026,NTPC Lara,9186181.79,Cr,supply against T-25-22,02-Mar-2026
AV04165,Sales,4165,06-Feb-2026,NTPC Gadarwara,8443370.88,Cr,supply against T-25-26,06-Feb-2026
AV04166,Credit Note,4166,19-Feb-2026,NTPC Gadarwara,351807.12,Dr,GCV shortfall 3072 vs 3200,19-Feb-2026
AV04167,Sales,4167,25-Feb-2026,NTPC Gadarwara,9436713.82,Cr,supply against T-25-26,25-Feb-2026
AV04168,Credit Note,4168,07-Mar-2026,NTPC Gadarwara,480358.18,Dr,GCV shortfall 3045 vs 3200,07-Mar-2026
AV04169,Sales,4169,13-Feb-2026,Suratgarh STPS,14586622.42,Cr,supply against T-25-29,13-Feb-2026
AV04170,Credit Note,4170,02-Mar-2026,Suratgarh STPS,307491.38,Dr,GCV shortfall 3036 vs 3100,02-Mar-2026
AV04171,Sales,4171,25-Feb-2026,Jaipur Bottling,4842047.27,Cr,supply against C-25-37,25-Feb-2026
AV04172,Sales,4172,15-Feb-2026,Nagaur Cement,6606103.89,Cr,supply against C-25-33,15-Feb-2026
AV04173,Sales,4173,24-Mar-2026,NTPC Sipat,7554570.57,Cr,supply against T-25-03,24-Mar-2026
AV04174,Credit Note,4174,09-Apr-2026,NTPC Sipat,662501.43,Dr,GCV shortfall 2942 vs 3200,09-Apr-2026
AV04175,Sales,4175,19-Mar-2026,NTPC Sipat,7504305.95,Cr,supply against T-25-03,19-Mar-2026
AV04176,Credit Note,4176,02-Apr-2026,NTPC Sipat,502956.15,Dr,GCV shortfall 2999 vs 3200,02-Apr-2026
AV04177,Sales,4177,24-Mar-2026,Kota Textile,5855058.91,Cr,supply against C-25-44,24-Mar-2026
AV04178,Sales,4178,12-Mar-2026,NTPC Korba,7831000.89,Cr,supply against T-25-07,12-Mar-2026
AV04179,Credit Note,4179,18-Mar-2026,NTPC Korba,508168.11,Dr,GCV shortfall 3005 vs 3200,18-Mar-2026
AV04180,Sales,4180,17-Mar-2026,NTPC Korba,4706979.18,Cr,supply against T-25-07,17-Mar-2026
AV04181,Credit Note,4181,03-Apr-2026,NTPC Korba,2843062.62,Dr,GCV shortfall 2660 vs 3200,03-Apr-2026
AV04182,Sales,4182,23-Mar-2026,NTPC Mouda,7274695.08,Cr,supply against T-25-11,23-Mar-2026
AV04183,Sales,4183,26-Mar-2026,NTPC Mouda,8402147.3,Cr,supply against T-25-11,26-Mar-2026
AV04184,Sales,4184,19-Mar-2026,NTPC North Karanpura,16411906.67,Cr,supply against T-25-15,19-Mar-2026
AV04185,Sales,4185,14-Mar-2026,NTPC Darlipali,8915193.22,Cr,supply against T-25-19,14-Mar-2026
AV04186,Credit Note,4186,03-Apr-2026,NTPC Darlipali,932448.58,Dr,GCV shortfall 2897 vs 3200,03-Apr-2026
AV04187,Sales,4187,19-Mar-2026,NTPC Darlipali,8749252.85,Cr,supply against T-25-19,19-Mar-2026
AV04188,Credit Note,4188,25-Mar-2026,NTPC Darlipali,515343.15,Dr,GCV shortfall 3022 vs 3200,25-Mar-2026
AV04189,Sales,4189,06-Mar-2026,NTPC Lara,7626782.93,Cr,supply against T-25-22,06-Mar-2026
AV04190,Sales,4190,11-Mar-2026,NTPC Lara,7980361.48,Cr,supply against T-25-22,11-Mar-2026
AV04191,Sales,4191,31-Mar-2026,NTPC Gadarwara,9563701.93,Cr,supply against T-25-26,31-Mar-2026
AV04192,Sales,4192,27-Mar-2026,NTPC Gadarwara,9602576.9,Cr,supply against T-25-26,27-Mar-2026
AV04193,Sales,4193,21-Mar-2026,Suratgarh STPS,7644708.64,Cr,supply against T-25-29,21-Mar-2026
AV04194,Credit Note,4194,31-Mar-2026,Suratgarh STPS,471249.16,Dr,GCV shortfall 2920 vs 3100,31-Mar-2026
AV04195,Sales,4195,07-Mar-2026,Suratgarh STPS,7802212.56,Cr,supply against T-25-29,07-Mar-2026
AV04196,Sales,4196,13-Mar-2026,Jaipur Bottling,4224060.0,Cr,supply against C-25-37,13-Mar-2026
AV04197,Credit Note,4197,29-Mar-2026,Jaipur Bottling,272520.0,Dr,GCV shortfall 3100 vs 3300,29-Mar-2026
AV04198,Sales,4198,06-Mar-2026,Nagaur Cement,5888600.56,Cr,supply against C-25-33,06-Mar-2026
AV04199,Sales,4199,04-Apr-2026,Jaipur Bottling,5344420.0,Cr,supply against C-25-37,04-Apr-2026
AV04200,Sales,4200,19-Apr-2026,Nagaur Cement,5886788.69,Cr,supply against C-25-33,19-Apr-2026
AV04201,Sales,4201,12-Apr-2026,NTPC Sipat,17974747.67,Cr,supply against T-26-04,12-Apr-2026
AV04202,Sales,4202,11-Apr-2026,Kota Textile,5764228.2,Cr,supply against C-26-45,11-Apr-2026
AV04203,Sales,4203,29-Apr-2026,NTPC Korba,8407214.29,Cr,supply against T-26-08,29-Apr-2026
AV04204,Credit Note,4204,12-May-2026,NTPC Korba,483428.71,Dr,GCV shortfall 3026 vs 3200,12-May-2026
AV04205,Sales,4205,10-Apr-2026,NTPC Korba,10911614.08,Cr,supply against T-26-08,10-Apr-2026
AV04206,Sales,4206,11-Apr-2026,NTPC Mouda,7939777.02,Cr,supply against T-26-12,11-Apr-2026
AV04207,Sales,4207,13-Apr-2026,NTPC Mouda,7268534.34,Cr,supply against T-26-12,13-Apr-2026
AV04208,Sales,4208,18-Apr-2026,NTPC North Karanpura,8485521.44,Cr,supply against T-26-16,18-Apr-2026
AV04209,Credit Note,4209,25-Apr-2026,NTPC North Karanpura,1002133.56,Dr,GCV shortfall 2862 vs 3200,25-Apr-2026
AV04210,Sales,4210,18-Apr-2026,NTPC North Karanpura,8624143.1,Cr,supply against T-26-16,18-Apr-2026
AV04211,Sales,4211,23-Apr-2026,NTPC Darlipali,10755879.75,Cr,supply against T-26-20,23-Apr-2026
AV04212,Sales,4212,28-Apr-2026,NTPC Darlipali,8967958.7,Cr,supply against T-26-20,28-Apr-2026
AV04213,Sales,4213,30-Apr-2026,NTPC Lara,8730132.62,Cr,supply against T-26-23,30-Apr-2026
AV04214,Sales,4214,20-Apr-2026,NTPC Lara,8371040.9,Cr,supply against T-26-23,20-Apr-2026
AV04215,Sales,4215,25-Apr-2026,Suratgarh STPS,20221573.94,Cr,supply against T-26-30,25-Apr-2026
AV04216,Sales,4216,08-May-2026,Jaipur Bottling,4383718.18,Cr,supply against C-25-37,08-May-2026
AV04217,Credit Note,4217,25-May-2026,Jaipur Bottling,158281.82,Dr,GCV shortfall 3185 vs 3300,25-May-2026
AV04218,Sales,4218,26-May-2026,Nagaur Cement,5081739.08,Cr,supply against C-25-33,26-May-2026
AV04219,Credit Note,4219,06-Jun-2026,Nagaur Cement,478935.52,Dr,GCV shortfall 2833 vs 3100,06-Jun-2026
AV04220,Sales,4220,06-May-2026,NTPC Sipat,8415566.84,Cr,supply against T-26-04,06-May-2026
AV04221,Sales,4221,21-May-2026,NTPC Sipat,9501398.1,Cr,supply against T-26-04,21-May-2026
AV04222,Credit Note,4222,03-Jun-2026,NTPC Sipat,303333.9,Dr,GCV shortfall 3101 vs 3200,03-Jun-2026
AV04223,Sales,4223,12-May-2026,Kota Textile,5456632.82,Cr,supply against C-26-45,12-May-2026
AV04224,Credit Note,4224,29-May-2026,Kota Textile,3640.18,Dr,GCV shortfall 2998 vs 3000,29-May-2026
AV04225,Sales,4225,18-May-2026,NTPC Korba,8269853.15,Cr,supply against T-26-08,18-May-2026
AV04226,Credit Note,4226,29-May-2026,NTPC Korba,432392.85,Dr,GCV shortfall 3041 vs 3200,29-May-2026
AV04227,Sales,4227,06-May-2026,NTPC Korba,9767341.99,Cr,supply against T-26-08,06-May-2026
AV04228,Credit Note,4228,28-May-2026,NTPC Korba,824150.51,Dr,GCV shortfall 2951 vs 3200,28-May-2026
AV04229,Sales,4229,08-May-2026,NTPC Mouda,13354446.87,Cr,supply against T-26-12,08-May-2026
AV04230,Credit Note,4230,20-May-2026,NTPC Mouda,1275553.13,Dr,GCV shortfall 2921 vs 3200,20-May-2026
AV04231,Sales,4231,22-May-2026,NTPC North Karanpura,19496474.96,Cr,supply against T-26-16,22-May-2026
AV04232,Sales,4232,07-May-2026,NTPC Darlipali,10484760.3,Cr,supply against T-26-20,07-May-2026
AV04233,Sales,4233,27-May-2026,NTPC Darlipali,9223602.94,Cr,supply against T-26-20,27-May-2026
AV04234,Credit Note,4234,14-Jun-2026,NTPC Darlipali,312917.06,Dr,GCV shortfall 3095 vs 3200,14-Jun-2026
AV04235,Sales,4235,28-May-2026,NTPC Lara,7785333.3,Cr,supply against T-26-23,28-May-2026
AV04236,Credit Note,4236,14-Jun-2026,NTPC Lara,240783.5,Dr,GCV shortfall 3104 vs 3200,14-Jun-2026
AV04237,Sales,4237,10-May-2026,NTPC Lara,9116172.88,Cr,supply against T-26-23,10-May-2026
AV04238,Sales,4238,15-May-2026,Suratgarh STPS,8260127.31,Cr,supply against T-26-30,15-May-2026
AV04239,Credit Note,4239,30-May-2026,Suratgarh STPS,40162.69,Dr,GCV shortfall 3085 vs 3100,30-May-2026
AV04240,Sales,4240,23-May-2026,Suratgarh STPS,8716660.66,Cr,supply against T-26-30,23-May-2026
AV04241,Sales,4241,16-Jun-2026,NTPC Sipat,9613250.6,Cr,supply against T-26-04,16-Jun-2026
AV04242,Sales,4242,25-Jun-2026,NTPC Sipat,8764628.14,Cr,supply against T-26-04,25-Jun-2026
AV04243,Sales,4243,17-Jun-2026,Kota Textile,5757012.67,Cr,supply against C-26-45,17-Jun-2026
AV04244,Sales,4244,18-Jun-2026,NTPC Korba,8992652.45,Cr,supply against T-26-08,18-Jun-2026
AV04245,Credit Note,4245,28-Jun-2026,NTPC Korba,423737.55,Dr,GCV shortfall 3056 vs 3200,28-Jun-2026
AV04246,Sales,4246,07-Jun-2026,NTPC Korba,5788219.67,Cr,supply against T-26-08,07-Jun-2026
AV04247,Credit Note,4247,26-Jun-2026,NTPC Korba,4186095.33,Dr,GCV shortfall 2476 vs 3200,26-Jun-2026
AV04248,Sales,4248,01-Jul-2026,NTPC Mouda,7491373.01,Cr,supply against T-26-12,01-Jul-2026
AV04249,Credit Note,4249,14-Jul-2026,NTPC Mouda,276738.99,Dr,GCV shortfall 3086 vs 3200,14-Jul-2026
AV04250,Sales,4250,21-Jun-2026,NTPC Mouda,6703206.84,Cr,supply against T-26-12,21-Jun-2026
AV04251,Credit Note,4251,02-Jul-2026,NTPC Mouda,158681.16,Dr,GCV shortfall 3126 vs 3200,02-Jul-2026
AV04252,Sales,4252,22-Jun-2026,NTPC North Karanpura,7947987.27,Cr,supply against T-26-16,22-Jun-2026
AV04253,Credit Note,4253,12-Jul-2026,NTPC North Karanpura,39939.63,Dr,GCV shortfall 3184 vs 3200,12-Jul-2026
AV04254,Sales,4254,11-Jun-2026,NTPC North Karanpura,9172229.31,Cr,supply against T-26-16,11-Jun-2026
AV04255,Credit Note,4255,19-Jun-2026,NTPC North Karanpura,178243.39,Dr,GCV shortfall 3139 vs 3200,19-Jun-2026
AV04256,Sales,4256,25-Jun-2026,NTPC Darlipali,8969214.45,Cr,supply against T-26-20,25-Jun-2026
AV04257,Credit Note,4257,15-Jul-2026,NTPC Darlipali,11225.55,Dr,GCV shortfall 3196 vs 3200,15-Jul-2026
AV04258,Sales,4258,01-Jul-2026,NTPC Darlipali,11584756.73,Cr,supply against T-26-20,01-Jul-2026
AV04259,Sales,4259,29-Jun-2026,NTPC Lara,15883940.53,Cr,supply against T-26-23,29-Jun-2026
AV04260,Credit Note,4260,14-Jul-2026,NTPC Lara,576101.47,Dr,GCV shortfall 3088 vs 3200,14-Jul-2026
AV04261,Sales,4261,24-Jun-2026,Suratgarh STPS,9805526.92,Cr,supply against T-26-30,24-Jun-2026
AV04262,Sales,4262,18-Jun-2026,Suratgarh STPS,7624148.35,Cr,supply against T-26-30,18-Jun-2026
AV04263,Credit Note,4263,05-Jul-2026,Suratgarh STPS,212343.65,Dr,GCV shortfall 3016 vs 3100,05-Jul-2026
AV04264,Sales,4264,22-Jun-2026,Jaipur Bottling,5863787.88,Cr,supply against C-26-38,22-Jun-2026
AV04265,Sales,4265,22-Jun-2026,Nagaur Cement,5577257.47,Cr,supply against C-26-34,22-Jun-2026
AV04266,Sales,4266,27-Jul-2026,NTPC Sipat,8208797.14,Cr,supply against T-26-04,27-Jul-2026
AV04267,Sales,4267,15-Jul-2026,NTPC Sipat,10345361.62,Cr,supply against T-26-04,15-Jul-2026
AV04268,Sales,4268,08-Jul-2026,Kota Textile,6186489.31,Cr,supply against C-26-45,08-Jul-2026
AV04269,Sales,4269,26-Jul-2026,NTPC Korba,10781387.03,Cr,supply against T-26-08,26-Jul-2026
AV04270,Sales,4270,20-Jul-2026,NTPC Korba,10752497.65,Cr,supply against T-26-08,20-Jul-2026
AV04271,Sales,4271,25-Jul-2026,NTPC Mouda,14662003.12,Cr,supply against T-26-12,25-Jul-2026
AV04272,Sales,4272,23-Jul-2026,NTPC North Karanpura,9530615.17,Cr,supply against T-26-16,23-Jul-2026
AV04273,Sales,4273,29-Jul-2026,NTPC North Karanpura,8124322.68,Cr,supply against T-26-16,29-Jul-2026
AV04274,Credit Note,4274,11-Aug-2026,NTPC North Karanpura,688501.92,Dr,GCV shortfall 2950 vs 3200,11-Aug-2026
AV04275,Sales,4275,08-Jul-2026,NTPC Darlipali,5680395.39,Cr,supply against T-26-20,08-Jul-2026
AV04276,Credit Note,4276,17-Jul-2026,NTPC Darlipali,3319364.61,Dr,GCV shortfall 2693 vs 3200,17-Jul-2026
AV04277,Sales,4277,07-Jul-2026,NTPC Darlipali,6203534.6,Cr,supply against T-26-20,07-Jul-2026
AV04278,Credit Note,4278,15-Jul-2026,NTPC Darlipali,3577845.4,Dr,GCV shortfall 2706 vs 3200,15-Jul-2026
AV04279,Sales,4279,05-Jul-2026,NTPC Lara,15276976.48,Cr,supply against T-26-23,05-Jul-2026
AV04280,Credit Note,4280,25-Jul-2026,NTPC Lara,1183065.52,Dr,GCV shortfall 2970 vs 3200,25-Jul-2026
AV04281,Sales,4281,24-Jul-2026,Suratgarh STPS,10332512.0,Cr,supply against T-26-30,24-Jul-2026
AV04282,Sales,4282,14-Jul-2026,Suratgarh STPS,7937533.79,Cr,supply against T-26-30,14-Jul-2026
AV04283,Sales,4283,29-Jul-2026,Jaipur Bottling,4799071.88,Cr,supply against C-26-38,29-Jul-2026
AV04284,Credit Note,4284,05-Aug-2026,Jaipur Bottling,429365.62,Dr,GCV shortfall 3029 vs 3300,05-Aug-2026
AV04285,Sales,4285,22-Jul-2026,Nagaur Cement,5648330.03,Cr,supply against C-26-34,22-Jul-2026
AV04286,Sales,4286,26-Jul-2026,Bhilwara Paper,4344266.67,Cr,supply against C-26-41,26-Jul-2026
AV04287,Credit Note,4287,17-Aug-2026,Bhilwara Paper,55733.33,Dr,GCV shortfall 2962 vs 3000,17-Aug-2026
AV04288,Sales,4288,30-Aug-2026,NTPC Sipat,19391912.87,Cr,supply against T-26-04,30-Aug-2026
AV04289,Sales,4289,23-Aug-2026,Kota Textile,5780609.02,Cr,supply against C-26-45,23-Aug-2026
AV04290,Sales,4290,05-Aug-2026,NTPC Korba,10353597.5,Cr,supply against T-26-08,05-Aug-2026
AV04291,Sales,4291,31-Aug-2026,NTPC Korba,9411898.22,Cr,supply against T-26-08,31-Aug-2026
AV04292,Credit Note,4292,16-Sep-2026,NTPC Korba,137269.28,Dr,GCV shortfall 3154 vs 3200,16-Sep-2026
AV04293,Sales,4293,14-Aug-2026,NTPC Mouda,8282701.87,Cr,supply against T-26-12,14-Aug-2026
AV04294,Sales,4294,15-Aug-2026,NTPC Mouda,7223514.95,Cr,supply against T-26-12,15-Aug-2026
AV04295,Sales,4295,09-Aug-2026,NTPC North Karanpura,9674842.91,Cr,supply against T-26-16,09-Aug-2026
AV04296,Sales,4296,10-Aug-2026,NTPC North Karanpura,8684636.89,Cr,supply against T-26-16,10-Aug-2026
AV04297,Sales,4297,03-Aug-2026,NTPC Darlipali,10014897.38,Cr,supply against T-26-20,03-Aug-2026
AV04298,Sales,4298,15-Aug-2026,NTPC Darlipali,9338248.24,Cr,supply against T-26-20,15-Aug-2026
AV04299,Sales,4299,21-Aug-2026,NTPC Lara,9064924.8,Cr,supply against T-26-23,21-Aug-2026
AV04300,Sales,4300,25-Aug-2026,NTPC Lara,7981753.79,Cr,supply against T-26-23,25-Aug-2026
AV04301,Sales,4301,28-Aug-2026,Suratgarh STPS,5050144.02,Cr,supply against T-26-30,28-Aug-2026
AV04302,Credit Note,4302,05-Sep-2026,Suratgarh STPS,2811975.98,Dr,GCV shortfall 2655 vs 3100,05-Sep-2026
AV04303,Sales,4303,15-Aug-2026,Suratgarh STPS,8790336.31,Cr,supply against T-26-30,15-Aug-2026
AV04304,Credit Note,4304,02-Sep-2026,Suratgarh STPS,332543.69,Dr,GCV shortfall 2987 vs 3100,02-Sep-2026
AV04305,Sales,4305,20-Aug-2026,Jaipur Bottling,5600765.62,Cr,supply against C-26-38,20-Aug-2026
AV04306,Sales,4306,17-Aug-2026,Nagaur Cement,5012755.66,Cr,supply against C-26-34,17-Aug-2026
AV04307,Sales,4307,24-Aug-2026,Bhilwara Paper,4637600.0,Cr,supply against C-26-41,24-Aug-2026
AV04308,Receipt,4308,14-May-2023,NTPC Sipat,8497176.57,Cr,against bill,14-May-2023
AV04309,Receipt,4309,24-May-2023,NTPC Sipat,8919591.17,Cr,against bill,24-May-2023
AV04310,Receipt,4310,14-Jul-2023,Kota Textile,1713869.78,Cr,against bill,14-Jul-2023
AV04311,Receipt,4311,28-Jul-2023,Kota Textile,1655319.15,Cr,against bill,28-Jul-2023
AV04312,Receipt,4312,09-Oct-2023,Kota Textile,1109930.79,Cr,against bill,09-Oct-2023
AV04313,Receipt,4313,13-May-2023,NTPC Korba,8625826.7,Cr,against bill,13-May-2023
AV04314,Receipt,4314,07-Jun-2023,NTPC Korba,7476495.33,Cr,against bill,07-Jun-2023
AV04315,Receipt,4315,02-Jun-2023,NTPC Mouda,16023639.43,Cr,against bill,02-Jun-2023
AV04316,Receipt,4316,14-May-2023,NTPC North Karanpura,9372408.72,Cr,against bill,14-May-2023
AV04317,Receipt,4317,27-May-2023,NTPC North Karanpura,7252930.09,Cr,against bill,27-May-2023
AV04318,Receipt,4318,15-May-2023,NTPC Darlipali,6931076.4,Cr,against bill,15-May-2023
AV04319,Receipt,4319,04-Jun-2023,NTPC Darlipali,8295410.32,Cr,against bill,04-Jun-2023
AV04320,Receipt,4320,31-May-2023,NTPC Lara,7800371.82,Cr,against bill,31-May-2023
AV04321,Receipt,4321,01-Jun-2023,NTPC Lara,6621162.96,Cr,against bill,01-Jun-2023
AV04322,Receipt,4322,14-May-2023,NTPC Gadarwara,8218590.37,Cr,against bill,14-May-2023
AV04323,Receipt,4323,06-Jun-2023,NTPC Gadarwara,8191103.47,Cr,against bill,06-Jun-2023
AV04324,Receipt,4324,06-Jun-2023,Suratgarh STPS,13703596.85,Cr,against bill,06-Jun-2023
AV04325,Receipt,4325,28-Jun-2023,NTPC Sipat,8236043.76,Cr,against bill,28-Jun-2023
AV04326,Receipt,4326,11-Jun-2023,NTPC Sipat,8493795.03,Cr,against bill,11-Jun-2023
AV04327,Receipt,4327,05-Jul-2023,Kota Textile,4223987.14,Cr,against bill,05-Jul-2023
AV04328,Receipt,4328,30-Jun-2023,NTPC Korba,8428306.06,Cr,against bill,30-Jun-2023
AV04329,Receipt,4329,02-Jul-2023,NTPC Korba,7868608.27,Cr,against bill,02-Jul-2023
AV04330,Receipt,4330,12-Jun-2023,NTPC Mouda,7663919.94,Cr,against bill,12-Jun-2023
AV04331,Receipt,4331,15-Jun-2023,NTPC Mouda,7624948.29,Cr,against bill,15-Jun-2023
AV04332,Receipt,4332,14-Jun-2023,NTPC North Karanpura,8071262.32,Cr,against bill,14-Jun-2023
AV04333,Receipt,4333,10-Jul-2023,NTPC North Karanpura,6957662.43,Cr,against bill,10-Jul-2023
AV04334,Receipt,4334,22-Jun-2023,NTPC Darlipali,7521129.0,Cr,against bill,22-Jun-2023
AV04335,Receipt,4335,28-Jun-2023,NTPC Darlipali,6787952.97,Cr,against bill,28-Jun-2023
AV04336,Receipt,4336,15-Jun-2023,NTPC Lara,15217160.95,Cr,against bill,15-Jun-2023
AV04337,Receipt,4337,28-Jun-2023,NTPC Gadarwara,7158583.36,Cr,against bill,28-Jun-2023
AV04338,Receipt,4338,02-Jul-2023,NTPC Gadarwara,7726900.23,Cr,against bill,02-Jul-2023
AV04339,Receipt,4339,24-Jun-2023,Suratgarh STPS,6935530.55,Cr,against bill,24-Jun-2023
AV04340,Receipt,4340,29-Jun-2023,Suratgarh STPS,6048976.93,Cr,against bill,29-Jun-2023
AV04341,Receipt,4341,27-Jul-2023,NTPC Sipat,15422972.03,Cr,against bill,27-Jul-2023
AV04342,Receipt,4342,21-Sep-2023,Kota Textile,4318698.85,Cr,against bill,21-Sep-2023
AV04343,Receipt,4343,18-Jul-2023,NTPC Korba,7184563.08,Cr,against bill,18-Jul-2023
AV04344,Receipt,4344,25-Jul-2023,NTPC Korba,7127667.4,Cr,against bill,25-Jul-2023
AV04345,Receipt,4345,23-Jul-2023,NTPC Mouda,7552195.39,Cr,against bill,23-Jul-2023
AV04346,Receipt,4346,09-Jul-2023,NTPC Mouda,6922406.21,Cr,against bill,09-Jul-2023
AV04347,Receipt,4347,08-Jul-2023,NTPC North Karanpura,8425776.9,Cr,against bill,08-Jul-2023
AV04348,Receipt,4348,21-Jul-2023,NTPC North Karanpura,6715985.62,Cr,against bill,21-Jul-2023
AV04349,Receipt,4349,13-Jul-2023,NTPC Darlipali,4937695.0,Cr,against bill,13-Jul-2023
AV04350,Receipt,4350,26-Jul-2023,NTPC Darlipali,7851913.28,Cr,against bill,26-Jul-2023
AV04351,Receipt,4351,01-Aug-2023,NTPC Lara,14030782.12,Cr,against bill,01-Aug-2023
AV04352,Receipt,4352,26-Jul-2023,NTPC Gadarwara,6602544.63,Cr,against bill,26-Jul-2023
AV04353,Receipt,4353,29-Jul-2023,NTPC Gadarwara,8796967.69,Cr,against bill,29-Jul-2023
AV04354,Receipt,4354,15-Jul-2023,Suratgarh STPS,13108309.41,Cr,against bill,15-Jul-2023
AV04355,Receipt,4355,01-Aug-2023,Jaipur Bottling,4452597.63,Cr,against bill,01-Aug-2023
AV04356,Receipt,4356,02-Oct-2023,Nagaur Cement,5278182.12,Cr,against bill,02-Oct-2023
AV04357,Receipt,4357,06-Sep-2023,NTPC Sipat,9251733.4,Cr,against bill,06-Sep-2023
AV04358,Receipt,4358,18-Aug-2023,NTPC Sipat,7826771.53,Cr,against bill,18-Aug-2023
AV04359,Receipt,4359,17-Sep-2023,Kota Textile,2874910.96,Cr,against bill,17-Sep-2023
AV04360,Receipt,4360,30-Aug-2023,NTPC Korba,8389583.87,Cr,against bill,30-Aug-2023
AV04361,Receipt,4361,26-Aug-2023,NTPC Korba,7711106.59,Cr,against bill,26-Aug-2023
AV04362,Receipt,4362,19-Aug-2023,NTPC Mouda,7192228.39,Cr,against bill,19-Aug-2023
AV04363,Receipt,4363,19-Aug-2023,NTPC Mouda,7521410.03,Cr,against bill,19-Aug-2023
AV04364,Receipt,4364,01-Sep-2023,NTPC North Karanpura,14583135.83,Cr,against bill,01-Sep-2023
AV04365,Receipt,4365,02-Sep-2023,NTPC Darlipali,5972123.71,Cr,against bill,02-Sep-2023
AV04366,Receipt,4366,03-Aug-2023,NTPC Darlipali,7754601.02,Cr,against bill,03-Aug-2023
AV04367,Receipt,4367,22-Aug-2023,NTPC Lara,6897581.11,Cr,against bill,22-Aug-2023
AV04368,Receipt,4368,11-Aug-2023,NTPC Lara,8911517.72,Cr,against bill,11-Aug-2023
AV04369,Receipt,4369,31-Jul-2023,NTPC Gadarwara,8020860.91,Cr,against bill,31-Jul-2023
AV04370,Receipt,4370,11-Aug-2023,NTPC Gadarwara,8442077.51,Cr,against bill,11-Aug-2023
AV04371,Receipt,4371,30-Aug-2023,Suratgarh STPS,13248142.03,Cr,against bill,30-Aug-2023
AV04372,Receipt,4372,04-Oct-2023,Jaipur Bottling,4097052.03,Cr,against bill,04-Oct-2023
AV04373,Receipt,4373,25-Oct-2023,Nagaur Cement,3192173.79,Cr,against bill,25-Oct-2023
AV04374,Receipt,4374,03-Nov-2023,Nagaur Cement,2588616.84,Cr,against bill,03-Nov-2023
AV04375,Receipt,4375,31-Oct-2023,Bhilwara Paper,3821119.5,Cr,against bill,31-Oct-2023
AV04376,Receipt,4376,22-Sep-2023,NTPC Sipat,8755510.19,Cr,against bill,22-Sep-2023
AV04377,Receipt,4377,28-Sep-2023,NTPC Sipat,7465793.24,Cr,against bill,28-Sep-2023
AV04378,Receipt,4378,03-Oct-2023,NTPC Korba,8879319.68,Cr,against bill,03-Oct-2023
AV04379,Receipt,4379,27-Sep-2023,NTPC Korba,8234098.34,Cr,against bill,27-Sep-2023
AV04380,Receipt,4380,26-Sep-2023,NTPC Mouda,8242403.7,Cr,against bill,26-Sep-2023
AV04381,Receipt,4381,29-Aug-2023,NTPC Mouda,6999755.44,Cr,against bill,29-Aug-2023
AV04382,Receipt,4382,02-Oct-2023,NTPC North Karanpura,7245495.86,Cr,against bill,02-Oct-2023
AV04383,Receipt,4383,07-Sep-2023,NTPC North Karanpura,8446355.19,Cr,against bill,07-Sep-2023
AV04384,Receipt,4384,03-Sep-2023,NTPC Darlipali,6979712.36,Cr,against bill,03-Sep-2023
AV04385,Receipt,4385,04-Sep-2023,NTPC Darlipali,6814283.73,Cr,against bill,04-Sep-2023
AV04386,Receipt,4386,30-Aug-2023,NTPC Lara,7904138.19,Cr,against bill,30-Aug-2023
AV04387,Receipt,4387,29-Sep-2023,NTPC Lara,7291604.1,Cr,against bill,29-Sep-2023
AV04388,Receipt,4388,03-Oct-2023,NTPC Gadarwara,7871478.56,Cr,against bill,03-Oct-2023
AV04389,Receipt,4389,28-Sep-2023,NTPC Gadarwara,8321037.66,Cr,against bill,28-Sep-2023
AV04390,Receipt,4390,22-Sep-2023,Suratgarh STPS,12880582.0,Cr,against bill,22-Sep-2023
AV04391,Receipt,4391,13-Oct-2023,NTPC Sipat,17005907.62,Cr,against bill,13-Oct-2023
AV04392,Receipt,4392,08-Nov-2023,NTPC Korba,7962724.54,Cr,against bill,08-Nov-2023
AV04393,Receipt,4393,01-Oct-2023,NTPC Korba,7549213.81,Cr,against bill,01-Oct-2023
AV04394,Receipt,4394,21-Oct-2023,NTPC Mouda,8190464.19,Cr,against bill,21-Oct-2023
AV04395,Receipt,4395,19-Oct-2023,NTPC Mouda,6585640.44,Cr,against bill,19-Oct-2023
AV04396,Receipt,4396,08-Oct-2023,NTPC North Karanpura,7557763.84,Cr,against bill,08-Oct-2023
AV04397,Receipt,4397,30-Oct-2023,NTPC North Karanpura,9061193.99,Cr,against bill,30-Oct-2023
AV04398,Receipt,4398,17-Oct-2023,NTPC Darlipali,8207949.61,Cr,against bill,17-Oct-2023
AV04399,Receipt,4399,05-Oct-2023,NTPC Darlipali,7733637.45,Cr,against bill,05-Oct-2023
AV04400,Receipt,4400,23-Oct-2023,NTPC Lara,7148324.08,Cr,against bill,23-Oct-2023
AV04401,Receipt,4401,31-Oct-2023,NTPC Lara,7796599.57,Cr,against bill,31-Oct-2023
AV04402,Receipt,4402,26-Oct-2023,NTPC Gadarwara,8153733.17,Cr,against bill,26-Oct-2023
AV04403,Receipt,4403,17-Oct-2023,NTPC Gadarwara,7048644.3,Cr,against bill,17-Oct-2023
AV04404,Receipt,4404,24-Oct-2023,Suratgarh STPS,8282340.78,Cr,against bill,24-Oct-2023
AV04405,Receipt,4405,18-Dec-2023,Jaipur Bottling,1085829.29,Cr,against bill,18-Dec-2023
AV04406,Receipt,4406,18-Feb-2024,Jaipur Bottling,1248520.35,Cr,against bill,18-Feb-2024
AV04407,Receipt,4407,02-Mar-2024,Jaipur Bottling,1657524.34,Cr,against bill,02-Mar-2024
AV04408,Receipt,4408,04-Jan-2024,Nagaur Cement,5190842.26,Cr,against bill,04-Jan-2024
AV04409,Receipt,4409,14-Dec-2023,Bhilwara Paper,3828513.33,Cr,against bill,14-Dec-2023
AV04410,Receipt,4410,25-Nov-2023,NTPC Sipat,7171789.91,Cr,against bill,25-Nov-2023
AV04411,Receipt,4411,22-Nov-2023,NTPC Sipat,8154633.14,Cr,against bill,22-Nov-2023
AV04412,Receipt,4412,24-Jan-2024,Kota Textile,4613554.0,Cr,against bill,24-Jan-2024
AV04413,Receipt,4413,22-Nov-2023,NTPC Korba,7824856.47,Cr,against bill,22-Nov-2023
AV04414,Receipt,4414,25-Nov-2023,NTPC Korba,7298709.48,Cr,against bill,25-Nov-2023
AV04415,Receipt,4415,30-Nov-2023,NTPC Mouda,14001391.71,Cr,against bill,30-Nov-2023
AV04416,Receipt,4416,27-Nov-2023,NTPC North Karanpura,13531140.31,Cr,against bill,27-Nov-2023
AV04417,Receipt,4417,30-Nov-2023,NTPC Darlipali,5840871.56,Cr,against bill,30-Nov-2023
AV04418,Receipt,4418,13-Nov-2023,NTPC Darlipali,8282578.78,Cr,against bill,13-Nov-2023
AV04419,Receipt,4419,25-Nov-2023,NTPC Lara,7499930.9,Cr,against bill,25-Nov-2023
AV04420,Receipt,4420,08-Nov-2023,NTPC Lara,6995668.41,Cr,against bill,08-Nov-2023
AV04421,Receipt,4421,04-Dec-2023,NTPC Gadarwara,8163426.65,Cr,against bill,04-Dec-2023
AV04422,Receipt,4422,26-Oct-2023,NTPC Gadarwara,7890575.71,Cr,against bill,26-Oct-2023
AV04423,Receipt,4423,23-Nov-2023,Suratgarh STPS,13068357.23,Cr,against bill,23-Nov-2023
AV04424,Receipt,4424,11-Dec-2023,Jaipur Bottling,1181357.65,Cr,against bill,11-Dec-2023
AV04425,Receipt,4425,12-Jan-2024,Jaipur Bottling,1039849.9,Cr,against bill,12-Jan-2024
AV04426,Receipt,4426,15-Feb-2024,Jaipur Bottling,1496714.29,Cr,against bill,15-Feb-2024
AV04427,Receipt,4427,13-Jan-2024,Nagaur Cement,4685199.21,Cr,against bill,13-Jan-2024
AV04428,Receipt,4428,21-Jan-2024,Bhilwara Paper,1177757.25,Cr,against bill,21-Jan-2024
AV04429,Receipt,4429,16-Mar-2024,Bhilwara Paper,1323642.55,Cr,against bill,16-Mar-2024
AV04430,Receipt,4430,20-Apr-2024,Bhilwara Paper,1750393.53,Cr,against bill,20-Apr-2024
AV04431,Receipt,4431,17-Dec-2023,NTPC Sipat,9181314.04,Cr,against bill,17-Dec-2023
AV04432,Receipt,4432,03-Jan-2024,NTPC Sipat,7400869.53,Cr,against bill,03-Jan-2024
AV04433,Receipt,4433,02-Jan-2024,NTPC Korba,8145078.79,Cr,against bill,02-Jan-2024
AV04434,Receipt,4434,12-Dec-2023,NTPC Korba,8228135.0,Cr,against bill,12-Dec-2023
AV04435,Receipt,4435,28-Dec-2023,NTPC Mouda,6996495.17,Cr,against bill,28-Dec-2023
AV04436,Receipt,4436,16-Dec-2023,NTPC Mouda,8197446.02,Cr,against bill,16-Dec-2023
AV04437,Receipt,4437,30-Dec-2023,NTPC North Karanpura,14541163.26,Cr,against bill,30-Dec-2023
AV04438,Receipt,4438,28-Dec-2023,NTPC Darlipali,4381463.39,Cr,against bill,28-Dec-2023
AV04439,Receipt,4439,24-Dec-2023,NTPC Darlipali,8134575.2,Cr,against bill,24-Dec-2023
AV04440,Receipt,4440,02-Jan-2024,NTPC Lara,15481440.29,Cr,against bill,02-Jan-2024
AV04441,Receipt,4441,19-Dec-2023,NTPC Gadarwara,8644895.3,Cr,against bill,19-Dec-2023
AV04442,Receipt,4442,07-Dec-2023,NTPC Gadarwara,7569646.34,Cr,against bill,07-Dec-2023
AV04443,Receipt,4443,26-Dec-2023,Suratgarh STPS,7073295.52,Cr,against bill,26-Dec-2023
AV04444,Receipt,4444,17-Dec-2023,Suratgarh STPS,5955526.06,Cr,against bill,17-Dec-2023
AV04445,Receipt,4445,17-Mar-2024,Jaipur Bottling,3848782.91,Cr,against bill,17-Mar-2024
AV04446,Receipt,4446,21-Feb-2024,Nagaur Cement,5130346.18,Cr,against bill,21-Feb-2024
AV04447,Receipt,4447,30-Jan-2024,Bhilwara Paper,2793037.5,Cr,against bill,30-Jan-2024
AV04448,Receipt,4448,22-Jan-2024,NTPC Sipat,7888308.59,Cr,against bill,22-Jan-2024
AV04449,Receipt,4449,13-Jan-2024,NTPC Sipat,7889587.78,Cr,against bill,13-Jan-2024
AV04450,Receipt,4450,20-Feb-2024,Kota Textile,1554860.81,Cr,against bill,20-Feb-2024
AV04451,Receipt,4451,13-Mar-2024,Kota Textile,1361210.77,Cr,against bill,13-Mar-2024
AV04452,Receipt,4452,31-Jan-2024,NTPC Korba,7163053.15,Cr,against bill,31-Jan-2024
AV04453,Receipt,4453,23-Jan-2024,NTPC Korba,7283620.03,Cr,against bill,23-Jan-2024
AV04454,Receipt,4454,31-Jan-2024,NTPC Mouda,6635017.42,Cr,against bill,31-Jan-2024
AV04455,Receipt,4455,22-Jan-2024,NTPC Mouda,8201693.18,Cr,against bill,22-Jan-2024
AV04456,Receipt,4456,09-Jan-2024,NTPC North Karanpura,8277155.67,Cr,against bill,09-Jan-2024
AV04457,Receipt,4457,31-Jan-2024,NTPC North Karanpura,6834224.91,Cr,against bill,31-Jan-2024
AV04458,Receipt,4458,13-Jan-2024,NTPC Darlipali,6802727.67,Cr,against bill,13-Jan-2024
AV04459,Receipt,4459,06-Feb-2024,NTPC Darlipali,8249838.86,Cr,against bill,06-Feb-2024
AV04460,Receipt,4460,13-Jan-2024,NTPC Lara,9634376.58,Cr,against bill,13-Jan-2024
AV04461,Receipt,4461,04-Feb-2024,NTPC Gadarwara,7664413.03,Cr,against bill,04-Feb-2024
AV04462,Receipt,4462,28-Jan-2024,NTPC Gadarwara,7116803.73,Cr,against bill,28-Jan-2024
AV04463,Receipt,4463,10-Jan-2024,Suratgarh STPS,12285294.56,Cr,against bill,10-Jan-2024
AV04464,Receipt,4464,20-Feb-2024,Jaipur Bottling,3980866.97,Cr,against bill,20-Feb-2024
AV04465,Receipt,4465,05-Apr-2024,Bhilwara Paper,1568075.98,Cr,against bill,05-Apr-2024
AV04466,Receipt,4466,08-May-2024,Bhilwara Paper,1379466.12,Cr,against bill,08-May-2024
AV04467,Receipt,4467,29-Jun-2024,Bhilwara Paper,1206571.23,Cr,against bill,29-Jun-2024
AV04468,Receipt,4468,15-Feb-2024,NTPC Sipat,8214120.09,Cr,against bill,15-Feb-2024
AV04469,Receipt,4469,08-Feb-2024,NTPC Sipat,7732349.72,Cr,against bill,08-Feb-2024
AV04470,Receipt,4470,04-May-2024,Kota Textile,2917225.95,Cr,against bill,04-May-2024
AV04471,Receipt,4471,28-Feb-2024,NTPC Korba,8794995.58,Cr,against bill,28-Feb-2024
AV04472,Receipt,4472,19-Feb-2024,NTPC Korba,8956180.34,Cr,against bill,19-Feb-2024
AV04473,Receipt,4473,26-Feb-2024,NTPC Mouda,6865138.0,Cr,against bill,26-Feb-2024
AV04474,Receipt,4474,15-Feb-2024,NTPC Mouda,8079107.17,Cr,against bill,15-Feb-2024
AV04475,Receipt,4475,26-Jan-2024,NTPC North Karanpura,8190663.41,Cr,against bill,26-Jan-2024
AV04476,Receipt,4476,23-Feb-2024,NTPC North Karanpura,7400225.7,Cr,against bill,23-Feb-2024
AV04477,Receipt,4477,10-Mar-2024,NTPC Darlipali,16870246.9,Cr,against bill,10-Mar-2024
AV04478,Receipt,4478,23-Feb-2024,NTPC Lara,14299405.19,Cr,against bill,23-Feb-2024
AV04479,Receipt,4479,27-Jan-2024,NTPC Gadarwara,6645074.38,Cr,against bill,27-Jan-2024
AV04480,Receipt,4480,21-Feb-2024,NTPC Gadarwara,9905218.45,Cr,against bill,21-Feb-2024
AV04481,Receipt,4481,28-Feb-2024,Suratgarh STPS,13076131.15,Cr,against bill,28-Feb-2024
AV04482,Receipt,4482,05-Mar-2024,Jaipur Bottling,3661663.81,Cr,against bill,05-Mar-2024
AV04483,Receipt,4483,06-May-2024,Nagaur Cement,5179880.14,Cr,against bill,06-May-2024
AV04484,Receipt,4484,14-May-2024,Bhilwara Paper,1584936.83,Cr,against bill,14-May-2024
AV04485,Receipt,4485,11-May-2024,Bhilwara Paper,1524048.55,Cr,against bill,11-May-2024
AV04486,Receipt,4486,28-May-2024,Bhilwara Paper,1599407.69,Cr,against bill,28-May-2024
AV04487,Receipt,4487,28-Mar-2024,NTPC Sipat,8212746.41,Cr,against bill,28-Mar-2024
AV04488,Receipt,4488,29-Mar-2024,NTPC Sipat,8841995.06,Cr,against bill,29-Mar-2024
AV04489,Receipt,4489,05-May-2024,Kota Textile,4287314.82,Cr,against bill,05-May-2024
AV04490,Receipt,4490,13-Mar-2024,NTPC Korba,6658440.81,Cr,against bill,13-Mar-2024
AV04491,Receipt,4491,14-Apr-2024,NTPC Korba,8207209.06,Cr,against bill,14-Apr-2024
AV04492,Receipt,4492,25-Mar-2024,NTPC Mouda,7143393.43,Cr,against bill,25-Mar-2024
AV04493,Receipt,4493,03-Apr-2024,NTPC Mouda,8277163.54,Cr,against bill,03-Apr-2024
AV04494,Receipt,4494,01-Apr-2024,NTPC North Karanpura,6869364.04,Cr,against bill,01-Apr-2024
AV04495,Receipt,4495,27-Mar-2024,NTPC North Karanpura,7622255.3,Cr,against bill,27-Mar-2024
AV04496,Receipt,4496,03-Apr-2024,NTPC Darlipali,7655775.8,Cr,against bill,03-Apr-2024
AV04497,Receipt,4497,29-Mar-2024,NTPC Darlipali,6658047.31,Cr,against bill,29-Mar-2024
AV04498,Receipt,4498,06-Mar-2024,NTPC Lara,12933395.75,Cr,against bill,06-Mar-2024
AV04499,Receipt,4499,25-Feb-2024,NTPC Gadarwara,16407543.75,Cr,against bill,25-Feb-2024
AV04500,Receipt,4500,25-Mar-2024,Suratgarh STPS,12442517.35,Cr,against bill,25-Mar-2024
AV04501,Receipt,4501,19-May-2024,Jaipur Bottling,1351367.73,Cr,against bill,19-May-2024
AV04502,Receipt,4502,15-Jun-2024,Jaipur Bottling,1249075.39,Cr,against bill,15-Jun-2024
AV04503,Receipt,4503,13-Jul-2024,Jaipur Bottling,1255878.79,Cr,against bill,13-Jul-2024
AV04504,Receipt,4504,20-May-2024,Bhilwara Paper,4205246.1,Cr,against bill,20-May-2024
AV04505,Receipt,4505,18-Apr-2024,NTPC Sipat,9070314.74,Cr,against bill,18-Apr-2024
AV04506,Receipt,4506,26-Apr-2024,NTPC Sipat,6971967.5,Cr,against bill,26-Apr-2024
AV04507,Receipt,4507,28-Apr-2024,NTPC Korba,7775617.29,Cr,against bill,28-Apr-2024
AV04508,Receipt,4508,25-Apr-2024,NTPC Korba,7649357.29,Cr,against bill,25-Apr-2024
AV04509,Receipt,4509,10-May-2024,NTPC Mouda,16885173.67,Cr,against bill,10-May-2024
AV04510,Receipt,4510,17-Apr-2024,NTPC North Karanpura,15786349.47,Cr,against bill,17-Apr-2024
AV04511,Receipt,4511,04-May-2024,NTPC Darlipali,8677237.73,Cr,against bill,04-May-2024
AV04512,Receipt,4512,10-May-2024,NTPC Darlipali,6768546.16,Cr,against bill,10-May-2024
AV04513,Receipt,4513,14-May-2024,NTPC Lara,16143747.9,Cr,against bill,14-May-2024
AV04514,Receipt,4514,11-Apr-2024,NTPC Gadarwara,16867152.66,Cr,against bill,11-Apr-2024
AV04515,Receipt,4515,14-Apr-2024,Suratgarh STPS,6590919.48,Cr,against bill,14-Apr-2024
AV04516,Receipt,4516,11-May-2024,Suratgarh STPS,6085984.39,Cr,against bill,11-May-2024
AV04517,Receipt,4517,16-Jun-2024,Jaipur Bottling,4138634.05,Cr,against bill,16-Jun-2024
AV04518,Receipt,4518,01-Jul-2024,Nagaur Cement,4786672.22,Cr,against bill,01-Jul-2024
AV04519,Receipt,4519,11-May-2024,Bhilwara Paper,2458765.7,Cr,against bill,11-May-2024
AV04520,Receipt,4520,13-Aug-2024,Bhilwara Paper,1669570.97,Cr,against bill,13-Aug-2024
AV04521,Receipt,4521,15-Aug-2024,Jaipur Bottling,1577680.08,Cr,against bill,15-Aug-2024
AV04522,Receipt,4522,30-Jul-2024,Jaipur Bottling,1555953.52,Cr,against bill,30-Jul-2024
AV04523,Receipt,4523,02-Sep-2024,Jaipur Bottling,1043947.07,Cr,against bill,02-Sep-2024
AV04524,Receipt,4524,31-May-2024,Nagaur Cement,4567143.97,Cr,against bill,31-May-2024
AV04525,Receipt,4525,23-Jul-2024,Bhilwara Paper,4249432.73,Cr,against bill,23-Jul-2024
AV04526,Receipt,4526,31-May-2024,NTPC Sipat,8768141.03,Cr,against bill,31-May-2024
AV04527,Receipt,4527,01-Jun-2024,NTPC Sipat,9606197.0,Cr,against bill,01-Jun-2024
AV04528,Receipt,4528,14-Jul-2024,Kota Textile,1004938.38,Cr,against bill,14-Jul-2024
AV04529,Receipt,4529,01-Sep-2024,Kota Textile,1350206.43,Cr,against bill,01-Sep-2024
AV04530,Receipt,4530,15-Aug-2024,Kota Textile,1387359.37,Cr,against bill,15-Aug-2024
AV04531,Receipt,4531,26-May-2024,NTPC Korba,8971863.86,Cr,against bill,26-May-2024
AV04532,Receipt,4532,08-May-2024,NTPC Korba,7118395.66,Cr,against bill,08-May-2024
AV04533,Receipt,4533,06-May-2024,NTPC Mouda,7740228.68,Cr,against bill,06-May-2024
AV04534,Receipt,4534,04-Jun-2024,NTPC Mouda,8653397.29,Cr,against bill,04-Jun-2024
AV04535,Receipt,4535,26-May-2024,NTPC North Karanpura,7513590.17,Cr,against bill,26-May-2024
AV04536,Receipt,4536,20-May-2024,NTPC North Karanpura,6529206.54,Cr,against bill,20-May-2024
AV04537,Receipt,4537,25-May-2024,NTPC Darlipali,7934666.44,Cr,against bill,25-May-2024
AV04538,Receipt,4538,28-May-2024,NTPC Darlipali,4719047.85,Cr,against bill,28-May-2024
AV04539,Receipt,4539,22-May-2024,NTPC Gadarwara,13165165.24,Cr,against bill,22-May-2024
AV04540,Receipt,4540,20-May-2024,Suratgarh STPS,15009136.59,Cr,against bill,20-May-2024
AV04541,Receipt,4541,30-Aug-2024,Jaipur Bottling,4753169.26,Cr,against bill,30-Aug-2024
AV04542,Receipt,4542,09-Jul-2024,Nagaur Cement,2304718.28,Cr,against bill,09-Jul-2024
AV04543,Receipt,4543,03-Aug-2024,Nagaur Cement,2653189.65,Cr,against bill,03-Aug-2024
AV04544,Receipt,4544,26-Jul-2024,Bhilwara Paper,3843436.67,Cr,against bill,26-Jul-2024
AV04545,Receipt,4545,14-Jun-2024,NTPC Sipat,9604173.87,Cr,against bill,14-Jun-2024
AV04546,Receipt,4546,01-Jul-2024,NTPC Sipat,10403856.35,Cr,against bill,01-Jul-2024
AV04547,Receipt,4547,12-Jul-2024,Kota Textile,3897732.12,Cr,against bill,12-Jul-2024
AV04548,Receipt,4548,12-Jul-2024,NTPC Korba,7513802.76,Cr,against bill,12-Jul-2024
AV04549,Receipt,4549,30-Jun-2024,NTPC Korba,6906756.78,Cr,against bill,30-Jun-2024
AV04550,Receipt,4550,27-Jun-2024,NTPC Mouda,7567835.39,Cr,against bill,27-Jun-2024
AV04551,Receipt,4551,17-Jun-2024,NTPC Mouda,8264648.35,Cr,against bill,17-Jun-2024
AV04552,Receipt,4552,15-Jun-2024,NTPC North Karanpura,14278067.02,Cr,against bill,15-Jun-2024
AV04553,Receipt,4553,16-Jun-2024,NTPC Darlipali,15260014.47,Cr,against bill,16-Jun-2024
AV04554,Receipt,4554,25-Jun-2024,NTPC Gadarwara,6440691.65,Cr,against bill,25-Jun-2024
AV04555,Receipt,4555,04-Jul-2024,NTPC Gadarwara,8578351.38,Cr,against bill,04-Jul-2024
AV04556,Receipt,4556,06-Jul-2024,Suratgarh STPS,6970263.98,Cr,against bill,06-Jul-2024
AV04557,Receipt,4557,16-Jun-2024,Suratgarh STPS,7756129.08,Cr,against bill,16-Jun-2024
AV04558,Receipt,4558,27-Sep-2024,Bhilwara Paper,1029428.38,Cr,against bill,27-Sep-2024
AV04559,Receipt,4559,28-Oct-2024,Bhilwara Paper,787017.17,Cr,against bill,28-Oct-2024
AV04560,Receipt,4560,10-Dec-2024,Bhilwara Paper,852965.7,Cr,against bill,10-Dec-2024
AV04561,Receipt,4561,25-Jul-2024,NTPC Sipat,9240693.9,Cr,against bill,25-Jul-2024
AV04562,Receipt,4562,03-Aug-2024,NTPC Sipat,9546770.31,Cr,against bill,03-Aug-2024
AV04563,Receipt,4563,04-Aug-2024,Kota Textile,4007718.86,Cr,against bill,04-Aug-2024
AV04564,Receipt,4564,05-Jul-2024,NTPC Korba,7429785.78,Cr,against bill,05-Jul-2024
AV04565,Receipt,4565,27-Jul-2024,NTPC Korba,7460818.75,Cr,against bill,27-Jul-2024
AV04566,Receipt,4566,31-Jul-2024,NTPC Mouda,7784916.93,Cr,against bill,31-Jul-2024
AV04567,Receipt,4567,29-Jun-2024,NTPC Mouda,7367405.57,Cr,against bill,29-Jun-2024
AV04568,Receipt,4568,24-Jul-2024,NTPC North Karanpura,7046247.25,Cr,against bill,24-Jul-2024
AV04569,Receipt,4569,10-Jul-2024,NTPC North Karanpura,7005731.36,Cr,against bill,10-Jul-2024
AV04570,Receipt,4570,16-Jul-2024,NTPC Darlipali,7897315.32,Cr,against bill,16-Jul-2024
AV04571,Receipt,4571,12-Aug-2024,NTPC Darlipali,8660952.6,Cr,against bill,12-Aug-2024
AV04572,Receipt,4572,30-Jul-2024,NTPC Gadarwara,15008262.99,Cr,against bill,30-Jul-2024
AV04573,Receipt,4573,15-Jul-2024,Suratgarh STPS,7427697.91,Cr,against bill,15-Jul-2024
AV04574,Receipt,4574,30-Jun-2024,Suratgarh STPS,5921778.28,Cr,against bill,30-Jun-2024
AV04575,Receipt,4575,07-Sep-2024,Jaipur Bottling,5700236.82,Cr,against bill,07-Sep-2024
AV04576,Receipt,4576,09-Oct-2024,Nagaur Cement,3381616.37,Cr,against bill,09-Oct-2024
AV04577,Receipt,4577,07-Sep-2024,NTPC Sipat,9075490.43,Cr,against bill,07-Sep-2024
AV04578,Receipt,4578,10-Aug-2024,NTPC Sipat,8656622.16,Cr,against bill,10-Aug-2024
AV04579,Receipt,4579,07-Oct-2024,Kota Textile,1192967.65,Cr,against bill,07-Oct-2024
AV04580,Receipt,4580,17-Nov-2024,Kota Textile,1343946.74,Cr,against bill,17-Nov-2024
AV04581,Receipt,4581,16-Jan-2025,Kota Textile,1416021.54,Cr,against bill,16-Jan-2025
AV04582,Receipt,4582,27-Aug-2024,NTPC Korba,7397944.4,Cr,against bill,27-Aug-2024
AV04583,Receipt,4583,16-Aug-2024,NTPC Korba,9229363.27,Cr,against bill,16-Aug-2024
AV04584,Receipt,4584,26-Aug-2024,NTPC Mouda,14120859.38,Cr,against bill,26-Aug-2024
AV04585,Receipt,4585,05-Sep-2024,NTPC North Karanpura,7405130.51,Cr,against bill,05-Sep-2024
AV04586,Receipt,4586,24-Aug-2024,NTPC North Karanpura,6192589.0,Cr,against bill,24-Aug-2024
AV04587,Receipt,4587,24-Jul-2024,NTPC Darlipali,6789026.16,Cr,against bill,24-Jul-2024
AV04588,Receipt,4588,05-Aug-2024,NTPC Darlipali,8886925.13,Cr,against bill,05-Aug-2024
AV04589,Receipt,4589,24-Aug-2024,NTPC Gadarwara,13895148.61,Cr,against bill,24-Aug-2024
AV04590,Receipt,4590,17-Aug-2024,Suratgarh STPS,6584276.84,Cr,against bill,17-Aug-2024
AV04591,Receipt,4591,06-Sep-2024,Suratgarh STPS,6912796.7,Cr,against bill,06-Sep-2024
AV04592,Receipt,4592,09-Oct-2024,Jaipur Bottling,4960327.13,Cr,against bill,09-Oct-2024
AV04593,Receipt,4593,26-Oct-2024,Nagaur Cement,3841869.88,Cr,against bill,26-Oct-2024
AV04594,Receipt,4594,06-Oct-2024,Bhilwara Paper,3454571.83,Cr,against bill,06-Oct-2024
AV04595,Receipt,4595,08-Sep-2024,NTPC Sipat,9219118.45,Cr,against bill,08-Sep-2024
AV04596,Receipt,4596,21-Sep-2024,NTPC Sipat,9647983.59,Cr,against bill,21-Sep-2024
AV04597,Receipt,4597,29-Sep-2024,NTPC Korba,8206978.4,Cr,against bill,29-Sep-2024
AV04598,Receipt,4598,10-Sep-2024,NTPC Korba,7214345.6,Cr,against bill,10-Sep-2024
AV04599,Receipt,4599,09-Sep-2024,NTPC Mouda,13442871.09,Cr,against bill,09-Sep-2024
AV04600,Receipt,4600,16-Sep-2024,NTPC North Karanpura,7512194.46,Cr,against bill,16-Sep-2024
AV04601,Receipt,4601,30-Sep-2024,NTPC North Karanpura,7027965.18,Cr,against bill,30-Sep-2024
AV04602,Receipt,4602,28-Sep-2024,NTPC Darlipali,7256284.08,Cr,against bill,28-Sep-2024
AV04603,Receipt,4603,24-Sep-2024,NTPC Darlipali,7722908.32,Cr,against bill,24-Sep-2024
AV04604,Receipt,4604,25-Sep-2024,NTPC Gadarwara,6931491.44,Cr,against bill,25-Sep-2024
AV04605,Receipt,4605,06-Oct-2024,NTPC Gadarwara,7014156.98,Cr,against bill,06-Oct-2024
AV04606,Receipt,4606,19-Sep-2024,Suratgarh STPS,6928295.08,Cr,against bill,19-Sep-2024
AV04607,Receipt,4607,19-Sep-2024,Suratgarh STPS,6960409.08,Cr,against bill,19-Sep-2024
AV04608,Receipt,4608,04-Nov-2024,Jaipur Bottling,4725355.73,Cr,against bill,04-Nov-2024
AV04609,Receipt,4609,04-Nov-2024,Nagaur Cement,3550527.14,Cr,against bill,04-Nov-2024
AV04610,Receipt,4610,28-Oct-2024,Bhilwara Paper,5407174.56,Cr,against bill,28-Oct-2024
AV04611,Receipt,4611,28-Oct-2024,NTPC Sipat,9360908.69,Cr,against bill,28-Oct-2024
AV04612,Receipt,4612,26-Oct-2024,NTPC Sipat,8634243.17,Cr,against bill,26-Oct-2024
AV04613,Receipt,4613,15-Nov-2024,Kota Textile,4127845.08,Cr,against bill,15-Nov-2024
AV04614,Receipt,4614,06-Nov-2024,NTPC Korba,8016725.06,Cr,against bill,06-Nov-2024
AV04615,Receipt,4615,17-Oct-2024,NTPC Korba,7874962.77,Cr,against bill,17-Oct-2024
AV04616,Receipt,4616,01-Nov-2024,NTPC Mouda,6489130.52,Cr,against bill,01-Nov-2024
AV04617,Receipt,4617,23-Oct-2024,NTPC Mouda,8412259.14,Cr,against bill,23-Oct-2024
AV04618,Receipt,4618,09-Oct-2024,NTPC North Karanpura,6785244.6,Cr,against bill,09-Oct-2024
AV04619,Receipt,4619,11-Oct-2024,NTPC North Karanpura,7313277.6,Cr,against bill,11-Oct-2024
AV04620,Receipt,4620,07-Nov-2024,NTPC Darlipali,16958322.38,Cr,against bill,07-Nov-2024
AV04621,Receipt,4621,30-Oct-2024,NTPC Gadarwara,13033598.47,Cr,against bill,30-Oct-2024
AV04622,Receipt,4622,08-Oct-2024,Suratgarh STPS,16326127.46,Cr,against bill,08-Oct-2024
AV04623,Receipt,4623,02-Jan-2025,Jaipur Bottling,5407081.78,Cr,against bill,02-Jan-2025
AV04624,Receipt,4624,04-Dec-2024,Nagaur Cement,3183231.23,Cr,against bill,04-Dec-2024
AV04625,Receipt,4625,23-Nov-2024,Bhilwara Paper,1087498.42,Cr,against bill,23-Nov-2024
AV04626,Receipt,4626,16-Dec-2024,Bhilwara Paper,1287885.03,Cr,against bill,16-Dec-2024
AV04627,Receipt,4627,07-Mar-2025,Bhilwara Paper,1088157.97,Cr,against bill,07-Mar-2025
AV04628,Receipt,4628,01-Dec-2024,NTPC Sipat,9658310.11,Cr,against bill,01-Dec-2024
AV04629,Receipt,4629,22-Nov-2024,NTPC Sipat,9161111.52,Cr,against bill,22-Nov-2024
AV04630,Receipt,4630,12-Feb-2025,Kota Textile,1965619.82,Cr,against bill,12-Feb-2025
AV04631,Receipt,4631,12-Jan-2025,Kota Textile,1618731.81,Cr,against bill,12-Jan-2025
AV04632,Receipt,4632,03-Dec-2024,NTPC Korba,7430377.04,Cr,against bill,03-Dec-2024
AV04633,Receipt,4633,30-Nov-2024,NTPC Korba,8481464.14,Cr,against bill,30-Nov-2024
AV04634,Receipt,4634,15-Nov-2024,NTPC Mouda,13620550.78,Cr,against bill,15-Nov-2024
AV04635,Receipt,4635,07-Nov-2024,NTPC North Karanpura,14415273.67,Cr,against bill,07-Nov-2024
AV04636,Receipt,4636,24-Oct-2024,NTPC Darlipali,17176181.11,Cr,against bill,24-Oct-2024
AV04637,Receipt,4637,28-Nov-2024,NTPC Gadarwara,12453665.04,Cr,against bill,28-Nov-2024
AV04638,Receipt,4638,20-Nov-2024,Suratgarh STPS,6212741.11,Cr,against bill,20-Nov-2024
AV04639,Receipt,4639,22-Nov-2024,Suratgarh STPS,7450106.32,Cr,against bill,22-Nov-2024
AV04640,Receipt,4640,23-Jan-2025,Nagaur Cement,3301128.68,Cr,against bill,23-Jan-2025
AV04641,Receipt,4641,29-Nov-2024,Bhilwara Paper,4904581.5,Cr,against bill,29-Nov-2024
AV04642,Receipt,4642,21-Dec-2024,NTPC Sipat,9756753.93,Cr,against bill,21-Dec-2024
AV04643,Receipt,4643,23-Dec-2024,NTPC Sipat,10111955.8,Cr,against bill,23-Dec-2024
AV04644,Receipt,4644,28-Feb-2025,Kota Textile,1259310.18,Cr,against bill,28-Feb-2025
AV04645,Receipt,4645,13-Mar-2025,Kota Textile,1405576.74,Cr,against bill,13-Mar-2025
AV04646,Receipt,4646,31-May-2025,Kota Textile,1317862.62,Cr,against bill,31-May-2025
AV04647,Receipt,4647,07-Dec-2024,NTPC Korba,7789541.38,Cr,against bill,07-Dec-2024
AV04648,Receipt,4648,05-Jan-2025,NTPC Korba,7711464.05,Cr,against bill,05-Jan-2025
AV04649,Receipt,4649,10-Dec-2024,NTPC Mouda,7885147.23,Cr,against bill,10-Dec-2024
AV04650,Receipt,4650,21-Dec-2024,NTPC Mouda,7249977.88,Cr,against bill,21-Dec-2024
AV04651,Receipt,4651,28-Dec-2024,NTPC North Karanpura,15092731.5,Cr,against bill,28-Dec-2024
AV04652,Receipt,4652,04-Dec-2024,NTPC Darlipali,7565201.84,Cr,against bill,04-Dec-2024
AV04653,Receipt,4653,06-Jan-2025,NTPC Darlipali,8019199.71,Cr,against bill,06-Jan-2025
AV04654,Receipt,4654,18-Dec-2024,NTPC Gadarwara,6994236.31,Cr,against bill,18-Dec-2024
AV04655,Receipt,4655,05-Jan-2025,NTPC Gadarwara,7871765.1,Cr,against bill,05-Jan-2025
AV04656,Receipt,4656,04-Jan-2025,Suratgarh STPS,13648554.18,Cr,against bill,04-Jan-2025
AV04657,Receipt,4657,27-Jan-2025,Nagaur Cement,3644618.38,Cr,against bill,27-Jan-2025
AV04658,Receipt,4658,21-Jan-2025,Bhilwara Paper,5477530.5,Cr,against bill,21-Jan-2025
AV04659,Receipt,4659,04-Feb-2025,NTPC Sipat,11702056.95,Cr,against bill,04-Feb-2025
AV04660,Receipt,4660,15-Jan-2025,NTPC Sipat,9561311.67,Cr,against bill,15-Jan-2025
AV04661,Receipt,4661,13-Feb-2025,Kota Textile,4057151.1,Cr,against bill,13-Feb-2025
AV04662,Receipt,4662,29-Dec-2024,NTPC Korba,6841240.66,Cr,against bill,29-Dec-2024
AV04663,Receipt,4663,06-Feb-2025,NTPC Korba,8067165.36,Cr,against bill,06-Feb-2025
AV04664,Receipt,4664,21-Jan-2025,NTPC Mouda,7759801.88,Cr,against bill,21-Jan-2025
AV04665,Receipt,4665,26-Jan-2025,NTPC Mouda,7681493.14,Cr,against bill,26-Jan-2025
AV04666,Receipt,4666,29-Jan-2025,NTPC North Karanpura,12303910.51,Cr,against bill,29-Jan-2025
AV04667,Receipt,4667,10-Jan-2025,NTPC Darlipali,8172109.44,Cr,against bill,10-Jan-2025
AV04668,Receipt,4668,03-Jan-2025,NTPC Darlipali,7773031.12,Cr,against bill,03-Jan-2025
AV04669,Receipt,4669,17-Jan-2025,NTPC Gadarwara,14530879.76,Cr,against bill,17-Jan-2025
AV04670,Receipt,4670,05-Jan-2025,Suratgarh STPS,12503217.47,Cr,against bill,05-Jan-2025
AV04671,Receipt,4671,10-Mar-2025,Jaipur Bottling,6136804.58,Cr,against bill,10-Mar-2025
AV04672,Receipt,4672,07-Mar-2025,Nagaur Cement,3351008.37,Cr,against bill,07-Mar-2025
AV04673,Receipt,4673,13-Feb-2025,Bhilwara Paper,5784714.0,Cr,against bill,13-Feb-2025
AV04674,Receipt,4674,08-Mar-2025,NTPC Sipat,8663906.21,Cr,against bill,08-Mar-2025
AV04675,Receipt,4675,02-Mar-2025,NTPC Sipat,9196569.97,Cr,against bill,02-Mar-2025
AV04676,Receipt,4676,24-Apr-2025,Kota Textile,806956.47,Cr,against bill,24-Apr-2025
AV04677,Receipt,4677,19-May-2025,Kota Textile,759026.64,Cr,against bill,19-May-2025
AV04678,Receipt,4678,20-Jun-2025,Kota Textile,877205.35,Cr,against bill,20-Jun-2025
AV04679,Receipt,4679,17-Feb-2025,NTPC Korba,7389757.38,Cr,against bill,17-Feb-2025
AV04680,Receipt,4680,03-Mar-2025,NTPC Korba,9194211.47,Cr,against bill,03-Mar-2025
AV04681,Receipt,4681,14-Feb-2025,NTPC Mouda,7785712.93,Cr,against bill,14-Feb-2025
AV04682,Receipt,4682,15-Feb-2025,NTPC Mouda,8921145.74,Cr,against bill,15-Feb-2025
AV04683,Receipt,4683,25-Feb-2025,NTPC North Karanpura,13707801.88,Cr,against bill,25-Feb-2025
AV04684,Receipt,4684,25-Feb-2025,NTPC Darlipali,6459490.68,Cr,against bill,25-Feb-2025
AV04685,Receipt,4685,13-Feb-2025,NTPC Darlipali,8285600.56,Cr,against bill,13-Feb-2025
AV04686,Receipt,4686,18-Feb-2025,NTPC Gadarwara,13903636.79,Cr,against bill,18-Feb-2025
AV04687,Receipt,4687,27-Feb-2025,Suratgarh STPS,12946022.58,Cr,against bill,27-Feb-2025
AV04688,Receipt,4688,18-Mar-2025,Nagaur Cement,3554279.05,Cr,against bill,18-Mar-2025
AV04689,Receipt,4689,30-Apr-2025,Bhilwara Paper,5552600.62,Cr,against bill,30-Apr-2025
AV04690,Receipt,4690,16-Mar-2025,NTPC Sipat,8352173.77,Cr,against bill,16-Mar-2025
AV04691,Receipt,4691,04-Apr-2025,NTPC Sipat,9811463.37,Cr,against bill,04-Apr-2025
AV04692,Receipt,4692,31-Mar-2025,NTPC Korba,7516145.66,Cr,against bill,31-Mar-2025
AV04693,Receipt,4693,19-Mar-2025,NTPC Korba,8622859.44,Cr,against bill,19-Mar-2025
AV04694,Receipt,4694,15-Mar-2025,NTPC Mouda,7462316.45,Cr,against bill,15-Mar-2025
AV04695,Receipt,4695,11-Mar-2025,NTPC Mouda,8683673.16,Cr,against bill,11-Mar-2025
AV04696,Receipt,4696,17-Mar-2025,NTPC North Karanpura,8769434.4,Cr,against bill,17-Mar-2025
AV04697,Receipt,4697,24-Mar-2025,NTPC Darlipali,8310822.3,Cr,against bill,24-Mar-2025
AV04698,Receipt,4698,12-Apr-2025,NTPC Darlipali,8279533.03,Cr,against bill,12-Apr-2025
AV04699,Receipt,4699,27-Mar-2025,NTPC Gadarwara,12254755.32,Cr,against bill,27-Mar-2025
AV04700,Receipt,4700,05-Apr-2025,Suratgarh STPS,14390851.73,Cr,against bill,05-Apr-2025
AV04701,Receipt,4701,07-May-2025,Nagaur Cement,3480208.19,Cr,against bill,07-May-2025
AV04702,Receipt,4702,25-Apr-2025,Bhilwara Paper,5650105.5,Cr,against bill,25-Apr-2025
AV04703,Receipt,4703,05-May-2025,NTPC Sipat,8485831.22,Cr,against bill,05-May-2025
AV04704,Receipt,4704,10-Apr-2025,NTPC Sipat,9982278.47,Cr,against bill,10-Apr-2025
AV04705,Receipt,4705,07-Jun-2025,Kota Textile,2046675.92,Cr,against bill,07-Jun-2025
AV04706,Receipt,4706,12-Aug-2025,Kota Textile,1449142.84,Cr,against bill,12-Aug-2025
AV04707,Receipt,4707,18-Apr-2025,NTPC Korba,15174344.04,Cr,against bill,18-Apr-2025
AV04708,Receipt,4708,16-Apr-2025,NTPC Mouda,7672363.72,Cr,against bill,16-Apr-2025
AV04709,Receipt,4709,18-Apr-2025,NTPC Mouda,7483152.73,Cr,against bill,18-Apr-2025
AV04710,Receipt,4710,15-May-2025,NTPC North Karanpura,14249873.33,Cr,against bill,15-May-2025
AV04711,Receipt,4711,14-Apr-2025,NTPC Darlipali,17493066.55,Cr,against bill,14-Apr-2025
AV04712,Receipt,4712,07-May-2025,NTPC Gadarwara,6918373.04,Cr,against bill,07-May-2025
AV04713,Receipt,4713,01-May-2025,NTPC Gadarwara,7488144.61,Cr,against bill,01-May-2025
AV04714,Receipt,4714,14-May-2025,Suratgarh STPS,4620695.29,Cr,against bill,14-May-2025
AV04715,Receipt,4715,13-Apr-2025,Suratgarh STPS,7025206.15,Cr,against bill,13-Apr-2025
AV04716,Receipt,4716,17-May-2025,Jaipur Bottling,5316835.45,Cr,against bill,17-May-2025
AV04717,Receipt,4717,14-May-2025,Bhilwara Paper,1894339.22,Cr,against bill,14-May-2025
AV04718,Receipt,4718,25-Jun-2025,Bhilwara Paper,1669309.75,Cr,against bill,25-Jun-2025
AV04719,Receipt,4719,04-Sep-2025,Bhilwara Paper,1340932.53,Cr,against bill,04-Sep-2025
AV04720,Receipt,4720,13-Jul-2025,Jaipur Bottling,5796326.52,Cr,against bill,13-Jul-2025
AV04721,Receipt,4721,19-Jul-2025,Nagaur Cement,3398281.32,Cr,against bill,19-Jul-2025
AV04722,Receipt,4722,23-Jun-2025,Bhilwara Paper,5266989.0,Cr,against bill,23-Jun-2025
AV04723,Receipt,4723,17-Jun-2025,NTPC Sipat,16859283.77,Cr,against bill,17-Jun-2025
AV04724,Receipt,4724,08-Jul-2025,Kota Textile,3130587.41,Cr,against bill,08-Jul-2025
AV04725,Receipt,4725,01-Sep-2025,Kota Textile,2899966.75,Cr,against bill,01-Sep-2025
AV04726,Receipt,4726,17-May-2025,NTPC Korba,8624956.84,Cr,against bill,17-May-2025
AV04727,Receipt,4727,10-May-2025,NTPC Korba,7605538.09,Cr,against bill,10-May-2025
AV04728,Receipt,4728,28-May-2025,NTPC Mouda,7250433.29,Cr,against bill,28-May-2025
AV04729,Receipt,4729,20-May-2025,NTPC Mouda,6755710.83,Cr,against bill,20-May-2025
AV04730,Receipt,4730,31-May-2025,NTPC North Karanpura,16162111.7,Cr,against bill,31-May-2025
AV04731,Receipt,4731,11-May-2025,NTPC Darlipali,9614823.78,Cr,against bill,11-May-2025
AV04732,Receipt,4732,05-Jun-2025,NTPC Darlipali,9574239.42,Cr,against bill,05-Jun-2025
AV04733,Receipt,4733,04-Jun-2025,NTPC Lara,14708991.18,Cr,against bill,04-Jun-2025
AV04734,Receipt,4734,26-May-2025,NTPC Gadarwara,9288592.65,Cr,against bill,26-May-2025
AV04735,Receipt,4735,15-May-2025,NTPC Gadarwara,10222398.36,Cr,against bill,15-May-2025
AV04736,Receipt,4736,28-May-2025,Suratgarh STPS,7607867.6,Cr,against bill,28-May-2025
AV04737,Receipt,4737,10-Jun-2025,Suratgarh STPS,4925272.9,Cr,against bill,10-Jun-2025
AV04738,Receipt,4738,26-Aug-2025,Jaipur Bottling,2575463.4,Cr,against bill,26-Aug-2025
AV04739,Receipt,4739,01-Sep-2025,Jaipur Bottling,2619835.12,Cr,against bill,01-Sep-2025
AV04740,Receipt,4740,20-Aug-2025,Nagaur Cement,1098298.86,Cr,against bill,20-Aug-2025
AV04741,Receipt,4741,08-Sep-2025,Nagaur Cement,1087708.66,Cr,against bill,08-Sep-2025
AV04742,Receipt,4742,07-Oct-2025,Nagaur Cement,1263626.61,Cr,against bill,07-Oct-2025
AV04743,Receipt,4743,03-Jul-2025,Bhilwara Paper,6059108.25,Cr,against bill,03-Jul-2025
AV04744,Receipt,4744,02-Jul-2025,NTPC Sipat,15110662.54,Cr,against bill,02-Jul-2025
AV04745,Receipt,4745,26-Jul-2025,Kota Textile,6298493.73,Cr,against bill,26-Jul-2025
AV04746,Receipt,4746,28-Jun-2025,NTPC Korba,16564206.25,Cr,against bill,28-Jun-2025
AV04747,Receipt,4747,24-Jun-2025,NTPC Mouda,6933313.85,Cr,against bill,24-Jun-2025
AV04748,Receipt,4748,18-Jul-2025,NTPC Mouda,6169884.57,Cr,against bill,18-Jul-2025
AV04749,Receipt,4749,15-Jun-2025,NTPC North Karanpura,7194246.55,Cr,against bill,15-Jun-2025
AV04750,Receipt,4750,03-Jul-2025,NTPC North Karanpura,8916363.46,Cr,against bill,03-Jul-2025
AV04751,Receipt,4751,11-Jun-2025,NTPC Darlipali,11240315.42,Cr,against bill,11-Jun-2025
AV04752,Receipt,4752,18-Jun-2025,NTPC Darlipali,9826055.92,Cr,against bill,18-Jun-2025
AV04753,Receipt,4753,21-Jun-2025,NTPC Lara,15989963.34,Cr,against bill,21-Jun-2025
AV04754,Receipt,4754,29-Jun-2025,NTPC Gadarwara,9763931.68,Cr,against bill,29-Jun-2025
AV04755,Receipt,4755,01-Jul-2025,NTPC Gadarwara,8008911.59,Cr,against bill,01-Jul-2025
AV04756,Receipt,4756,09-Jun-2025,Suratgarh STPS,7152561.37,Cr,against bill,09-Jun-2025
AV04757,Receipt,4757,19-Jun-2025,Suratgarh STPS,7091949.2,Cr,against bill,19-Jun-2025
AV04758,Receipt,4758,15-Sep-2025,Bhilwara Paper,5679443.25,Cr,against bill,15-Sep-2025
AV04759,Receipt,4759,09-Aug-2025,NTPC Sipat,17530198.89,Cr,against bill,09-Aug-2025
AV04760,Receipt,4760,24-Aug-2025,Kota Textile,3587574.6,Cr,against bill,24-Aug-2025
AV04761,Receipt,4761,08-Jul-2025,NTPC Korba,8456032.01,Cr,against bill,08-Jul-2025
AV04762,Receipt,4762,28-Jul-2025,NTPC Korba,7901344.83,Cr,against bill,28-Jul-2025
AV04763,Receipt,4763,30-Jul-2025,NTPC Mouda,7676636.76,Cr,against bill,30-Jul-2025
AV04764,Receipt,4764,17-Jul-2025,NTPC Mouda,6615700.96,Cr,against bill,17-Jul-2025
AV04765,Receipt,4765,24-Jul-2025,NTPC North Karanpura,15424203.25,Cr,against bill,24-Jul-2025
AV04766,Receipt,4766,31-Jul-2025,NTPC Darlipali,11048744.34,Cr,against bill,31-Jul-2025
AV04767,Receipt,4767,27-Jul-2025,NTPC Darlipali,8144954.57,Cr,against bill,27-Jul-2025
AV04768,Receipt,4768,14-Jul-2025,NTPC Lara,13946167.74,Cr,against bill,14-Jul-2025
AV04769,Receipt,4769,01-Jul-2025,NTPC Gadarwara,9226814.89,Cr,against bill,01-Jul-2025
AV04770,Receipt,4770,16-Jul-2025,NTPC Gadarwara,8011000.72,Cr,against bill,16-Jul-2025
AV04771,Receipt,4771,26-Jul-2025,Suratgarh STPS,8184141.72,Cr,against bill,26-Jul-2025
AV04772,Receipt,4772,24-Jul-2025,Suratgarh STPS,8645309.29,Cr,against bill,24-Jul-2025
AV04773,Receipt,4773,13-Aug-2025,Jaipur Bottling,4490530.88,Cr,against bill,13-Aug-2025
AV04774,Receipt,4774,14-Aug-2025,NTPC Sipat,18064625.26,Cr,against bill,14-Aug-2025
AV04775,Receipt,4775,09-Oct-2025,Kota Textile,5446105.81,Cr,against bill,09-Oct-2025
AV04776,Receipt,4776,21-Aug-2025,NTPC Korba,17078095.78,Cr,against bill,21-Aug-2025
AV04777,Receipt,4777,25-Aug-2025,NTPC Mouda,8018747.49,Cr,against bill,25-Aug-2025
AV04778,Receipt,4778,01-Sep-2025,NTPC Mouda,7550352.55,Cr,against bill,01-Sep-2025
AV04779,Receipt,4779,13-Aug-2025,NTPC North Karanpura,7513419.06,Cr,against bill,13-Aug-2025
AV04780,Receipt,4780,06-Aug-2025,NTPC North Karanpura,8052706.93,Cr,against bill,06-Aug-2025
AV04781,Receipt,4781,13-Aug-2025,NTPC Darlipali,8961607.44,Cr,against bill,13-Aug-2025
AV04782,Receipt,4782,07-Sep-2025,NTPC Darlipali,9358622.93,Cr,against bill,07-Sep-2025
AV04783,Receipt,4783,16-Aug-2025,NTPC Lara,7768202.9,Cr,against bill,16-Aug-2025
AV04784,Receipt,4784,22-Aug-2025,NTPC Lara,8255871.3,Cr,against bill,22-Aug-2025
AV04785,Receipt,4785,09-Aug-2025,NTPC Gadarwara,10422717.21,Cr,against bill,09-Aug-2025
AV04786,Receipt,4786,22-Aug-2025,NTPC Gadarwara,8340246.93,Cr,against bill,22-Aug-2025
AV04787,Receipt,4787,11-Aug-2025,Suratgarh STPS,7908629.72,Cr,against bill,11-Aug-2025
AV04788,Receipt,4788,12-Aug-2025,Suratgarh STPS,8166784.46,Cr,against bill,12-Aug-2025
AV04789,Receipt,4789,25-Sep-2025,Jaipur Bottling,1790933.18,Cr,against bill,25-Sep-2025
AV04790,Receipt,4790,16-Oct-2025,Jaipur Bottling,1847104.67,Cr,against bill,16-Oct-2025
AV04791,Receipt,4791,23-Nov-2025,Jaipur Bottling,1641314.56,Cr,against bill,23-Nov-2025
AV04792,Receipt,4792,22-Oct-2025,Nagaur Cement,1704903.27,Cr,against bill,22-Oct-2025
AV04793,Receipt,4793,07-Oct-2025,Nagaur Cement,1781219.79,Cr,against bill,07-Oct-2025
AV04794,Receipt,4794,01-Nov-2025,Nagaur Cement,2252091.71,Cr,against bill,01-Nov-2025
AV04795,Receipt,4795,12-Sep-2025,NTPC Sipat,15964730.27,Cr,against bill,12-Sep-2025
AV04796,Receipt,4796,13-Oct-2025,Kota Textile,2699411.91,Cr,against bill,13-Oct-2025
AV04797,Receipt,4797,25-Dec-2025,Kota Textile,4005823.1,Cr,against bill,25-Dec-2025
AV04798,Receipt,4798,02-Oct-2025,NTPC Korba,15276987.81,Cr,against bill,02-Oct-2025
AV04799,Receipt,4799,24-Sep-2025,NTPC Mouda,6752943.04,Cr,against bill,24-Sep-2025
AV04800,Receipt,4800,23-Sep-2025,NTPC Mouda,7687975.68,Cr,against bill,23-Sep-2025
AV04801,Receipt,4801,08-Sep-2025,NTPC North Karanpura,16572005.86,Cr,against bill,08-Sep-2025
AV04802,Receipt,4802,19-Sep-2025,NTPC Darlipali,9472009.77,Cr,against bill,19-Sep-2025
AV04803,Receipt,4803,30-Aug-2025,NTPC Darlipali,10528941.12,Cr,against bill,30-Aug-2025
AV04804,Receipt,4804,21-Sep-2025,NTPC Lara,15896531.3,Cr,against bill,21-Sep-2025
AV04805,Receipt,4805,11-Sep-2025,NTPC Gadarwara,8738702.38,Cr,against bill,11-Sep-2025
AV04806,Receipt,4806,20-Sep-2025,NTPC Gadarwara,9703392.82,Cr,against bill,20-Sep-2025
AV04807,Receipt,4807,15-Sep-2025,Suratgarh STPS,8597500.8,Cr,against bill,15-Sep-2025
AV04808,Receipt,4808,05-Sep-2025,Suratgarh STPS,8379356.44,Cr,against bill,05-Sep-2025
AV04809,Receipt,4809,15-Oct-2025,Jaipur Bottling,4596049.8,Cr,against bill,15-Oct-2025
AV04810,Receipt,4810,10-Nov-2025,Nagaur Cement,3703023.82,Cr,against bill,10-Nov-2025
AV04811,Receipt,4811,17-Nov-2025,NTPC Sipat,8970257.08,Cr,against bill,17-Nov-2025
AV04812,Receipt,4812,20-Oct-2025,NTPC Sipat,7576614.57,Cr,against bill,20-Oct-2025
AV04813,Receipt,4813,24-Nov-2025,Kota Textile,2652709.95,Cr,against bill,24-Nov-2025
AV04814,Receipt,4814,24-Jan-2026,Kota Textile,3595077.87,Cr,against bill,24-Jan-2026
AV04815,Receipt,4815,02-Oct-2025,NTPC Korba,7347338.2,Cr,against bill,02-Oct-2025
AV04816,Receipt,4816,30-Oct-2025,NTPC Korba,10098522.01,Cr,against bill,30-Oct-2025
AV04817,Receipt,4817,11-Oct-2025,NTPC Mouda,15523727.66,Cr,against bill,11-Oct-2025
AV04818,Receipt,4818,30-Oct-2025,NTPC North Karanpura,9234212.79,Cr,against bill,30-Oct-2025
AV04819,Receipt,4819,08-Oct-2025,NTPC North Karanpura,4591007.87,Cr,against bill,08-Oct-2025
AV04820,Receipt,4820,21-Oct-2025,NTPC Darlipali,10103721.52,Cr,against bill,21-Oct-2025
AV04821,Receipt,4821,03-Nov-2025,NTPC Darlipali,7974693.84,Cr,against bill,03-Nov-2025
AV04822,Receipt,4822,17-Oct-2025,NTPC Lara,15114650.0,Cr,against bill,17-Oct-2025
AV04823,Receipt,4823,05-Nov-2025,NTPC Gadarwara,9197140.68,Cr,against bill,05-Nov-2025
AV04824,Receipt,4824,22-Oct-2025,NTPC Gadarwara,10043820.16,Cr,against bill,22-Oct-2025
AV04825,Receipt,4825,03-Nov-2025,Suratgarh STPS,8130901.62,Cr,against bill,03-Nov-2025
AV04826,Receipt,4826,26-Oct-2025,Suratgarh STPS,7893132.41,Cr,against bill,26-Oct-2025
AV04827,Receipt,4827,12-Nov-2025,Jaipur Bottling,1450206.41,Cr,against bill,12-Nov-2025
AV04828,Receipt,4828,30-Jan-2026,Jaipur Bottling,1793869.6,Cr,against bill,30-Jan-2026
AV04829,Receipt,4829,29-Jan-2026,Jaipur Bottling,1911782.17,Cr,against bill,29-Jan-2026
AV04830,Receipt,4830,22-Nov-2025,Nagaur Cement,5964271.95,Cr,against bill,22-Nov-2025
AV04831,Receipt,4831,26-Nov-2025,NTPC Sipat,8352065.54,Cr,against bill,26-Nov-2025
AV04832,Receipt,4832,27-Nov-2025,NTPC Sipat,8429431.64,Cr,against bill,27-Nov-2025
AV04833,Receipt,4833,03-Jan-2026,Kota Textile,5411829.62,Cr,against bill,03-Jan-2026
AV04834,Receipt,4834,26-Nov-2025,NTPC Korba,9070414.79,Cr,against bill,26-Nov-2025
AV04835,Receipt,4835,08-Dec-2025,NTPC Korba,7826941.82,Cr,against bill,08-Dec-2025
AV04836,Receipt,4836,25-Nov-2025,NTPC Mouda,6688168.35,Cr,against bill,25-Nov-2025
AV04837,Receipt,4837,05-Dec-2025,NTPC Mouda,6352678.19,Cr,against bill,05-Dec-2025
AV04838,Receipt,4838,11-Nov-2025,NTPC North Karanpura,7947806.74,Cr,against bill,11-Nov-2025
AV04839,Receipt,4839,13-Dec-2025,NTPC North Karanpura,7122133.9,Cr,against bill,13-Dec-2025
AV04840,Receipt,4840,16-Nov-2025,NTPC Darlipali,8362848.45,Cr,against bill,16-Nov-2025
AV04841,Receipt,4841,24-Nov-2025,NTPC Darlipali,10829726.36,Cr,against bill,24-Nov-2025
AV04842,Receipt,4842,20-Nov-2025,NTPC Lara,16073140.0,Cr,against bill,20-Nov-2025
AV04843,Receipt,4843,30-Oct-2025,NTPC Gadarwara,9617782.04,Cr,against bill,30-Oct-2025
AV04844,Receipt,4844,06-Nov-2025,NTPC Gadarwara,10429267.7,Cr,against bill,06-Nov-2025
AV04845,Receipt,4845,05-Dec-2025,Suratgarh STPS,15709455.46,Cr,against bill,05-Dec-2025
AV04846,Receipt,4846,12-Feb-2026,Jaipur Bottling,4880585.45,Cr,against bill,12-Feb-2026
AV04847,Receipt,4847,24-Dec-2025,Nagaur Cement,6738370.92,Cr,against bill,24-Dec-2025
AV04848,Receipt,4848,13-Jan-2026,NTPC Sipat,14597413.26,Cr,against bill,13-Jan-2026
AV04849,Receipt,4849,29-Dec-2025,NTPC Korba,8917003.33,Cr,against bill,29-Dec-2025
AV04850,Receipt,4850,09-Dec-2025,NTPC Korba,7544051.5,Cr,against bill,09-Dec-2025
AV04851,Receipt,4851,26-Dec-2025,NTPC Mouda,7768596.35,Cr,against bill,26-Dec-2025
AV04852,Receipt,4852,24-Dec-2025,NTPC Mouda,7659372.07,Cr,against bill,24-Dec-2025
AV04853,Receipt,4853,12-Dec-2025,NTPC North Karanpura,7034237.5,Cr,against bill,12-Dec-2025
AV04854,Receipt,4854,14-Dec-2025,NTPC North Karanpura,7879628.87,Cr,against bill,14-Dec-2025
AV04855,Receipt,4855,02-Dec-2025,NTPC Darlipali,9317554.89,Cr,against bill,02-Dec-2025
AV04856,Receipt,4856,29-Nov-2025,NTPC Darlipali,8887481.61,Cr,against bill,29-Nov-2025
AV04857,Receipt,4857,13-Dec-2025,NTPC Lara,6868253.64,Cr,against bill,13-Dec-2025
AV04858,Receipt,4858,16-Dec-2025,NTPC Lara,8335623.93,Cr,against bill,16-Dec-2025
AV04859,Receipt,4859,31-Dec-2025,NTPC Gadarwara,8689588.77,Cr,against bill,31-Dec-2025
AV04860,Receipt,4860,12-Dec-2025,NTPC Gadarwara,9977504.05,Cr,against bill,12-Dec-2025
AV04861,Receipt,4861,29-Dec-2025,Suratgarh STPS,7972404.06,Cr,against bill,29-Dec-2025
AV04862,Receipt,4862,11-Dec-2025,Suratgarh STPS,6579187.21,Cr,against bill,11-Dec-2025
AV04863,Receipt,4863,21-Mar-2026,Jaipur Bottling,5127463.8,Cr,against bill,21-Mar-2026
AV04864,Receipt,4864,17-Jan-2026,NTPC Sipat,17301477.82,Cr,against bill,17-Jan-2026
AV04865,Receipt,4865,16-Jan-2026,NTPC Korba,16175047.19,Cr,against bill,16-Jan-2026
AV04866,Receipt,4866,01-Feb-2026,NTPC Mouda,8384304.13,Cr,against bill,01-Feb-2026
AV04867,Receipt,4867,04-Feb-2026,NTPC Mouda,6972323.97,Cr,against bill,04-Feb-2026
AV04868,Receipt,4868,31-Jan-2026,NTPC North Karanpura,7130575.38,Cr,against bill,31-Jan-2026
AV04869,Receipt,4869,17-Jan-2026,NTPC North Karanpura,7802299.89,Cr,against bill,17-Jan-2026
AV04870,Receipt,4870,06-Jan-2026,NTPC Darlipali,10310423.12,Cr,against bill,06-Jan-2026
AV04871,Receipt,4871,12-Jan-2026,NTPC Darlipali,8820675.68,Cr,against bill,12-Jan-2026
AV04872,Receipt,4872,29-Jan-2026,NTPC Lara,15874990.62,Cr,against bill,29-Jan-2026
AV04873,Receipt,4873,18-Jan-2026,NTPC Gadarwara,9719637.16,Cr,against bill,18-Jan-2026
AV04874,Receipt,4874,29-Jan-2026,NTPC Gadarwara,7753725.78,Cr,against bill,29-Jan-2026
AV04875,Receipt,4875,18-Jan-2026,Suratgarh STPS,8175463.45,Cr,against bill,18-Jan-2026
AV04876,Receipt,4876,15-Jan-2026,Suratgarh STPS,8004787.92,Cr,against bill,15-Jan-2026
AV04877,Receipt,4877,05-Mar-2026,Jaipur Bottling,4515849.09,Cr,against bill,05-Mar-2026
AV04878,Receipt,4878,19-Mar-2026,Nagaur Cement,1701523.05,Cr,against bill,19-Mar-2026
AV04879,Receipt,4879,06-Mar-2026,Nagaur Cement,1913632.93,Cr,against bill,06-Mar-2026
AV04880,Receipt,4880,11-Apr-2026,Nagaur Cement,2307870.25,Cr,against bill,11-Apr-2026
AV04881,Receipt,4881,19-Feb-2026,NTPC Sipat,16289517.9,Cr,against bill,19-Feb-2026
AV04882,Receipt,4882,28-Apr-2026,Kota Textile,2305793.2,Cr,against bill,28-Apr-2026
AV04883,Receipt,4883,22-Jun-2026,Kota Textile,2155396.41,Cr,against bill,22-Jun-2026
AV04884,Receipt,4884,09-Jul-2026,Kota Textile,1551594.28,Cr,against bill,09-Jul-2026
AV04885,Receipt,4885,11-Feb-2026,NTPC Korba,6719726.04,Cr,against bill,11-Feb-2026
AV04886,Receipt,4886,14-Feb-2026,NTPC Korba,9675869.7,Cr,against bill,14-Feb-2026
AV04887,Receipt,4887,10-Feb-2026,NTPC Mouda,15014535.22,Cr,against bill,10-Feb-2026
AV04888,Receipt,4888,08-Feb-2026,NTPC North Karanpura,7198207.93,Cr,against bill,08-Feb-2026
AV04889,Receipt,4889,27-Feb-2026,NTPC North Karanpura,8319408.15,Cr,against bill,27-Feb-2026
AV04890,Receipt,4890,19-Feb-2026,NTPC Darlipali,9559374.25,Cr,against bill,19-Feb-2026
AV04891,Receipt,4891,07-Mar-2026,NTPC Darlipali,11564707.5,Cr,against bill,07-Mar-2026
AV04892,Receipt,4892,26-Feb-2026,NTPC Lara,9422374.34,Cr,against bill,26-Feb-2026
AV04893,Receipt,4893,04-Feb-2026,NTPC Gadarwara,8778838.42,Cr,against bill,04-Feb-2026
AV04894,Receipt,4894,12-Feb-2026,NTPC Gadarwara,9344862.17,Cr,against bill,12-Feb-2026
AV04895,Receipt,4895,16-Feb-2026,Suratgarh STPS,13763365.98,Cr,against bill,16-Feb-2026
AV04896,Receipt,4896,10-Mar-2026,Nagaur Cement,6008804.22,Cr,against bill,10-Mar-2026
AV04897,Receipt,4897,30-Mar-2026,NTPC Sipat,15563197.74,Cr,against bill,30-Mar-2026
AV04898,Receipt,4898,02-May-2026,Kota Textile,5880064.09,Cr,against bill,02-May-2026
AV04899,Receipt,4899,17-Mar-2026,NTPC Korba,9177176.52,Cr,against bill,17-Mar-2026
AV04900,Receipt,4900,17-Mar-2026,NTPC Korba,7543713.85,Cr,against bill,17-Mar-2026
AV04901,Receipt,4901,28-Mar-2026,NTPC Mouda,12824754.0,Cr,against bill,28-Mar-2026
AV04902,Receipt,4902,14-Mar-2026,NTPC North Karanpura,9943795.53,Cr,against bill,14-Mar-2026
AV04903,Receipt,4903,28-Feb-2026,NTPC Darlipali,11176490.99,Cr,against bill,28-Feb-2026
AV04904,Receipt,4904,23-Mar-2026,NTPC Darlipali,9075051.22,Cr,against bill,23-Mar-2026
AV04905,Receipt,4905,17-Mar-2026,NTPC Lara,7065547.92,Cr,against bill,17-Mar-2026
AV04906,Receipt,4906,22-Mar-2026,NTPC Lara,9186181.79,Cr,against bill,22-Mar-2026
AV04907,Receipt,4907,20-Mar-2026,NTPC Gadarwara,8443370.88,Cr,against bill,20-Mar-2026
AV04908,Receipt,4908,23-Mar-2026,NTPC Gadarwara,9436713.82,Cr,against bill,23-Mar-2026
AV04909,Receipt,4909,21-Mar-2026,Suratgarh STPS,14586622.42,Cr,against bill,21-Mar-2026
AV04910,Receipt,4910,27-Apr-2026,Nagaur Cement,6606103.89,Cr,against bill,27-Apr-2026
AV04911,Receipt,4911,07-May-2026,NTPC Sipat,7554570.57,Cr,against bill,07-May-2026
AV04912,Receipt,4912,29-Apr-2026,NTPC Sipat,7504305.95,Cr,against bill,29-Apr-2026
AV04913,Receipt,4913,13-Apr-2026,NTPC Korba,7831000.89,Cr,against bill,13-Apr-2026
AV04914,Receipt,4914,22-Apr-2026,NTPC Korba,4706979.18,Cr,against bill,22-Apr-2026
AV04915,Receipt,4915,27-Apr-2026,NTPC Mouda,7274695.08,Cr,against bill,27-Apr-2026
AV04916,Receipt,4916,01-May-2026,NTPC Mouda,8402147.3,Cr,against bill,01-May-2026
AV04917,Receipt,4917,26-Apr-2026,NTPC North Karanpura,16411906.67,Cr,against bill,26-Apr-2026
AV04918,Receipt,4918,21-Apr-2026,NTPC Darlipali,8915193.22,Cr,against bill,21-Apr-2026
AV04919,Receipt,4919,20-Apr-2026,NTPC Darlipali,8749252.85,Cr,against bill,20-Apr-2026
AV04920,Receipt,4920,30-Mar-2026,NTPC Lara,7626782.93,Cr,against bill,30-Mar-2026
AV04921,Receipt,4921,20-Apr-2026,NTPC Lara,7980361.48,Cr,against bill,20-Apr-2026
AV04922,Receipt,4922,22-Apr-2026,NTPC Gadarwara,9563701.93,Cr,against bill,22-Apr-2026
AV04923,Receipt,4923,15-Apr-2026,NTPC Gadarwara,9602576.9,Cr,against bill,15-Apr-2026
AV04924,Receipt,4924,28-Apr-2026,Suratgarh STPS,7644708.64,Cr,against bill,28-Apr-2026
AV04925,Receipt,4925,10-Apr-2026,Suratgarh STPS,7802212.56,Cr,against bill,10-Apr-2026
AV04926,Receipt,4926,20-Jun-2026,Jaipur Bottling,4224060.0,Cr,against bill,20-Jun-2026
AV04927,Receipt,4927,03-Jun-2026,Nagaur Cement,5888600.56,Cr,against bill,03-Jun-2026
AV04928,Receipt,4928,02-Jun-2026,Jaipur Bottling,5344420.0,Cr,against bill,02-Jun-2026
AV04929,Receipt,4929,12-Jul-2026,Nagaur Cement,5886788.69,Cr,against bill,12-Jul-2026
AV04930,Receipt,4930,15-May-2026,NTPC Sipat,17974747.67,Cr,against bill,15-May-2026
AV04931,Receipt,4931,23-Jun-2026,Kota Textile,3183356.69,Cr,against bill,23-Jun-2026
AV04932,Receipt,4932,01-Sep-2026,Kota Textile,2580871.51,Cr,against bill,01-Sep-2026
AV04933,Receipt,4933,25-May-2026,NTPC Korba,8407214.29,Cr,against bill,25-May-2026
AV04934,Receipt,4934,15-May-2026,NTPC Korba,10911614.08,Cr,against bill,15-May-2026
AV04935,Receipt,4935,15-May-2026,NTPC Mouda,7939777.02,Cr,against bill,15-May-2026
AV04936,Receipt,4936,19-May-2026,NTPC Mouda,7268534.34,Cr,against bill,19-May-2026
AV04937,Receipt,4937,10-May-2026,NTPC North Karanpura,8485521.44,Cr,against bill,10-May-2026
AV04938,Receipt,4938,28-May-2026,NTPC North Karanpura,8624143.1,Cr,against bill,28-May-2026
AV04939,Receipt,4939,28-May-2026,NTPC Darlipali,10755879.75,Cr,against bill,28-May-2026
AV04940,Receipt,4940,23-May-2026,NTPC Darlipali,8967958.7,Cr,against bill,23-May-2026
AV04941,Receipt,4941,11-Jun-2026,NTPC Lara,8730132.62,Cr,against bill,11-Jun-2026
AV04942,Receipt,4942,22-May-2026,NTPC Lara,8371040.9,Cr,against bill,22-May-2026
AV04943,Receipt,4943,29-May-2026,Suratgarh STPS,20221573.94,Cr,against bill,29-May-2026
AV04944,Receipt,4944,15-Aug-2026,Jaipur Bottling,2372864.12,Cr,against bill,15-Aug-2026
AV04945,Receipt,4945,22-Sep-2026,Jaipur Bottling,2010854.06,Cr,against bill,22-Sep-2026
AV04946,Receipt,4946,21-Jul-2026,Nagaur Cement,5081739.08,Cr,against bill,21-Jul-2026
AV04947,Receipt,4947,16-Jun-2026,NTPC Sipat,8415566.84,Cr,against bill,16-Jun-2026
AV04948,Receipt,4948,17-Jun-2026,NTPC Sipat,9501398.1,Cr,against bill,17-Jun-2026
AV04949,Receipt,4949,14-Aug-2026,Kota Textile,2740673.1,Cr,against bill,14-Aug-2026
AV04950,Receipt,4950,02-Sep-2026,Kota Textile,2715959.72,Cr,against bill,02-Sep-2026
AV04951,Receipt,4951,26-Jun-2026,NTPC Korba,8269853.15,Cr,against bill,26-Jun-2026
AV04952,Receipt,4952,18-Jun-2026,NTPC Korba,9767341.99,Cr,against bill,18-Jun-2026
AV04953,Receipt,4953,03-Jun-2026,NTPC Mouda,13354446.87,Cr,against bill,03-Jun-2026
AV04954,Receipt,4954,27-Jun-2026,NTPC North Karanpura,19496474.96,Cr,against bill,27-Jun-2026
AV04955,Receipt,4955,11-Jun-2026,NTPC Darlipali,10484760.3,Cr,against bill,11-Jun-2026
AV04956,Receipt,4956,05-Jul-2026,NTPC Darlipali,9223602.94,Cr,against bill,05-Jul-2026
AV04957,Receipt,4957,06-Jul-2026,NTPC Lara,7785333.3,Cr,against bill,06-Jul-2026
AV04958,Receipt,4958,17-Jun-2026,NTPC Lara,9116172.88,Cr,against bill,17-Jun-2026
AV04959,Receipt,4959,21-Jun-2026,Suratgarh STPS,8260127.31,Cr,against bill,21-Jun-2026
AV04960,Receipt,4960,22-Jun-2026,Suratgarh STPS,8716660.66,Cr,against bill,22-Jun-2026
AV04961,Receipt,4961,14-Jul-2026,NTPC Sipat,9613250.6,Cr,against bill,14-Jul-2026
AV04962,Receipt,4962,07-Aug-2026,NTPC Sipat,8764628.14,Cr,against bill,07-Aug-2026
AV04963,Receipt,4963,07-Sep-2026,Kota Textile,3112440.06,Cr,against bill,07-Sep-2026
AV04964,Receipt,4964,07-Sep-2026,Kota Textile,2644572.61,Cr,against bill,07-Sep-2026
AV04965,Receipt,4965,15-Jul-2026,NTPC Korba,8992652.45,Cr,against bill,15-Jul-2026
AV04966,Receipt,4966,20-Jul-2026,NTPC Korba,5788219.67,Cr,against bill,20-Jul-2026
AV04967,Receipt,4967,25-Jul-2026,NTPC Mouda,7491373.01,Cr,against bill,25-Jul-2026
AV04968,Receipt,4968,23-Jul-2026,NTPC Mouda,6703206.84,Cr,against bill,23-Jul-2026
AV04969,Receipt,4969,24-Jul-2026,NTPC North Karanpura,7947987.27,Cr,against bill,24-Jul-2026
AV04970,Receipt,4970,18-Jul-2026,NTPC North Karanpura,9172229.31,Cr,against bill,18-Jul-2026
AV04971,Receipt,4971,02-Aug-2026,NTPC Darlipali,8969214.45,Cr,against bill,02-Aug-2026
AV04972,Receipt,4972,19-Aug-2026,NTPC Darlipali,11584756.73,Cr,against bill,19-Aug-2026
AV04973,Receipt,4973,07-Aug-2026,NTPC Lara,15883940.53,Cr,against bill,07-Aug-2026
AV04974,Receipt,4974,01-Aug-2026,Suratgarh STPS,9805526.92,Cr,against bill,01-Aug-2026
AV04975,Receipt,4975,31-Jul-2026,Suratgarh STPS,7624148.35,Cr,against bill,31-Jul-2026
AV04976,Receipt,4976,21-Aug-2026,NTPC Sipat,10345361.62,Cr,against bill,21-Aug-2026
AV04977,Receipt,4977,23-Aug-2026,NTPC Korba,10781387.03,Cr,against bill,23-Aug-2026
AV04978,Receipt,4978,28-Aug-2026,NTPC Korba,10752497.65,Cr,against bill,28-Aug-2026
AV04979,Receipt,4979,30-Aug-2026,NTPC Mouda,14662003.12,Cr,against bill,30-Aug-2026
AV04980,Receipt,4980,21-Aug-2026,NTPC North Karanpura,9530615.17,Cr,against bill,21-Aug-2026
AV04981,Receipt,4981,29-Aug-2026,NTPC North Karanpura,8124322.68,Cr,against bill,29-Aug-2026
AV04982,Receipt,4982,03-Aug-2026,NTPC Darlipali,5680395.39,Cr,against bill,03-Aug-2026
AV04983,Receipt,4983,31-Jul-2026,NTPC Darlipali,6203534.6,Cr,against bill,31-Jul-2026
AV04984,Receipt,4984,12-Aug-2026,NTPC Lara,15276976.48,Cr,against bill,12-Aug-2026
AV04985,Receipt,4985,21-Aug-2026,Suratgarh STPS,10332512.0,Cr,against bill,21-Aug-2026
AV04986,Receipt,4986,10-Aug-2026,Suratgarh STPS,7937533.79,Cr,against bill,10-Aug-2026
AV04987,Payment,4987,12-Apr-2024,Nakoda Marudhar Agri Residue Pvt Ltd,850000.0,Dr,advance,12-Apr-2024
AV04988,Payment,4988,09-Apr-2025,Salasar Bhairav Trading Co,620000.0,Dr,advance,09-Apr-2025
AV04989,Payment,4989,15-Apr-2026,New Rajputana Agro Traders,740000.0,Dr,advance,15-Apr-2026
AV04990,Payment,4990,06-Nov-2025,Shri Bhagwati Trading Co,410000.0,Dr,advance,06-Nov-2025
AV04991,Receipt,4991,03-Sep-2025,Nagaur Cement,1500000.0,Cr,advance,03-Sep-2025
AV04992,Credit Note,4992,14-Nov-2025,NTPC Sipat,208801.0,Dr,adjustment,14-Nov-2025
AV04993,Credit Note,4993,14-Dec-2025,NTPC Korba,319494.0,Dr,adjustment,14-Dec-2025
