guid,voucher_guid,stock_item_name,qty_qtl,rate
AV00001-1,AV00001,Rice Husk,2579.0,1977
AV00002-1,AV00002,Rice Husk,2252.0,1953
AV00003-1,AV00003,Rice Husk,2301.0,1924
AV00004-1,AV00004,Rice Husk,2416.0,2006
AV00005-1,AV00005,Rice Husk,2358.0,1956
AV00006-1,AV00006,Rice Husk,2155.0,1959
AV00007-1,AV00007,Rice Husk,2121.0,1951
AV00008-1,AV00008,Rice Husk,2519.0,1908
AV00009-1,AV00009,Rice Husk,2247.0,1925
AV00010-1,AV00010,Rice Husk,2364.0,1954
AV00011-1,AV00011,Rice Husk,2181.0,1980
AV00012-1,AV00012,Rice Husk,2709.0,1998
AV00013-1,AV00013,Rice Husk,2155.0,1945
AV00014-1,AV00014,Rice Husk,2602.0,1893
AV00015-1,AV00015,Rice Husk,2215.0,1961
AV00016-1,AV00016,Rice Husk,2797.0,1983
AV00017-1,AV00017,Rice Husk,2272.0,2002
AV00018-1,AV00018,Rice Husk,2412.0,1936
AV00019-1,AV00019,Rice Husk,2438.0,1974
AV00020-1,AV00020,Rice Husk,2886.0,1915
AV00021-1,AV00021,Rice Husk,2402.0,2002
AV00022-1,AV00022,Rice Husk,2695.0,1895
AV00023-1,AV00023,Rice Husk,2322.0,1933
AV00024-1,AV00024,Rice Husk,2555.0,1908
AV00025-1,AV00025,Rice Husk,2265.0,1905
AV00026-1,AV00026,Rice Husk,2437.0,1984
AV00027-1,AV00027,Rice Husk,2331.0,1969
AV00028-1,AV00028,Rice Husk,2694.0,1931
AV00029-1,AV00029,Rice Husk,2754.0,1953
AV00030-1,AV00030,Rice Husk,2274.0,1934
AV00031-1,AV00031,Rice Husk,2504.0,1935
AV00032-1,AV00032,Rice Husk,2514.0,1900
AV00033-1,AV00033,Rice Husk,2630.0,1918
AV00034-1,AV00034,Rice Husk,2782.0,1998
AV00035-1,AV00035,Rice Husk,2463.0,1942
AV00036-1,AV00036,Rice Husk,2835.0,1986
AV00037-1,AV00037,Rice Husk,2404.0,1953
AV00038-1,AV00038,Rice Husk,2858.0,1901
AV00039-1,AV00039,Rice Husk,2392.0,1984
AV00040-1,AV00040,Rice Husk,2465.0,1949
AV00041-1,AV00041,Rice Husk,2482.0,1991
AV00042-1,AV00042,Rice Husk,2344.0,1904
AV00043-1,AV00043,Rice Husk,2694.0,1937
AV00044-1,AV00044,Rice Husk,2544.0,1909
AV00045-1,AV00045,Rice Husk,2205.0,1926
AV00046-1,AV00046,Rice Husk,2376.0,2004
AV00047-1,AV00047,Rice Husk,2860.0,2003
AV00048-1,AV00048,Rice Husk,2560.0,2002
AV00049-1,AV00049,Mustard Stalk,2128.0,2210
AV00050-1,AV00050,Mustard Stalk,2034.0,2307
AV00051-1,AV00051,Mustard Stalk,2190.0,2214
AV00052-1,AV00052,Mustard Stalk,2280.0,2263
AV00053-1,AV00053,Mustard Stalk,2372.0,2272
AV00054-1,AV00054,Mustard Stalk,2462.0,2292
AV00055-1,AV00055,Mustard Stalk,2435.0,2284
AV00056-1,AV00056,Mustard Stalk,2247.0,2269
AV00057-1,AV00057,Mustard Stalk,1970.0,2274
AV00058-1,AV00058,Mustard Stalk,2482.0,2228
AV00059-1,AV00059,Mustard Stalk,2204.0,2280
AV00060-1,AV00060,Mustard Stalk,1915.0,2300
AV00061-1,AV00061,Mustard Stalk,2044.0,2204
AV00062-1,AV00062,Mustard Stalk,2068.0,2233
AV00063-1,AV00063,Mustard Stalk,1979.0,2302
AV00064-1,AV00064,Mustard Stalk,1952.0,2289
AV00065-1,AV00065,Mustard Stalk,2411.0,2265
AV00066-1,AV00066,Mustard Stalk,2111.0,2254
AV00067-1,AV00067,Mustard Stalk,2313.0,2286
AV00068-1,AV00068,Mustard Stalk,2549.0,2278
AV00069-1,AV00069,Mustard Stalk,1984.0,2180
AV00070-1,AV00070,Rice Husk,2095.0,1952
AV00071-1,AV00071,Rice Husk,2073.0,2043
AV00072-1,AV00072,Rice Husk,2160.0,2024
AV00073-1,AV00073,Rice Husk,2023.0,2039
AV00074-1,AV00074,Rice Husk,1849.0,2051
AV00075-1,AV00075,Rice Husk,2048.0,2014
AV00076-1,AV00076,Rice Husk,2273.0,1957
AV00077-1,AV00077,Rice Husk,2271.0,2036
AV00078-1,AV00078,Rice Husk,2135.0,2062
AV00079-1,AV00079,Rice Husk,2143.0,2064
AV00080-1,AV00080,Rice Husk,2068.0,1989
AV00081-1,AV00081,Rice Husk,2206.0,1965
AV00082-1,AV00082,Rice Husk,2094.0,1971
AV00083-1,AV00083,Rice Husk,1788.0,2063
AV00084-1,AV00084,Rice Husk,1779.0,1994
AV00085-1,AV00085,Rice Husk,1906.0,2042
AV00086-1,AV00086,Rice Husk,1751.0,2017
AV00087-1,AV00087,Rice Husk,2299.0,1994
AV00088-1,AV00088,Rice Husk,2310.0,1978
AV00089-1,AV00089,Rice Husk,1744.0,2067
AV00090-1,AV00090,Rice Husk,2058.0,1984
AV00091-1,AV00091,Rice Husk,2258.0,2032
AV00092-1,AV00092,Rice Husk,1821.0,2065
AV00093-1,AV00093,Rice Husk,1987.0,2059
AV00094-1,AV00094,Rice Husk,2108.0,2067
AV00095-1,AV00095,Rice Husk,2016.0,2041
AV00096-1,AV00096,Rice Husk,1916.0,2035
AV00097-1,AV00097,Rice Husk,2013.0,1992
AV00098-1,AV00098,Rice Husk,2137.0,2025
AV00099-1,AV00099,Rice Husk,2168.0,2032
AV00100-1,AV00100,Rice Husk,1831.0,2001
AV00101-1,AV00101,Rice Husk,2290.0,1969
AV00102-1,AV00102,Rice Husk,2165.0,1981
AV00103-1,AV00103,Rice Husk,1926.0,2013
AV00104-1,AV00104,Rice Husk,1869.0,1961
AV00105-1,AV00105,Rice Husk,2049.0,2030
AV00106-1,AV00106,Rice Husk,2253.0,2001
AV00107-1,AV00107,Rice Husk,1800.0,2039
AV00108-1,AV00108,Rice Husk,2282.0,2021
AV00109-1,AV00109,Rice Husk,1795.0,2043
AV00110-1,AV00110,Rice Husk,1874.0,2068
AV00111-1,AV00111,Rice Husk,2090.0,2013
AV00112-1,AV00112,Rice Husk,1898.0,2063
AV00113-1,AV00113,Rice Husk,2172.0,1998
AV00114-1,AV00114,Rice Husk,2129.0,2050
AV00115-1,AV00115,Rice Husk,2287.0,1949
AV00116-1,AV00116,Rice Husk,1933.0,2000
AV00117-1,AV00117,Rice Husk,2072.0,2036
AV00118-1,AV00118,Rice Husk,1770.0,1952
AV00119-1,AV00119,Rice Husk,1690.0,1958
AV00120-1,AV00120,Rice Husk,1889.0,1983
AV00121-1,AV00121,Rice Husk,1781.0,2058
AV00122-1,AV00122,Rice Husk,1824.0,1965
AV00123-1,AV00123,Rice Husk,1874.0,1998
AV00124-1,AV00124,Rice Husk,1809.0,2014
AV00125-1,AV00125,Rice Husk,2139.0,2016
AV00126-1,AV00126,Rice Husk,2037.0,2060
AV00127-1,AV00127,Rice Husk,1743.0,1991
AV00128-1,AV00128,Rice Husk,2267.0,2026
AV00129-1,AV00129,Rice Husk,2254.0,2001
AV00130-1,AV00130,Rice Husk,1811.0,1954
AV00131-1,AV00131,Rice Husk,2017.0,2049
AV00132-1,AV00132,Rice Husk,1846.0,1973
AV00133-1,AV00133,Rice Husk,2235.0,2050
AV00134-1,AV00134,Rice Husk,1874.0,2010
AV00135-1,AV00135,Rice Husk,1921.0,2010
AV00136-1,AV00136,Rice Husk,1942.0,1970
AV00137-1,AV00137,Rice Husk,2192.0,2023
AV00138-1,AV00138,Rice Husk,2061.0,1984
AV00139-1,AV00139,Rice Husk,2308.0,1995
AV00140-1,AV00140,Rice Husk,2214.0,2039
AV00141-1,AV00141,Rice Husk,2024.0,1982
AV00142-1,AV00142,Rice Husk,2222.0,1973
AV00143-1,AV00143,Rice Husk,1939.0,1993
AV00144-1,AV00144,Rice Husk,1815.0,2048
AV00145-1,AV00145,Rice Husk,2128.0,2013
AV00146-1,AV00146,Rice Husk,2209.0,1956
AV00147-1,AV00147,Rice Husk,2076.0,2029
AV00148-1,AV00148,Rice Husk,1682.0,1971
AV00149-1,AV00149,Rice Husk,1700.0,2050
AV00150-1,AV00150,Rice Husk,2066.0,1959
AV00151-1,AV00151,Rice Husk,1954.0,1991
AV00152-1,AV00152,Mustard Stalk,2208.0,2251
AV00153-1,AV00153,Mustard Stalk,2503.0,2359
AV00154-1,AV00154,Mustard Stalk,2513.0,2358
AV00155-1,AV00155,Mustard Stalk,1978.0,2344
AV00156-1,AV00156,Mustard Stalk,2262.0,2346
AV00157-1,AV00157,Mustard Stalk,2542.0,2356
AV00158-1,AV00158,Mustard Stalk,2534.0,2261
AV00159-1,AV00159,Mustard Stalk,2030.0,2293
AV00160-1,AV00160,Mustard Stalk,2574.0,2361
AV00161-1,AV00161,Mustard Stalk,2597.0,2264
AV00162-1,AV00162,Mustard Stalk,1936.0,2323
AV00163-1,AV00163,Mustard Stalk,2031.0,2244
AV00164-1,AV00164,Mustard Stalk,2620.0,2319
AV00165-1,AV00165,Mustard Stalk,2143.0,2278
AV00166-1,AV00166,Mustard Stalk,2115.0,2288
AV00167-1,AV00167,Mustard Stalk,1981.0,2294
AV00168-1,AV00168,Mustard Stalk,2507.0,2250
AV00169-1,AV00169,Mustard Stalk,2522.0,2284
AV00170-1,AV00170,Mustard Stalk,2543.0,2354
AV00171-1,AV00171,Mustard Stalk,2578.0,2317
AV00172-1,AV00172,Mustard Stalk,1928.0,2360
AV00173-1,AV00173,Mustard Stalk,2269.0,2365
AV00174-1,AV00174,Mustard Stalk,2198.0,2244
AV00175-1,AV00175,Mustard Stalk,2015.0,2249
AV00176-1,AV00176,Mustard Stalk,2054.0,2367
AV00177-1,AV00177,Mustard Stalk,2699.0,2320
AV00178-1,AV00178,Mustard Stalk,1933.0,2266
AV00179-1,AV00179,Mustard Stalk,2558.0,2270
AV00180-1,AV00180,Rice Husk,2366.0,2038
AV00181-1,AV00181,Rice Husk,2417.0,2085
AV00182-1,AV00182,Rice Husk,2801.0,2085
AV00183-1,AV00183,Rice Husk,2774.0,2032
AV00184-1,AV00184,Rice Husk,2440.0,2017
AV00185-1,AV00185,Rice Husk,2362.0,2108
AV00186-1,AV00186,Rice Husk,2375.0,2075
AV00187-1,AV00187,Rice Husk,2352.0,2110
AV00188-1,AV00188,Rice Husk,2450.0,2041
AV00189-1,AV00189,Rice Husk,2579.0,2124
AV00190-1,AV00190,Rice Husk,2551.0,2056
AV00191-1,AV00191,Rice Husk,2613.0,2020
AV00192-1,AV00192,Rice Husk,2245.0,2112
AV00193-1,AV00193,Rice Husk,2407.0,2125
AV00194-1,AV00194,Rice Husk,2604.0,2090
AV00195-1,AV00195,Rice Husk,2127.0,2018
AV00196-1,AV00196,Rice Husk,2680.0,2049
AV00197-1,AV00197,Rice Husk,2206.0,2065
AV00198-1,AV00198,Rice Husk,2645.0,2105
AV00199-1,AV00199,Rice Husk,2130.0,2023
AV00200-1,AV00200,Rice Husk,2637.0,2060
AV00201-1,AV00201,Rice Husk,2364.0,2116
AV00202-1,AV00202,Rice Husk,2241.0,2091
AV00203-1,AV00203,Rice Husk,2264.0,2105
AV00204-1,AV00204,Rice Husk,2572.0,2089
AV00205-1,AV00205,Rice Husk,2370.0,2024
AV00206-1,AV00206,Rice Husk,2568.0,2056
AV00207-1,AV00207,Rice Husk,2391.0,2126
AV00208-1,AV00208,Rice Husk,2458.0,2124
AV00209-1,AV00209,Rice Husk,2694.0,2066
AV00210-1,AV00210,Rice Husk,2123.0,2037
AV00211-1,AV00211,Rice Husk,2168.0,2076
AV00212-1,AV00212,Rice Husk,2128.0,2092
AV00213-1,AV00213,Rice Husk,2761.0,2007
AV00214-1,AV00214,Rice Husk,2411.0,2048
AV00215-1,AV00215,Rice Husk,2498.0,2111
AV00216-1,AV00216,Rice Husk,2129.0,2047
AV00217-1,AV00217,Rice Husk,2515.0,2089
AV00218-1,AV00218,Rice Husk,2483.0,2052
AV00219-1,AV00219,Rice Husk,2151.0,2089
AV00220-1,AV00220,Rice Husk,2527.0,2074
AV00221-1,AV00221,Rice Husk,2565.0,2064
AV00222-1,AV00222,Rice Husk,2360.0,2120
AV00223-1,AV00223,Rice Husk,2273.0,2010
AV00224-1,AV00224,Rice Husk,2593.0,2021
AV00225-1,AV00225,Rice Husk,2102.0,2113
AV00226-1,AV00226,Rice Husk,2668.0,2086
AV00227-1,AV00227,Rice Husk,2549.0,2105
AV00228-1,AV00228,Rice Husk,2292.0,2051
AV00229-1,AV00229,Rice Husk,2470.0,2103
AV00230-1,AV00230,Rice Husk,2308.0,2008
AV00231-1,AV00231,Rice Husk,2208.0,2102
AV00232-1,AV00232,Rice Husk,2422.0,2123
AV00233-1,AV00233,Rice Husk,2215.0,2104
AV00234-1,AV00234,Rice Husk,2403.0,2038
AV00235-1,AV00235,Rice Husk,2603.0,2087
AV00236-1,AV00236,Rice Husk,2747.0,2046
AV00237-1,AV00237,Rice Husk,2120.0,2120
AV00238-1,AV00238,Rice Husk,2230.0,2008
AV00239-1,AV00239,Rice Husk,2686.0,2109
AV00240-1,AV00240,Rice Husk,2819.0,2030
AV00241-1,AV00241,Rice Husk,2732.0,2117
AV00242-1,AV00242,Rice Husk,2290.0,2088
AV00243-1,AV00243,Rice Husk,2342.0,2077
AV00244-1,AV00244,Rice Husk,2336.0,2055
AV00245-1,AV00245,Rice Husk,2660.0,2033
AV00246-1,AV00246,Rice Husk,2507.0,2114
AV00247-1,AV00247,Rice Husk,2468.0,2106
AV00248-1,AV00248,Rice Husk,2314.0,2029
AV00249-1,AV00249,Rice Husk,2769.0,2098
AV00250-1,AV00250,Rice Husk,2224.0,2040
AV00251-1,AV00251,Rice Husk,2562.0,2087
AV00252-1,AV00252,Mustard Stalk,3432.0,2389
AV00253-1,AV00253,Mustard Stalk,4000.0,2396
AV00254-1,AV00254,Mustard Stalk,3125.0,2374
AV00255-1,AV00255,Mustard Stalk,3700.0,2400
AV00256-1,AV00256,Mustard Stalk,3650.0,2308
AV00257-1,AV00257,Mustard Stalk,3445.0,2378
AV00258-1,AV00258,Mustard Stalk,3695.0,2435
AV00259-1,AV00259,Mustard Stalk,3419.0,2446
AV00260-1,AV00260,Mustard Stalk,3498.0,2397
AV00261-1,AV00261,Mustard Stalk,3828.0,2371
AV00262-1,AV00262,Mustard Stalk,3811.0,2364
AV00263-1,AV00263,Mustard Stalk,3988.0,2410
AV00264-1,AV00264,Mustard Stalk,4041.0,2338
AV00265-1,AV00265,Mustard Stalk,3439.0,2396
AV00266-1,AV00266,Mustard Stalk,3901.0,2417
AV00267-1,AV00267,Mustard Stalk,3400.0,2309
AV00268-1,AV00268,Mustard Stalk,2834.0,2331
AV00269-1,AV00269,Mustard Stalk,3166.0,2414
AV00270-1,AV00270,Mustard Stalk,3845.0,2440
AV00271-1,AV00271,Rice Husk,2456.0,2143
AV00272-1,AV00272,Rice Husk,2498.0,2098
AV00273-1,AV00273,Rice Husk,2782.0,2185
AV00274-1,AV00274,Rice Husk,2761.0,2083
AV00275-1,AV00275,Rice Husk,3051.0,2139
AV00276-1,AV00276,Rice Husk,2867.0,2134
AV00277-1,AV00277,Rice Husk,2856.0,2087
AV00278-1,AV00278,Rice Husk,2736.0,2123
AV00279-1,AV00279,Rice Husk,2400.0,2153
AV00280-1,AV00280,Rice Husk,3100.0,2128
AV00281-1,AV00281,Rice Husk,2984.0,2159
AV00282-1,AV00282,Rice Husk,2629.0,2098
AV00283-1,AV00283,Rice Husk,2783.0,2202
AV00284-1,AV00284,Rice Husk,2782.0,2178
AV00285-1,AV00285,Rice Husk,2535.0,2092
AV00286-1,AV00286,Rice Husk,2736.0,2117
AV00287-1,AV00287,Rice Husk,2997.0,2091
AV00288-1,AV00288,Rice Husk,2425.0,2160
AV00289-1,AV00289,Rice Husk,2631.0,2201
AV00290-1,AV00290,Rice Husk,2519.0,2135
AV00291-1,AV00291,Rice Husk,2769.0,2170
AV00292-1,AV00292,Rice Husk,2624.0,2091
AV00293-1,AV00293,Rice Husk,2847.0,2085
AV00294-1,AV00294,Rice Husk,2806.0,2193
AV00295-1,AV00295,Rice Husk,2443.0,2178
AV00296-1,AV00296,Rice Husk,3239.0,2171
AV00297-1,AV00297,Rice Husk,2721.0,2093
AV00298-1,AV00298,Rice Husk,3127.0,2189
AV00299-1,AV00299,Rice Husk,2857.0,2089
AV00300-1,AV00300,Rice Husk,2574.0,2153
AV00301-1,AV00301,Rice Husk,2864.0,2104
AV00302-1,AV00302,Rice Husk,2479.0,2084
AV00303-1,AV00303,Rice Husk,2877.0,2186
AV00304-1,AV00304,Rice Husk,3089.0,2149
AV00305-1,AV00305,Rice Husk,3037.0,2163
AV00306-1,AV00306,Rice Husk,3162.0,2161
AV00307-1,AV00307,Rice Husk,2824.0,2101
AV00308-1,AV00308,Rice Husk,2452.0,2123
AV00309-1,AV00309,Rice Husk,3080.0,2123
AV00310-1,AV00310,Rice Husk,2913.0,2098
AV00311-1,AV00311,Rice Husk,2703.0,2137
AV00312-1,AV00312,Rice Husk,3154.0,2178
AV00313-1,AV00313,Rice Husk,2804.0,2081
AV00314-1,AV00314,Rice Husk,2757.0,2145
AV00315-1,AV00315,Rice Husk,2397.0,2144
AV00316-1,AV00316,Rice Husk,2623.0,2158
AV00317-1,AV00317,Rice Husk,2528.0,2156
AV00318-1,AV00318,Rice Husk,3184.0,2107
AV00319-1,AV00319,Rice Husk,2906.0,2202
AV00320-1,AV00320,Rice Husk,2908.0,2186
AV00321-1,AV00321,Rice Husk,2465.0,2205
AV00322-1,AV00322,Rice Husk,2809.0,2094
AV00323-1,AV00323,Rice Husk,3158.0,2154
AV00324-1,AV00324,Rice Husk,2958.0,2100
AV00325-1,AV00325,Rice Husk,2950.0,2097
AV00326-1,AV00326,Rice Husk,2336.0,2135
AV00327-1,AV00327,Rice Husk,2782.0,2187
AV00328-1,AV00328,Mustard Stalk,3172.0,2495
AV00329-1,AV00329,Mustard Stalk,2423.0,2513
AV00330-1,AV00330,Mustard Stalk,2659.0,2495
AV00331-1,AV00331,Mustard Stalk,3208.0,2393
AV00332-1,AV00332,Mustard Stalk,2537.0,2398
AV00333-1,AV00333,Mustard Stalk,2816.0,2465
AV00334-1,AV00334,Mustard Stalk,3046.0,2405
AV00335-1,AV00335,Mustard Stalk,2756.0,2478
AV00336-1,AV00336,Mustard Stalk,2994.0,2458
AV00337-1,AV00337,Mustard Stalk,2380.0,2467
AV00338-1,AV00338,Mustard Stalk,2667.0,2441
AV00339-1,AV00339,Mustard Stalk,2723.0,2446
AV00340-1,AV00340,Mustard Stalk,2946.0,2514
AV00341-1,AV00341,Mustard Stalk,2626.0,2492
AV00342-1,AV00342,Mustard Stalk,2605.0,2478
AV00343-1,AV00343,Mustard Stalk,3062.0,2405
AV00344-1,AV00344,Mustard Stalk,3111.0,2418
AV00345-1,AV00345,Mustard Stalk,2439.0,2475
AV00346-1,AV00346,Mustard Stalk,3155.0,2522
AV00347-1,AV00347,Mustard Stalk,3086.0,2428
AV00348-1,AV00348,Mustard Stalk,2446.0,2490
AV00349-1,AV00349,Mustard Stalk,2873.0,2399
AV00350-1,AV00350,Pellets,10596.0,7156
AV00351-1,AV00351,Pellets,10596.0,7239
AV00352-1,AV00352,Rice Husk,3745.0,2215
AV00353-1,AV00353,Rice Husk,3258.0,2163
AV00354-1,AV00354,Rice Husk,3378.0,2252
AV00355-1,AV00355,Rice Husk,3542.0,2238
AV00356-1,AV00356,Rice Husk,3377.0,2238
AV00357-1,AV00357,Rice Husk,3984.0,2177
AV00358-1,AV00358,Rice Husk,3164.0,2141
AV00359-1,AV00359,Rice Husk,3974.0,2250
AV00360-1,AV00360,Rice Husk,3397.0,2161
AV00361-1,AV00361,Rice Husk,3651.0,2176
AV00362-1,AV00362,Rice Husk,4091.0,2200
AV00363-1,AV00363,Rice Husk,3606.0,2200
AV00364-1,AV00364,Rice Husk,3444.0,2160
AV00365-1,AV00365,Rice Husk,3980.0,2223
AV00366-1,AV00366,Rice Husk,4190.0,2154
AV00367-1,AV00367,Rice Husk,3402.0,2226
AV00368-1,AV00368,Rice Husk,3162.0,2164
AV00369-1,AV00369,Rice Husk,4101.0,2151
AV00370-1,AV00370,Rice Husk,3484.0,2265
AV00371-1,AV00371,Rice Husk,4196.0,2195
AV00372-1,AV00372,Rice Husk,3953.0,2143
AV00373-1,AV00373,Rice Husk,3494.0,2207
AV00374-1,AV00374,Rice Husk,3350.0,2236
AV00375-1,AV00375,Rice Husk,4135.0,2242
AV00376-1,AV00376,Rice Husk,4106.0,2145
AV00377-1,AV00377,Rice Husk,3184.0,2138
AV00378-1,AV00378,Rice Husk,3655.0,2208
AV00379-1,AV00379,Rice Husk,3582.0,2225
AV00380-1,AV00380,Rice Husk,3736.0,2216
AV00381-1,AV00381,Rice Husk,3570.0,2180
AV00382-1,AV00382,Rice Husk,3423.0,2227
AV00383-1,AV00383,Rice Husk,3152.0,2185
AV00384-1,AV00384,Rice Husk,4191.0,2153
AV00385-1,AV00385,Rice Husk,3268.0,2206
AV00386-1,AV00386,Rice Husk,3824.0,2260
AV00387-1,AV00387,Rice Husk,3117.0,2142
AV00388-1,AV00388,Rice Husk,3679.0,2166
AV00389-1,AV00389,Rice Husk,3595.0,2257
AV00390-1,AV00390,Rice Husk,3358.0,2227
AV00391-1,AV00391,Rice Husk,3466.0,2196
AV00392-1,AV00392,Rice Husk,4248.0,2226
AV00393-1,AV00393,Rice Husk,3370.0,2178
AV00394-1,AV00394,Rice Husk,3795.0,2155
AV00395-1,AV00395,Rice Husk,4134.0,2225
AV00396-1,AV00396,Mustard Stalk,1984.0,2562
AV00397-1,AV00397,Mustard Stalk,2107.0,2583
AV00398-1,AV00398,Mustard Stalk,2237.0,2555
AV00399-1,AV00399,Mustard Stalk,1976.0,2480
AV00400-1,AV00400,Mustard Stalk,2267.0,2585
AV00401-1,AV00401,Mustard Stalk,2249.0,2493
AV00402-1,AV00402,Mustard Stalk,2177.0,2488
AV00403-1,AV00403,Mustard Stalk,2213.0,2553
AV00404-1,AV00404,Mustard Stalk,2071.0,2488
AV00405-1,AV00405,Mustard Stalk,1784.0,2580
AV00406-1,AV00406,Mustard Stalk,2189.0,2476
AV00407-1,AV00407,Mustard Stalk,1858.0,2507
AV00408-1,AV00408,Mustard Stalk,2121.0,2568
AV00409-1,AV00409,Mustard Stalk,1822.0,2586
AV00410-1,AV00410,Mustard Stalk,2064.0,2501
AV00411-1,AV00411,Mustard Stalk,1995.0,2463
AV00412-1,AV00412,Mustard Stalk,1829.0,2603
AV00413-1,AV00413,Mustard Stalk,1891.0,2463
AV00414-1,AV00414,Mustard Stalk,1692.0,2476
AV00415-1,AV00415,Mustard Stalk,2031.0,2487
AV00416-1,AV00416,Mustard Stalk,1837.0,2590
AV00417-1,AV00417,Mustard Stalk,1751.0,2524
AV00418-1,AV00418,Mustard Stalk,2100.0,2522
AV00419-1,AV00419,Mustard Stalk,2241.0,2494
AV00420-1,AV00420,Mustard Stalk,1982.0,2563
AV00421-1,AV00421,Mustard Stalk,2262.0,2603
AV00422-1,AV00422,Mustard Stalk,1742.0,2495
AV00423-1,AV00423,Mustard Stalk,1896.0,2492
AV00424-1,AV00424,Mustard Stalk,1763.0,2547
AV00425-1,AV00425,Mustard Stalk,2086.0,2585
AV00426-1,AV00426,Mustard Stalk,2204.0,2463
AV00427-1,AV00427,Pellets,20458.0,7217
AV00428-1,AV00428,Rice Husk,2677.0,2293
AV00429-1,AV00429,Rice Husk,2785.0,2296
AV00430-1,AV00430,Rice Husk,2579.0,2317
AV00431-1,AV00431,Rice Husk,3284.0,2300
AV00432-1,AV00432,Rice Husk,3216.0,2299
AV00433-1,AV00433,Rice Husk,2815.0,2286
AV00434-1,AV00434,Rice Husk,2646.0,2303
AV00435-1,AV00435,Rice Husk,2622.0,2272
AV00436-1,AV00436,Rice Husk,3130.0,2246
AV00437-1,AV00437,Rice Husk,2847.0,2252
AV00438-1,AV00438,Rice Husk,3142.0,2324
AV00439-1,AV00439,Rice Husk,3192.0,2321
AV00440-1,AV00440,Rice Husk,3098.0,2256
AV00441-1,AV00441,Rice Husk,2507.0,2230
AV00442-1,AV00442,Rice Husk,2726.0,2312
AV00443-1,AV00443,Rice Husk,2763.0,2271
AV00444-1,AV00444,Rice Husk,3028.0,2250
AV00445-1,AV00445,Rice Husk,3009.0,2266
AV00446-1,AV00446,Rice Husk,3094.0,2248
AV00447-1,AV00447,Rice Husk,2851.0,2226
AV00448-1,AV00448,Rice Husk,2526.0,2196
AV00449-1,AV00449,Rice Husk,3191.0,2205
AV00450-1,AV00450,Rice Husk,3185.0,2290
AV00451-1,AV00451,Rice Husk,3034.0,2281
AV00452-1,AV00452,Rice Husk,3073.0,2216
AV00453-1,AV00453,Rice Husk,3004.0,2242
AV00454-1,AV00454,Rice Husk,2523.0,2315
AV00455-1,AV00455,Rice Husk,2840.0,2215
AV00456-1,AV00456,Rice Husk,2540.0,2292
AV00457-1,AV00457,Rice Husk,2843.0,2228
AV00458-1,AV00458,Rice Husk,2779.0,2328
AV00459-1,AV00459,Rice Husk,2777.0,2312
AV00460-1,AV00460,Rice Husk,3137.0,2316
AV00461-1,AV00461,Rice Husk,2956.0,2276
AV00462-1,AV00462,Rice Husk,3074.0,2300
AV00463-1,AV00463,Rice Husk,2838.0,2258
AV00464-1,AV00464,Rice Husk,2909.0,2230
AV00465-1,AV00465,Rice Husk,2929.0,2329
AV00466-1,AV00466,Rice Husk,2788.0,2200
AV00467-1,AV00467,Rice Husk,3092.0,2267
AV00468-1,AV00468,Rice Husk,3058.0,2202
AV00469-1,AV00469,Rice Husk,2525.0,2285
AV00470-1,AV00470,Rice Husk,3205.0,2261
AV00471-1,AV00471,Rice Husk,3187.0,2241
AV00472-1,AV00472,Rice Husk,2671.0,2318
AV00473-1,AV00473,Rice Husk,3122.0,2285
AV00474-1,AV00474,Rice Husk,3292.0,2284
AV00475-1,AV00475,Rice Husk,3022.0,2246
AV00476-1,AV00476,Rice Husk,3099.0,2216
AV00477-1,AV00477,Rice Husk,2522.0,2287
AV00478-1,AV00478,Rice Husk,2957.0,2220
AV00479-1,AV00479,Rice Husk,2549.0,2210
AV00480-1,AV00480,Rice Husk,2565.0,2287
AV00481-1,AV00481,Rice Husk,2776.0,2296
AV00482-1,AV00482,Rice Husk,3273.0,2274
AV00483-1,AV00483,Mustard Stalk,4015.0,2591
AV00484-1,AV00484,Mustard Stalk,3521.0,2611
AV00485-1,AV00485,Mustard Stalk,3517.0,2638
AV00486-1,AV00486,Mustard Stalk,4061.0,2531
AV00487-1,AV00487,Mustard Stalk,3295.0,2530
AV00488-1,AV00488,Mustard Stalk,3957.0,2647
AV00489-1,AV00489,Mustard Stalk,3449.0,2657
AV00490-1,AV00490,Mustard Stalk,3508.0,2649
AV00491-1,AV00491,Mustard Stalk,3167.0,2648
AV00492-1,AV00492,Mustard Stalk,3820.0,2675
AV00493-1,AV00493,Mustard Stalk,3205.0,2569
AV00494-1,AV00494,Mustard Stalk,3216.0,2634
AV00495-1,AV00495,Mustard Stalk,3477.0,2592
AV00496-1,AV00496,Mustard Stalk,3440.0,2676
AV00497-1,AV00497,Mustard Stalk,3641.0,2671
AV00498-1,AV00498,Mustard Stalk,4398.0,2619
AV00499-1,AV00499,Mustard Stalk,4485.0,2674
AV00500-1,AV00500,Pellets,10440.0,7456
AV00501-1,AV00501,Pellets,10441.0,7256
AV00502-1,AV00502,Rice Husk,2253.0,2288
AV00503-1,AV00503,Rice Husk,1824.0,2283
AV00504-1,AV00504,Rice Husk,2306.0,2317
AV00505-1,AV00505,Rice Husk,1781.0,2233
AV00506-1,AV00506,Rice Husk,1735.0,2277
AV00507-1,AV00507,Rice Husk,1811.0,2281
AV00508-1,AV00508,Rice Husk,2073.0,2296
AV00509-1,AV00509,Rice Husk,1867.0,2262
AV00510-1,AV00510,Rice Husk,1938.0,2238
AV00511-1,AV00511,Rice Husk,1946.0,2261
AV00512-1,AV00512,Rice Husk,2271.0,2317
AV00513-1,AV00513,Rice Husk,2072.0,2210
AV00514-1,AV00514,Rice Husk,2141.0,2224
AV00515-1,AV00515,Rice Husk,2089.0,2310
AV00516-1,AV00516,Rice Husk,2006.0,2255
AV00517-1,AV00517,Rice Husk,1812.0,2209
AV00518-1,AV00518,Rice Husk,2055.0,2253
AV00519-1,AV00519,Rice Husk,2048.0,2205
AV00520-1,AV00520,Rice Husk,2214.0,2279
AV00521-1,AV00521,Rice Husk,2091.0,2297
AV00522-1,AV00522,Rice Husk,2329.0,2245
AV00523-1,AV00523,Rice Husk,2018.0,2307
AV00524-1,AV00524,Rice Husk,1905.0,2298
AV00525-1,AV00525,Rice Husk,1912.0,2285
AV00526-1,AV00526,Rice Husk,1769.0,2306
AV00527-1,AV00527,Rice Husk,2335.0,2291
AV00528-1,AV00528,Rice Husk,1953.0,2288
AV00529-1,AV00529,Rice Husk,2013.0,2287
AV00530-1,AV00530,Rice Husk,2133.0,2264
AV00531-1,AV00531,Rice Husk,2166.0,2261
AV00532-1,AV00532,Rice Husk,1802.0,2269
AV00533-1,AV00533,Rice Husk,1929.0,2315
AV00534-1,AV00534,Rice Husk,2218.0,2264
AV00535-1,AV00535,Rice Husk,2098.0,2248
AV00536-1,AV00536,Rice Husk,1767.0,2328
AV00537-1,AV00537,Rice Husk,2044.0,2315
AV00538-1,AV00538,Rice Husk,1895.0,2327
AV00539-1,AV00539,Rice Husk,1785.0,2220
AV00540-1,AV00540,Rice Husk,2015.0,2314
AV00541-1,AV00541,Rice Husk,1760.0,2235
AV00542-1,AV00542,Rice Husk,2111.0,2240
AV00543-1,AV00543,Rice Husk,1855.0,2207
AV00544-1,AV00544,Rice Husk,2008.0,2332
AV00545-1,AV00545,Rice Husk,2171.0,2272
AV00546-1,AV00546,Rice Husk,1776.0,2222
AV00547-1,AV00547,Rice Husk,1852.0,2231
AV00548-1,AV00548,Rice Husk,1848.0,2332
AV00549-1,AV00549,Rice Husk,1882.0,2261
AV00550-1,AV00550,Rice Husk,2363.0,2286
AV00551-1,AV00551,Rice Husk,2036.0,2231
AV00552-1,AV00552,Rice Husk,1759.0,2329
AV00553-1,AV00553,Rice Husk,2014.0,2218
AV00554-1,AV00554,Rice Husk,2019.0,2234
AV00555-1,AV00555,Rice Husk,2138.0,2284
AV00556-1,AV00556,Rice Husk,2224.0,2283
AV00557-1,AV00557,Rice Husk,1962.0,2217
AV00558-1,AV00558,Rice Husk,2068.0,2259
AV00559-1,AV00559,Rice Husk,2252.0,2299
AV00560-1,AV00560,Rice Husk,2276.0,2340
AV00561-1,AV00561,Rice Husk,2000.0,2331
AV00562-1,AV00562,Rice Husk,2293.0,2296
AV00563-1,AV00563,Rice Husk,2215.0,2206
AV00564-1,AV00564,Rice Husk,2344.0,2323
AV00565-1,AV00565,Rice Husk,2121.0,2284
AV00566-1,AV00566,Rice Husk,2272.0,2330
AV00567-1,AV00567,Rice Husk,2183.0,2340
AV00568-1,AV00568,Rice Husk,1788.0,2271
AV00569-1,AV00569,Rice Husk,2227.0,2313
AV00570-1,AV00570,Rice Husk,1889.0,2253
AV00571-1,AV00571,Rice Husk,2310.0,2339
AV00572-1,AV00572,Rice Husk,1849.0,2340
AV00573-1,AV00573,Rice Husk,1996.0,2330
AV00574-1,AV00574,Rice Husk,1800.0,2210
AV00575-1,AV00575,Rice Husk,2111.0,2224
AV00576-1,AV00576,Rice Husk,1893.0,2293
AV00577-1,AV00577,Rice Husk,2275.0,2240
AV00578-1,AV00578,Rice Husk,2179.0,2263
AV00579-1,AV00579,Rice Husk,2110.0,2310
AV00580-1,AV00580,Rice Husk,1784.0,2332
AV00581-1,AV00581,Rice Husk,2001.0,2244
AV00582-1,AV00582,Rice Husk,1733.0,2294
AV00583-1,AV00583,Rice Husk,2135.0,2239
AV00584-1,AV00584,Rice Husk,1854.0,2309
AV00585-1,AV00585,Rice Husk,2274.0,2334
AV00586-1,AV00586,Rice Husk,1907.0,2224
AV00587-1,AV00587,Rice Husk,1815.0,2301
AV00588-1,AV00588,Rice Husk,2283.0,2262
AV00589-1,AV00589,Rice Husk,2250.0,2250
AV00590-1,AV00590,Rice Husk,2026.0,2221
AV00591-1,AV00591,Rice Husk,1760.0,2236
AV00592-1,AV00592,Mustard Stalk,3649.0,2685
AV00593-1,AV00593,Mustard Stalk,2964.0,2637
AV00594-1,AV00594,Mustard Stalk,3285.0,2666
AV00595-1,AV00595,Mustard Stalk,3238.0,2689
AV00596-1,AV00596,Mustard Stalk,3373.0,2548
AV00597-1,AV00597,Mustard Stalk,3164.0,2584
AV00598-1,AV00598,Mustard Stalk,3857.0,2612
AV00599-1,AV00599,Mustard Stalk,2953.0,2611
AV00600-1,AV00600,Mustard Stalk,3287.0,2564
AV00601-1,AV00601,Mustard Stalk,3459.0,2596
AV00602-1,AV00602,Mustard Stalk,3022.0,2679
AV00603-1,AV00603,Mustard Stalk,3823.0,2553
AV00604-1,AV00604,Mustard Stalk,3368.0,2630
AV00605-1,AV00605,Mustard Stalk,3581.0,2616
AV00606-1,AV00606,Mustard Stalk,3402.0,2687
AV00607-1,AV00607,Mustard Stalk,3468.0,2538
AV00608-1,AV00608,Mustard Stalk,3426.0,2587
AV00609-1,AV00609,Mustard Stalk,3303.0,2568
AV00610-1,AV00610,Mustard Stalk,2939.0,2641
AV00611-1,AV00611,Mustard Stalk,3633.0,2587
AV00612-1,AV00612,Mustard Stalk,3767.0,2607
AV00613-1,AV00613,Rice Husk,3602.0,2070
AV00614-1,AV00614,Rice Husk,3379.0,2104
AV00615-1,AV00615,Rice Husk,3282.0,2113
AV00616-1,AV00616,Rice Husk,3096.0,2079
AV00617-1,AV00617,Rice Husk,3482.0,2162
AV00618-1,AV00618,Rice Husk,3149.0,2160
AV00619-1,AV00619,Rice Husk,2964.0,2082
AV00620-1,AV00620,Rice Husk,3536.0,2181
AV00621-1,AV00621,Rice Husk,2813.0,2138
AV00622-1,AV00622,Rice Husk,2897.0,2065
AV00623-1,AV00623,Rice Husk,3571.0,2073
AV00624-1,AV00624,Rice Husk,2895.0,2163
AV00625-1,AV00625,Rice Husk,3352.0,2134
AV00626-1,AV00626,Rice Husk,2824.0,2141
AV00627-1,AV00627,Rice Husk,3087.0,2082
AV00628-1,AV00628,Rice Husk,3656.0,2088
AV00629-1,AV00629,Rice Husk,3113.0,2094
AV00630-1,AV00630,Rice Husk,3324.0,2184
AV00631-1,AV00631,Rice Husk,3433.0,2116
AV00632-1,AV00632,Rice Husk,2847.0,2080
AV00633-1,AV00633,Rice Husk,3014.0,2084
AV00634-1,AV00634,Rice Husk,3508.0,2129
AV00635-1,AV00635,Rice Husk,2776.0,2187
AV00636-1,AV00636,Rice Husk,2794.0,2071
AV00637-1,AV00637,Rice Husk,3160.0,2077
AV00638-1,AV00638,Rice Husk,3003.0,2174
AV00639-1,AV00639,Rice Husk,3199.0,2090
AV00640-1,AV00640,Rice Husk,3427.0,2126
AV00641-1,AV00641,Rice Husk,3052.0,2070
AV00642-1,AV00642,Rice Husk,2927.0,2158
AV00643-1,AV00643,Rice Husk,3430.0,2158
AV00644-1,AV00644,Rice Husk,3128.0,2071
AV00645-1,AV00645,Rice Husk,3584.0,2098
AV00646-1,AV00646,Rice Husk,2896.0,2158
AV00647-1,AV00647,Rice Husk,3461.0,2182
AV00648-1,AV00648,Rice Husk,2872.0,2160
AV00649-1,AV00649,Rice Husk,3284.0,2178
AV00650-1,AV00650,Rice Husk,3484.0,2189
AV00651-1,AV00651,Rice Husk,3241.0,2167
AV00652-1,AV00652,Rice Husk,3115.0,2084
AV00653-1,AV00653,Rice Husk,2900.0,2114
AV00654-1,AV00654,Rice Husk,3589.0,2125
AV00655-1,AV00655,Rice Husk,3035.0,2094
AV00656-1,AV00656,Rice Husk,3222.0,2127
AV00657-1,AV00657,Rice Husk,3576.0,2063
AV00658-1,AV00658,Rice Husk,3731.0,2157
AV00659-1,AV00659,Rice Husk,2800.0,2068
AV00660-1,AV00660,Rice Husk,2808.0,2155
AV00661-1,AV00661,Rice Husk,3552.0,2099
AV00662-1,AV00662,Rice Husk,2800.0,2065
AV00663-1,AV00663,Rice Husk,3681.0,2082
AV00664-1,AV00664,Rice Husk,2910.0,2146
AV00665-1,AV00665,Rice Husk,3029.0,2102
AV00666-1,AV00666,Rice Husk,3722.0,2126
AV00667-1,AV00667,Rice Husk,2926.0,2167
AV00668-1,AV00668,Rice Husk,3828.0,2143
AV00669-1,AV00669,Mustard Stalk,2135.0,2381
AV00670-1,AV00670,Mustard Stalk,2268.0,2511
AV00671-1,AV00671,Mustard Stalk,2062.0,2512
AV00672-1,AV00672,Mustard Stalk,1911.0,2481
AV00673-1,AV00673,Mustard Stalk,1877.0,2381
AV00674-1,AV00674,Mustard Stalk,1808.0,2407
AV00675-1,AV00675,Mustard Stalk,1792.0,2384
AV00676-1,AV00676,Mustard Stalk,2284.0,2484
AV00677-1,AV00677,Mustard Stalk,1905.0,2475
AV00678-1,AV00678,Mustard Stalk,2256.0,2462
AV00679-1,AV00679,Mustard Stalk,1871.0,2451
AV00680-1,AV00680,Mustard Stalk,2052.0,2507
AV00681-1,AV00681,Mustard Stalk,1714.0,2388
AV00682-1,AV00682,Mustard Stalk,1755.0,2453
AV00683-1,AV00683,Mustard Stalk,2253.0,2377
AV00684-1,AV00684,Mustard Stalk,1926.0,2421
AV00685-1,AV00685,Mustard Stalk,1746.0,2376
AV00686-1,AV00686,Mustard Stalk,2292.0,2432
AV00687-1,AV00687,Mustard Stalk,1796.0,2489
AV00688-1,AV00688,Mustard Stalk,1925.0,2380
AV00689-1,AV00689,Mustard Stalk,2219.0,2463
AV00690-1,AV00690,Mustard Stalk,1969.0,2481
AV00691-1,AV00691,Mustard Stalk,2044.0,2376
AV00692-1,AV00692,Mustard Stalk,2164.0,2374
AV00693-1,AV00693,Mustard Stalk,1795.0,2483
AV00694-1,AV00694,Mustard Stalk,1824.0,2395
AV00695-1,AV00695,Mustard Stalk,2311.0,2427
AV00696-1,AV00696,Mustard Stalk,1875.0,2441
AV00697-1,AV00697,Mustard Stalk,2291.0,2497
AV00698-1,AV00698,Mustard Stalk,1953.0,2439
AV00699-1,AV00699,Mustard Stalk,1745.0,2502
AV00700-1,AV00700,Mustard Stalk,2116.0,2435
AV00701-1,AV00701,Mustard Stalk,1736.0,2400
AV00702-1,AV00702,Mustard Stalk,2083.0,2506
AV00703-1,AV00703,Mustard Stalk,2156.0,2443
AV00704-1,AV00704,Rice Husk,2896.0,2104
AV00705-1,AV00705,Rice Husk,2914.0,2046
AV00706-1,AV00706,Rice Husk,3192.0,2049
AV00707-1,AV00707,Rice Husk,3041.0,2060
AV00708-1,AV00708,Rice Husk,2542.0,2010
AV00709-1,AV00709,Rice Husk,2996.0,2011
AV00710-1,AV00710,Rice Husk,3118.0,2088
AV00711-1,AV00711,Rice Husk,3410.0,2024
AV00712-1,AV00712,Rice Husk,3070.0,2095
AV00713-1,AV00713,Rice Husk,2998.0,2006
AV00714-1,AV00714,Rice Husk,3017.0,2079
AV00715-1,AV00715,Rice Husk,3057.0,2039
AV00716-1,AV00716,Rice Husk,2836.0,2026
AV00717-1,AV00717,Rice Husk,3405.0,2069
AV00718-1,AV00718,Rice Husk,2754.0,2087
AV00719-1,AV00719,Rice Husk,2691.0,2071
AV00720-1,AV00720,Rice Husk,3064.0,1998
AV00721-1,AV00721,Rice Husk,3351.0,2056
AV00722-1,AV00722,Rice Husk,3401.0,2076
AV00723-1,AV00723,Rice Husk,3325.0,2106
AV00724-1,AV00724,Rice Husk,2980.0,2085
AV00725-1,AV00725,Rice Husk,2557.0,2095
AV00726-1,AV00726,Rice Husk,3126.0,1987
AV00727-1,AV00727,Rice Husk,2538.0,2031
AV00728-1,AV00728,Rice Husk,2680.0,2105
AV00729-1,AV00729,Rice Husk,2661.0,2064
AV00730-1,AV00730,Rice Husk,2814.0,2061
AV00731-1,AV00731,Rice Husk,2828.0,2006
AV00732-1,AV00732,Rice Husk,3418.0,2019
AV00733-1,AV00733,Rice Husk,3034.0,2058
AV00734-1,AV00734,Rice Husk,2774.0,2036
AV00735-1,AV00735,Rice Husk,2658.0,2013
AV00736-1,AV00736,Rice Husk,2876.0,1999
AV00737-1,AV00737,Rice Husk,2747.0,2040
AV00738-1,AV00738,Rice Husk,2999.0,2001
AV00739-1,AV00739,Rice Husk,3143.0,2017
AV00740-1,AV00740,Rice Husk,3066.0,2089
AV00741-1,AV00741,Rice Husk,2549.0,2044
AV00742-1,AV00742,Rice Husk,3422.0,2109
AV00743-1,AV00743,Rice Husk,2855.0,2058
AV00744-1,AV00744,Rice Husk,3230.0,2096
AV00745-1,AV00745,Rice Husk,2845.0,2037
AV00746-1,AV00746,Rice Husk,2965.0,2070
AV00747-1,AV00747,Rice Husk,3168.0,2065
AV00748-1,AV00748,Rice Husk,2672.0,2041
AV00749-1,AV00749,Rice Husk,2551.0,2068
AV00750-1,AV00750,Rice Husk,3318.0,2065
AV00751-1,AV00751,Rice Husk,2999.0,2056
AV00752-1,AV00752,Rice Husk,3241.0,2073
AV00753-1,AV00753,Rice Husk,2703.0,2049
AV00754-1,AV00754,Rice Husk,2591.0,2005
AV00755-1,AV00755,Rice Husk,2913.0,1999
AV00756-1,AV00756,Rice Husk,2839.0,1987
AV00757-1,AV00757,Rice Husk,2948.0,2024
AV00758-1,AV00758,Rice Husk,3072.0,2057
AV00759-1,AV00759,Rice Husk,3327.0,2077
AV00760-1,AV00760,Rice Husk,3182.0,2051
AV00761-1,AV00761,Rice Husk,2893.0,2019
AV00762-1,AV00762,Rice Husk,3334.0,1995
AV00763-1,AV00763,Rice Husk,3437.0,2007
AV00764-1,AV00764,Rice Husk,2647.0,2106
AV00765-1,AV00765,Mustard Stalk,3659.0,2401
AV00766-1,AV00766,Mustard Stalk,3341.0,2361
AV00767-1,AV00767,Mustard Stalk,3892.0,2364
AV00768-1,AV00768,Mustard Stalk,3518.0,2361
AV00769-1,AV00769,Mustard Stalk,3021.0,2312
AV00770-1,AV00770,Mustard Stalk,3389.0,2378
AV00771-1,AV00771,Mustard Stalk,3661.0,2356
AV00772-1,AV00772,Mustard Stalk,3853.0,2291
AV00773-1,AV00773,Mustard Stalk,3187.0,2364
AV00774-1,AV00774,Mustard Stalk,3674.0,2309
AV00775-1,AV00775,Mustard Stalk,3738.0,2422
AV00776-1,AV00776,Mustard Stalk,3370.0,2285
AV00777-1,AV00777,Mustard Stalk,3520.0,2412
AV00778-1,AV00778,Mustard Stalk,3883.0,2411
AV00779-1,AV00779,Mustard Stalk,3430.0,2360
AV00780-1,AV00780,Mustard Stalk,3301.0,2351
AV00781-1,AV00781,Mustard Stalk,3653.0,2342
AV00782-1,AV00782,Mustard Stalk,4034.0,2371
AV00783-1,AV00783,Mustard Stalk,3187.0,2383
AV00784-1,AV00784,Mustard Stalk,3342.0,2390
AV00785-1,AV00785,Rice Husk,3237.0,2062
AV00786-1,AV00786,Rice Husk,2973.0,2019
AV00787-1,AV00787,Rice Husk,3157.0,2000
AV00788-1,AV00788,Rice Husk,3626.0,2084
AV00789-1,AV00789,Rice Husk,2964.0,2018
AV00790-1,AV00790,Rice Husk,3543.0,2069
AV00791-1,AV00791,Rice Husk,3925.0,2006
AV00792-1,AV00792,Rice Husk,3785.0,2057
AV00793-1,AV00793,Rice Husk,3491.0,2074
AV00794-1,AV00794,Rice Husk,2951.0,2039
AV00795-1,AV00795,Rice Husk,3146.0,2023
AV00796-1,AV00796,Rice Husk,3664.0,2076
AV00797-1,AV00797,Rice Husk,3646.0,2031
AV00798-1,AV00798,Rice Husk,3236.0,2075
AV00799-1,AV00799,Rice Husk,2997.0,2019
AV00800-1,AV00800,Rice Husk,3690.0,2053
AV00801-1,AV00801,Rice Husk,3907.0,1979
AV00802-1,AV00802,Rice Husk,3615.0,1981
AV00803-1,AV00803,Rice Husk,2911.0,1985
AV00804-1,AV00804,Rice Husk,3755.0,2025
AV00805-1,AV00805,Rice Husk,3014.0,2042
AV00806-1,AV00806,Rice Husk,3528.0,1968
AV00807-1,AV00807,Rice Husk,3726.0,2060
AV00808-1,AV00808,Rice Husk,3163.0,1998
AV00809-1,AV00809,Rice Husk,3396.0,2009
AV00810-1,AV00810,Rice Husk,3840.0,2059
AV00811-1,AV00811,Rice Husk,3661.0,2077
AV00812-1,AV00812,Rice Husk,3335.0,2053
AV00813-1,AV00813,Rice Husk,3036.0,2000
AV00814-1,AV00814,Rice Husk,3317.0,2014
AV00815-1,AV00815,Rice Husk,3437.0,1982
AV00816-1,AV00816,Rice Husk,3180.0,2054
AV00817-1,AV00817,Rice Husk,3434.0,2005
AV00818-1,AV00818,Rice Husk,3333.0,2004
AV00819-1,AV00819,Rice Husk,3179.0,2007
AV00820-1,AV00820,Rice Husk,3257.0,2062
AV00821-1,AV00821,Rice Husk,3685.0,2060
AV00822-1,AV00822,Rice Husk,3154.0,2075
AV00823-1,AV00823,Rice Husk,3257.0,2040
AV00824-1,AV00824,Rice Husk,3435.0,2088
AV00825-1,AV00825,Rice Husk,3999.0,1985
AV00826-1,AV00826,Rice Husk,2966.0,2031
AV00827-1,AV00827,Rice Husk,3020.0,2032
AV00828-1,AV00828,Rice Husk,3551.0,2058
AV00829-1,AV00829,Rice Husk,3504.0,2038
AV00830-1,AV00830,Rice Husk,3997.0,2073
AV00831-1,AV00831,Rice Husk,3896.0,2064
AV00832-1,AV00832,Rice Husk,3874.0,2000
AV00833-1,AV00833,Rice Husk,3245.0,2077
AV00834-1,AV00834,Rice Husk,3855.0,2082
AV00835-1,AV00835,Rice Husk,3153.0,2075
AV00836-1,AV00836,Rice Husk,2923.0,2012
AV00837-1,AV00837,Rice Husk,3598.0,2055
AV00838-1,AV00838,Mustard Stalk,2113.0,2324
AV00839-1,AV00839,Mustard Stalk,2351.0,2315
AV00840-1,AV00840,Mustard Stalk,2036.0,2345
AV00841-1,AV00841,Mustard Stalk,2033.0,2319
AV00842-1,AV00842,Mustard Stalk,2109.0,2376
AV00843-1,AV00843,Mustard Stalk,2643.0,2288
AV00844-1,AV00844,Mustard Stalk,2162.0,2293
AV00845-1,AV00845,Mustard Stalk,2257.0,2268
AV00846-1,AV00846,Mustard Stalk,2615.0,2353
AV00847-1,AV00847,Mustard Stalk,2567.0,2347
AV00848-1,AV00848,Mustard Stalk,2203.0,2322
AV00849-1,AV00849,Mustard Stalk,2480.0,2337
AV00850-1,AV00850,Mustard Stalk,2704.0,2318
AV00851-1,AV00851,Mustard Stalk,2071.0,2324
AV00852-1,AV00852,Mustard Stalk,2422.0,2294
AV00853-1,AV00853,Mustard Stalk,2694.0,2401
AV00854-1,AV00854,Mustard Stalk,2321.0,2275
AV00855-1,AV00855,Mustard Stalk,2392.0,2385
AV00856-1,AV00856,Mustard Stalk,2613.0,2340
AV00857-1,AV00857,Mustard Stalk,2132.0,2319
AV00858-1,AV00858,Mustard Stalk,2535.0,2365
AV00859-1,AV00859,Mustard Stalk,2551.0,2366
AV00860-1,AV00860,Mustard Stalk,2214.0,2333
AV00861-1,AV00861,Mustard Stalk,2031.0,2343
AV00862-1,AV00862,Mustard Stalk,2476.0,2334
AV00863-1,AV00863,Mustard Stalk,2592.0,2380
AV00864-1,AV00864,Mustard Stalk,2108.0,2283
AV00865-1,AV00865,Mustard Stalk,2513.0,2312
AV00866-1,AV00866,Mustard Stalk,2194.0,2277
AV00867-1,AV00867,Mustard Stalk,2322.0,2353
AV00868-1,AV00868,Rice Husk,2580.0,2016
AV00869-1,AV00869,Rice Husk,2479.0,2055
AV00870-1,AV00870,Rice Husk,2371.0,2014
AV00871-1,AV00871,Rice Husk,2267.0,2053
AV00872-1,AV00872,Rice Husk,2569.0,2094
AV00873-1,AV00873,Rice Husk,2572.0,2041
AV00874-1,AV00874,Rice Husk,2560.0,2085
AV00875-1,AV00875,Rice Husk,2286.0,1995
AV00876-1,AV00876,Rice Husk,2498.0,2056
AV00877-1,AV00877,Rice Husk,2030.0,2102
AV00878-1,AV00878,Rice Husk,2571.0,2069
AV00879-1,AV00879,Rice Husk,2175.0,2040
AV00880-1,AV00880,Rice Husk,2563.0,2009
AV00881-1,AV00881,Rice Husk,2648.0,2004
AV00882-1,AV00882,Rice Husk,2042.0,2016
AV00883-1,AV00883,Rice Husk,2391.0,2075
AV00884-1,AV00884,Rice Husk,2051.0,2095
AV00885-1,AV00885,Rice Husk,2078.0,2104
AV00886-1,AV00886,Rice Husk,2204.0,2071
AV00887-1,AV00887,Rice Husk,2625.0,2059
AV00888-1,AV00888,Rice Husk,2615.0,2091
AV00889-1,AV00889,Rice Husk,2057.0,2045
AV00890-1,AV00890,Rice Husk,2307.0,2061
AV00891-1,AV00891,Rice Husk,2515.0,2010
AV00892-1,AV00892,Rice Husk,2239.0,2058
AV00893-1,AV00893,Rice Husk,2499.0,2002
AV00894-1,AV00894,Rice Husk,2617.0,1988
AV00895-1,AV00895,Rice Husk,2171.0,2041
AV00896-1,AV00896,Rice Husk,2136.0,2093
AV00897-1,AV00897,Rice Husk,2150.0,1998
AV00898-1,AV00898,Rice Husk,2004.0,2036
AV00899-1,AV00899,Rice Husk,2235.0,2027
AV00900-1,AV00900,Rice Husk,2143.0,1999
AV00901-1,AV00901,Rice Husk,2381.0,2074
AV00902-1,AV00902,Rice Husk,2385.0,2029
AV00903-1,AV00903,Rice Husk,2700.0,2093
AV00904-1,AV00904,Rice Husk,2549.0,2021
AV00905-1,AV00905,Rice Husk,2153.0,1999
AV00906-1,AV00906,Rice Husk,2586.0,1997
AV00907-1,AV00907,Rice Husk,2472.0,2091
AV00908-1,AV00908,Rice Husk,2657.0,2018
AV00909-1,AV00909,Rice Husk,2501.0,2038
AV00910-1,AV00910,Rice Husk,2418.0,2043
AV00911-1,AV00911,Rice Husk,2040.0,2054
AV00912-1,AV00912,Rice Husk,2245.0,2069
AV00913-1,AV00913,Rice Husk,2245.0,2087
AV00914-1,AV00914,Rice Husk,2438.0,2062
AV00915-1,AV00915,Rice Husk,2272.0,2108
AV00916-1,AV00916,Rice Husk,2215.0,2084
AV00917-1,AV00917,Rice Husk,2676.0,2024
AV00918-1,AV00918,Rice Husk,2579.0,2058
AV00919-1,AV00919,Rice Husk,2158.0,2073
AV00920-1,AV00920,Rice Husk,2354.0,2041
AV00921-1,AV00921,Rice Husk,2377.0,1999
AV00922-1,AV00922,Rice Husk,2254.0,2049
AV00923-1,AV00923,Rice Husk,2653.0,2020
AV00924-1,AV00924,Rice Husk,2340.0,2036
AV00925-1,AV00925,Rice Husk,2530.0,2010
AV00926-1,AV00926,Rice Husk,2310.0,2091
AV00927-1,AV00927,Rice Husk,2602.0,2021
AV00928-1,AV00928,Rice Husk,2376.0,2068
AV00929-1,AV00929,Rice Husk,2595.0,2020
AV00930-1,AV00930,Rice Husk,2203.0,2081
AV00931-1,AV00931,Rice Husk,2394.0,1997
AV00932-1,AV00932,Rice Husk,2430.0,2100
AV00933-1,AV00933,Rice Husk,2287.0,1997
AV00934-1,AV00934,Rice Husk,2174.0,2079
AV00935-1,AV00935,Rice Husk,2305.0,2103
AV00936-1,AV00936,Rice Husk,2311.0,2066
AV00937-1,AV00937,Rice Husk,2118.0,2033
AV00938-1,AV00938,Rice Husk,2580.0,2000
AV00939-1,AV00939,Rice Husk,1969.0,1997
AV00940-1,AV00940,Rice Husk,1997.0,2052
AV00941-1,AV00941,Rice Husk,2294.0,2097
AV00942-1,AV00942,Rice Husk,2446.0,2064
AV00943-1,AV00943,Rice Husk,2482.0,2044
AV00944-1,AV00944,Rice Husk,2067.0,2076
AV00945-1,AV00945,Mustard Stalk,2994.0,2311
AV00946-1,AV00946,Mustard Stalk,3663.0,2351
AV00947-1,AV00947,Mustard Stalk,3103.0,2343
AV00948-1,AV00948,Mustard Stalk,3646.0,2305
AV00949-1,AV00949,Mustard Stalk,3048.0,2303
AV00950-1,AV00950,Mustard Stalk,3343.0,2361
AV00951-1,AV00951,Mustard Stalk,3491.0,2384
AV00952-1,AV00952,Mustard Stalk,3680.0,2414
AV00953-1,AV00953,Mustard Stalk,3470.0,2348
AV00954-1,AV00954,Mustard Stalk,3238.0,2371
AV00955-1,AV00955,Mustard Stalk,3036.0,2327
AV00956-1,AV00956,Mustard Stalk,3369.0,2352
AV00957-1,AV00957,Mustard Stalk,3637.0,2396
AV00958-1,AV00958,Mustard Stalk,3607.0,2331
AV00959-1,AV00959,Mustard Stalk,3234.0,2407
AV00960-1,AV00960,Mustard Stalk,3725.0,2383
AV00961-1,AV00961,Mustard Stalk,3140.0,2349
AV00962-1,AV00962,Mustard Stalk,3457.0,2403
AV00963-1,AV00963,Mustard Stalk,2875.0,2404
AV00964-1,AV00964,Mustard Stalk,3643.0,2422
AV00965-1,AV00965,Mustard Stalk,3132.0,2423
AV00966-1,AV00966,Rice Husk,2832.0,2028
AV00967-1,AV00967,Rice Husk,2785.0,1949
AV00968-1,AV00968,Rice Husk,2554.0,2013
AV00969-1,AV00969,Rice Husk,2767.0,1984
AV00970-1,AV00970,Rice Husk,2692.0,1915
AV00971-1,AV00971,Rice Husk,2685.0,1939
AV00972-1,AV00972,Rice Husk,2614.0,1942
AV00973-1,AV00973,Rice Husk,2902.0,1989
AV00974-1,AV00974,Rice Husk,2621.0,1961
AV00975-1,AV00975,Rice Husk,2894.0,1997
AV00976-1,AV00976,Rice Husk,2712.0,1935
AV00977-1,AV00977,Rice Husk,2316.0,1989
AV00978-1,AV00978,Rice Husk,2215.0,1924
AV00979-1,AV00979,Rice Husk,2381.0,1964
AV00980-1,AV00980,Rice Husk,2456.0,2021
AV00981-1,AV00981,Rice Husk,2626.0,1976
AV00982-1,AV00982,Rice Husk,2499.0,1965
AV00983-1,AV00983,Rice Husk,2350.0,1986
AV00984-1,AV00984,Rice Husk,2441.0,1928
AV00985-1,AV00985,Rice Husk,2522.0,1991
AV00986-1,AV00986,Rice Husk,2773.0,1942
AV00987-1,AV00987,Rice Husk,2552.0,2023
AV00988-1,AV00988,Rice Husk,2477.0,1997
AV00989-1,AV00989,Rice Husk,2282.0,2013
AV00990-1,AV00990,Rice Husk,2474.0,1922
AV00991-1,AV00991,Rice Husk,2553.0,1917
AV00992-1,AV00992,Rice Husk,2738.0,2023
AV00993-1,AV00993,Rice Husk,2821.0,1963
AV00994-1,AV00994,Rice Husk,2377.0,2026
AV00995-1,AV00995,Rice Husk,2889.0,1911
AV00996-1,AV00996,Rice Husk,2389.0,1927
AV00997-1,AV00997,Rice Husk,2899.0,1960
AV00998-1,AV00998,Rice Husk,2162.0,1965
AV00999-1,AV00999,Rice Husk,2281.0,1950
AV01000-1,AV01000,Rice Husk,2823.0,1911
AV01001-1,AV01001,Rice Husk,2672.0,2009
AV01002-1,AV01002,Rice Husk,2320.0,1975
AV01003-1,AV01003,Rice Husk,2832.0,2020
AV01004-1,AV01004,Rice Husk,2336.0,2002
AV01005-1,AV01005,Rice Husk,2269.0,1982
AV01006-1,AV01006,Rice Husk,2710.0,2026
AV01007-1,AV01007,Rice Husk,2364.0,1993
AV01008-1,AV01008,Rice Husk,2594.0,1937
AV01009-1,AV01009,Rice Husk,2896.0,1959
AV01010-1,AV01010,Rice Husk,2578.0,2019
AV01011-1,AV01011,Rice Husk,2201.0,2006
AV01012-1,AV01012,Rice Husk,2314.0,2010
AV01013-1,AV01013,Rice Husk,2905.0,1963
AV01014-1,AV01014,Rice Husk,2539.0,1997
AV01015-1,AV01015,Rice Husk,2631.0,1938
AV01016-1,AV01016,Rice Husk,2746.0,1982
AV01017-1,AV01017,Rice Husk,2300.0,1993
AV01018-1,AV01018,Rice Husk,2332.0,1947
AV01019-1,AV01019,Rice Husk,2858.0,1985
AV01020-1,AV01020,Rice Husk,2205.0,1991
AV01021-1,AV01021,Rice Husk,2796.0,1916
AV01022-1,AV01022,Rice Husk,2581.0,2020
AV01023-1,AV01023,Rice Husk,2620.0,1955
AV01024-1,AV01024,Rice Husk,2352.0,2017
AV01025-1,AV01025,Rice Husk,2342.0,1997
AV01026-1,AV01026,Rice Husk,2290.0,1951
AV01027-1,AV01027,Rice Husk,2183.0,2022
AV01028-1,AV01028,Rice Husk,2592.0,1922
AV01029-1,AV01029,Rice Husk,2496.0,1993
AV01030-1,AV01030,Rice Husk,2586.0,1972
AV01031-1,AV01031,Rice Husk,2436.0,2009
AV01032-1,AV01032,Rice Husk,2417.0,1989
AV01033-1,AV01033,Rice Husk,2872.0,1964
AV01034-1,AV01034,Rice Husk,2533.0,2015
AV01035-1,AV01035,Rice Husk,2217.0,2012
AV01036-1,AV01036,Rice Husk,2996.0,2018
AV01037-1,AV01037,Mustard Stalk,3772.0,2310
AV01038-1,AV01038,Mustard Stalk,3569.0,2267
AV01039-1,AV01039,Mustard Stalk,4146.0,2207
AV01040-1,AV01040,Mustard Stalk,4073.0,2308
AV01041-1,AV01041,Mustard Stalk,4087.0,2228
AV01042-1,AV01042,Mustard Stalk,3648.0,2286
AV01043-1,AV01043,Mustard Stalk,3137.0,2295
AV01044-1,AV01044,Mustard Stalk,3424.0,2270
AV01045-1,AV01045,Mustard Stalk,3281.0,2251
AV01046-1,AV01046,Mustard Stalk,3449.0,2226
AV01047-1,AV01047,Mustard Stalk,3864.0,2293
AV01048-1,AV01048,Mustard Stalk,3443.0,2297
AV01049-1,AV01049,Mustard Stalk,3475.0,2309
AV01050-1,AV01050,Mustard Stalk,4026.0,2248
AV01051-1,AV01051,Mustard Stalk,3656.0,2275
AV01052-1,AV01052,Mustard Stalk,3702.0,2217
AV01053-1,AV01053,Mustard Stalk,4288.0,2300
AV01054-1,AV01054,Mustard Stalk,4193.0,2328
AV01055-1,AV01055,Mustard Stalk,3259.0,2243
AV01056-1,AV01056,Rice Husk,2410.0,2005
AV01057-1,AV01057,Rice Husk,2389.0,2015
AV01058-1,AV01058,Rice Husk,2345.0,2008
AV01059-1,AV01059,Rice Husk,2570.0,2114
AV01060-1,AV01060,Rice Husk,2567.0,2103
AV01061-1,AV01061,Rice Husk,2332.0,2092
AV01062-1,AV01062,Rice Husk,2972.0,2049
AV01063-1,AV01063,Rice Husk,2760.0,2040
AV01064-1,AV01064,Rice Husk,2531.0,2081
AV01065-1,AV01065,Rice Husk,2348.0,2121
AV01066-1,AV01066,Rice Husk,2375.0,2073
AV01067-1,AV01067,Rice Husk,3084.0,2096
AV01068-1,AV01068,Rice Husk,2899.0,2052
AV01069-1,AV01069,Rice Husk,2549.0,2052
AV01070-1,AV01070,Rice Husk,2711.0,2038
AV01071-1,AV01071,Rice Husk,2683.0,2114
AV01072-1,AV01072,Rice Husk,2820.0,2060
AV01073-1,AV01073,Rice Husk,3150.0,2048
AV01074-1,AV01074,Rice Husk,2932.0,2032
AV01075-1,AV01075,Rice Husk,2672.0,2049
AV01076-1,AV01076,Rice Husk,2723.0,2093
AV01077-1,AV01077,Rice Husk,2854.0,2071
AV01078-1,AV01078,Rice Husk,2545.0,2097
AV01079-1,AV01079,Rice Husk,3128.0,2073
AV01080-1,AV01080,Rice Husk,2784.0,2106
AV01081-1,AV01081,Rice Husk,3044.0,2054
AV01082-1,AV01082,Rice Husk,2911.0,2036
AV01083-1,AV01083,Rice Husk,2883.0,2039
AV01084-1,AV01084,Rice Husk,2933.0,2073
AV01085-1,AV01085,Rice Husk,2916.0,2024
AV01086-1,AV01086,Rice Husk,2860.0,2071
AV01087-1,AV01087,Rice Husk,2528.0,2103
AV01088-1,AV01088,Rice Husk,2526.0,2029
AV01089-1,AV01089,Rice Husk,2937.0,2073
AV01090-1,AV01090,Rice Husk,2311.0,2061
AV01091-1,AV01091,Rice Husk,2582.0,2083
AV01092-1,AV01092,Rice Husk,2696.0,2037
AV01093-1,AV01093,Rice Husk,2317.0,2094
AV01094-1,AV01094,Rice Husk,3087.0,2050
AV01095-1,AV01095,Rice Husk,2703.0,2082
AV01096-1,AV01096,Rice Husk,2890.0,2093
AV01097-1,AV01097,Rice Husk,2665.0,2045
AV01098-1,AV01098,Rice Husk,3011.0,2108
AV01099-1,AV01099,Rice Husk,2684.0,2010
AV01100-1,AV01100,Rice Husk,2333.0,2020
AV01101-1,AV01101,Rice Husk,2743.0,2051
AV01102-1,AV01102,Rice Husk,2697.0,2022
AV01103-1,AV01103,Rice Husk,2967.0,2038
AV01104-1,AV01104,Rice Husk,2585.0,2068
AV01105-1,AV01105,Rice Husk,2635.0,2100
AV01106-1,AV01106,Rice Husk,2459.0,2097
AV01107-1,AV01107,Rice Husk,2879.0,2019
AV01108-1,AV01108,Rice Husk,2707.0,2121
AV01109-1,AV01109,Rice Husk,2833.0,2069
AV01110-1,AV01110,Rice Husk,2302.0,2040
AV01111-1,AV01111,Rice Husk,2790.0,2016
AV01112-1,AV01112,Rice Husk,2751.0,2117
AV01113-1,AV01113,Rice Husk,2401.0,2067
AV01114-1,AV01114,Mustard Stalk,2737.0,2409
AV01115-1,AV01115,Mustard Stalk,3356.0,2435
AV01116-1,AV01116,Mustard Stalk,2721.0,2377
AV01117-1,AV01117,Mustard Stalk,2897.0,2314
AV01118-1,AV01118,Mustard Stalk,3502.0,2350
AV01119-1,AV01119,Mustard Stalk,2697.0,2380
AV01120-1,AV01120,Mustard Stalk,2766.0,2414
AV01121-1,AV01121,Mustard Stalk,3419.0,2404
AV01122-1,AV01122,Mustard Stalk,2907.0,2339
AV01123-1,AV01123,Mustard Stalk,2908.0,2389
AV01124-1,AV01124,Mustard Stalk,2724.0,2330
AV01125-1,AV01125,Mustard Stalk,2901.0,2353
AV01126-1,AV01126,Mustard Stalk,3481.0,2312
AV01127-1,AV01127,Mustard Stalk,2733.0,2326
AV01128-1,AV01128,Mustard Stalk,3312.0,2368
AV01129-1,AV01129,Mustard Stalk,3534.0,2340
AV01130-1,AV01130,Mustard Stalk,3309.0,2423
AV01131-1,AV01131,Mustard Stalk,3312.0,2377
AV01132-1,AV01132,Mustard Stalk,3228.0,2321
AV01133-1,AV01133,Mustard Stalk,2494.0,2320
AV01134-1,AV01134,Rice Husk,2303.0,2123
AV01135-1,AV01135,Rice Husk,2189.0,2068
AV01136-1,AV01136,Rice Husk,2200.0,2078
AV01137-1,AV01137,Rice Husk,2132.0,2137
AV01138-1,AV01138,Rice Husk,1763.0,2180
AV01139-1,AV01139,Rice Husk,2078.0,2092
AV01140-1,AV01140,Rice Husk,2226.0,2140
AV01141-1,AV01141,Rice Husk,2185.0,2080
AV01142-1,AV01142,Rice Husk,2218.0,2059
AV01143-1,AV01143,Rice Husk,2117.0,2112
AV01144-1,AV01144,Rice Husk,1727.0,2069
AV01145-1,AV01145,Rice Husk,1769.0,2129
AV01146-1,AV01146,Rice Husk,1890.0,2102
AV01147-1,AV01147,Rice Husk,1892.0,2172
AV01148-1,AV01148,Rice Husk,1709.0,2066
AV01149-1,AV01149,Rice Husk,2039.0,2156
AV01150-1,AV01150,Rice Husk,2012.0,2083
AV01151-1,AV01151,Rice Husk,2215.0,2158
AV01152-1,AV01152,Rice Husk,1786.0,2118
AV01153-1,AV01153,Rice Husk,1954.0,2086
AV01154-1,AV01154,Rice Husk,2012.0,2091
AV01155-1,AV01155,Rice Husk,2052.0,2062
AV01156-1,AV01156,Rice Husk,2306.0,2115
AV01157-1,AV01157,Rice Husk,1952.0,2078
AV01158-1,AV01158,Rice Husk,1913.0,2064
AV01159-1,AV01159,Rice Husk,2179.0,2149
AV01160-1,AV01160,Rice Husk,1985.0,2138
AV01161-1,AV01161,Rice Husk,1946.0,2094
AV01162-1,AV01162,Rice Husk,2022.0,2127
AV01163-1,AV01163,Rice Husk,2308.0,2113
AV01164-1,AV01164,Rice Husk,1741.0,2083
AV01165-1,AV01165,Rice Husk,2028.0,2114
AV01166-1,AV01166,Rice Husk,1877.0,2153
AV01167-1,AV01167,Rice Husk,2193.0,2083
AV01168-1,AV01168,Rice Husk,2003.0,2067
AV01169-1,AV01169,Rice Husk,2208.0,2172
AV01170-1,AV01170,Rice Husk,1800.0,2135
AV01171-1,AV01171,Rice Husk,1893.0,2090
AV01172-1,AV01172,Rice Husk,1820.0,2154
AV01173-1,AV01173,Rice Husk,2273.0,2136
AV01174-1,AV01174,Rice Husk,1863.0,2169
AV01175-1,AV01175,Rice Husk,2123.0,2135
AV01176-1,AV01176,Rice Husk,2108.0,2141
AV01177-1,AV01177,Rice Husk,2247.0,2104
AV01178-1,AV01178,Rice Husk,2225.0,2135
AV01179-1,AV01179,Rice Husk,1784.0,2114
AV01180-1,AV01180,Rice Husk,1905.0,2162
AV01181-1,AV01181,Rice Husk,2114.0,2104
AV01182-1,AV01182,Rice Husk,1712.0,2148
AV01183-1,AV01183,Rice Husk,2288.0,2099
AV01184-1,AV01184,Rice Husk,2241.0,2128
AV01185-1,AV01185,Rice Husk,2249.0,2131
AV01186-1,AV01186,Rice Husk,2059.0,2149
AV01187-1,AV01187,Rice Husk,1730.0,2148
AV01188-1,AV01188,Rice Husk,2106.0,2098
AV01189-1,AV01189,Rice Husk,2011.0,2144
AV01190-1,AV01190,Rice Husk,1988.0,2080
AV01191-1,AV01191,Rice Husk,2012.0,2166
AV01192-1,AV01192,Rice Husk,1962.0,2106
AV01193-1,AV01193,Rice Husk,2107.0,2158
AV01194-1,AV01194,Rice Husk,2213.0,2161
AV01195-1,AV01195,Rice Husk,2197.0,2135
AV01196-1,AV01196,Rice Husk,2140.0,2082
AV01197-1,AV01197,Rice Husk,1862.0,2062
AV01198-1,AV01198,Rice Husk,2009.0,2073
AV01199-1,AV01199,Rice Husk,1925.0,2099
AV01200-1,AV01200,Rice Husk,2106.0,2083
AV01201-1,AV01201,Rice Husk,2052.0,2182
AV01202-1,AV01202,Rice Husk,1663.0,2140
AV01203-1,AV01203,Rice Husk,2003.0,2153
AV01204-1,AV01204,Rice Husk,1817.0,2169
AV01205-1,AV01205,Rice Husk,2012.0,2095
AV01206-1,AV01206,Rice Husk,1874.0,2059
AV01207-1,AV01207,Rice Husk,2069.0,2123
AV01208-1,AV01208,Rice Husk,1728.0,2100
AV01209-1,AV01209,Rice Husk,1863.0,2078
AV01210-1,AV01210,Rice Husk,1888.0,2075
AV01211-1,AV01211,Mustard Stalk,3944.0,2500
AV01212-1,AV01212,Mustard Stalk,3974.0,2486
AV01213-1,AV01213,Mustard Stalk,3220.0,2460
AV01214-1,AV01214,Mustard Stalk,3873.0,2382
AV01215-1,AV01215,Mustard Stalk,4075.0,2509
AV01216-1,AV01216,Mustard Stalk,4175.0,2406
AV01217-1,AV01217,Mustard Stalk,3734.0,2501
AV01218-1,AV01218,Mustard Stalk,3938.0,2400
AV01219-1,AV01219,Mustard Stalk,3286.0,2412
AV01220-1,AV01220,Mustard Stalk,4115.0,2440
AV01221-1,AV01221,Mustard Stalk,3750.0,2401
AV01222-1,AV01222,Mustard Stalk,3340.0,2377
AV01223-1,AV01223,Mustard Stalk,3462.0,2468
AV01224-1,AV01224,Mustard Stalk,4341.0,2386
AV01225-1,AV01225,Mustard Stalk,3397.0,2480
AV01226-1,AV01226,Mustard Stalk,3720.0,2440
AV01227-1,AV01227,Rice Husk,3938.0,2121
AV01228-1,AV01228,Rice Husk,4011.0,2160
AV01229-1,AV01229,Rice Husk,3397.0,2137
AV01230-1,AV01230,Rice Husk,4223.0,2188
AV01231-1,AV01231,Rice Husk,3344.0,2187
AV01232-1,AV01232,Rice Husk,3874.0,2227
AV01233-1,AV01233,Rice Husk,3192.0,2195
AV01234-1,AV01234,Rice Husk,4027.0,2165
AV01235-1,AV01235,Rice Husk,3443.0,2162
AV01236-1,AV01236,Rice Husk,3256.0,2232
AV01237-1,AV01237,Rice Husk,3968.0,2199
AV01238-1,AV01238,Rice Husk,3750.0,2198
AV01239-1,AV01239,Rice Husk,3649.0,2206
AV01240-1,AV01240,Rice Husk,4202.0,2220
AV01241-1,AV01241,Rice Husk,3459.0,2158
AV01242-1,AV01242,Rice Husk,4122.0,2208
AV01243-1,AV01243,Rice Husk,3204.0,2182
AV01244-1,AV01244,Rice Husk,3667.0,2162
AV01245-1,AV01245,Rice Husk,3520.0,2231
AV01246-1,AV01246,Rice Husk,3272.0,2129
AV01247-1,AV01247,Rice Husk,3616.0,2121
AV01248-1,AV01248,Rice Husk,3654.0,2224
AV01249-1,AV01249,Rice Husk,3458.0,2191
AV01250-1,AV01250,Rice Husk,3770.0,2176
AV01251-1,AV01251,Rice Husk,4167.0,2194
AV01252-1,AV01252,Rice Husk,3675.0,2150
AV01253-1,AV01253,Rice Husk,4061.0,2127
AV01254-1,AV01254,Rice Husk,4170.0,2145
AV01255-1,AV01255,Rice Husk,3275.0,2194
AV01256-1,AV01256,Rice Husk,3336.0,2190
AV01257-1,AV01257,Rice Husk,4036.0,2185
AV01258-1,AV01258,Rice Husk,4288.0,2243
AV01259-1,AV01259,Rice Husk,4127.0,2193
AV01260-1,AV01260,Rice Husk,3787.0,2187
AV01261-1,AV01261,Rice Husk,3326.0,2187
AV01262-1,AV01262,Rice Husk,3960.0,2119
AV01263-1,AV01263,Rice Husk,4119.0,2120
AV01264-1,AV01264,Rice Husk,3866.0,2232
AV01265-1,AV01265,Rice Husk,4002.0,2158
AV01266-1,AV01266,Rice Husk,4024.0,2217
AV01267-1,AV01267,Rice Husk,3467.0,2157
AV01268-1,AV01268,Rice Husk,3157.0,2232
AV01269-1,AV01269,Mustard Stalk,2191.0,2547
AV01270-1,AV01270,Mustard Stalk,2042.0,2453
AV01271-1,AV01271,Mustard Stalk,2545.0,2491
AV01272-1,AV01272,Mustard Stalk,2417.0,2504
AV01273-1,AV01273,Mustard Stalk,2480.0,2444
AV01274-1,AV01274,Mustard Stalk,2113.0,2584
AV01275-1,AV01275,Mustard Stalk,2401.0,2481
AV01276-1,AV01276,Mustard Stalk,2046.0,2584
AV01277-1,AV01277,Mustard Stalk,2422.0,2487
AV01278-1,AV01278,Mustard Stalk,2053.0,2518
AV01279-1,AV01279,Mustard Stalk,1938.0,2473
AV01280-1,AV01280,Mustard Stalk,2196.0,2471
AV01281-1,AV01281,Mustard Stalk,2601.0,2515
AV01282-1,AV01282,Mustard Stalk,2319.0,2493
AV01283-1,AV01283,Mustard Stalk,2504.0,2486
AV01284-1,AV01284,Mustard Stalk,2363.0,2467
AV01285-1,AV01285,Mustard Stalk,2093.0,2575
AV01286-1,AV01286,Mustard Stalk,2209.0,2584
AV01287-1,AV01287,Mustard Stalk,2484.0,2566
AV01288-1,AV01288,Mustard Stalk,2108.0,2534
AV01289-1,AV01289,Mustard Stalk,2082.0,2582
AV01290-1,AV01290,Mustard Stalk,2467.0,2545
AV01291-1,AV01291,Mustard Stalk,1965.0,2503
AV01292-1,AV01292,Mustard Stalk,2037.0,2505
AV01293-1,AV01293,Mustard Stalk,2359.0,2533
AV01294-1,AV01294,Mustard Stalk,2144.0,2505
AV01295-1,AV01295,Mustard Stalk,2422.0,2582
AV01296-1,AV01296,Rice Husk,2941.0,2259
AV01297-1,AV01297,Rice Husk,3318.0,2319
AV01298-1,AV01298,Rice Husk,2629.0,2212
AV01299-1,AV01299,Rice Husk,3190.0,2210
AV01300-1,AV01300,Rice Husk,3218.0,2259
AV01301-1,AV01301,Rice Husk,3423.0,2292
AV01302-1,AV01302,Rice Husk,2702.0,2247
AV01303-1,AV01303,Rice Husk,3173.0,2222
AV01304-1,AV01304,Rice Husk,3445.0,2276
AV01305-1,AV01305,Rice Husk,2965.0,2239
AV01306-1,AV01306,Rice Husk,3447.0,2333
AV01307-1,AV01307,Rice Husk,3048.0,2287
AV01308-1,AV01308,Rice Husk,2665.0,2218
AV01309-1,AV01309,Rice Husk,3079.0,2324
AV01310-1,AV01310,Rice Husk,3092.0,2252
AV01311-1,AV01311,Rice Husk,3446.0,2318
AV01312-1,AV01312,Rice Husk,2893.0,2204
AV01313-1,AV01313,Rice Husk,2718.0,2324
AV01314-1,AV01314,Rice Husk,3281.0,2268
AV01315-1,AV01315,Rice Husk,3071.0,2294
AV01316-1,AV01316,Rice Husk,2975.0,2209
AV01317-1,AV01317,Rice Husk,2691.0,2305
AV01318-1,AV01318,Rice Husk,3412.0,2275
AV01319-1,AV01319,Rice Husk,3114.0,2252
AV01320-1,AV01320,Rice Husk,2902.0,2219
AV01321-1,AV01321,Rice Husk,3361.0,2262
AV01322-1,AV01322,Rice Husk,2992.0,2251
AV01323-1,AV01323,Rice Husk,3340.0,2273
AV01324-1,AV01324,Rice Husk,3382.0,2219
AV01325-1,AV01325,Rice Husk,2689.0,2300
AV01326-1,AV01326,Rice Husk,3160.0,2237
AV01327-1,AV01327,Rice Husk,3025.0,2277
AV01328-1,AV01328,Rice Husk,3319.0,2269
AV01329-1,AV01329,Rice Husk,2661.0,2243
AV01330-1,AV01330,Rice Husk,3360.0,2209
AV01331-1,AV01331,Rice Husk,3010.0,2262
AV01332-1,AV01332,Rice Husk,3112.0,2248
AV01333-1,AV01333,Rice Husk,2752.0,2199
AV01334-1,AV01334,Rice Husk,2719.0,2287
AV01335-1,AV01335,Rice Husk,3208.0,2282
AV01336-1,AV01336,Rice Husk,2531.0,2200
AV01337-1,AV01337,Rice Husk,2638.0,2266
AV01338-1,AV01338,Rice Husk,3036.0,2242
AV01339-1,AV01339,Rice Husk,3117.0,2257
AV01340-1,AV01340,Rice Husk,2932.0,2327
AV01341-1,AV01341,Rice Husk,2734.0,2333
AV01342-1,AV01342,Mustard Stalk,2380.0,2570
AV01343-1,AV01343,Mustard Stalk,2372.0,2641
AV01344-1,AV01344,Mustard Stalk,2044.0,2673
AV01345-1,AV01345,Mustard Stalk,2604.0,2673
AV01346-1,AV01346,Mustard Stalk,2524.0,2561
AV01347-1,AV01347,Mustard Stalk,2382.0,2621
AV01348-1,AV01348,Mustard Stalk,2013.0,2580
AV01349-1,AV01349,Mustard Stalk,2554.0,2636
AV01350-1,AV01350,Mustard Stalk,1948.0,2579
AV01351-1,AV01351,Mustard Stalk,2006.0,2608
AV01352-1,AV01352,Mustard Stalk,2079.0,2663
AV01353-1,AV01353,Mustard Stalk,2322.0,2679
AV01354-1,AV01354,Mustard Stalk,2593.0,2637
AV01355-1,AV01355,Mustard Stalk,2547.0,2642
AV01356-1,AV01356,Mustard Stalk,2338.0,2638
AV01357-1,AV01357,Mustard Stalk,2386.0,2553
AV01358-1,AV01358,Mustard Stalk,2474.0,2632
AV01359-1,AV01359,Mustard Stalk,1873.0,2677
AV01360-1,AV01360,Mustard Stalk,2044.0,2644
AV01361-1,AV01361,Mustard Stalk,1897.0,2663
AV01362-1,AV01362,Mustard Stalk,2576.0,2589
AV01363-1,AV01363,Mustard Stalk,1863.0,2654
AV01364-1,AV01364,Mustard Stalk,2207.0,2559
AV01365-1,AV01365,Mustard Stalk,2386.0,2658
AV01366-1,AV01366,Pellets,18348.0,7308
AV01367-1,AV01367,Rice Husk,3183.0,2267
AV01368-1,AV01368,Rice Husk,3472.0,2391
AV01369-1,AV01369,Rice Husk,3455.0,2321
AV01370-1,AV01370,Rice Husk,3153.0,2332
AV01371-1,AV01371,Rice Husk,3198.0,2336
AV01372-1,AV01372,Rice Husk,2983.0,2300
AV01373-1,AV01373,Rice Husk,3219.0,2367
AV01374-1,AV01374,Rice Husk,2939.0,2352
AV01375-1,AV01375,Rice Husk,3395.0,2367
AV01376-1,AV01376,Rice Husk,2742.0,2270
AV01377-1,AV01377,Rice Husk,3106.0,2275
AV01378-1,AV01378,Rice Husk,2895.0,2302
AV01379-1,AV01379,Rice Husk,3372.0,2333
AV01380-1,AV01380,Rice Husk,2913.0,2305
AV01381-1,AV01381,Rice Husk,2549.0,2364
AV01382-1,AV01382,Rice Husk,3261.0,2340
AV01383-1,AV01383,Rice Husk,3032.0,2357
AV01384-1,AV01384,Rice Husk,2916.0,2272
AV01385-1,AV01385,Rice Husk,2617.0,2358
AV01386-1,AV01386,Rice Husk,2807.0,2324
AV01387-1,AV01387,Rice Husk,3316.0,2393
AV01388-1,AV01388,Rice Husk,3190.0,2339
AV01389-1,AV01389,Rice Husk,2722.0,2274
AV01390-1,AV01390,Rice Husk,2920.0,2293
AV01391-1,AV01391,Rice Husk,2607.0,2300
AV01392-1,AV01392,Rice Husk,3467.0,2351
AV01393-1,AV01393,Rice Husk,2854.0,2328
AV01394-1,AV01394,Rice Husk,2722.0,2350
AV01395-1,AV01395,Rice Husk,3131.0,2267
AV01396-1,AV01396,Rice Husk,2707.0,2346
AV01397-1,AV01397,Rice Husk,3154.0,2305
AV01398-1,AV01398,Rice Husk,2855.0,2358
AV01399-1,AV01399,Rice Husk,3453.0,2359
AV01400-1,AV01400,Rice Husk,3267.0,2369
AV01401-1,AV01401,Rice Husk,3317.0,2311
AV01402-1,AV01402,Rice Husk,3137.0,2392
AV01403-1,AV01403,Rice Husk,2572.0,2364
AV01404-1,AV01404,Rice Husk,3310.0,2361
AV01405-1,AV01405,Rice Husk,2772.0,2323
AV01406-1,AV01406,Rice Husk,3294.0,2357
AV01407-1,AV01407,Rice Husk,2842.0,2284
AV01408-1,AV01408,Rice Husk,2554.0,2309
AV01409-1,AV01409,Rice Husk,3359.0,2277
AV01410-1,AV01410,Rice Husk,3173.0,2313
AV01411-1,AV01411,Rice Husk,2524.0,2277
AV01412-1,AV01412,Rice Husk,3353.0,2335
AV01413-1,AV01413,Mustard Stalk,2681.0,2741
AV01414-1,AV01414,Mustard Stalk,3135.0,2741
AV01415-1,AV01415,Mustard Stalk,2736.0,2646
AV01416-1,AV01416,Mustard Stalk,2623.0,2746
AV01417-1,AV01417,Mustard Stalk,3024.0,2744
AV01418-1,AV01418,Mustard Stalk,3134.0,2601
AV01419-1,AV01419,Mustard Stalk,2914.0,2648
AV01420-1,AV01420,Mustard Stalk,2682.0,2604
AV01421-1,AV01421,Mustard Stalk,3163.0,2696
AV01422-1,AV01422,Mustard Stalk,2550.0,2696
AV01423-1,AV01423,Mustard Stalk,2780.0,2724
AV01424-1,AV01424,Mustard Stalk,3165.0,2712
AV01425-1,AV01425,Mustard Stalk,2854.0,2718
AV01426-1,AV01426,Mustard Stalk,2469.0,2685
AV01427-1,AV01427,Mustard Stalk,2651.0,2645
AV01428-1,AV01428,Mustard Stalk,3251.0,2624
AV01429-1,AV01429,Mustard Stalk,2768.0,2638
AV01430-1,AV01430,Mustard Stalk,2479.0,2734
AV01431-1,AV01431,Mustard Stalk,3299.0,2659
AV01432-1,AV01432,Pellets,18908.0,7483
AV01433-1,AV01433,Rice Husk,3243.0,2319
AV01434-1,AV01434,Rice Husk,2889.0,2347
AV01435-1,AV01435,Rice Husk,2697.0,2351
AV01436-1,AV01436,Rice Husk,3290.0,2351
AV01437-1,AV01437,Rice Husk,2810.0,2406
AV01438-1,AV01438,Rice Husk,3399.0,2428
AV01439-1,AV01439,Rice Husk,2585.0,2429
AV01440-1,AV01440,Rice Husk,3212.0,2436
AV01441-1,AV01441,Rice Husk,2584.0,2420
AV01442-1,AV01442,Rice Husk,3077.0,2430
AV01443-1,AV01443,Rice Husk,3084.0,2398
AV01444-1,AV01444,Rice Husk,3173.0,2417
AV01445-1,AV01445,Rice Husk,2647.0,2351
AV01446-1,AV01446,Rice Husk,3008.0,2373
AV01447-1,AV01447,Rice Husk,3139.0,2353
AV01448-1,AV01448,Rice Husk,2528.0,2321
AV01449-1,AV01449,Rice Husk,3264.0,2453
AV01450-1,AV01450,Rice Husk,3174.0,2340
AV01451-1,AV01451,Rice Husk,2984.0,2326
AV01452-1,AV01452,Rice Husk,2697.0,2399
AV01453-1,AV01453,Rice Husk,3264.0,2397
AV01454-1,AV01454,Rice Husk,2518.0,2406
AV01455-1,AV01455,Rice Husk,3392.0,2330
AV01456-1,AV01456,Rice Husk,2693.0,2460
AV01457-1,AV01457,Rice Husk,3054.0,2452
AV01458-1,AV01458,Rice Husk,2978.0,2353
AV01459-1,AV01459,Rice Husk,3016.0,2432
AV01460-1,AV01460,Rice Husk,2867.0,2427
AV01461-1,AV01461,Rice Husk,3208.0,2400
AV01462-1,AV01462,Rice Husk,3320.0,2392
AV01463-1,AV01463,Rice Husk,2594.0,2327
AV01464-1,AV01464,Rice Husk,3139.0,2405
AV01465-1,AV01465,Rice Husk,2955.0,2431
AV01466-1,AV01466,Rice Husk,3241.0,2319
AV01467-1,AV01467,Rice Husk,2981.0,2398
AV01468-1,AV01468,Rice Husk,2773.0,2350
AV01469-1,AV01469,Rice Husk,2581.0,2430
AV01470-1,AV01470,Rice Husk,3030.0,2413
AV01471-1,AV01471,Rice Husk,3362.0,2383
AV01472-1,AV01472,Rice Husk,2718.0,2421
AV01473-1,AV01473,Rice Husk,2951.0,2437
AV01474-1,AV01474,Rice Husk,2978.0,2355
AV01475-1,AV01475,Rice Husk,2673.0,2319
AV01476-1,AV01476,Rice Husk,3323.0,2339
AV01477-1,AV01477,Rice Husk,2748.0,2448
AV01478-1,AV01478,Rice Husk,3130.0,2334
AV01479-1,AV01479,Rice Husk,2556.0,2369
AV01480-1,AV01480,Mustard Stalk,3498.0,2748
AV01481-1,AV01481,Mustard Stalk,3442.0,2731
AV01482-1,AV01482,Mustard Stalk,3423.0,2690
AV01483-1,AV01483,Mustard Stalk,2830.0,2816
AV01484-1,AV01484,Mustard Stalk,3364.0,2716
AV01485-1,AV01485,Mustard Stalk,3498.0,2732
AV01486-1,AV01486,Mustard Stalk,3453.0,2698
AV01487-1,AV01487,Mustard Stalk,3315.0,2716
AV01488-1,AV01488,Mustard Stalk,2646.0,2666
AV01489-1,AV01489,Mustard Stalk,2836.0,2736
AV01490-1,AV01490,Mustard Stalk,3281.0,2757
AV01491-1,AV01491,Mustard Stalk,3099.0,2719
AV01492-1,AV01492,Mustard Stalk,2872.0,2742
AV01493-1,AV01493,Mustard Stalk,3553.0,2772
AV01494-1,AV01494,Mustard Stalk,3110.0,2782
AV01495-1,AV01495,Mustard Stalk,2808.0,2813
AV01496-1,AV01496,Mustard Stalk,3233.0,2814
AV01497-1,AV01497,Pellets,18578.0,7306
AV01498-1,AV01498,Rice Husk,2901.0,2395
AV01499-1,AV01499,Rice Husk,3063.0,2377
AV01500-1,AV01500,Rice Husk,2796.0,2414
AV01501-1,AV01501,Rice Husk,2598.0,2425
AV01502-1,AV01502,Rice Husk,2383.0,2432
AV01503-1,AV01503,Rice Husk,3097.0,2444
AV01504-1,AV01504,Rice Husk,2382.0,2381
AV01505-1,AV01505,Rice Husk,2688.0,2381
AV01506-1,AV01506,Rice Husk,2942.0,2338
AV01507-1,AV01507,Rice Husk,2555.0,2338
AV01508-1,AV01508,Rice Husk,2426.0,2418
AV01509-1,AV01509,Rice Husk,2929.0,2343
AV01510-1,AV01510,Rice Husk,2732.0,2426
AV01511-1,AV01511,Rice Husk,2337.0,2400
AV01512-1,AV01512,Rice Husk,2586.0,2408
AV01513-1,AV01513,Rice Husk,2798.0,2360
AV01514-1,AV01514,Rice Husk,2369.0,2348
AV01515-1,AV01515,Rice Husk,3068.0,2339
AV01516-1,AV01516,Rice Husk,2414.0,2468
AV01517-1,AV01517,Rice Husk,2944.0,2371
AV01518-1,AV01518,Rice Husk,2954.0,2459
AV01519-1,AV01519,Rice Husk,2772.0,2385
AV01520-1,AV01520,Rice Husk,2620.0,2422
AV01521-1,AV01521,Rice Husk,2931.0,2468
AV01522-1,AV01522,Rice Husk,2559.0,2466
AV01523-1,AV01523,Rice Husk,2903.0,2412
AV01524-1,AV01524,Rice Husk,2512.0,2371
AV01525-1,AV01525,Rice Husk,3061.0,2386
AV01526-1,AV01526,Rice Husk,2482.0,2415
AV01527-1,AV01527,Rice Husk,2530.0,2335
AV01528-1,AV01528,Rice Husk,2846.0,2406
AV01529-1,AV01529,Rice Husk,2975.0,2407
AV01530-1,AV01530,Rice Husk,2755.0,2355
AV01531-1,AV01531,Rice Husk,2958.0,2353
AV01532-1,AV01532,Rice Husk,3082.0,2466
AV01533-1,AV01533,Rice Husk,3008.0,2408
AV01534-1,AV01534,Rice Husk,2573.0,2438
AV01535-1,AV01535,Rice Husk,2738.0,2351
AV01536-1,AV01536,Rice Husk,2373.0,2465
AV01537-1,AV01537,Rice Husk,2430.0,2455
AV01538-1,AV01538,Rice Husk,2523.0,2359
AV01539-1,AV01539,Rice Husk,2788.0,2470
AV01540-1,AV01540,Rice Husk,2376.0,2398
AV01541-1,AV01541,Rice Husk,2705.0,2374
AV01542-1,AV01542,Rice Husk,2728.0,2439
AV01543-1,AV01543,Rice Husk,3018.0,2426
AV01544-1,AV01544,Rice Husk,2304.0,2425
AV01545-1,AV01545,Rice Husk,2982.0,2397
AV01546-1,AV01546,Rice Husk,3028.0,2340
AV01547-1,AV01547,Rice Husk,2792.0,2449
AV01548-1,AV01548,Rice Husk,2560.0,2341
AV01549-1,AV01549,Rice Husk,2250.0,2456
AV01550-1,AV01550,Rice Husk,3017.0,2332
AV01551-1,AV01551,Rice Husk,2655.0,2378
AV01552-1,AV01552,Rice Husk,2773.0,2387
AV01553-1,AV01553,Rice Husk,2870.0,2331
AV01554-1,AV01554,Rice Husk,2284.0,2397
AV01555-1,AV01555,Rice Husk,2848.0,2409
AV01556-1,AV01556,Rice Husk,2354.0,2388
AV01557-1,AV01557,Mustard Stalk,2736.0,2798
AV01558-1,AV01558,Mustard Stalk,2415.0,2814
AV01559-1,AV01559,Mustard Stalk,2656.0,2745
AV01560-1,AV01560,Mustard Stalk,2697.0,2770
AV01561-1,AV01561,Mustard Stalk,2254.0,2802
AV01562-1,AV01562,Mustard Stalk,2212.0,2804
AV01563-1,AV01563,Mustard Stalk,2489.0,2798
AV01564-1,AV01564,Mustard Stalk,2615.0,2788
AV01565-1,AV01565,Mustard Stalk,2384.0,2700
AV01566-1,AV01566,Mustard Stalk,2229.0,2695
AV01567-1,AV01567,Mustard Stalk,2152.0,2759
AV01568-1,AV01568,Mustard Stalk,2367.0,2821
AV01569-1,AV01569,Mustard Stalk,2226.0,2778
AV01570-1,AV01570,Mustard Stalk,2343.0,2790
AV01571-1,AV01571,Mustard Stalk,2016.0,2789
AV01572-1,AV01572,Mustard Stalk,2505.0,2832
AV01573-1,AV01573,Mustard Stalk,2676.0,2730
AV01574-1,AV01574,Mustard Stalk,2670.0,2739
AV01575-1,AV01575,Mustard Stalk,2520.0,2760
AV01576-1,AV01576,Mustard Stalk,2248.0,2825
AV01577-1,AV01577,Mustard Stalk,2085.0,2711
AV01578-1,AV01578,Mustard Stalk,2212.0,2682
AV01579-1,AV01579,Mustard Stalk,2158.0,2831
AV01580-1,AV01580,Mustard Stalk,2615.0,2827
AV01581-1,AV01581,Mustard Stalk,2181.0,2751
AV01582-1,AV01582,Mustard Stalk,2532.0,2836
AV01583-1,AV01583,Rice Husk,2034.0,2230
AV01584-1,AV01584,Rice Husk,1781.0,2197
AV01585-1,AV01585,Rice Husk,2060.0,2222
AV01586-1,AV01586,Rice Husk,1785.0,2188
AV01587-1,AV01587,Rice Husk,1898.0,2238
AV01588-1,AV01588,Rice Husk,1843.0,2194
AV01589-1,AV01589,Rice Husk,1924.0,2260
AV01590-1,AV01590,Rice Husk,1616.0,2242
AV01591-1,AV01591,Rice Husk,1944.0,2213
AV01592-1,AV01592,Rice Husk,2034.0,2235
AV01593-1,AV01593,Rice Husk,1877.0,2312
AV01594-1,AV01594,Rice Husk,1992.0,2186
AV01595-1,AV01595,Rice Husk,1869.0,2223
AV01596-1,AV01596,Rice Husk,1613.0,2279
AV01597-1,AV01597,Rice Husk,1999.0,2284
AV01598-1,AV01598,Rice Husk,1592.0,2299
AV01599-1,AV01599,Rice Husk,2064.0,2186
AV01600-1,AV01600,Rice Husk,1664.0,2262
AV01601-1,AV01601,Rice Husk,1713.0,2213
AV01602-1,AV01602,Rice Husk,2044.0,2275
AV01603-1,AV01603,Rice Husk,2095.0,2245
AV01604-1,AV01604,Rice Husk,1566.0,2240
AV01605-1,AV01605,Rice Husk,2097.0,2283
AV01606-1,AV01606,Rice Husk,1934.0,2300
AV01607-1,AV01607,Rice Husk,1606.0,2294
AV01608-1,AV01608,Rice Husk,1859.0,2231
AV01609-1,AV01609,Rice Husk,2068.0,2219
AV01610-1,AV01610,Rice Husk,1986.0,2208
AV01611-1,AV01611,Rice Husk,1853.0,2299
AV01612-1,AV01612,Rice Husk,1660.0,2273
AV01613-1,AV01613,Rice Husk,1807.0,2291
AV01614-1,AV01614,Rice Husk,2002.0,2265
AV01615-1,AV01615,Rice Husk,1897.0,2299
AV01616-1,AV01616,Rice Husk,2026.0,2238
AV01617-1,AV01617,Rice Husk,1920.0,2232
AV01618-1,AV01618,Rice Husk,2074.0,2279
AV01619-1,AV01619,Rice Husk,1794.0,2239
AV01620-1,AV01620,Rice Husk,2023.0,2288
AV01621-1,AV01621,Rice Husk,1700.0,2180
AV01622-1,AV01622,Rice Husk,2053.0,2179
AV01623-1,AV01623,Rice Husk,1748.0,2202
AV01624-1,AV01624,Rice Husk,1722.0,2220
AV01625-1,AV01625,Rice Husk,1807.0,2207
AV01626-1,AV01626,Rice Husk,1620.0,2210
AV01627-1,AV01627,Rice Husk,1574.0,2307
AV01628-1,AV01628,Rice Husk,1771.0,2241
AV01629-1,AV01629,Rice Husk,1835.0,2230
AV01630-1,AV01630,Rice Husk,1656.0,2272
AV01631-1,AV01631,Rice Husk,2063.0,2212
AV01632-1,AV01632,Rice Husk,1546.0,2192
AV01633-1,AV01633,Rice Husk,1745.0,2264
AV01634-1,AV01634,Rice Husk,1627.0,2301
AV01635-1,AV01635,Rice Husk,2062.0,2249
AV01636-1,AV01636,Rice Husk,1641.0,2183
AV01637-1,AV01637,Rice Husk,1811.0,2229
AV01638-1,AV01638,Rice Husk,2096.0,2292
AV01639-1,AV01639,Rice Husk,1635.0,2234
AV01640-1,AV01640,Rice Husk,1883.0,2183
AV01641-1,AV01641,Rice Husk,2019.0,2253
AV01642-1,AV01642,Rice Husk,1812.0,2185
AV01643-1,AV01643,Rice Husk,2047.0,2182
AV01644-1,AV01644,Rice Husk,1582.0,2179
AV01645-1,AV01645,Rice Husk,1985.0,2283
AV01646-1,AV01646,Rice Husk,1933.0,2180
AV01647-1,AV01647,Rice Husk,1858.0,2228
AV01648-1,AV01648,Rice Husk,1713.0,2277
AV01649-1,AV01649,Rice Husk,1861.0,2201
AV01650-1,AV01650,Rice Husk,1800.0,2206
AV01651-1,AV01651,Rice Husk,1859.0,2218
AV01652-1,AV01652,Rice Husk,1863.0,2252
AV01653-1,AV01653,Rice Husk,1965.0,2187
AV01654-1,AV01654,Rice Husk,1744.0,2291
AV01655-1,AV01655,Rice Husk,1637.0,2181
AV01656-1,AV01656,Rice Husk,1582.0,2191
AV01657-1,AV01657,Rice Husk,1660.0,2227
AV01658-1,AV01658,Rice Husk,1724.0,2281
AV01659-1,AV01659,Rice Husk,1942.0,2276
AV01660-1,AV01660,Rice Husk,1926.0,2190
AV01661-1,AV01661,Rice Husk,2038.0,2271
AV01662-1,AV01662,Rice Husk,1754.0,2265
AV01663-1,AV01663,Rice Husk,2087.0,2234
AV01664-1,AV01664,Rice Husk,1628.0,2216
AV01665-1,AV01665,Rice Husk,1981.0,2299
AV01666-1,AV01666,Rice Husk,1507.0,2270
AV01667-1,AV01667,Rice Husk,1741.0,2210
AV01668-1,AV01668,Rice Husk,2010.0,2300
AV01669-1,AV01669,Mustard Stalk,2532.0,2547
AV01670-1,AV01670,Mustard Stalk,2637.0,2582
AV01671-1,AV01671,Mustard Stalk,2677.0,2597
AV01672-1,AV01672,Mustard Stalk,2430.0,2561
AV01673-1,AV01673,Mustard Stalk,2212.0,2595
AV01674-1,AV01674,Mustard Stalk,2190.0,2507
AV01675-1,AV01675,Mustard Stalk,2338.0,2546
AV01676-1,AV01676,Mustard Stalk,2525.0,2611
AV01677-1,AV01677,Mustard Stalk,2457.0,2516
AV01678-1,AV01678,Mustard Stalk,2707.0,2615
AV01679-1,AV01679,Mustard Stalk,2222.0,2649
AV01680-1,AV01680,Mustard Stalk,2312.0,2524
AV01681-1,AV01681,Mustard Stalk,2391.0,2620
AV01682-1,AV01682,Mustard Stalk,2539.0,2551
AV01683-1,AV01683,Mustard Stalk,2264.0,2597
AV01684-1,AV01684,Mustard Stalk,2160.0,2565
AV01685-1,AV01685,Mustard Stalk,2632.0,2552
AV01686-1,AV01686,Mustard Stalk,2674.0,2620
AV01687-1,AV01687,Mustard Stalk,2373.0,2601
AV01688-1,AV01688,Mustard Stalk,2540.0,2507
AV01689-1,AV01689,Mustard Stalk,2582.0,2600
AV01690-1,AV01690,Mustard Stalk,2520.0,2619
AV01691-1,AV01691,Mustard Stalk,2216.0,2653
AV01692-1,AV01692,Mustard Stalk,2926.0,2628
AV01693-1,AV01693,Mustard Stalk,2570.0,2553
AV01694-1,AV01694,Rice Husk,2455.0,2141
AV01695-1,AV01695,Rice Husk,3053.0,2193
AV01696-1,AV01696,Rice Husk,3161.0,2202
AV01697-1,AV01697,Rice Husk,2358.0,2099
AV01698-1,AV01698,Rice Husk,3177.0,2131
AV01699-1,AV01699,Rice Husk,2820.0,2216
AV01700-1,AV01700,Rice Husk,2962.0,2132
AV01701-1,AV01701,Rice Husk,3040.0,2202
AV01702-1,AV01702,Rice Husk,2954.0,2218
AV01703-1,AV01703,Rice Husk,2941.0,2130
AV01704-1,AV01704,Rice Husk,2822.0,2127
AV01705-1,AV01705,Rice Husk,2446.0,2104
AV01706-1,AV01706,Rice Husk,2437.0,2103
AV01707-1,AV01707,Rice Husk,3138.0,2221
AV01708-1,AV01708,Rice Husk,2478.0,2182
AV01709-1,AV01709,Rice Husk,2623.0,2121
AV01710-1,AV01710,Rice Husk,2894.0,2181
AV01711-1,AV01711,Rice Husk,2509.0,2222
AV01712-1,AV01712,Rice Husk,2848.0,2163
AV01713-1,AV01713,Rice Husk,2903.0,2134
AV01714-1,AV01714,Rice Husk,2954.0,2205
AV01715-1,AV01715,Rice Husk,2785.0,2114
AV01716-1,AV01716,Rice Husk,3127.0,2209
AV01717-1,AV01717,Rice Husk,2750.0,2174
AV01718-1,AV01718,Rice Husk,3020.0,2176
AV01719-1,AV01719,Rice Husk,3060.0,2167
AV01720-1,AV01720,Rice Husk,2338.0,2173
AV01721-1,AV01721,Rice Husk,2793.0,2180
AV01722-1,AV01722,Rice Husk,2640.0,2156
AV01723-1,AV01723,Rice Husk,2443.0,2100
AV01724-1,AV01724,Rice Husk,2459.0,2202
AV01725-1,AV01725,Rice Husk,3019.0,2133
AV01726-1,AV01726,Rice Husk,2954.0,2182
AV01727-1,AV01727,Rice Husk,2871.0,2190
AV01728-1,AV01728,Rice Husk,2980.0,2140
AV01729-1,AV01729,Rice Husk,2716.0,2207
AV01730-1,AV01730,Rice Husk,2362.0,2134
AV01731-1,AV01731,Rice Husk,2598.0,2125
AV01732-1,AV01732,Rice Husk,2371.0,2124
AV01733-1,AV01733,Rice Husk,2645.0,2133
AV01734-1,AV01734,Rice Husk,3037.0,2148
AV01735-1,AV01735,Rice Husk,3033.0,2106
AV01736-1,AV01736,Rice Husk,2795.0,2218
AV01737-1,AV01737,Rice Husk,3006.0,2143
AV01738-1,AV01738,Rice Husk,3039.0,2125
AV01739-1,AV01739,Rice Husk,2974.0,2146
AV01740-1,AV01740,Rice Husk,3019.0,2179
AV01741-1,AV01741,Rice Husk,2751.0,2174
AV01742-1,AV01742,Rice Husk,2294.0,2129
AV01743-1,AV01743,Rice Husk,2639.0,2201
AV01744-1,AV01744,Rice Husk,2814.0,2136
AV01745-1,AV01745,Rice Husk,2705.0,2160
AV01746-1,AV01746,Rice Husk,2792.0,2125
AV01747-1,AV01747,Rice Husk,3054.0,2198
AV01748-1,AV01748,Rice Husk,2439.0,2101
AV01749-1,AV01749,Rice Husk,2890.0,2212
AV01750-1,AV01750,Rice Husk,2296.0,2195
AV01751-1,AV01751,Mustard Stalk,2945.0,2417
AV01752-1,AV01752,Mustard Stalk,2391.0,2535
AV01753-1,AV01753,Mustard Stalk,2714.0,2427
AV01754-1,AV01754,Mustard Stalk,3011.0,2553
AV01755-1,AV01755,Mustard Stalk,2774.0,2557
AV01756-1,AV01756,Mustard Stalk,2626.0,2546
AV01757-1,AV01757,Mustard Stalk,2942.0,2438
AV01758-1,AV01758,Mustard Stalk,2779.0,2494
AV01759-1,AV01759,Mustard Stalk,3007.0,2445
AV01760-1,AV01760,Mustard Stalk,2980.0,2493
AV01761-1,AV01761,Mustard Stalk,2896.0,2421
AV01762-1,AV01762,Mustard Stalk,2468.0,2545
AV01763-1,AV01763,Mustard Stalk,2614.0,2534
AV01764-1,AV01764,Mustard Stalk,2216.0,2551
AV01765-1,AV01765,Mustard Stalk,2336.0,2542
AV01766-1,AV01766,Mustard Stalk,2337.0,2463
AV01767-1,AV01767,Mustard Stalk,3022.0,2507
AV01768-1,AV01768,Mustard Stalk,2587.0,2553
AV01769-1,AV01769,Mustard Stalk,2592.0,2509
AV01770-1,AV01770,Mustard Stalk,2395.0,2456
AV01771-1,AV01771,Mustard Stalk,2913.0,2418
AV01772-1,AV01772,Mustard Stalk,2232.0,2519
AV01773-1,AV01773,Mustard Stalk,2854.0,2466
AV01774-1,AV01774,Rice Husk,3057.0,2204
AV01775-1,AV01775,Rice Husk,3143.0,2156
AV01776-1,AV01776,Rice Husk,3399.0,2179
AV01777-1,AV01777,Rice Husk,3009.0,2192
AV01778-1,AV01778,Rice Husk,2789.0,2090
AV01779-1,AV01779,Rice Husk,2657.0,2206
AV01780-1,AV01780,Rice Husk,2859.0,2176
AV01781-1,AV01781,Rice Husk,2832.0,2202
AV01782-1,AV01782,Rice Husk,3506.0,2132
AV01783-1,AV01783,Rice Husk,3312.0,2189
AV01784-1,AV01784,Rice Husk,3418.0,2171
AV01785-1,AV01785,Rice Husk,3463.0,2120
AV01786-1,AV01786,Rice Husk,3071.0,2107
AV01787-1,AV01787,Rice Husk,2766.0,2178
AV01788-1,AV01788,Rice Husk,3061.0,2122
AV01789-1,AV01789,Rice Husk,2617.0,2130
AV01790-1,AV01790,Rice Husk,3208.0,2105
AV01791-1,AV01791,Rice Husk,3421.0,2128
AV01792-1,AV01792,Rice Husk,3278.0,2102
AV01793-1,AV01793,Rice Husk,2961.0,2103
AV01794-1,AV01794,Rice Husk,3147.0,2174
AV01795-1,AV01795,Rice Husk,3475.0,2095
AV01796-1,AV01796,Rice Husk,3018.0,2080
AV01797-1,AV01797,Rice Husk,3410.0,2132
AV01798-1,AV01798,Rice Husk,2979.0,2137
AV01799-1,AV01799,Rice Husk,3261.0,2118
AV01800-1,AV01800,Rice Husk,2893.0,2143
AV01801-1,AV01801,Rice Husk,3143.0,2183
AV01802-1,AV01802,Rice Husk,3255.0,2144
AV01803-1,AV01803,Rice Husk,2850.0,2201
AV01804-1,AV01804,Rice Husk,3323.0,2172
AV01805-1,AV01805,Rice Husk,3256.0,2173
AV01806-1,AV01806,Rice Husk,3211.0,2111
AV01807-1,AV01807,Rice Husk,3257.0,2122
AV01808-1,AV01808,Rice Husk,2750.0,2150
AV01809-1,AV01809,Rice Husk,3113.0,2098
AV01810-1,AV01810,Rice Husk,3164.0,2165
AV01811-1,AV01811,Rice Husk,3005.0,2082
AV01812-1,AV01812,Rice Husk,3172.0,2086
AV01813-1,AV01813,Rice Husk,2494.0,2161
AV01814-1,AV01814,Rice Husk,2740.0,2090
AV01815-1,AV01815,Rice Husk,3030.0,2158
AV01816-1,AV01816,Rice Husk,3059.0,2189
AV01817-1,AV01817,Rice Husk,2524.0,2161
AV01818-1,AV01818,Rice Husk,2573.0,2152
AV01819-1,AV01819,Rice Husk,3033.0,2140
AV01820-1,AV01820,Rice Husk,2614.0,2170
AV01821-1,AV01821,Rice Husk,3070.0,2145
AV01822-1,AV01822,Rice Husk,3032.0,2133
AV01823-1,AV01823,Rice Husk,2977.0,2187
AV01824-1,AV01824,Rice Husk,3114.0,2139
AV01825-1,AV01825,Rice Husk,3617.0,2137
AV01826-1,AV01826,Mustard Stalk,2049.0,2403
AV01827-1,AV01827,Mustard Stalk,2325.0,2426
AV01828-1,AV01828,Mustard Stalk,2419.0,2450
AV01829-1,AV01829,Mustard Stalk,2020.0,2517
AV01830-1,AV01830,Mustard Stalk,2167.0,2489
AV01831-1,AV01831,Mustard Stalk,2297.0,2422
AV01832-1,AV01832,Mustard Stalk,2333.0,2491
AV01833-1,AV01833,Mustard Stalk,2196.0,2393
AV01834-1,AV01834,Mustard Stalk,2020.0,2535
AV01835-1,AV01835,Mustard Stalk,1898.0,2423
AV01836-1,AV01836,Mustard Stalk,2098.0,2446
AV01837-1,AV01837,Mustard Stalk,2515.0,2477
AV01838-1,AV01838,Mustard Stalk,1911.0,2441
AV01839-1,AV01839,Mustard Stalk,2434.0,2481
AV01840-1,AV01840,Mustard Stalk,2404.0,2451
AV01841-1,AV01841,Mustard Stalk,2285.0,2415
AV01842-1,AV01842,Mustard Stalk,2125.0,2427
AV01843-1,AV01843,Mustard Stalk,2158.0,2538
AV01844-1,AV01844,Mustard Stalk,1965.0,2488
AV01845-1,AV01845,Mustard Stalk,2580.0,2488
AV01846-1,AV01846,Mustard Stalk,2306.0,2468
AV01847-1,AV01847,Mustard Stalk,2485.0,2402
AV01848-1,AV01848,Mustard Stalk,2424.0,2426
AV01849-1,AV01849,Mustard Stalk,2023.0,2532
AV01850-1,AV01850,Mustard Stalk,2025.0,2495
AV01851-1,AV01851,Mustard Stalk,2120.0,2464
AV01852-1,AV01852,Mustard Stalk,2106.0,2447
AV01853-1,AV01853,Mustard Stalk,2296.0,2398
AV01854-1,AV01854,Rice Husk,2924.0,2220
AV01855-1,AV01855,Rice Husk,3141.0,2171
AV01856-1,AV01856,Rice Husk,2705.0,2212
AV01857-1,AV01857,Rice Husk,2463.0,2216
AV01858-1,AV01858,Rice Husk,2582.0,2190
AV01859-1,AV01859,Rice Husk,3209.0,2206
AV01860-1,AV01860,Rice Husk,3273.0,2147
AV01861-1,AV01861,Rice Husk,3207.0,2161
AV01862-1,AV01862,Rice Husk,2436.0,2206
AV01863-1,AV01863,Rice Husk,2644.0,2135
AV01864-1,AV01864,Rice Husk,2969.0,2222
AV01865-1,AV01865,Rice Husk,2898.0,2154
AV01866-1,AV01866,Rice Husk,3266.0,2134
AV01867-1,AV01867,Rice Husk,3132.0,2204
AV01868-1,AV01868,Rice Husk,3263.0,2169
AV01869-1,AV01869,Rice Husk,2867.0,2126
AV01870-1,AV01870,Rice Husk,3227.0,2227
AV01871-1,AV01871,Rice Husk,2526.0,2157
AV01872-1,AV01872,Rice Husk,2646.0,2221
AV01873-1,AV01873,Rice Husk,2932.0,2163
AV01874-1,AV01874,Rice Husk,3177.0,2125
AV01875-1,AV01875,Rice Husk,2804.0,2220
AV01876-1,AV01876,Rice Husk,2966.0,2165
AV01877-1,AV01877,Rice Husk,2991.0,2210
AV01878-1,AV01878,Rice Husk,2838.0,2147
AV01879-1,AV01879,Rice Husk,3120.0,2143
AV01880-1,AV01880,Rice Husk,2932.0,2164
AV01881-1,AV01881,Rice Husk,2743.0,2142
AV01882-1,AV01882,Rice Husk,2674.0,2226
AV01883-1,AV01883,Rice Husk,2950.0,2167
AV01884-1,AV01884,Rice Husk,2457.0,2150
AV01885-1,AV01885,Rice Husk,3218.0,2192
AV01886-1,AV01886,Rice Husk,2754.0,2154
AV01887-1,AV01887,Rice Husk,2749.0,2192
AV01888-1,AV01888,Rice Husk,2999.0,2162
AV01889-1,AV01889,Rice Husk,2997.0,2226
AV01890-1,AV01890,Rice Husk,2566.0,2101
AV01891-1,AV01891,Rice Husk,2828.0,2130
AV01892-1,AV01892,Rice Husk,2556.0,2138
AV01893-1,AV01893,Rice Husk,3207.0,2113
AV01894-1,AV01894,Rice Husk,2715.0,2137
AV01895-1,AV01895,Rice Husk,3081.0,2100
AV01896-1,AV01896,Rice Husk,3126.0,2183
AV01897-1,AV01897,Rice Husk,2724.0,2129
AV01898-1,AV01898,Rice Husk,2754.0,2175
AV01899-1,AV01899,Rice Husk,2871.0,2216
AV01900-1,AV01900,Rice Husk,2542.0,2107
AV01901-1,AV01901,Rice Husk,2505.0,2111
AV01902-1,AV01902,Rice Husk,2813.0,2226
AV01903-1,AV01903,Rice Husk,3136.0,2163
AV01904-1,AV01904,Rice Husk,2877.0,2120
AV01905-1,AV01905,Rice Husk,3096.0,2219
AV01906-1,AV01906,Rice Husk,2438.0,2217
AV01907-1,AV01907,Rice Husk,2958.0,2133
AV01908-1,AV01908,Rice Husk,2461.0,2123
AV01909-1,AV01909,Mustard Stalk,3358.0,2549
AV01910-1,AV01910,Mustard Stalk,3804.0,2499
AV01911-1,AV01911,Mustard Stalk,4041.0,2468
AV01912-1,AV01912,Mustard Stalk,3227.0,2557
AV01913-1,AV01913,Mustard Stalk,3361.0,2512
AV01914-1,AV01914,Mustard Stalk,4171.0,2423
AV01915-1,AV01915,Mustard Stalk,3272.0,2520
AV01916-1,AV01916,Mustard Stalk,3602.0,2562
AV01917-1,AV01917,Mustard Stalk,4054.0,2535
AV01918-1,AV01918,Mustard Stalk,3438.0,2428
AV01919-1,AV01919,Mustard Stalk,3463.0,2453
AV01920-1,AV01920,Mustard Stalk,3206.0,2502
AV01921-1,AV01921,Mustard Stalk,3645.0,2526
AV01922-1,AV01922,Mustard Stalk,4220.0,2524
AV01923-1,AV01923,Mustard Stalk,3390.0,2426
AV01924-1,AV01924,Mustard Stalk,3835.0,2520
AV01925-1,AV01925,Mustard Stalk,3332.0,2547
AV01926-1,AV01926,Rice Husk,3480.0,2109
AV01927-1,AV01927,Rice Husk,3390.0,2087
AV01928-1,AV01928,Rice Husk,3096.0,2074
AV01929-1,AV01929,Rice Husk,3046.0,2075
AV01930-1,AV01930,Rice Husk,3175.0,2061
AV01931-1,AV01931,Rice Husk,3528.0,2034
AV01932-1,AV01932,Rice Husk,3352.0,2058
AV01933-1,AV01933,Rice Husk,3134.0,2077
AV01934-1,AV01934,Rice Husk,3378.0,2121
AV01935-1,AV01935,Rice Husk,3076.0,2072
AV01936-1,AV01936,Rice Husk,2815.0,2103
AV01937-1,AV01937,Rice Husk,2808.0,2036
AV01938-1,AV01938,Rice Husk,2846.0,2049
AV01939-1,AV01939,Rice Husk,3619.0,2060
AV01940-1,AV01940,Rice Husk,2892.0,2034
AV01941-1,AV01941,Rice Husk,3476.0,2035
AV01942-1,AV01942,Rice Husk,3198.0,2023
AV01943-1,AV01943,Rice Husk,2864.0,2072
AV01944-1,AV01944,Rice Husk,2988.0,2137
AV01945-1,AV01945,Rice Husk,3652.0,2018
AV01946-1,AV01946,Rice Husk,3451.0,2038
AV01947-1,AV01947,Rice Husk,3521.0,2028
AV01948-1,AV01948,Rice Husk,3545.0,2101
AV01949-1,AV01949,Rice Husk,3256.0,2136
AV01950-1,AV01950,Rice Husk,3210.0,2069
AV01951-1,AV01951,Rice Husk,3427.0,2102
AV01952-1,AV01952,Rice Husk,2831.0,2054
AV01953-1,AV01953,Rice Husk,2946.0,2113
AV01954-1,AV01954,Rice Husk,2873.0,2124
AV01955-1,AV01955,Rice Husk,3156.0,2040
AV01956-1,AV01956,Rice Husk,2857.0,2089
AV01957-1,AV01957,Rice Husk,3447.0,2019
AV01958-1,AV01958,Rice Husk,2904.0,2058
AV01959-1,AV01959,Rice Husk,3442.0,2125
AV01960-1,AV01960,Rice Husk,3332.0,2129
AV01961-1,AV01961,Rice Husk,3523.0,2051
AV01962-1,AV01962,Rice Husk,2755.0,2052
AV01963-1,AV01963,Rice Husk,3554.0,2039
AV01964-1,AV01964,Rice Husk,2661.0,2118
AV01965-1,AV01965,Rice Husk,3186.0,2140
AV01966-1,AV01966,Rice Husk,2711.0,2053
AV01967-1,AV01967,Rice Husk,2970.0,2102
AV01968-1,AV01968,Rice Husk,3387.0,2029
AV01969-1,AV01969,Rice Husk,3696.0,2023
AV01970-1,AV01970,Rice Husk,2807.0,2122
AV01971-1,AV01971,Rice Husk,3337.0,2022
AV01972-1,AV01972,Rice Husk,2994.0,2081
AV01973-1,AV01973,Rice Husk,2902.0,2106
AV01974-1,AV01974,Rice Husk,3708.0,2037
AV01975-1,AV01975,Rice Husk,3145.0,2020
AV01976-1,AV01976,Mustard Stalk,2591.0,2362
AV01977-1,AV01977,Mustard Stalk,2818.0,2328
AV01978-1,AV01978,Mustard Stalk,2321.0,2363
AV01979-1,AV01979,Mustard Stalk,2510.0,2367
AV01980-1,AV01980,Mustard Stalk,2725.0,2411
AV01981-1,AV01981,Mustard Stalk,2517.0,2397
AV01982-1,AV01982,Mustard Stalk,2365.0,2361
AV01983-1,AV01983,Mustard Stalk,2292.0,2385
AV01984-1,AV01984,Mustard Stalk,2485.0,2421
AV01985-1,AV01985,Mustard Stalk,2732.0,2384
AV01986-1,AV01986,Mustard Stalk,2686.0,2382
AV01987-1,AV01987,Mustard Stalk,2688.0,2355
AV01988-1,AV01988,Mustard Stalk,2620.0,2432
AV01989-1,AV01989,Mustard Stalk,2339.0,2400
AV01990-1,AV01990,Mustard Stalk,2472.0,2428
AV01991-1,AV01991,Mustard Stalk,2390.0,2455
AV01992-1,AV01992,Mustard Stalk,2639.0,2328
AV01993-1,AV01993,Mustard Stalk,2491.0,2367
AV01994-1,AV01994,Mustard Stalk,2644.0,2354
AV01995-1,AV01995,Mustard Stalk,2123.0,2443
AV01996-1,AV01996,Mustard Stalk,2573.0,2428
AV01997-1,AV01997,Mustard Stalk,2136.0,2348
AV01998-1,AV01998,Mustard Stalk,2297.0,2323
AV01999-1,AV01999,Mustard Stalk,2323.0,2363
AV02000-1,AV02000,Mustard Stalk,2191.0,2358
AV02001-1,AV02001,Rice Husk,3671.0,2236
AV02002-1,AV02002,Rice Husk,3391.0,2227
AV02003-1,AV02003,Rice Husk,3353.0,2179
AV02004-1,AV02004,Rice Husk,3279.0,2139
AV02005-1,AV02005,Rice Husk,3377.0,2119
AV02006-1,AV02006,Rice Husk,3049.0,2140
AV02007-1,AV02007,Rice Husk,3680.0,2193
AV02008-1,AV02008,Rice Husk,3355.0,2144
AV02009-1,AV02009,Rice Husk,3179.0,2146
AV02010-1,AV02010,Rice Husk,3585.0,2177
AV02011-1,AV02011,Rice Husk,3009.0,2224
AV02012-1,AV02012,Rice Husk,3186.0,2223
AV02013-1,AV02013,Rice Husk,3588.0,2220
AV02014-1,AV02014,Rice Husk,3949.0,2157
AV02015-1,AV02015,Rice Husk,3577.0,2230
AV02016-1,AV02016,Rice Husk,3653.0,2216
AV02017-1,AV02017,Rice Husk,3217.0,2137
AV02018-1,AV02018,Rice Husk,3533.0,2197
AV02019-1,AV02019,Rice Husk,3718.0,2223
AV02020-1,AV02020,Rice Husk,3085.0,2175
AV02021-1,AV02021,Rice Husk,3431.0,2126
AV02022-1,AV02022,Rice Husk,3930.0,2172
AV02023-1,AV02023,Rice Husk,3709.0,2236
AV02024-1,AV02024,Rice Husk,3573.0,2144
AV02025-1,AV02025,Rice Husk,3886.0,2116
AV02026-1,AV02026,Rice Husk,3172.0,2231
AV02027-1,AV02027,Rice Husk,3034.0,2131
AV02028-1,AV02028,Rice Husk,3915.0,2126
AV02029-1,AV02029,Rice Husk,3449.0,2121
AV02030-1,AV02030,Rice Husk,2925.0,2229
AV02031-1,AV02031,Rice Husk,3194.0,2229
AV02032-1,AV02032,Rice Husk,3848.0,2157
AV02033-1,AV02033,Rice Husk,2961.0,2236
AV02034-1,AV02034,Rice Husk,3171.0,2184
AV02035-1,AV02035,Rice Husk,3179.0,2208
AV02036-1,AV02036,Rice Husk,3497.0,2242
AV02037-1,AV02037,Rice Husk,3845.0,2161
AV02038-1,AV02038,Rice Husk,3212.0,2216
AV02039-1,AV02039,Rice Husk,3010.0,2150
AV02040-1,AV02040,Rice Husk,3003.0,2231
AV02041-1,AV02041,Rice Husk,4071.0,2184
AV02042-1,AV02042,Rice Husk,3991.0,2208
AV02043-1,AV02043,Rice Husk,3789.0,2137
AV02044-1,AV02044,Rice Husk,2967.0,2149
AV02045-1,AV02045,Rice Husk,3757.0,2223
AV02046-1,AV02046,Rice Husk,3675.0,2166
AV02047-1,AV02047,Rice Husk,3027.0,2150
AV02048-1,AV02048,Rice Husk,3317.0,2135
AV02049-1,AV02049,Rice Husk,3428.0,2123
AV02050-1,AV02050,Rice Husk,3526.0,2149
AV02051-1,AV02051,Rice Husk,3096.0,2125
AV02052-1,AV02052,Rice Husk,3612.0,2244
AV02053-1,AV02053,Rice Husk,4052.0,2130
AV02054-1,AV02054,Rice Husk,3471.0,2165
AV02055-1,AV02055,Mustard Stalk,3169.0,2484
AV02056-1,AV02056,Mustard Stalk,4003.0,2559
AV02057-1,AV02057,Mustard Stalk,3188.0,2459
AV02058-1,AV02058,Mustard Stalk,3439.0,2500
AV02059-1,AV02059,Mustard Stalk,3955.0,2433
AV02060-1,AV02060,Mustard Stalk,3678.0,2481
AV02061-1,AV02061,Mustard Stalk,3733.0,2564
AV02062-1,AV02062,Mustard Stalk,3621.0,2496
AV02063-1,AV02063,Mustard Stalk,3986.0,2434
AV02064-1,AV02064,Mustard Stalk,3935.0,2468
AV02065-1,AV02065,Mustard Stalk,3114.0,2488
AV02066-1,AV02066,Mustard Stalk,3981.0,2562
AV02067-1,AV02067,Mustard Stalk,3767.0,2495
AV02068-1,AV02068,Mustard Stalk,3138.0,2562
AV02069-1,AV02069,Mustard Stalk,3459.0,2487
AV02070-1,AV02070,Mustard Stalk,3991.0,2570
AV02071-1,AV02071,Mustard Stalk,3225.0,2487
AV02072-1,AV02072,Mustard Stalk,4011.0,2521
AV02073-1,AV02073,Mustard Stalk,3643.0,2488
AV02074-1,AV02074,Mustard Stalk,3358.0,2563
AV02075-1,AV02075,Rice Husk,3144.0,2253
AV02076-1,AV02076,Rice Husk,3302.0,2275
AV02077-1,AV02077,Rice Husk,3062.0,2205
AV02078-1,AV02078,Rice Husk,3370.0,2200
AV02079-1,AV02079,Rice Husk,2999.0,2246
AV02080-1,AV02080,Rice Husk,3274.0,2193
AV02081-1,AV02081,Rice Husk,3329.0,2283
AV02082-1,AV02082,Rice Husk,3290.0,2279
AV02083-1,AV02083,Rice Husk,2865.0,2218
AV02084-1,AV02084,Rice Husk,2565.0,2254
AV02085-1,AV02085,Rice Husk,3391.0,2206
AV02086-1,AV02086,Rice Husk,3293.0,2265
AV02087-1,AV02087,Rice Husk,3373.0,2261
AV02088-1,AV02088,Rice Husk,2926.0,2232
AV02089-1,AV02089,Rice Husk,3249.0,2239
AV02090-1,AV02090,Rice Husk,2535.0,2198
AV02091-1,AV02091,Rice Husk,3016.0,2296
AV02092-1,AV02092,Rice Husk,2745.0,2205
AV02093-1,AV02093,Rice Husk,2564.0,2182
AV02094-1,AV02094,Rice Husk,2775.0,2219
AV02095-1,AV02095,Rice Husk,3232.0,2296
AV02096-1,AV02096,Rice Husk,3120.0,2293
AV02097-1,AV02097,Rice Husk,2740.0,2309
AV02098-1,AV02098,Rice Husk,3426.0,2217
AV02099-1,AV02099,Rice Husk,2953.0,2212
AV02100-1,AV02100,Rice Husk,3229.0,2263
AV02101-1,AV02101,Rice Husk,3156.0,2244
AV02102-1,AV02102,Rice Husk,3392.0,2245
AV02103-1,AV02103,Rice Husk,3190.0,2266
AV02104-1,AV02104,Rice Husk,3267.0,2186
AV02105-1,AV02105,Rice Husk,2796.0,2192
AV02106-1,AV02106,Rice Husk,3208.0,2193
AV02107-1,AV02107,Rice Husk,3368.0,2299
AV02108-1,AV02108,Rice Husk,2540.0,2215
AV02109-1,AV02109,Rice Husk,2622.0,2252
AV02110-1,AV02110,Rice Husk,2937.0,2222
AV02111-1,AV02111,Rice Husk,3003.0,2192
AV02112-1,AV02112,Rice Husk,3337.0,2242
AV02113-1,AV02113,Rice Husk,2789.0,2306
AV02114-1,AV02114,Rice Husk,3090.0,2235
AV02115-1,AV02115,Rice Husk,2746.0,2289
AV02116-1,AV02116,Rice Husk,3165.0,2218
AV02117-1,AV02117,Rice Husk,2582.0,2274
AV02118-1,AV02118,Rice Husk,2564.0,2222
AV02119-1,AV02119,Rice Husk,3020.0,2233
AV02120-1,AV02120,Rice Husk,2901.0,2291
AV02121-1,AV02121,Rice Husk,3319.0,2248
AV02122-1,AV02122,Rice Husk,3022.0,2286
AV02123-1,AV02123,Rice Husk,3197.0,2292
AV02124-1,AV02124,Rice Husk,3010.0,2304
AV02125-1,AV02125,Rice Husk,2696.0,2189
AV02126-1,AV02126,Rice Husk,3073.0,2295
AV02127-1,AV02127,Rice Husk,3373.0,2220
AV02128-1,AV02128,Rice Husk,2644.0,2253
AV02129-1,AV02129,Rice Husk,3251.0,2209
AV02130-1,AV02130,Rice Husk,2979.0,2180
AV02131-1,AV02131,Rice Husk,3026.0,2205
AV02132-1,AV02132,Rice Husk,2541.0,2271
AV02133-1,AV02133,Rice Husk,2616.0,2270
AV02134-1,AV02134,Rice Husk,3046.0,2272
AV02135-1,AV02135,Rice Husk,3200.0,2276
AV02136-1,AV02136,Rice Husk,2684.0,2184
AV02137-1,AV02137,Mustard Stalk,3275.0,2589
AV02138-1,AV02138,Mustard Stalk,3865.0,2522
AV02139-1,AV02139,Mustard Stalk,3724.0,2524
AV02140-1,AV02140,Mustard Stalk,3664.0,2652
AV02141-1,AV02141,Mustard Stalk,3619.0,2560
AV02142-1,AV02142,Mustard Stalk,3739.0,2591
AV02143-1,AV02143,Mustard Stalk,3335.0,2550
AV02144-1,AV02144,Mustard Stalk,3888.0,2512
AV02145-1,AV02145,Mustard Stalk,4222.0,2658
AV02146-1,AV02146,Mustard Stalk,4409.0,2625
AV02147-1,AV02147,Mustard Stalk,4432.0,2612
AV02148-1,AV02148,Mustard Stalk,4384.0,2551
AV02149-1,AV02149,Mustard Stalk,4008.0,2612
AV02150-1,AV02150,Mustard Stalk,3389.0,2517
AV02151-1,AV02151,Mustard Stalk,3560.0,2618
AV02152-1,AV02152,Mustard Stalk,4037.0,2567
AV02153-1,AV02153,Mustard Stalk,3686.0,2582
AV02154-1,AV02154,Mustard Stalk,3622.0,2568
AV02155-1,AV02155,Mustard Stalk,3910.0,2529
AV02156-1,AV02156,Rice Husk,2757.0,2313
AV02157-1,AV02157,Rice Husk,2787.0,2368
AV02158-1,AV02158,Rice Husk,2502.0,2248
AV02159-1,AV02159,Rice Husk,2859.0,2260
AV02160-1,AV02160,Rice Husk,3065.0,2258
AV02161-1,AV02161,Rice Husk,2462.0,2254
AV02162-1,AV02162,Rice Husk,2849.0,2331
AV02163-1,AV02163,Rice Husk,2550.0,2350
AV02164-1,AV02164,Rice Husk,2819.0,2283
AV02165-1,AV02165,Rice Husk,3153.0,2338
AV02166-1,AV02166,Rice Husk,2921.0,2333
AV02167-1,AV02167,Rice Husk,3267.0,2242
AV02168-1,AV02168,Rice Husk,2944.0,2324
AV02169-1,AV02169,Rice Husk,3233.0,2267
AV02170-1,AV02170,Rice Husk,2990.0,2319
AV02171-1,AV02171,Rice Husk,2993.0,2378
AV02172-1,AV02172,Rice Husk,2509.0,2375
AV02173-1,AV02173,Rice Husk,2445.0,2297
AV02174-1,AV02174,Rice Husk,2840.0,2322
AV02175-1,AV02175,Rice Husk,2645.0,2352
AV02176-1,AV02176,Rice Husk,2769.0,2361
AV02177-1,AV02177,Rice Husk,2476.0,2264
AV02178-1,AV02178,Rice Husk,3259.0,2328
AV02179-1,AV02179,Rice Husk,3117.0,2242
AV02180-1,AV02180,Rice Husk,2819.0,2313
AV02181-1,AV02181,Rice Husk,3254.0,2358
AV02182-1,AV02182,Rice Husk,2937.0,2349
AV02183-1,AV02183,Rice Husk,2565.0,2379
AV02184-1,AV02184,Rice Husk,3091.0,2281
AV02185-1,AV02185,Rice Husk,2638.0,2251
AV02186-1,AV02186,Rice Husk,2695.0,2379
AV02187-1,AV02187,Rice Husk,3207.0,2310
AV02188-1,AV02188,Rice Husk,2701.0,2241
AV02189-1,AV02189,Rice Husk,2528.0,2272
AV02190-1,AV02190,Rice Husk,3138.0,2376
AV02191-1,AV02191,Rice Husk,2680.0,2252
AV02192-1,AV02192,Rice Husk,3097.0,2340
AV02193-1,AV02193,Rice Husk,2548.0,2344
AV02194-1,AV02194,Rice Husk,3090.0,2354
AV02195-1,AV02195,Rice Husk,3244.0,2328
AV02196-1,AV02196,Rice Husk,2476.0,2251
AV02197-1,AV02197,Rice Husk,3198.0,2268
AV02198-1,AV02198,Rice Husk,3052.0,2367
AV02199-1,AV02199,Rice Husk,2699.0,2314
AV02200-1,AV02200,Rice Husk,2737.0,2284
AV02201-1,AV02201,Rice Husk,2602.0,2367
AV02202-1,AV02202,Rice Husk,2541.0,2309
AV02203-1,AV02203,Rice Husk,3232.0,2305
AV02204-1,AV02204,Rice Husk,2603.0,2360
AV02205-1,AV02205,Rice Husk,2882.0,2252
AV02206-1,AV02206,Rice Husk,2986.0,2259
AV02207-1,AV02207,Rice Husk,2927.0,2327
AV02208-1,AV02208,Rice Husk,2929.0,2359
AV02209-1,AV02209,Rice Husk,2899.0,2282
AV02210-1,AV02210,Rice Husk,2886.0,2305
AV02211-1,AV02211,Rice Husk,3057.0,2313
AV02212-1,AV02212,Rice Husk,3183.0,2259
AV02213-1,AV02213,Rice Husk,2430.0,2248
AV02214-1,AV02214,Rice Husk,2817.0,2320
AV02215-1,AV02215,Rice Husk,3026.0,2312
AV02216-1,AV02216,Rice Husk,3247.0,2271
AV02217-1,AV02217,Rice Husk,2937.0,2263
AV02218-1,AV02218,Rice Husk,2491.0,2342
AV02219-1,AV02219,Rice Husk,3102.0,2290
AV02220-1,AV02220,Rice Husk,2781.0,2274
AV02221-1,AV02221,Rice Husk,2800.0,2273
AV02222-1,AV02222,Mustard Stalk,3145.0,2718
AV02223-1,AV02223,Mustard Stalk,2768.0,2662
AV02224-1,AV02224,Mustard Stalk,2529.0,2683
AV02225-1,AV02225,Mustard Stalk,2579.0,2639
AV02226-1,AV02226,Mustard Stalk,3069.0,2603
AV02227-1,AV02227,Mustard Stalk,2809.0,2648
AV02228-1,AV02228,Mustard Stalk,3017.0,2641
AV02229-1,AV02229,Mustard Stalk,2929.0,2690
AV02230-1,AV02230,Mustard Stalk,2868.0,2682
AV02231-1,AV02231,Mustard Stalk,2575.0,2611
AV02232-1,AV02232,Mustard Stalk,2667.0,2654
AV02233-1,AV02233,Mustard Stalk,3013.0,2700
AV02234-1,AV02234,Mustard Stalk,3039.0,2635
AV02235-1,AV02235,Mustard Stalk,2798.0,2697
AV02236-1,AV02236,Mustard Stalk,2814.0,2723
AV02237-1,AV02237,Mustard Stalk,2660.0,2652
AV02238-1,AV02238,Mustard Stalk,2425.0,2728
AV02239-1,AV02239,Mustard Stalk,2748.0,2618
AV02240-1,AV02240,Mustard Stalk,2650.0,2612
AV02241-1,AV02241,Mustard Stalk,3253.0,2640
AV02242-1,AV02242,Mustard Stalk,2540.0,2732
AV02243-1,AV02243,Mustard Stalk,2550.0,2602
AV02244-1,AV02244,Mustard Stalk,3139.0,2672
AV02245-1,AV02245,Mustard Stalk,3068.0,2691
AV02246-1,AV02246,Mustard Stalk,2828.0,2710
AV02247-1,AV02247,Mustard Stalk,3005.0,2666
AV02248-1,AV02248,Rice Husk,2444.0,2401
AV02249-1,AV02249,Rice Husk,2684.0,2361
AV02250-1,AV02250,Rice Husk,2553.0,2398
AV02251-1,AV02251,Rice Husk,2506.0,2393
AV02252-1,AV02252,Rice Husk,3259.0,2373
AV02253-1,AV02253,Rice Husk,2940.0,2462
AV02254-1,AV02254,Rice Husk,2785.0,2464
AV02255-1,AV02255,Rice Husk,2945.0,2379
AV02256-1,AV02256,Rice Husk,2621.0,2459
AV02257-1,AV02257,Rice Husk,3292.0,2341
AV02258-1,AV02258,Rice Husk,3275.0,2446
AV02259-1,AV02259,Rice Husk,3246.0,2442
AV02260-1,AV02260,Rice Husk,2886.0,2466
AV02261-1,AV02261,Rice Husk,2903.0,2344
AV02262-1,AV02262,Rice Husk,2988.0,2446
AV02263-1,AV02263,Rice Husk,2872.0,2448
AV02264-1,AV02264,Rice Husk,3246.0,2460
AV02265-1,AV02265,Rice Husk,2444.0,2356
AV02266-1,AV02266,Rice Husk,2956.0,2342
AV02267-1,AV02267,Rice Husk,2771.0,2326
AV02268-1,AV02268,Rice Husk,2652.0,2448
AV02269-1,AV02269,Rice Husk,2662.0,2402
AV02270-1,AV02270,Rice Husk,2748.0,2378
AV02271-1,AV02271,Rice Husk,2720.0,2355
AV02272-1,AV02272,Rice Husk,2536.0,2469
AV02273-1,AV02273,Rice Husk,2955.0,2431
AV02274-1,AV02274,Rice Husk,2690.0,2391
AV02275-1,AV02275,Rice Husk,2898.0,2339
AV02276-1,AV02276,Rice Husk,3093.0,2360
AV02277-1,AV02277,Rice Husk,2757.0,2367
AV02278-1,AV02278,Rice Husk,2688.0,2456
AV02279-1,AV02279,Rice Husk,3008.0,2401
AV02280-1,AV02280,Rice Husk,3252.0,2469
AV02281-1,AV02281,Rice Husk,2494.0,2328
AV02282-1,AV02282,Rice Husk,3248.0,2329
AV02283-1,AV02283,Rice Husk,2455.0,2339
AV02284-1,AV02284,Rice Husk,3162.0,2350
AV02285-1,AV02285,Rice Husk,2657.0,2373
AV02286-1,AV02286,Rice Husk,3148.0,2355
AV02287-1,AV02287,Rice Husk,2564.0,2391
AV02288-1,AV02288,Rice Husk,2883.0,2372
AV02289-1,AV02289,Rice Husk,2725.0,2446
AV02290-1,AV02290,Rice Husk,2794.0,2330
AV02291-1,AV02291,Rice Husk,2760.0,2339
AV02292-1,AV02292,Rice Husk,3146.0,2417
AV02293-1,AV02293,Rice Husk,2584.0,2346
AV02294-1,AV02294,Rice Husk,2547.0,2429
AV02295-1,AV02295,Rice Husk,3131.0,2378
AV02296-1,AV02296,Rice Husk,3275.0,2396
AV02297-1,AV02297,Rice Husk,2595.0,2412
AV02298-1,AV02298,Rice Husk,2754.0,2432
AV02299-1,AV02299,Rice Husk,2543.0,2390
AV02300-1,AV02300,Rice Husk,2552.0,2331
AV02301-1,AV02301,Rice Husk,3144.0,2456
AV02302-1,AV02302,Rice Husk,3580.0,2376
AV02303-1,AV02303,Rice Husk,2673.0,2368
AV02304-1,AV02304,Mustard Stalk,3535.0,2740
AV02305-1,AV02305,Mustard Stalk,3411.0,2677
AV02306-1,AV02306,Mustard Stalk,3047.0,2705
AV02307-1,AV02307,Mustard Stalk,3336.0,2734
AV02308-1,AV02308,Mustard Stalk,3410.0,2680
AV02309-1,AV02309,Mustard Stalk,2847.0,2712
AV02310-1,AV02310,Mustard Stalk,3430.0,2839
AV02311-1,AV02311,Mustard Stalk,3197.0,2772
AV02312-1,AV02312,Mustard Stalk,3736.0,2688
AV02313-1,AV02313,Mustard Stalk,3062.0,2749
AV02314-1,AV02314,Mustard Stalk,3149.0,2719
AV02315-1,AV02315,Mustard Stalk,2858.0,2803
AV02316-1,AV02316,Mustard Stalk,3516.0,2772
AV02317-1,AV02317,Mustard Stalk,2791.0,2705
AV02318-1,AV02318,Mustard Stalk,3829.0,2686
AV02319-1,AV02319,Mustard Stalk,3614.0,2714
AV02320-1,AV02320,Mustard Stalk,3300.0,2684
AV02321-1,AV02321,Mustard Stalk,2914.0,2768
AV02322-1,AV02322,Mustard Stalk,3119.0,2801
AV02323-1,AV02323,Pellets,21500.0,7259
AV02324-1,AV02324,Rice Husk,2358.0,2496
AV02325-1,AV02325,Rice Husk,2397.0,2483
AV02326-1,AV02326,Rice Husk,2317.0,2471
AV02327-1,AV02327,Rice Husk,1958.0,2445
AV02328-1,AV02328,Rice Husk,2157.0,2394
AV02329-1,AV02329,Rice Husk,1801.0,2490
AV02330-1,AV02330,Rice Husk,2182.0,2480
AV02331-1,AV02331,Rice Husk,2390.0,2440
AV02332-1,AV02332,Rice Husk,1974.0,2507
AV02333-1,AV02333,Rice Husk,2158.0,2529
AV02334-1,AV02334,Rice Husk,2215.0,2413
AV02335-1,AV02335,Rice Husk,2255.0,2477
AV02336-1,AV02336,Rice Husk,2276.0,2526
AV02337-1,AV02337,Rice Husk,2329.0,2489
AV02338-1,AV02338,Rice Husk,1982.0,2509
AV02339-1,AV02339,Rice Husk,1842.0,2494
AV02340-1,AV02340,Rice Husk,1895.0,2529
AV02341-1,AV02341,Rice Husk,2392.0,2440
AV02342-1,AV02342,Rice Husk,2165.0,2524
AV02343-1,AV02343,Rice Husk,2258.0,2466
AV02344-1,AV02344,Rice Husk,2372.0,2534
AV02345-1,AV02345,Rice Husk,1803.0,2536
AV02346-1,AV02346,Rice Husk,2236.0,2392
AV02347-1,AV02347,Rice Husk,2175.0,2480
AV02348-1,AV02348,Rice Husk,2334.0,2449
AV02349-1,AV02349,Rice Husk,2123.0,2502
AV02350-1,AV02350,Rice Husk,2153.0,2456
AV02351-1,AV02351,Rice Husk,1794.0,2503
AV02352-1,AV02352,Rice Husk,1836.0,2393
AV02353-1,AV02353,Rice Husk,1970.0,2486
AV02354-1,AV02354,Rice Husk,1889.0,2501
AV02355-1,AV02355,Rice Husk,1992.0,2457
AV02356-1,AV02356,Rice Husk,2208.0,2429
AV02357-1,AV02357,Rice Husk,2010.0,2479
AV02358-1,AV02358,Rice Husk,2087.0,2438
AV02359-1,AV02359,Rice Husk,2293.0,2405
AV02360-1,AV02360,Rice Husk,1804.0,2420
AV02361-1,AV02361,Rice Husk,1974.0,2401
AV02362-1,AV02362,Rice Husk,2318.0,2503
AV02363-1,AV02363,Rice Husk,2400.0,2502
AV02364-1,AV02364,Rice Husk,1900.0,2394
AV02365-1,AV02365,Rice Husk,2233.0,2475
AV02366-1,AV02366,Rice Husk,2358.0,2529
AV02367-1,AV02367,Rice Husk,1994.0,2494
AV02368-1,AV02368,Rice Husk,1789.0,2508
AV02369-1,AV02369,Rice Husk,2103.0,2420
AV02370-1,AV02370,Rice Husk,2340.0,2413
AV02371-1,AV02371,Rice Husk,1896.0,2428
AV02372-1,AV02372,Rice Husk,2206.0,2524
AV02373-1,AV02373,Rice Husk,1963.0,2513
AV02374-1,AV02374,Rice Husk,2081.0,2515
AV02375-1,AV02375,Rice Husk,1836.0,2398
AV02376-1,AV02376,Rice Husk,2148.0,2527
AV02377-1,AV02377,Rice Husk,1969.0,2497
AV02378-1,AV02378,Rice Husk,2229.0,2413
AV02379-1,AV02379,Rice Husk,1837.0,2459
AV02380-1,AV02380,Rice Husk,2258.0,2533
AV02381-1,AV02381,Rice Husk,2177.0,2465
AV02382-1,AV02382,Rice Husk,1913.0,2397
AV02383-1,AV02383,Rice Husk,1919.0,2512
AV02384-1,AV02384,Rice Husk,2221.0,2433
AV02385-1,AV02385,Rice Husk,2406.0,2504
AV02386-1,AV02386,Rice Husk,1981.0,2464
AV02387-1,AV02387,Rice Husk,1933.0,2425
AV02388-1,AV02388,Rice Husk,2279.0,2453
AV02389-1,AV02389,Rice Husk,1843.0,2441
AV02390-1,AV02390,Rice Husk,1942.0,2491
AV02391-1,AV02391,Rice Husk,2299.0,2476
AV02392-1,AV02392,Rice Husk,2393.0,2522
AV02393-1,AV02393,Rice Husk,2252.0,2434
AV02394-1,AV02394,Rice Husk,2261.0,2417
AV02395-1,AV02395,Rice Husk,2095.0,2528
AV02396-1,AV02396,Rice Husk,1999.0,2522
AV02397-1,AV02397,Rice Husk,2197.0,2514
AV02398-1,AV02398,Rice Husk,1950.0,2506
AV02399-1,AV02399,Rice Husk,1673.0,2430
AV02400-1,AV02400,Mustard Stalk,1709.0,2805
AV02401-1,AV02401,Mustard Stalk,1821.0,2909
AV02402-1,AV02402,Mustard Stalk,1727.0,2832
AV02403-1,AV02403,Mustard Stalk,1945.0,2909
AV02404-1,AV02404,Mustard Stalk,2246.0,2811
AV02405-1,AV02405,Mustard Stalk,1759.0,2835
AV02406-1,AV02406,Mustard Stalk,2097.0,2799
AV02407-1,AV02407,Mustard Stalk,2303.0,2906
AV02408-1,AV02408,Mustard Stalk,1776.0,2831
AV02409-1,AV02409,Mustard Stalk,2257.0,2753
AV02410-1,AV02410,Mustard Stalk,2163.0,2799
AV02411-1,AV02411,Mustard Stalk,2020.0,2854
AV02412-1,AV02412,Mustard Stalk,1755.0,2839
AV02413-1,AV02413,Mustard Stalk,1884.0,2825
AV02414-1,AV02414,Mustard Stalk,1957.0,2879
AV02415-1,AV02415,Mustard Stalk,2341.0,2872
AV02416-1,AV02416,Mustard Stalk,1963.0,2857
AV02417-1,AV02417,Mustard Stalk,1816.0,2848
AV02418-1,AV02418,Mustard Stalk,1887.0,2786
AV02419-1,AV02419,Mustard Stalk,2289.0,2860
AV02420-1,AV02420,Mustard Stalk,1801.0,2778
AV02421-1,AV02421,Mustard Stalk,1867.0,2795
AV02422-1,AV02422,Mustard Stalk,1929.0,2838
AV02423-1,AV02423,Mustard Stalk,2070.0,2821
AV02424-1,AV02424,Mustard Stalk,1915.0,2782
AV02425-1,AV02425,Mustard Stalk,2043.0,2814
AV02426-1,AV02426,Mustard Stalk,2127.0,2798
AV02427-1,AV02427,Mustard Stalk,2081.0,2845
AV02428-1,AV02428,Mustard Stalk,2450.0,2836
AV02429-1,AV02429,Mustard Stalk,1979.0,2862
AV02430-1,AV02430,Mustard Stalk,2224.0,2801
AV02431-1,AV02431,Pellets,21472.0,7496
AV02432-1,AV02432,Rice Husk,2354.0,2494
AV02433-1,AV02433,Rice Husk,2427.0,2489
AV02434-1,AV02434,Rice Husk,2294.0,2574
AV02435-1,AV02435,Rice Husk,2490.0,2473
AV02436-1,AV02436,Rice Husk,2413.0,2460
AV02437-1,AV02437,Rice Husk,2621.0,2462
AV02438-1,AV02438,Rice Husk,2120.0,2585
AV02439-1,AV02439,Rice Husk,2711.0,2548
AV02440-1,AV02440,Rice Husk,2788.0,2551
AV02441-1,AV02441,Rice Husk,2250.0,2482
AV02442-1,AV02442,Rice Husk,2477.0,2524
AV02443-1,AV02443,Rice Husk,2420.0,2509
AV02444-1,AV02444,Rice Husk,2790.0,2555
AV02445-1,AV02445,Rice Husk,2198.0,2463
AV02446-1,AV02446,Rice Husk,2390.0,2517
AV02447-1,AV02447,Rice Husk,2444.0,2564
AV02448-1,AV02448,Rice Husk,2716.0,2555
AV02449-1,AV02449,Rice Husk,2183.0,2453
AV02450-1,AV02450,Rice Husk,2376.0,2476
AV02451-1,AV02451,Rice Husk,2134.0,2581
AV02452-1,AV02452,Rice Husk,2770.0,2531
AV02453-1,AV02453,Rice Husk,2329.0,2454
AV02454-1,AV02454,Rice Husk,2497.0,2487
AV02455-1,AV02455,Rice Husk,2594.0,2507
AV02456-1,AV02456,Rice Husk,2702.0,2530
AV02457-1,AV02457,Rice Husk,2716.0,2584
AV02458-1,AV02458,Rice Husk,2161.0,2594
AV02459-1,AV02459,Rice Husk,2248.0,2590
AV02460-1,AV02460,Rice Husk,2295.0,2596
AV02461-1,AV02461,Rice Husk,2181.0,2532
AV02462-1,AV02462,Rice Husk,2464.0,2459
AV02463-1,AV02463,Rice Husk,2729.0,2463
AV02464-1,AV02464,Rice Husk,2442.0,2455
AV02465-1,AV02465,Rice Husk,2113.0,2493
AV02466-1,AV02466,Rice Husk,2700.0,2532
AV02467-1,AV02467,Rice Husk,2792.0,2568
AV02468-1,AV02468,Rice Husk,2293.0,2602
AV02469-1,AV02469,Rice Husk,2764.0,2587
AV02470-1,AV02470,Rice Husk,2718.0,2483
AV02471-1,AV02471,Rice Husk,2337.0,2471
AV02472-1,AV02472,Rice Husk,2794.0,2556
AV02473-1,AV02473,Rice Husk,2321.0,2527
AV02474-1,AV02474,Rice Husk,2819.0,2503
AV02475-1,AV02475,Rice Husk,2335.0,2599
AV02476-1,AV02476,Rice Husk,2628.0,2470
AV02477-1,AV02477,Rice Husk,2521.0,2512
AV02478-1,AV02478,Rice Husk,2792.0,2542
AV02479-1,AV02479,Rice Husk,2575.0,2516
AV02480-1,AV02480,Rice Husk,2733.0,2542
AV02481-1,AV02481,Rice Husk,2199.0,2598
AV02482-1,AV02482,Rice Husk,2465.0,2546
AV02483-1,AV02483,Rice Husk,2583.0,2578
AV02484-1,AV02484,Rice Husk,2523.0,2582
AV02485-1,AV02485,Rice Husk,2646.0,2496
AV02486-1,AV02486,Rice Husk,2636.0,2594
AV02487-1,AV02487,Rice Husk,2035.0,2533
AV02488-1,AV02488,Rice Husk,2147.0,2588
AV02489-1,AV02489,Rice Husk,2063.0,2460
AV02490-1,AV02490,Rice Husk,2753.0,2527
AV02491-1,AV02491,Rice Husk,2101.0,2579
AV02492-1,AV02492,Rice Husk,2198.0,2505
AV02493-1,AV02493,Rice Husk,2295.0,2505
AV02494-1,AV02494,Rice Husk,2170.0,2523
AV02495-1,AV02495,Rice Husk,2479.0,2598
AV02496-1,AV02496,Rice Husk,2827.0,2547
AV02497-1,AV02497,Mustard Stalk,4134.0,2822
AV02498-1,AV02498,Mustard Stalk,3798.0,2937
AV02499-1,AV02499,Mustard Stalk,3525.0,2865
AV02500-1,AV02500,Mustard Stalk,3917.0,2981
AV02501-1,AV02501,Mustard Stalk,3609.0,2887
AV02502-1,AV02502,Mustard Stalk,3534.0,2886
AV02503-1,AV02503,Mustard Stalk,3302.0,2930
AV02504-1,AV02504,Mustard Stalk,4029.0,2901
AV02505-1,AV02505,Mustard Stalk,3607.0,2947
AV02506-1,AV02506,Mustard Stalk,3580.0,2876
AV02507-1,AV02507,Mustard Stalk,3114.0,2954
AV02508-1,AV02508,Mustard Stalk,3633.0,2912
AV02509-1,AV02509,Mustard Stalk,3338.0,2842
AV02510-1,AV02510,Mustard Stalk,3871.0,2924
AV02511-1,AV02511,Mustard Stalk,3853.0,2970
AV02512-1,AV02512,Mustard Stalk,3250.0,2822
AV02513-1,AV02513,Mustard Stalk,4159.0,2930
AV02514-1,AV02514,Pellets,10967.0,7524
AV02515-1,AV02515,Pellets,10967.0,7470
AV02516-1,AV02516,Rice Husk,3395.0,2565
AV02517-1,AV02517,Rice Husk,3214.0,2611
AV02518-1,AV02518,Rice Husk,3299.0,2480
AV02519-1,AV02519,Rice Husk,3466.0,2511
AV02520-1,AV02520,Rice Husk,3933.0,2567
AV02521-1,AV02521,Rice Husk,3372.0,2570
AV02522-1,AV02522,Rice Husk,3907.0,2528
AV02523-1,AV02523,Rice Husk,3943.0,2596
AV02524-1,AV02524,Rice Husk,3448.0,2568
AV02525-1,AV02525,Rice Husk,3449.0,2477
AV02526-1,AV02526,Rice Husk,3480.0,2466
AV02527-1,AV02527,Rice Husk,3158.0,2545
AV02528-1,AV02528,Rice Husk,3677.0,2525
AV02529-1,AV02529,Rice Husk,3479.0,2488
AV02530-1,AV02530,Rice Husk,4021.0,2474
AV02531-1,AV02531,Rice Husk,3543.0,2495
AV02532-1,AV02532,Rice Husk,3096.0,2594
AV02533-1,AV02533,Rice Husk,3591.0,2578
AV02534-1,AV02534,Rice Husk,3654.0,2535
AV02535-1,AV02535,Rice Husk,4132.0,2543
AV02536-1,AV02536,Rice Husk,3734.0,2551
AV02537-1,AV02537,Rice Husk,3471.0,2472
AV02538-1,AV02538,Rice Husk,3832.0,2519
AV02539-1,AV02539,Rice Husk,3950.0,2528
AV02540-1,AV02540,Rice Husk,3530.0,2546
AV02541-1,AV02541,Rice Husk,3658.0,2476
AV02542-1,AV02542,Rice Husk,3607.0,2540
AV02543-1,AV02543,Rice Husk,3244.0,2560
AV02544-1,AV02544,Rice Husk,4080.0,2551
AV02545-1,AV02545,Rice Husk,3089.0,2529
AV02546-1,AV02546,Rice Husk,3395.0,2481
AV02547-1,AV02547,Rice Husk,3178.0,2489
AV02548-1,AV02548,Rice Husk,3751.0,2517
AV02549-1,AV02549,Rice Husk,3701.0,2586
AV02550-1,AV02550,Rice Husk,3360.0,2532
AV02551-1,AV02551,Rice Husk,3659.0,2561
AV02552-1,AV02552,Rice Husk,3983.0,2494
AV02553-1,AV02553,Rice Husk,3738.0,2495
AV02554-1,AV02554,Rice Husk,3226.0,2496
AV02555-1,AV02555,Rice Husk,3191.0,2486
AV02556-1,AV02556,Rice Husk,3622.0,2526
AV02557-1,AV02557,Rice Husk,3320.0,2493
AV02558-1,AV02558,Rice Husk,3715.0,2587
AV02559-1,AV02559,Rice Husk,3459.0,2499
AV02560-1,AV02560,Rice Husk,4008.0,2599
AV02561-1,AV02561,Rice Husk,3717.0,2538
AV02562-1,AV02562,Rice Husk,3587.0,2477
AV02563-1,AV02563,Rice Husk,4092.0,2485
AV02564-1,AV02564,Rice Husk,3501.0,2505
AV02565-1,AV02565,Rice Husk,3589.0,2522
AV02566-1,AV02566,Rice Husk,3563.0,2480
AV02567-1,AV02567,Mustard Stalk,1888.0,2994
AV02568-1,AV02568,Mustard Stalk,2193.0,2925
AV02569-1,AV02569,Mustard Stalk,1934.0,2858
AV02570-1,AV02570,Mustard Stalk,2072.0,2892
AV02571-1,AV02571,Mustard Stalk,1927.0,2916
AV02572-1,AV02572,Mustard Stalk,2044.0,2841
AV02573-1,AV02573,Mustard Stalk,2207.0,2885
AV02574-1,AV02574,Mustard Stalk,2166.0,2834
AV02575-1,AV02575,Mustard Stalk,2269.0,2857
AV02576-1,AV02576,Mustard Stalk,2002.0,3001
AV02577-1,AV02577,Mustard Stalk,2357.0,2839
AV02578-1,AV02578,Mustard Stalk,2356.0,2940
AV02579-1,AV02579,Mustard Stalk,2325.0,2963
AV02580-1,AV02580,Mustard Stalk,2021.0,2913
AV02581-1,AV02581,Mustard Stalk,1806.0,2904
AV02582-1,AV02582,Mustard Stalk,1989.0,2851
AV02583-1,AV02583,Mustard Stalk,2302.0,2949
AV02584-1,AV02584,Mustard Stalk,2370.0,2904
AV02585-1,AV02585,Mustard Stalk,2188.0,2929
AV02586-1,AV02586,Mustard Stalk,1831.0,2903
AV02587-1,AV02587,Mustard Stalk,2070.0,2953
AV02588-1,AV02588,Mustard Stalk,2014.0,2948
AV02589-1,AV02589,Mustard Stalk,2235.0,2860
AV02590-1,AV02590,Mustard Stalk,1938.0,2861
AV02591-1,AV02591,Mustard Stalk,1847.0,2862
AV02592-1,AV02592,Mustard Stalk,1903.0,2851
AV02593-1,AV02593,Mustard Stalk,2134.0,2854
AV02594-1,AV02594,Mustard Stalk,2287.0,3004
AV02595-1,AV02595,Mustard Stalk,2246.0,2964
AV02596-1,AV02596,Mustard Stalk,1945.0,2901
AV02597-1,AV02597,Mustard Stalk,2213.0,2837
AV02598-1,AV02598,Mustard Stalk,1786.0,2951
AV02599-1,AV02599,Mustard Stalk,2142.0,2873
AV02600-1,AV02600,Mustard Stalk,2085.0,2834
AV02601-1,AV02601,Biomass Material,505.0,5556
AV02602-1,AV02602,Biomass Material,474.0,4267
AV02603-1,AV02603,Biomass Material,278.0,5417
AV02604-1,AV02604,Biomass Material,328.0,6121
AV02605-1,AV02605,Biomass Material,426.0,4721
AV02606-1,AV02606,Biomass Material,458.0,4962
AV02607-1,AV02607,Biomass Material,353.0,5724
AV02608-1,AV02608,Biomass Material,341.0,5999
AV02609-1,AV02609,Rice Husk,3142.0,2390
AV02610-1,AV02610,Rice Husk,2768.0,2408
AV02611-1,AV02611,Rice Husk,3300.0,2375
AV02612-1,AV02612,Rice Husk,2755.0,2404
AV02613-1,AV02613,Rice Husk,3294.0,2395
AV02614-1,AV02614,Rice Husk,3168.0,2316
AV02615-1,AV02615,Rice Husk,3184.0,2410
AV02616-1,AV02616,Rice Husk,2794.0,2445
AV02617-1,AV02617,Rice Husk,2563.0,2405
AV02618-1,AV02618,Rice Husk,3248.0,2393
AV02619-1,AV02619,Rice Husk,2800.0,2364
AV02620-1,AV02620,Rice Husk,2626.0,2424
AV02621-1,AV02621,Rice Husk,2550.0,2442
AV02622-1,AV02622,Rice Husk,2906.0,2348
AV02623-1,AV02623,Rice Husk,3129.0,2308
AV02624-1,AV02624,Rice Husk,2871.0,2336
AV02625-1,AV02625,Rice Husk,2789.0,2315
AV02626-1,AV02626,Rice Husk,3162.0,2389
AV02627-1,AV02627,Rice Husk,2783.0,2364
AV02628-1,AV02628,Rice Husk,3219.0,2346
AV02629-1,AV02629,Rice Husk,3258.0,2353
AV02630-1,AV02630,Rice Husk,2776.0,2425
AV02631-1,AV02631,Rice Husk,2591.0,2400
AV02632-1,AV02632,Rice Husk,2548.0,2327
AV02633-1,AV02633,Rice Husk,3179.0,2329
AV02634-1,AV02634,Rice Husk,3055.0,2358
AV02635-1,AV02635,Rice Husk,2985.0,2306
AV02636-1,AV02636,Rice Husk,3366.0,2328
AV02637-1,AV02637,Rice Husk,3326.0,2335
AV02638-1,AV02638,Rice Husk,2845.0,2374
AV02639-1,AV02639,Rice Husk,2650.0,2318
AV02640-1,AV02640,Rice Husk,2587.0,2391
AV02641-1,AV02641,Rice Husk,3177.0,2381
AV02642-1,AV02642,Rice Husk,2641.0,2316
AV02643-1,AV02643,Rice Husk,2857.0,2374
AV02644-1,AV02644,Rice Husk,2954.0,2348
AV02645-1,AV02645,Rice Husk,2666.0,2433
AV02646-1,AV02646,Rice Husk,2592.0,2390
AV02647-1,AV02647,Rice Husk,2668.0,2443
AV02648-1,AV02648,Rice Husk,2650.0,2351
AV02649-1,AV02649,Rice Husk,3099.0,2439
AV02650-1,AV02650,Rice Husk,3393.0,2315
AV02651-1,AV02651,Rice Husk,3494.0,2358
AV02652-1,AV02652,Rice Husk,2706.0,2407
AV02653-1,AV02653,Rice Husk,3215.0,2372
AV02654-1,AV02654,Rice Husk,3264.0,2309
AV02655-1,AV02655,Rice Husk,2721.0,2362
AV02656-1,AV02656,Rice Husk,3193.0,2334
AV02657-1,AV02657,Rice Husk,3044.0,2410
AV02658-1,AV02658,Rice Husk,2726.0,2421
AV02659-1,AV02659,Rice Husk,3604.0,2399
AV02660-1,AV02660,Rice Husk,3218.0,2429
AV02661-1,AV02661,Rice Husk,2937.0,2358
AV02662-1,AV02662,Mustard Stalk,2048.0,2693
AV02663-1,AV02663,Mustard Stalk,2115.0,2683
AV02664-1,AV02664,Mustard Stalk,1916.0,2697
AV02665-1,AV02665,Mustard Stalk,1798.0,2794
AV02666-1,AV02666,Mustard Stalk,2081.0,2758
AV02667-1,AV02667,Mustard Stalk,1642.0,2696
AV02668-1,AV02668,Mustard Stalk,1949.0,2700
AV02669-1,AV02669,Mustard Stalk,1770.0,2739
AV02670-1,AV02670,Mustard Stalk,1829.0,2732
AV02671-1,AV02671,Mustard Stalk,2026.0,2665
AV02672-1,AV02672,Mustard Stalk,2030.0,2669
AV02673-1,AV02673,Mustard Stalk,1687.0,2666
AV02674-1,AV02674,Mustard Stalk,1738.0,2789
AV02675-1,AV02675,Mustard Stalk,1575.0,2655
AV02676-1,AV02676,Mustard Stalk,1934.0,2656
AV02677-1,AV02677,Mustard Stalk,1671.0,2652
AV02678-1,AV02678,Mustard Stalk,1831.0,2703
AV02679-1,AV02679,Mustard Stalk,2058.0,2781
AV02680-1,AV02680,Mustard Stalk,1700.0,2771
AV02681-1,AV02681,Mustard Stalk,2082.0,2680
AV02682-1,AV02682,Mustard Stalk,1944.0,2653
AV02683-1,AV02683,Mustard Stalk,1668.0,2812
AV02684-1,AV02684,Mustard Stalk,2091.0,2785
AV02685-1,AV02685,Mustard Stalk,1923.0,2774
AV02686-1,AV02686,Mustard Stalk,1692.0,2731
AV02687-1,AV02687,Mustard Stalk,1834.0,2774
AV02688-1,AV02688,Mustard Stalk,2020.0,2682
AV02689-1,AV02689,Mustard Stalk,1580.0,2704
AV02690-1,AV02690,Mustard Stalk,1947.0,2804
AV02691-1,AV02691,Mustard Stalk,1667.0,2786
AV02692-1,AV02692,Mustard Stalk,1663.0,2787
AV02693-1,AV02693,Mustard Stalk,1718.0,2722
AV02694-1,AV02694,Mustard Stalk,1855.0,2684
AV02695-1,AV02695,Mustard Stalk,1812.0,2729
AV02696-1,AV02696,Mustard Stalk,1922.0,2769
AV02697-1,AV02697,Mustard Stalk,1980.0,2786
AV02698-1,AV02698,Mustard Stalk,1855.0,2765
AV02699-1,AV02699,Mustard Stalk,1565.0,2687
AV02700-1,AV02700,Rice Husk,2350.0,2268
AV02701-1,AV02701,Rice Husk,1865.0,2284
AV02702-1,AV02702,Rice Husk,2034.0,2349
AV02703-1,AV02703,Rice Husk,1904.0,2298
AV02704-1,AV02704,Rice Husk,1863.0,2344
AV02705-1,AV02705,Rice Husk,2271.0,2352
AV02706-1,AV02706,Rice Husk,2186.0,2246
AV02707-1,AV02707,Rice Husk,1942.0,2247
AV02708-1,AV02708,Rice Husk,1975.0,2244
AV02709-1,AV02709,Rice Husk,2208.0,2343
AV02710-1,AV02710,Rice Husk,1807.0,2224
AV02711-1,AV02711,Rice Husk,2368.0,2315
AV02712-1,AV02712,Rice Husk,2313.0,2352
AV02713-1,AV02713,Rice Husk,2186.0,2336
AV02714-1,AV02714,Rice Husk,2011.0,2245
AV02715-1,AV02715,Rice Husk,2255.0,2241
AV02716-1,AV02716,Rice Husk,2008.0,2238
AV02717-1,AV02717,Rice Husk,2367.0,2327
AV02718-1,AV02718,Rice Husk,2168.0,2223
AV02719-1,AV02719,Rice Husk,1879.0,2287
AV02720-1,AV02720,Rice Husk,1781.0,2346
AV02721-1,AV02721,Rice Husk,1853.0,2308
AV02722-1,AV02722,Rice Husk,2041.0,2280
AV02723-1,AV02723,Rice Husk,2233.0,2347
AV02724-1,AV02724,Rice Husk,1960.0,2335
AV02725-1,AV02725,Rice Husk,2025.0,2321
AV02726-1,AV02726,Rice Husk,2091.0,2304
AV02727-1,AV02727,Rice Husk,2067.0,2336
AV02728-1,AV02728,Rice Husk,2027.0,2339
AV02729-1,AV02729,Rice Husk,2167.0,2254
AV02730-1,AV02730,Rice Husk,2361.0,2282
AV02731-1,AV02731,Rice Husk,1974.0,2290
AV02732-1,AV02732,Rice Husk,2223.0,2334
AV02733-1,AV02733,Rice Husk,2085.0,2261
AV02734-1,AV02734,Rice Husk,2231.0,2333
AV02735-1,AV02735,Rice Husk,1985.0,2260
AV02736-1,AV02736,Rice Husk,1853.0,2317
AV02737-1,AV02737,Rice Husk,2067.0,2318
AV02738-1,AV02738,Rice Husk,2347.0,2254
AV02739-1,AV02739,Rice Husk,2027.0,2302
AV02740-1,AV02740,Rice Husk,1993.0,2343
AV02741-1,AV02741,Rice Husk,1918.0,2228
AV02742-1,AV02742,Rice Husk,2386.0,2338
AV02743-1,AV02743,Rice Husk,1998.0,2239
AV02744-1,AV02744,Rice Husk,1963.0,2290
AV02745-1,AV02745,Rice Husk,2154.0,2252
AV02746-1,AV02746,Rice Husk,2014.0,2222
AV02747-1,AV02747,Rice Husk,2132.0,2290
AV02748-1,AV02748,Rice Husk,2072.0,2311
AV02749-1,AV02749,Rice Husk,2400.0,2263
AV02750-1,AV02750,Rice Husk,2383.0,2334
AV02751-1,AV02751,Rice Husk,1825.0,2249
AV02752-1,AV02752,Rice Husk,2141.0,2285
AV02753-1,AV02753,Rice Husk,2212.0,2312
AV02754-1,AV02754,Rice Husk,2110.0,2331
AV02755-1,AV02755,Rice Husk,2289.0,2330
AV02756-1,AV02756,Rice Husk,2302.0,2229
AV02757-1,AV02757,Rice Husk,1948.0,2269
AV02758-1,AV02758,Rice Husk,2031.0,2343
AV02759-1,AV02759,Rice Husk,2148.0,2302
AV02760-1,AV02760,Rice Husk,2236.0,2262
AV02761-1,AV02761,Rice Husk,1904.0,2355
AV02762-1,AV02762,Rice Husk,1862.0,2320
AV02763-1,AV02763,Rice Husk,1860.0,2277
AV02764-1,AV02764,Rice Husk,1898.0,2223
AV02765-1,AV02765,Rice Husk,2300.0,2287
AV02766-1,AV02766,Rice Husk,2263.0,2356
AV02767-1,AV02767,Rice Husk,1873.0,2222
AV02768-1,AV02768,Rice Husk,1842.0,2318
AV02769-1,AV02769,Rice Husk,1883.0,2264
AV02770-1,AV02770,Rice Husk,2286.0,2321
AV02771-1,AV02771,Rice Husk,2010.0,2283
AV02772-1,AV02772,Rice Husk,2417.0,2314
AV02773-1,AV02773,Rice Husk,2144.0,2277
AV02774-1,AV02774,Rice Husk,2112.0,2277
AV02775-1,AV02775,Rice Husk,1932.0,2294
AV02776-1,AV02776,Rice Husk,1991.0,2320
AV02777-1,AV02777,Rice Husk,1946.0,2279
AV02778-1,AV02778,Rice Husk,2208.0,2270
AV02779-1,AV02779,Rice Husk,2290.0,2272
AV02780-1,AV02780,Rice Husk,2151.0,2233
AV02781-1,AV02781,Rice Husk,2217.0,2223
AV02782-1,AV02782,Rice Husk,2055.0,2239
AV02783-1,AV02783,Rice Husk,1980.0,2341
AV02784-1,AV02784,Rice Husk,1839.0,2278
AV02785-1,AV02785,Rice Husk,2465.0,2280
AV02786-1,AV02786,Rice Husk,2114.0,2303
AV02787-1,AV02787,Mustard Stalk,3035.0,2664
AV02788-1,AV02788,Mustard Stalk,2924.0,2643
AV02789-1,AV02789,Mustard Stalk,3085.0,2639
AV02790-1,AV02790,Mustard Stalk,2965.0,2620
AV02791-1,AV02791,Mustard Stalk,2748.0,2697
AV02792-1,AV02792,Mustard Stalk,2759.0,2692
AV02793-1,AV02793,Mustard Stalk,2283.0,2593
AV02794-1,AV02794,Mustard Stalk,2952.0,2642
AV02795-1,AV02795,Mustard Stalk,3035.0,2663
AV02796-1,AV02796,Mustard Stalk,2976.0,2698
AV02797-1,AV02797,Mustard Stalk,2330.0,2584
AV02798-1,AV02798,Mustard Stalk,2532.0,2682
AV02799-1,AV02799,Mustard Stalk,2627.0,2653
AV02800-1,AV02800,Mustard Stalk,2725.0,2669
AV02801-1,AV02801,Mustard Stalk,2966.0,2592
AV02802-1,AV02802,Mustard Stalk,2405.0,2677
AV02803-1,AV02803,Mustard Stalk,3015.0,2608
AV02804-1,AV02804,Mustard Stalk,2614.0,2575
AV02805-1,AV02805,Mustard Stalk,2813.0,2623
AV02806-1,AV02806,Mustard Stalk,2368.0,2576
AV02807-1,AV02807,Mustard Stalk,2812.0,2695
AV02808-1,AV02808,Mustard Stalk,2922.0,2593
AV02809-1,AV02809,Mustard Stalk,2305.0,2679
AV02810-1,AV02810,Mustard Stalk,2338.0,2646
AV02811-1,AV02811,Mustard Stalk,2671.0,2576
AV02812-1,AV02812,Mustard Stalk,2516.0,2633
AV02813-1,AV02813,Rice Husk,3053.0,2227
AV02814-1,AV02814,Rice Husk,3726.0,2208
AV02815-1,AV02815,Rice Husk,3153.0,2201
AV02816-1,AV02816,Rice Husk,3665.0,2217
AV02817-1,AV02817,Rice Husk,3148.0,2234
AV02818-1,AV02818,Rice Husk,3306.0,2315
AV02819-1,AV02819,Rice Husk,3483.0,2270
AV02820-1,AV02820,Rice Husk,3171.0,2287
AV02821-1,AV02821,Rice Husk,3464.0,2217
AV02822-1,AV02822,Rice Husk,3208.0,2317
AV02823-1,AV02823,Rice Husk,3845.0,2246
AV02824-1,AV02824,Rice Husk,3824.0,2268
AV02825-1,AV02825,Rice Husk,3772.0,2318
AV02826-1,AV02826,Rice Husk,3382.0,2297
AV02827-1,AV02827,Rice Husk,3226.0,2317
AV02828-1,AV02828,Rice Husk,3493.0,2317
AV02829-1,AV02829,Rice Husk,3183.0,2254
AV02830-1,AV02830,Rice Husk,3809.0,2233
AV02831-1,AV02831,Rice Husk,3493.0,2326
AV02832-1,AV02832,Rice Husk,3909.0,2232
AV02833-1,AV02833,Rice Husk,3898.0,2200
AV02834-1,AV02834,Rice Husk,3738.0,2328
AV02835-1,AV02835,Rice Husk,3945.0,2214
AV02836-1,AV02836,Rice Husk,3674.0,2270
AV02837-1,AV02837,Rice Husk,3138.0,2256
AV02838-1,AV02838,Rice Husk,3217.0,2329
AV02839-1,AV02839,Rice Husk,3775.0,2277
AV02840-1,AV02840,Rice Husk,3127.0,2256
AV02841-1,AV02841,Rice Husk,3842.0,2315
AV02842-1,AV02842,Rice Husk,3205.0,2294
AV02843-1,AV02843,Rice Husk,3644.0,2316
AV02844-1,AV02844,Rice Husk,3383.0,2214
AV02845-1,AV02845,Rice Husk,4279.0,2308
AV02846-1,AV02846,Rice Husk,3512.0,2263
AV02847-1,AV02847,Rice Husk,3433.0,2272
AV02848-1,AV02848,Rice Husk,3725.0,2214
AV02849-1,AV02849,Rice Husk,3572.0,2274
AV02850-1,AV02850,Rice Husk,3603.0,2228
AV02851-1,AV02851,Rice Husk,4043.0,2222
AV02852-1,AV02852,Rice Husk,3563.0,2299
AV02853-1,AV02853,Rice Husk,4262.0,2251
AV02854-1,AV02854,Rice Husk,3271.0,2275
AV02855-1,AV02855,Rice Husk,3600.0,2307
AV02856-1,AV02856,Rice Husk,3324.0,2309
AV02857-1,AV02857,Rice Husk,3948.0,2231
AV02858-1,AV02858,Rice Husk,3322.0,2221
AV02859-1,AV02859,Rice Husk,4347.0,2261
AV02860-1,AV02860,Rice Husk,3334.0,2208
AV02861-1,AV02861,Rice Husk,3727.0,2303
AV02862-1,AV02862,Rice Husk,3562.0,2299
AV02863-1,AV02863,Rice Husk,4404.0,2209
AV02864-1,AV02864,Mustard Stalk,2763.0,2603
AV02865-1,AV02865,Mustard Stalk,2779.0,2673
AV02866-1,AV02866,Mustard Stalk,2729.0,2562
AV02867-1,AV02867,Mustard Stalk,3188.0,2583
AV02868-1,AV02868,Mustard Stalk,3205.0,2652
AV02869-1,AV02869,Mustard Stalk,3437.0,2663
AV02870-1,AV02870,Mustard Stalk,3093.0,2599
AV02871-1,AV02871,Mustard Stalk,3528.0,2672
AV02872-1,AV02872,Mustard Stalk,3550.0,2680
AV02873-1,AV02873,Mustard Stalk,3020.0,2650
AV02874-1,AV02874,Mustard Stalk,3276.0,2605
AV02875-1,AV02875,Mustard Stalk,3323.0,2608
AV02876-1,AV02876,Mustard Stalk,3320.0,2571
AV02877-1,AV02877,Mustard Stalk,2980.0,2572
AV02878-1,AV02878,Mustard Stalk,2840.0,2614
AV02879-1,AV02879,Mustard Stalk,2558.0,2574
AV02880-1,AV02880,Mustard Stalk,3467.0,2673
AV02881-1,AV02881,Mustard Stalk,2647.0,2613
AV02882-1,AV02882,Mustard Stalk,3227.0,2531
AV02883-1,AV02883,Mustard Stalk,2722.0,2637
AV02884-1,AV02884,Mustard Stalk,3071.0,2674
AV02885-1,AV02885,Mustard Stalk,3246.0,2594
AV02886-1,AV02886,Mustard Stalk,3093.0,2676
AV02887-1,AV02887,Biomass Material,402.0,5814
AV02888-1,AV02888,Biomass Material,396.0,6215
AV02889-1,AV02889,Biomass Material,407.0,5910
AV02890-1,AV02890,Biomass Material,254.0,4953
AV02891-1,AV02891,Biomass Material,383.0,5236
AV02892-1,AV02892,Biomass Material,379.0,6182
AV02893-1,AV02893,Rice Husk,3319.0,2279
AV02894-1,AV02894,Rice Husk,3636.0,2305
AV02895-1,AV02895,Rice Husk,2975.0,2337
AV02896-1,AV02896,Rice Husk,3419.0,2255
AV02897-1,AV02897,Rice Husk,3587.0,2284
AV02898-1,AV02898,Rice Husk,3069.0,2309
AV02899-1,AV02899,Rice Husk,3427.0,2296
AV02900-1,AV02900,Rice Husk,2828.0,2239
AV02901-1,AV02901,Rice Husk,2802.0,2292
AV02902-1,AV02902,Rice Husk,2980.0,2313
AV02903-1,AV02903,Rice Husk,2779.0,2353
AV02904-1,AV02904,Rice Husk,2947.0,2286
AV02905-1,AV02905,Rice Husk,3181.0,2252
AV02906-1,AV02906,Rice Husk,2867.0,2273
AV02907-1,AV02907,Rice Husk,3233.0,2268
AV02908-1,AV02908,Rice Husk,2923.0,2268
AV02909-1,AV02909,Rice Husk,3509.0,2344
AV02910-1,AV02910,Rice Husk,3115.0,2268
AV02911-1,AV02911,Rice Husk,3364.0,2274
AV02912-1,AV02912,Rice Husk,2930.0,2236
AV02913-1,AV02913,Rice Husk,2996.0,2247
AV02914-1,AV02914,Rice Husk,3524.0,2320
AV02915-1,AV02915,Rice Husk,2954.0,2314
AV02916-1,AV02916,Rice Husk,2711.0,2223
AV02917-1,AV02917,Rice Husk,3159.0,2314
AV02918-1,AV02918,Rice Husk,3533.0,2243
AV02919-1,AV02919,Rice Husk,3293.0,2320
AV02920-1,AV02920,Rice Husk,3314.0,2230
AV02921-1,AV02921,Rice Husk,3320.0,2298
AV02922-1,AV02922,Rice Husk,3072.0,2273
AV02923-1,AV02923,Rice Husk,3014.0,2357
AV02924-1,AV02924,Rice Husk,3364.0,2315
AV02925-1,AV02925,Rice Husk,3319.0,2232
AV02926-1,AV02926,Rice Husk,3341.0,2291
AV02927-1,AV02927,Rice Husk,3566.0,2286
AV02928-1,AV02928,Rice Husk,3203.0,2314
AV02929-1,AV02929,Rice Husk,2811.0,2355
AV02930-1,AV02930,Rice Husk,3160.0,2292
AV02931-1,AV02931,Rice Husk,2795.0,2281
AV02932-1,AV02932,Rice Husk,2729.0,2243
AV02933-1,AV02933,Rice Husk,3276.0,2222
AV02934-1,AV02934,Rice Husk,3531.0,2335
AV02935-1,AV02935,Rice Husk,2880.0,2260
AV02936-1,AV02936,Rice Husk,2995.0,2270
AV02937-1,AV02937,Rice Husk,2840.0,2250
AV02938-1,AV02938,Rice Husk,3527.0,2356
AV02939-1,AV02939,Rice Husk,3278.0,2273
AV02940-1,AV02940,Rice Husk,3098.0,2272
AV02941-1,AV02941,Rice Husk,3316.0,2224
AV02942-1,AV02942,Rice Husk,3355.0,2230
AV02943-1,AV02943,Rice Husk,3440.0,2277
AV02944-1,AV02944,Mustard Stalk,3211.0,2674
AV02945-1,AV02945,Mustard Stalk,3965.0,2634
AV02946-1,AV02946,Mustard Stalk,3368.0,2703
AV02947-1,AV02947,Mustard Stalk,3346.0,2672
AV02948-1,AV02948,Mustard Stalk,3842.0,2649
AV02949-1,AV02949,Mustard Stalk,3800.0,2682
AV02950-1,AV02950,Mustard Stalk,3644.0,2572
AV02951-1,AV02951,Mustard Stalk,3603.0,2681
AV02952-1,AV02952,Mustard Stalk,3819.0,2584
AV02953-1,AV02953,Mustard Stalk,4351.0,2684
AV02954-1,AV02954,Mustard Stalk,4018.0,2613
AV02955-1,AV02955,Mustard Stalk,3673.0,2684
AV02956-1,AV02956,Mustard Stalk,4161.0,2619
AV02957-1,AV02957,Mustard Stalk,3435.0,2645
AV02958-1,AV02958,Mustard Stalk,3387.0,2703
AV02959-1,AV02959,Mustard Stalk,3515.0,2671
AV02960-1,AV02960,Mustard Stalk,3451.0,2703
AV02961-1,AV02961,Mustard Stalk,3539.0,2662
AV02962-1,AV02962,Mustard Stalk,4505.0,2557
AV02963-1,AV02963,Rice Husk,2881.0,2140
AV02964-1,AV02964,Rice Husk,2886.0,2219
AV02965-1,AV02965,Rice Husk,3561.0,2264
AV02966-1,AV02966,Rice Husk,2846.0,2183
AV02967-1,AV02967,Rice Husk,2986.0,2252
AV02968-1,AV02968,Rice Husk,2882.0,2247
AV02969-1,AV02969,Rice Husk,2917.0,2252
AV02970-1,AV02970,Rice Husk,3499.0,2180
AV02971-1,AV02971,Rice Husk,2876.0,2232
AV02972-1,AV02972,Rice Husk,2882.0,2262
AV02973-1,AV02973,Rice Husk,2929.0,2212
AV02974-1,AV02974,Rice Husk,3784.0,2163
AV02975-1,AV02975,Rice Husk,3607.0,2213
AV02976-1,AV02976,Rice Husk,3419.0,2171
AV02977-1,AV02977,Rice Husk,3363.0,2231
AV02978-1,AV02978,Rice Husk,3618.0,2154
AV02979-1,AV02979,Rice Husk,2827.0,2144
AV02980-1,AV02980,Rice Husk,2967.0,2137
AV02981-1,AV02981,Rice Husk,2809.0,2216
AV02982-1,AV02982,Rice Husk,3774.0,2179
AV02983-1,AV02983,Rice Husk,3450.0,2176
AV02984-1,AV02984,Rice Husk,2979.0,2261
AV02985-1,AV02985,Rice Husk,3019.0,2202
AV02986-1,AV02986,Rice Husk,3701.0,2192
AV02987-1,AV02987,Rice Husk,2927.0,2217
AV02988-1,AV02988,Rice Husk,3566.0,2153
AV02989-1,AV02989,Rice Husk,2819.0,2154
AV02990-1,AV02990,Rice Husk,3049.0,2184
AV02991-1,AV02991,Rice Husk,3165.0,2187
AV02992-1,AV02992,Rice Husk,3044.0,2187
AV02993-1,AV02993,Rice Husk,3463.0,2175
AV02994-1,AV02994,Rice Husk,3081.0,2155
AV02995-1,AV02995,Rice Husk,2913.0,2184
AV02996-1,AV02996,Rice Husk,3468.0,2218
AV02997-1,AV02997,Rice Husk,2954.0,2151
AV02998-1,AV02998,Rice Husk,3629.0,2218
AV02999-1,AV02999,Rice Husk,3339.0,2207
AV03000-1,AV03000,Rice Husk,3695.0,2190
AV03001-1,AV03001,Rice Husk,3085.0,2214
AV03002-1,AV03002,Rice Husk,3344.0,2227
AV03003-1,AV03003,Rice Husk,3377.0,2223
AV03004-1,AV03004,Rice Husk,3811.0,2234
AV03005-1,AV03005,Rice Husk,3271.0,2192
AV03006-1,AV03006,Rice Husk,2843.0,2222
AV03007-1,AV03007,Rice Husk,2870.0,2176
AV03008-1,AV03008,Rice Husk,3706.0,2137
AV03009-1,AV03009,Rice Husk,2880.0,2268
AV03010-1,AV03010,Rice Husk,3785.0,2173
AV03011-1,AV03011,Rice Husk,3442.0,2217
AV03012-1,AV03012,Rice Husk,3632.0,2227
AV03013-1,AV03013,Rice Husk,3354.0,2155
AV03014-1,AV03014,Rice Husk,3355.0,2199
AV03015-1,AV03015,Rice Husk,3630.0,2254
AV03016-1,AV03016,Rice Husk,3178.0,2150
AV03017-1,AV03017,Rice Husk,3240.0,2156
AV03018-1,AV03018,Rice Husk,3013.0,2186
AV03019-1,AV03019,Mustard Stalk,3711.0,2562
AV03020-1,AV03020,Mustard Stalk,3505.0,2550
AV03021-1,AV03021,Mustard Stalk,3096.0,2509
AV03022-1,AV03022,Mustard Stalk,3792.0,2494
AV03023-1,AV03023,Mustard Stalk,3399.0,2487
AV03024-1,AV03024,Mustard Stalk,3714.0,2466
AV03025-1,AV03025,Mustard Stalk,3568.0,2593
AV03026-1,AV03026,Mustard Stalk,2880.0,2578
AV03027-1,AV03027,Mustard Stalk,2889.0,2553
AV03028-1,AV03028,Mustard Stalk,3551.0,2496
AV03029-1,AV03029,Mustard Stalk,3245.0,2551
AV03030-1,AV03030,Mustard Stalk,3399.0,2556
AV03031-1,AV03031,Mustard Stalk,3266.0,2458
AV03032-1,AV03032,Mustard Stalk,3796.0,2484
AV03033-1,AV03033,Mustard Stalk,3471.0,2567
AV03034-1,AV03034,Mustard Stalk,3350.0,2494
AV03035-1,AV03035,Mustard Stalk,2984.0,2525
AV03036-1,AV03036,Mustard Stalk,2932.0,2587
AV03037-1,AV03037,Mustard Stalk,3020.0,2499
AV03038-1,AV03038,Mustard Stalk,3499.0,2466
AV03039-1,AV03039,Mustard Stalk,3474.0,2547
AV03040-1,AV03040,Rice Husk,3631.0,2239
AV03041-1,AV03041,Rice Husk,3353.0,2225
AV03042-1,AV03042,Rice Husk,3629.0,2283
AV03043-1,AV03043,Rice Husk,3276.0,2346
AV03044-1,AV03044,Rice Husk,3605.0,2302
AV03045-1,AV03045,Rice Husk,3598.0,2222
AV03046-1,AV03046,Rice Husk,3300.0,2283
AV03047-1,AV03047,Rice Husk,2994.0,2243
AV03048-1,AV03048,Rice Husk,2802.0,2319
AV03049-1,AV03049,Rice Husk,3535.0,2309
AV03050-1,AV03050,Rice Husk,3149.0,2259
AV03051-1,AV03051,Rice Husk,2729.0,2332
AV03052-1,AV03052,Rice Husk,2951.0,2240
AV03053-1,AV03053,Rice Husk,3236.0,2290
AV03054-1,AV03054,Rice Husk,2950.0,2282
AV03055-1,AV03055,Rice Husk,3058.0,2226
AV03056-1,AV03056,Rice Husk,3549.0,2356
AV03057-1,AV03057,Rice Husk,2734.0,2286
AV03058-1,AV03058,Rice Husk,3600.0,2260
AV03059-1,AV03059,Rice Husk,3337.0,2243
AV03060-1,AV03060,Rice Husk,3349.0,2319
AV03061-1,AV03061,Rice Husk,3264.0,2233
AV03062-1,AV03062,Rice Husk,3026.0,2273
AV03063-1,AV03063,Rice Husk,2689.0,2249
AV03064-1,AV03064,Rice Husk,3148.0,2256
AV03065-1,AV03065,Rice Husk,2989.0,2252
AV03066-1,AV03066,Rice Husk,2956.0,2227
AV03067-1,AV03067,Rice Husk,3134.0,2237
AV03068-1,AV03068,Rice Husk,2766.0,2295
AV03069-1,AV03069,Rice Husk,3276.0,2276
AV03070-1,AV03070,Rice Husk,3395.0,2237
AV03071-1,AV03071,Rice Husk,3208.0,2346
AV03072-1,AV03072,Rice Husk,2849.0,2248
AV03073-1,AV03073,Rice Husk,3007.0,2324
AV03074-1,AV03074,Rice Husk,3056.0,2280
AV03075-1,AV03075,Rice Husk,3628.0,2343
AV03076-1,AV03076,Rice Husk,3584.0,2347
AV03077-1,AV03077,Rice Husk,2805.0,2330
AV03078-1,AV03078,Rice Husk,2919.0,2329
AV03079-1,AV03079,Rice Husk,3678.0,2322
AV03080-1,AV03080,Rice Husk,3504.0,2222
AV03081-1,AV03081,Rice Husk,3444.0,2334
AV03082-1,AV03082,Rice Husk,3115.0,2279
AV03083-1,AV03083,Rice Husk,2756.0,2270
AV03084-1,AV03084,Rice Husk,2766.0,2345
AV03085-1,AV03085,Rice Husk,3242.0,2353
AV03086-1,AV03086,Rice Husk,2837.0,2301
AV03087-1,AV03087,Rice Husk,2886.0,2328
AV03088-1,AV03088,Rice Husk,3187.0,2229
AV03089-1,AV03089,Rice Husk,3067.0,2251
AV03090-1,AV03090,Rice Husk,4121.0,2277
AV03091-1,AV03091,Mustard Stalk,3118.0,2628
AV03092-1,AV03092,Mustard Stalk,3152.0,2569
AV03093-1,AV03093,Mustard Stalk,3582.0,2581
AV03094-1,AV03094,Mustard Stalk,3196.0,2700
AV03095-1,AV03095,Mustard Stalk,3237.0,2692
AV03096-1,AV03096,Mustard Stalk,3759.0,2712
AV03097-1,AV03097,Mustard Stalk,2937.0,2668
AV03098-1,AV03098,Mustard Stalk,3463.0,2574
AV03099-1,AV03099,Mustard Stalk,3310.0,2564
AV03100-1,AV03100,Mustard Stalk,3492.0,2673
AV03101-1,AV03101,Mustard Stalk,2846.0,2693
AV03102-1,AV03102,Mustard Stalk,2978.0,2579
AV03103-1,AV03103,Mustard Stalk,3941.0,2620
AV03104-1,AV03104,Mustard Stalk,3352.0,2711
AV03105-1,AV03105,Mustard Stalk,3549.0,2695
AV03106-1,AV03106,Mustard Stalk,3642.0,2636
AV03107-1,AV03107,Mustard Stalk,3404.0,2608
AV03108-1,AV03108,Mustard Stalk,2836.0,2637
AV03109-1,AV03109,Mustard Stalk,3465.0,2670
AV03110-1,AV03110,Rice Husk,3594.0,2289
AV03111-1,AV03111,Rice Husk,4187.0,2396
AV03112-1,AV03112,Rice Husk,3896.0,2379
AV03113-1,AV03113,Rice Husk,3941.0,2371
AV03114-1,AV03114,Rice Husk,3373.0,2313
AV03115-1,AV03115,Rice Husk,3937.0,2381
AV03116-1,AV03116,Rice Husk,3702.0,2393
AV03117-1,AV03117,Rice Husk,4315.0,2402
AV03118-1,AV03118,Rice Husk,3434.0,2328
AV03119-1,AV03119,Rice Husk,3494.0,2412
AV03120-1,AV03120,Rice Husk,3879.0,2296
AV03121-1,AV03121,Rice Husk,4099.0,2297
AV03122-1,AV03122,Rice Husk,3337.0,2423
AV03123-1,AV03123,Rice Husk,3393.0,2408
AV03124-1,AV03124,Rice Husk,3929.0,2366
AV03125-1,AV03125,Rice Husk,3657.0,2333
AV03126-1,AV03126,Rice Husk,3958.0,2322
AV03127-1,AV03127,Rice Husk,3685.0,2399
AV03128-1,AV03128,Rice Husk,3636.0,2361
AV03129-1,AV03129,Rice Husk,3331.0,2421
AV03130-1,AV03130,Rice Husk,3808.0,2326
AV03131-1,AV03131,Rice Husk,3393.0,2322
AV03132-1,AV03132,Rice Husk,4352.0,2323
AV03133-1,AV03133,Rice Husk,3824.0,2398
AV03134-1,AV03134,Rice Husk,3238.0,2324
AV03135-1,AV03135,Rice Husk,3909.0,2362
AV03136-1,AV03136,Rice Husk,3780.0,2381
AV03137-1,AV03137,Rice Husk,3922.0,2322
AV03138-1,AV03138,Rice Husk,3317.0,2307
AV03139-1,AV03139,Rice Husk,4392.0,2291
AV03140-1,AV03140,Rice Husk,3856.0,2418
AV03141-1,AV03141,Rice Husk,4357.0,2408
AV03142-1,AV03142,Rice Husk,3863.0,2339
AV03143-1,AV03143,Rice Husk,3436.0,2297
AV03144-1,AV03144,Rice Husk,3908.0,2300
AV03145-1,AV03145,Rice Husk,3593.0,2364
AV03146-1,AV03146,Rice Husk,3563.0,2304
AV03147-1,AV03147,Rice Husk,3489.0,2389
AV03148-1,AV03148,Rice Husk,4200.0,2358
AV03149-1,AV03149,Rice Husk,4085.0,2414
AV03150-1,AV03150,Rice Husk,3437.0,2289
AV03151-1,AV03151,Rice Husk,3591.0,2392
AV03152-1,AV03152,Rice Husk,4063.0,2323
AV03153-1,AV03153,Mustard Stalk,2306.0,2728
AV03154-1,AV03154,Mustard Stalk,2094.0,2794
AV03155-1,AV03155,Mustard Stalk,2083.0,2658
AV03156-1,AV03156,Mustard Stalk,2314.0,2664
AV03157-1,AV03157,Mustard Stalk,2401.0,2677
AV03158-1,AV03158,Mustard Stalk,2082.0,2729
AV03159-1,AV03159,Mustard Stalk,2048.0,2747
AV03160-1,AV03160,Mustard Stalk,1902.0,2715
AV03161-1,AV03161,Mustard Stalk,1934.0,2772
AV03162-1,AV03162,Mustard Stalk,2278.0,2641
AV03163-1,AV03163,Mustard Stalk,2034.0,2631
AV03164-1,AV03164,Mustard Stalk,2214.0,2792
AV03165-1,AV03165,Mustard Stalk,1871.0,2752
AV03166-1,AV03166,Mustard Stalk,1899.0,2736
AV03167-1,AV03167,Mustard Stalk,2466.0,2686
AV03168-1,AV03168,Mustard Stalk,2201.0,2773
AV03169-1,AV03169,Mustard Stalk,2038.0,2761
AV03170-1,AV03170,Mustard Stalk,2407.0,2751
AV03171-1,AV03171,Mustard Stalk,2097.0,2702
AV03172-1,AV03172,Mustard Stalk,2089.0,2769
AV03173-1,AV03173,Mustard Stalk,2136.0,2755
AV03174-1,AV03174,Mustard Stalk,1994.0,2706
AV03175-1,AV03175,Mustard Stalk,2361.0,2758
AV03176-1,AV03176,Mustard Stalk,2513.0,2734
AV03177-1,AV03177,Mustard Stalk,2297.0,2743
AV03178-1,AV03178,Mustard Stalk,2502.0,2701
AV03179-1,AV03179,Mustard Stalk,2229.0,2715
AV03180-1,AV03180,Mustard Stalk,1948.0,2678
AV03181-1,AV03181,Mustard Stalk,2322.0,2707
AV03182-1,AV03182,Biomass Material,417.0,4849
AV03183-1,AV03183,Biomass Material,224.0,4974
AV03184-1,AV03184,Biomass Material,468.0,6273
AV03185-1,AV03185,Biomass Material,288.0,4983
AV03186-1,AV03186,Biomass Material,522.0,5697
AV03187-1,AV03187,Biomass Material,277.0,6197
AV03188-1,AV03188,Biomass Material,347.0,6099
AV03189-1,AV03189,Biomass Material,524.0,5282
AV03190-1,AV03190,Biomass Material,272.0,6013
AV03191-1,AV03191,Biomass Material,320.0,5147
AV03192-1,AV03192,Biomass Material,386.0,6383
AV03193-1,AV03193,Biomass Material,262.0,5759
AV03194-1,AV03194,Biomass Material,282.0,5425
AV03195-1,AV03195,Biomass Material,445.0,4630
AV03196-1,AV03196,Rice Husk,3173.0,2399
AV03197-1,AV03197,Rice Husk,3908.0,2359
AV03198-1,AV03198,Rice Husk,3306.0,2476
AV03199-1,AV03199,Rice Husk,3741.0,2427
AV03200-1,AV03200,Rice Husk,4063.0,2435
AV03201-1,AV03201,Rice Husk,3441.0,2403
AV03202-1,AV03202,Rice Husk,3346.0,2464
AV03203-1,AV03203,Rice Husk,3680.0,2397
AV03204-1,AV03204,Rice Husk,3166.0,2450
AV03205-1,AV03205,Rice Husk,3634.0,2423
AV03206-1,AV03206,Rice Husk,3086.0,2367
AV03207-1,AV03207,Rice Husk,3896.0,2357
AV03208-1,AV03208,Rice Husk,3344.0,2447
AV03209-1,AV03209,Rice Husk,3690.0,2474
AV03210-1,AV03210,Rice Husk,3661.0,2432
AV03211-1,AV03211,Rice Husk,3532.0,2410
AV03212-1,AV03212,Rice Husk,3621.0,2400
AV03213-1,AV03213,Rice Husk,3118.0,2379
AV03214-1,AV03214,Rice Husk,3615.0,2367
AV03215-1,AV03215,Rice Husk,3504.0,2376
AV03216-1,AV03216,Rice Husk,3889.0,2438
AV03217-1,AV03217,Rice Husk,3128.0,2377
AV03218-1,AV03218,Rice Husk,3159.0,2364
AV03219-1,AV03219,Rice Husk,3531.0,2378
AV03220-1,AV03220,Rice Husk,3753.0,2451
AV03221-1,AV03221,Rice Husk,3441.0,2369
AV03222-1,AV03222,Rice Husk,4100.0,2460
AV03223-1,AV03223,Rice Husk,3494.0,2356
AV03224-1,AV03224,Rice Husk,3384.0,2391
AV03225-1,AV03225,Rice Husk,4354.0,2457
AV03226-1,AV03226,Rice Husk,3707.0,2459
AV03227-1,AV03227,Mustard Stalk,3237.0,2785
AV03228-1,AV03228,Mustard Stalk,3401.0,2743
AV03229-1,AV03229,Mustard Stalk,4313.0,2820
AV03230-1,AV03230,Mustard Stalk,4177.0,2840
AV03231-1,AV03231,Mustard Stalk,3680.0,2767
AV03232-1,AV03232,Mustard Stalk,4166.0,2755
AV03233-1,AV03233,Mustard Stalk,3554.0,2710
AV03234-1,AV03234,Mustard Stalk,3275.0,2766
AV03235-1,AV03235,Mustard Stalk,3415.0,2867
AV03236-1,AV03236,Mustard Stalk,3484.0,2861
AV03237-1,AV03237,Mustard Stalk,3479.0,2875
AV03238-1,AV03238,Mustard Stalk,3887.0,2843
AV03239-1,AV03239,Mustard Stalk,4092.0,2871
AV03240-1,AV03240,Mustard Stalk,3958.0,2756
AV03241-1,AV03241,Mustard Stalk,3913.0,2736
AV03242-1,AV03242,Mustard Stalk,3277.0,2740
AV03243-1,AV03243,Mustard Stalk,3776.0,2717
AV03244-1,AV03244,Rice Husk,3086.0,2582
AV03245-1,AV03245,Rice Husk,2744.0,2456
AV03246-1,AV03246,Rice Husk,2842.0,2449
AV03247-1,AV03247,Rice Husk,2913.0,2510
AV03248-1,AV03248,Rice Husk,2732.0,2475
AV03249-1,AV03249,Rice Husk,3198.0,2477
AV03250-1,AV03250,Rice Husk,3009.0,2465
AV03251-1,AV03251,Rice Husk,3459.0,2576
AV03252-1,AV03252,Rice Husk,3057.0,2564
AV03253-1,AV03253,Rice Husk,2832.0,2539
AV03254-1,AV03254,Rice Husk,3109.0,2465
AV03255-1,AV03255,Rice Husk,3344.0,2466
AV03256-1,AV03256,Rice Husk,2694.0,2464
AV03257-1,AV03257,Rice Husk,3448.0,2588
AV03258-1,AV03258,Rice Husk,2988.0,2504
AV03259-1,AV03259,Rice Husk,2752.0,2476
AV03260-1,AV03260,Rice Husk,2880.0,2519
AV03261-1,AV03261,Rice Husk,3212.0,2552
AV03262-1,AV03262,Rice Husk,3198.0,2532
AV03263-1,AV03263,Rice Husk,2977.0,2574
AV03264-1,AV03264,Rice Husk,3179.0,2448
AV03265-1,AV03265,Rice Husk,3045.0,2465
AV03266-1,AV03266,Rice Husk,3085.0,2545
AV03267-1,AV03267,Rice Husk,3105.0,2483
AV03268-1,AV03268,Rice Husk,2681.0,2584
AV03269-1,AV03269,Rice Husk,2925.0,2536
AV03270-1,AV03270,Rice Husk,2792.0,2506
AV03271-1,AV03271,Rice Husk,3464.0,2461
AV03272-1,AV03272,Rice Husk,2674.0,2478
AV03273-1,AV03273,Rice Husk,3509.0,2488
AV03274-1,AV03274,Rice Husk,3503.0,2448
AV03275-1,AV03275,Rice Husk,3398.0,2526
AV03276-1,AV03276,Rice Husk,3244.0,2528
AV03277-1,AV03277,Rice Husk,3064.0,2511
AV03278-1,AV03278,Rice Husk,2759.0,2509
AV03279-1,AV03279,Rice Husk,3044.0,2517
AV03280-1,AV03280,Rice Husk,3099.0,2482
AV03281-1,AV03281,Rice Husk,2538.0,2582
AV03282-1,AV03282,Rice Husk,2692.0,2524
AV03283-1,AV03283,Rice Husk,3190.0,2558
AV03284-1,AV03284,Rice Husk,3274.0,2455
AV03285-1,AV03285,Rice Husk,2908.0,2445
AV03286-1,AV03286,Rice Husk,3143.0,2528
AV03287-1,AV03287,Rice Husk,3192.0,2461
AV03288-1,AV03288,Rice Husk,2858.0,2576
AV03289-1,AV03289,Rice Husk,2843.0,2560
AV03290-1,AV03290,Rice Husk,3503.0,2491
AV03291-1,AV03291,Rice Husk,2625.0,2539
AV03292-1,AV03292,Mustard Stalk,3000.0,2848
AV03293-1,AV03293,Mustard Stalk,2591.0,2877
AV03294-1,AV03294,Mustard Stalk,3170.0,2915
AV03295-1,AV03295,Mustard Stalk,3178.0,2853
AV03296-1,AV03296,Mustard Stalk,2394.0,2953
AV03297-1,AV03297,Mustard Stalk,2571.0,2830
AV03298-1,AV03298,Mustard Stalk,3074.0,2895
AV03299-1,AV03299,Mustard Stalk,2406.0,2837
AV03300-1,AV03300,Mustard Stalk,2754.0,2850
AV03301-1,AV03301,Mustard Stalk,2808.0,2935
AV03302-1,AV03302,Mustard Stalk,2553.0,2950
AV03303-1,AV03303,Mustard Stalk,3188.0,2888
AV03304-1,AV03304,Mustard Stalk,2759.0,2971
AV03305-1,AV03305,Mustard Stalk,3202.0,2838
AV03306-1,AV03306,Mustard Stalk,3016.0,2939
AV03307-1,AV03307,Mustard Stalk,2722.0,2853
AV03308-1,AV03308,Mustard Stalk,2863.0,2872
AV03309-1,AV03309,Mustard Stalk,2413.0,2849
AV03310-1,AV03310,Mustard Stalk,2782.0,2826
AV03311-1,AV03311,Mustard Stalk,3260.0,2816
AV03312-1,AV03312,Pellets,9866.0,7560
AV03313-1,AV03313,Pellets,9867.0,7607
AV03314-1,AV03314,Rice Husk,3754.0,2535
AV03315-1,AV03315,Rice Husk,3662.0,2544
AV03316-1,AV03316,Rice Husk,3722.0,2636
AV03317-1,AV03317,Rice Husk,2934.0,2564
AV03318-1,AV03318,Rice Husk,3123.0,2635
AV03319-1,AV03319,Rice Husk,3147.0,2657
AV03320-1,AV03320,Rice Husk,3605.0,2538
AV03321-1,AV03321,Rice Husk,3305.0,2538
AV03322-1,AV03322,Rice Husk,3684.0,2625
AV03323-1,AV03323,Rice Husk,3765.0,2575
AV03324-1,AV03324,Rice Husk,3246.0,2635
AV03325-1,AV03325,Rice Husk,3298.0,2634
AV03326-1,AV03326,Rice Husk,2874.0,2529
AV03327-1,AV03327,Rice Husk,3308.0,2632
AV03328-1,AV03328,Rice Husk,2908.0,2562
AV03329-1,AV03329,Rice Husk,3436.0,2541
AV03330-1,AV03330,Rice Husk,2857.0,2583
AV03331-1,AV03331,Rice Husk,3451.0,2563
AV03332-1,AV03332,Rice Husk,3499.0,2515
AV03333-1,AV03333,Rice Husk,2940.0,2545
AV03334-1,AV03334,Rice Husk,3512.0,2566
AV03335-1,AV03335,Rice Husk,3238.0,2637
AV03336-1,AV03336,Rice Husk,3314.0,2518
AV03337-1,AV03337,Rice Husk,3091.0,2534
AV03338-1,AV03338,Rice Husk,3256.0,2531
AV03339-1,AV03339,Rice Husk,3203.0,2589
AV03340-1,AV03340,Rice Husk,3593.0,2514
AV03341-1,AV03341,Rice Husk,3599.0,2645
AV03342-1,AV03342,Rice Husk,3715.0,2541
AV03343-1,AV03343,Rice Husk,3352.0,2561
AV03344-1,AV03344,Rice Husk,3071.0,2635
AV03345-1,AV03345,Rice Husk,3059.0,2638
AV03346-1,AV03346,Rice Husk,3307.0,2569
AV03347-1,AV03347,Rice Husk,3457.0,2524
AV03348-1,AV03348,Rice Husk,3882.0,2515
AV03349-1,AV03349,Rice Husk,3136.0,2613
AV03350-1,AV03350,Rice Husk,3210.0,2645
AV03351-1,AV03351,Rice Husk,3044.0,2624
AV03352-1,AV03352,Rice Husk,3327.0,2563
AV03353-1,AV03353,Rice Husk,3256.0,2627
AV03354-1,AV03354,Rice Husk,3373.0,2594
AV03355-1,AV03355,Rice Husk,3473.0,2573
AV03356-1,AV03356,Rice Husk,4066.0,2517
AV03357-1,AV03357,Rice Husk,3765.0,2644
AV03358-1,AV03358,Mustard Stalk,4156.0,2942
AV03359-1,AV03359,Mustard Stalk,4059.0,2948
AV03360-1,AV03360,Mustard Stalk,3359.0,2961
AV03361-1,AV03361,Mustard Stalk,4118.0,2984
AV03362-1,AV03362,Mustard Stalk,3299.0,2972
AV03363-1,AV03363,Mustard Stalk,3905.0,3038
AV03364-1,AV03364,Mustard Stalk,3395.0,2957
AV03365-1,AV03365,Mustard Stalk,3929.0,3001
AV03366-1,AV03366,Mustard Stalk,3924.0,2918
AV03367-1,AV03367,Mustard Stalk,3422.0,2947
AV03368-1,AV03368,Mustard Stalk,3471.0,2931
AV03369-1,AV03369,Mustard Stalk,3537.0,2972
AV03370-1,AV03370,Mustard Stalk,4774.0,2983
AV03371-1,AV03371,Mustard Stalk,3626.0,2954
AV03372-1,AV03372,Mustard Stalk,4511.0,3005
AV03373-1,AV03373,Pellets,18532.0,7509
